# tempo_BTJD  fluxo
3883.00678689  1.03725982
3883.00817579  1.03780079
3883.00956469  1.03724921
3883.01095359  1.03719687
3883.01234249  1.03741121
3883.01373139  1.03749204
3883.01512028  1.03728211
3883.01650918  1.03787601
3883.01789808  1.03770483
3883.01928698  1.03727853
3883.02067588  1.03781652
3883.02206478  1.03783178
3883.02345368  1.03845334
3883.02484257  1.03815055
3883.02623147  1.03802598
3883.02762037  1.03825355
3883.02900927  1.03776574
3883.03039817  1.03812087
3883.03178707  1.03801000
3883.03317597  1.03836393
3883.03456486  1.03772724
3883.03595376  1.03795004
3883.03734266  1.03792667
3883.03873156  1.03817761
3883.04012046  1.03845787
3883.04150936  1.03865337
3883.04289825  1.03888547
3883.04428715  1.03930581
3883.04567605  1.03822637
3883.04706495  1.03854871
3883.04845385  1.03896487
3883.04984275  1.03907859
3883.05123165  1.03886199
3883.05262054  1.03906560
3883.05400944  1.03914893
3883.05539834  1.03918302
3883.05678724  1.03923118
3883.05817614  1.03920233
3883.05956504  1.03924060
3883.06095393  1.03984833
3883.06234283  1.03941929
3883.06373173  1.03982675
3883.06512063  1.03930271
3883.06650953  1.03948140
3883.06789843  1.03950918
3883.06928733  1.03966355
3883.07067622  1.03929806
3883.07206512  1.03974771
3883.07345402  1.03971708
3883.07484292  1.03997743
3883.07623182  1.04016352
3883.07762072  1.04041302
3883.07900961  1.04038560
3883.08039851  1.04028082
3883.08178741  1.04001880
3883.08317631  1.04013383
3883.08456521  1.04072320
3883.08595411  1.04076183
3883.08734301  1.04057384
3883.08873190  1.04067206
3883.09012080  1.04094970
3883.09150970  1.04074681
3883.09289860  1.04091132
3883.09428750  1.04113233
3883.09567640  1.04122972
3883.09706529  1.04107583
3883.09845419  1.04144907
3883.09984309  1.04094696
3883.10123199  1.04148865
3883.10262089  1.04123211
3883.10400979  1.04187310
3883.10539868  1.04143584
3883.10678758  1.04129422
3883.10817648  1.04168940
3883.10956538  1.04210222
3883.11095428  1.04183006
3883.11234318  1.04088676
3883.11373207  1.04114985
3883.11512097  1.04175901
3883.11650987  1.04168320
3883.11789877  1.04224181
3883.11928767  1.04176104
3883.12067657  1.04231787
3883.12206546  1.04136360
3883.12345436  1.04190171
3883.12484326  1.04189861
3883.12623216  1.04221499
3883.12762106  1.04211497
3883.12900996  1.04251373
3883.13039885  1.04207122
3883.13178775  1.04194808
3883.13317665  1.04191399
3883.13456555  1.04229701
3883.13595445  1.04241550
3883.13734335  1.04283392
3883.13873225  1.04248559
3883.14012114  1.04272759
3883.14151004  1.04243660
3883.14289894  1.04330730
3883.14428784  1.04278147
3883.14567674  1.04327381
3883.14706563  1.04275846
3883.14845453  1.04295480
3883.14984343  1.04335141
3883.15123233  1.04298151
3883.15262123  1.04369867
3883.15401013  1.04328871
3883.15539902  1.04382586
3883.15678792  1.04368234
3883.15817682  1.04334223
3883.15956572  1.04408109
3883.16095462  1.04401386
3883.16234352  1.04327548
3883.16373241  1.04454291
3883.16512131  1.04335117
3883.16651021  1.04393983
3883.16789911  1.04368663
3883.16928801  1.04413688
3883.17067691  1.04368055
3883.17206580  1.04322183
3883.17345470  1.04380214
3883.17484360  1.04416549
3883.17623250  1.04369199
3883.17762140  1.04408348
3883.17901030  1.04406536
3883.18039919  1.04355335
3883.18178809  1.04364502
3883.18317699  1.04450202
3883.18456589  1.04463935
3883.18595479  1.04462433
3883.18734368  1.04460108
3883.18873258  1.04534054
3883.19012148  1.04482329
3883.19151038  1.04482734
3883.19289928  1.04441226
3883.19428818  1.04480183
3883.19567707  1.04521585
3883.19706597  1.04572070
3883.19845487  1.04542339
3883.19984377  1.04559314
3883.20123267  1.04536247
3883.20262156  1.04519570
3883.20401046  1.04582930
3883.20539936  1.04532146
3883.20678826  1.04514575
3883.20817716  1.04535258
3883.20956606  1.04524481
3883.21095495  1.04567504
3883.21234385  1.04545557
3883.21373275  1.04570091
3883.21512165  1.04560888
3883.21651055  1.04545546
3883.21789944  1.04561019
3883.21928834  1.04567456
3883.22067724  1.04639292
3883.22206614  1.04596531
3883.22345504  1.04635262
3883.22484394  1.04599810
3883.22623283  1.04630971
3883.22762173  1.04587030
3883.22901063  1.04598856
3883.23039953  1.04602802
3883.23178843  1.04656672
3883.23317732  1.04644501
3883.23456622  1.04593086
3883.23595512  1.04611456
3883.23734402  1.04640281
3883.23873292  1.04623628
3883.24012181  1.04547238
3883.24151071  1.04639578
3883.24289961  1.04633605
3883.24428851  1.04645658
3883.24567741  1.07068884
3883.24706631  1.08025920
3883.24845520  1.07125437
3883.24984410  1.06342816
3883.25123300  1.05839980
3883.25262190  1.05485165
3883.25401080  1.05365920
3883.25539969  1.05278039
3883.25678859  1.05247664
3883.25817749  1.05131054
3883.25956639  1.05097365
3883.26095529  1.05100572
3883.26234418  1.05031633
3883.26373308  1.05032730
3883.26512198  1.05007815
3883.26651088  1.04981053
3883.26789978  1.05039537
3883.26928867  1.05026114
3883.27067757  1.05037808
3883.27206647  1.04981363
3883.27345537  1.04898119
3883.27484427  1.04924798
3883.27623316  1.04885566
3883.27762206  1.04926324
3883.27901096  1.04937828
3883.28039986  1.04902482
3883.28178876  1.04965508
3883.28317765  1.04956567
3883.28456655  1.04962301
3883.28595545  1.04975176
3883.28734435  1.04949045
3883.28873325  1.04887450
3883.29012214  1.04905057
3883.29151104  1.04887795
3883.29289994  1.04857385
3883.29428884  1.04875147
3883.29567774  1.04857993
3883.29706663  1.04860771
3883.29845553  1.04883492
3883.29984443  1.04862678
3883.30123333  1.04825890
3883.30262223  1.04867995
3883.30401112  1.04850471
3883.30540002  1.04817212
3883.30678892  1.04875016
3883.30817782  1.04862452
3883.30956672  1.04883039
3883.31095561  1.04888690
3883.31234451  1.04908907
3883.31373341  1.04857481
3883.31512231  1.04934716
3883.31651121  1.04889953
3883.31790010  1.04912782
3883.31928900  1.04867482
3883.32067790  1.04820967
3883.32206680  1.04855323
3883.32345569  1.04919577
3883.32484459  1.04877198
3883.32623349  1.04868722
3883.32762239  1.04798782
3883.32901129  1.04867136
3883.33040018  1.04977071
3883.33178908  1.04855454
3883.33317798  1.04846871
3883.33456688  1.04871893
3883.33595578  1.04867005
3883.33734467  1.04918408
3883.33873357  1.04930508
3883.34012247  1.04866743
3883.34151137  1.04867446
3883.34290026  1.04880440
3883.34428916  1.04897940
3883.34567806  1.04870701
3883.34706696  1.04891443
3883.34845586  1.04946458
3883.34984475  1.04960561
3883.35123365  1.04891145
3883.35262255  1.04907691
3883.35401145  1.04961872
3883.35540035  1.04926944
3883.35678924  1.04865563
3883.35817814  1.04919374
3883.35956704  1.04889977
3883.36095594  1.04889572
3883.36234483  1.04934955
3883.36373373  1.04869080
3883.36512263  1.04933977
3883.36651153  1.04922426
3883.36790043  1.04962325
3883.36928932  1.04924428
3883.37067822  1.04890013
3883.37206712  1.04927015
3883.37345602  1.04945254
3883.37484491  1.04932702
3883.37623381  1.04921424
3883.37762271  1.04932225
3883.37901161  1.04937232
3883.38040051  1.04922771
3883.38178940  1.04939461
3883.38317830  1.04881835
3883.38456720  1.04954708
3883.38595610  1.04899359
3883.38734499  1.04920113
3883.38873389  1.04951155
3883.39012279  1.04960954
3883.39151169  1.04925752
3883.39290058  1.04930079
3883.39428948  1.04924965
3883.39567838  1.04943907
3883.39706728  1.04924226
3883.39845618  1.04971635
3883.39984507  1.04910004
3883.40123397  1.04915476
3883.40262287  1.04926503
3883.40401177  1.04974794
3883.40540066  1.04912245
3883.40678956  1.04951251
3883.40817846  1.04887033
3883.40956736  1.04903495
3883.41095625  1.04883707
3883.41234515  1.04934418
3883.41373405  1.04970181
3883.41512295  1.04930091
3883.41651184  1.04939699
3883.41790074  1.04951584
3883.41928964  1.05041087
3883.42067854  1.05007684
3883.42206744  1.04914320
3883.42345633  1.04921663
3883.42484523  1.04995143
3883.42623413  1.04949737
3883.42762303  1.05001307
3883.42901192  1.04984617
3883.43040082  1.04956031
3883.43178972  1.04993594
3883.43317862  1.04987669
3883.43456751  1.05024767
3883.43595641  1.04976404
3883.43734531  1.05012608
3883.43873421  1.04985487
3883.44012310  1.04995120
3883.44151200  1.04958916
3883.44290090  1.04988217
3883.44428980  1.04955602
3883.44567869  1.04982948
3883.44706759  1.04975712
3883.44845649  1.04982543
3883.44984539  1.05006111
3883.45123428  1.05045271
3883.45262318  1.05050671
3883.45401208  1.05050623
3883.45540098  1.05130398
3883.45678987  1.05007553
3883.45817877  1.05003989
3883.45956767  1.05021286
3883.46095657  1.05058229
3883.46234546  1.05027115
3883.46373436  1.05003548
3883.46512326  1.05073071
3883.46651216  1.05018067
3883.46790105  1.05061662
3883.46928995  1.05047202
3883.47067885  1.05026317
3883.47206775  1.05026531
3883.47345664  1.05002904
3883.47484554  1.05042756
3883.47623444  1.04996753
3883.47762334  1.05009830
3883.47901223  1.05014670
3883.48040113  1.05009091
3883.48179003  1.05037868
3883.48317893  1.04923165
3883.48456782  1.05072165
3883.48595672  1.05027282
3883.48734562  1.04957807
3883.48873452  1.05023587
3883.49012341  1.04976797
3883.49151231  1.04982996
3883.49290121  1.05015314
3883.49429011  1.05003965
3883.49567900  1.05016136
3883.49706790  1.04978704
3883.49845680  1.05006444
3883.49984569  1.05013025
3883.50123459  1.04987657
3883.50262349  1.05072641
3883.50401239  1.05013382
3883.50540128  1.05016685
3883.50679018  1.05027890
3883.50817908  1.05032766
3883.50956798  1.05034530
3883.51095687  1.04963684
3883.51234577  1.05017376
3883.51373467  1.05044842
3883.51512357  1.05005646
3883.51651246  1.05024648
3883.51790136  1.05064023
3883.51929026  1.05032563
3883.52067916  1.04984713
3883.52206805  1.05025375
3883.52345695  1.05015993
3883.52484585  1.05082357
3883.52623474  1.05119705
3883.52762364  1.05029774
3883.52901254  1.05042887
3883.53040144  1.05103755
3883.53179033  1.05032253
3883.53317923  1.05090976
3883.53456813  1.05036569
3883.53595703  1.05060327
3883.53734592  1.04998779
3883.53873482  1.05014157
3883.54012372  1.05007660
3883.54151261  1.05043089
3883.54290151  1.04996550
3883.54429041  1.05022669
3883.54567931  1.05033779
3883.54706820  1.05040944
3883.54845710  1.05004764
3883.54984600  1.05001283
3883.55123489  1.04915750
3883.55262379  1.04988468
3883.55401269  1.05001330
3883.55540159  1.04960585
3883.55679048  1.04926717
3883.55817938  1.04956722
3883.55956828  1.04955876
3883.56095717  1.04974711
3883.56234607  1.04944789
3883.56373497  1.04935193
3883.56512387  1.04973400
3883.56651276  1.04963720
3883.56790166  1.04952812
3883.56929056  1.04956174
3883.57067945  1.05067122
3883.57206835  1.04966223
3883.57345725  1.05052233
3883.57484615  1.05023396
3883.57623504  1.05020702
3883.57762394  1.05024898
3883.57901284  1.04988742
3883.58040173  1.05034399
3883.58179063  1.04906845
3883.58317953  1.04965675
3883.58456843  1.04969203
3883.58595732  1.04977703
3883.58734622  1.04971313
3883.58873512  1.04978824
3883.59012401  1.04904413
3883.59151291  1.04994702
3883.59290181  1.04950011
3883.59429071  1.04967129
3883.59567960  1.04919875
3883.59706850  1.04934800
3883.59845740  1.04932404
3883.59984629  1.04845917
3883.60123519  1.04908907
3883.60262409  1.04916322
3883.60401299  1.04883504
3883.60540188  1.04961455
3883.60679078  1.04976487
3883.60817968  1.04944158
3883.60956857  1.04958093
3883.61095747  1.04917037
3883.61234637  1.04922378
3883.61373526  1.04932141
3883.61512416  1.04918098
3883.61651306  1.04931867
3883.61790196  1.04857087
3883.61929085  1.04879534
3883.62067975  1.04891479
3883.62206865  1.04899538
3883.62345754  1.04849482
3883.62484644  1.04906106
3883.62623534  1.04856789
3883.62762423  1.04818034
3883.62901313  1.04799318
3883.63040203  1.04942322
3883.63179092  1.04819691
3883.63317982  1.04876792
3883.63456872  1.04838169
3883.63595762  1.04866242
3883.63734651  1.04898691
3883.63873541  1.04791701
3883.64012431  1.04851532
3883.64151320  1.04841113
3883.64290210  1.04832590
3883.64429100  1.04814792
3883.64567989  1.04783976
3883.64706879  1.04782271
3883.64845769  1.04815984
3883.64984658  1.04822624
3883.65123548  1.04764497
3883.65262438  1.04757297
3883.65401328  1.04813135
3883.65540217  1.04841638
3883.65679107  1.04790986
3883.65817997  1.04758358
3883.65956886  1.04849565
3883.66095776  1.04856825
3883.66234666  1.04756773
3883.66373555  1.04777801
3883.66512445  1.04807222
3883.66651335  1.04755342
3883.66790224  1.04768181
3883.66929114  1.04755735
3883.67068004  1.04755163
3883.67206893  1.04655385
3883.67345783  1.04776812
3883.67484673  1.04794645
3883.67623562  1.04743159
3883.67762452  1.04747951
3883.67901342  1.04771996
3883.68040231  1.04694760
3883.68179121  1.04711914
3883.68318011  1.04735923
3883.68456900  1.04752803
3883.68595790  1.04689133
3883.68734680  1.04739237
3883.68873569  1.04721856
3883.69012459  1.04697633
3883.69151349  1.04703259
3883.69290239  1.04730690
3883.69429128  1.04709780
3883.69568018  1.04621315
3883.69706908  1.04716277
3883.69845797  1.04722166
3883.69984687  1.04674685
3883.70123577  1.04706335
3883.70262466  1.04643083
3883.70401356  1.04680347
3883.70540246  1.04591441
3883.70679135  1.04731250
3883.70818025  1.04572439
3883.70956915  1.04667258
3883.71095804  1.04668009
3883.71234694  1.04561853
3883.71373584  1.04580462
3883.71512473  1.04509580
3883.71651363  1.04610264
3883.71790253  1.04629040
3883.71929142  1.04596317
3883.72068032  1.04621387
3883.72206922  1.04603124
3883.72345811  1.04588389
3883.72484701  1.04565716
3883.72623591  1.04544830
3883.72762480  1.04641354
3883.72901370  1.04535162
3883.73040259  1.04567528
3883.73179149  1.04587126
3883.73318039  1.04518211
3883.73456928  1.04534972
3883.73595818  1.04563105
3883.73734708  1.04485631
3883.73873597  1.04524267
3883.74012487  1.04508126
3883.74151377  1.04558086
3883.74290266  1.04521680
3883.74429156  1.04503870
3883.74568046  1.04502213
3883.74706935  1.04451478
3883.74845825  1.04535484
3883.74984715  1.04480278
3883.75123604  1.04417157
3883.75262494  1.04469645
3883.75401384  1.04436934
3883.75540273  1.04463387
3883.75679163  1.04421747
3883.75818053  1.04426491
3883.75956942  1.04453123
3883.76095832  1.04434335
3883.76234722  1.04445350
3883.76373611  1.04377341
3883.76512501  1.04411650
3883.76651390  1.04399514
3883.76790280  1.04384720
3883.76929170  1.04359472
3883.77068059  1.04344606
3883.77206949  1.04345131
3883.77345839  1.04342401
3883.77484728  1.04335010
3883.77623618  1.04312873
3883.77762508  1.04384601
3883.77901397  1.04346490
3883.78040287  1.04346216
3883.78179177  1.04370677
3883.78318066  1.04274952
3883.78456956  1.04343176
3883.78595845  1.04324269
3883.78734735  1.04298472
3883.78873625  1.04299402
3883.79012514  1.04357171
3883.79151404  1.04283130
3883.79290294  1.04297376
3883.79429183  1.04300356
3883.79568073  1.04315436
3883.79706963  1.04298472
3883.79845852  1.04310775
3883.79984742  1.04287541
3883.80123631  1.04275739
3883.80262521  1.04272592
3883.80401411  1.04235578
3883.80540300  1.04204023
3883.80679190  1.04231691
3883.80818080  1.04227448
3883.80956969  1.04187906
3883.81095859  1.04222643
3883.81234748  1.04245555
3883.81373638  1.04197347
3883.81512528  1.04136896
3883.81651417  1.04197490
3883.81790307  1.04245174
3883.81929197  1.04185677
3883.82068086  1.04206812
3883.82206976  1.04222834
3883.82345865  1.04133332
3883.82484755  1.04225993
3883.82623645  1.04087746
3883.82762534  1.04113090
3883.82901424  1.04121876
3883.83040314  1.04107130
3883.83179203  1.04098225
3883.83318093  1.04111874
3883.83456982  1.04118049
3883.83595872  1.04110265
3883.83734762  1.04068315
3883.83873651  1.04114985
3883.84012541  1.04123175
3883.84151431  1.04066741
3883.84290320  1.04064727
3883.84429210  1.04082394
3883.84568099  1.04037809
3883.84706989  1.04034948
3883.84845879  1.04032183
3883.84984768  1.04025459
3883.85123658  1.03995502
3883.85262547  1.04050577
3883.85401437  1.03999817
3883.85540327  1.04031765
3883.85679216  1.04030192
3883.85818106  1.04046035
3883.85956996  1.04006529
3883.86095885  1.04039109
3883.86234775  1.03962052
3883.86373664  1.04021239
3883.86512554  1.03982127
3883.86651444  1.04007864
3883.86790333  1.03961587
3883.86929223  1.04029834
3883.87068112  1.03940797
3883.87207002  1.03903091
3883.87345892  1.03951240
3883.87484781  1.03891826
3883.87623671  1.03891587
3883.87762560  1.03906131
3883.87901450  1.03883016
3883.88040340  1.03910565
3883.88179229  1.03872490
3883.88318119  1.03888607
3883.88457009  1.03879690
3883.88595898  1.03855181
3883.88734788  1.03882921
3883.88873677  1.03861678
3883.89012567  1.03816056
3883.89151456  1.03796232
3883.89290346  1.03800428
3883.89429236  1.03822815
3883.89568125  1.03767216
3883.89707015  1.03836250
3883.89845905  1.03822935
3883.89984794  1.03839087
3883.90123684  1.03763640
3883.90262573  1.03738427
3883.90401463  1.03741455
3883.90540352  1.03778756
3883.90679242  1.03757703
3883.90818132  1.03718817
3883.90957021  1.03768969
3883.91095911  1.03726161
3883.91234800  1.03747833
3883.91373690  1.03706932
3883.91512580  1.03767657
3883.91651469  1.03662670
3883.91790359  1.03714681
3883.91929248  1.03630877
3883.92068138  1.03653872
3883.92207028  1.03675961
3883.92345917  1.03695488
3883.92484807  1.03607237
3883.92623696  1.03662086
3883.92762586  1.03616762
3883.92901476  1.03604567
3883.93040365  1.03649092
3883.93179255  1.03571141
3883.93318144  1.03634727
3883.93457034  1.03699636
3883.93595923  1.03559113
3883.93734813  1.03608322
3883.93873703  1.03496695
3883.94012592  1.03634965
3883.94151482  1.03559792
3883.94290371  1.03577602
3883.94568151  1.03780401
3883.94707040  1.03646517
3883.94845930  1.03682196
3883.94984819  1.03629863
3883.95123709  1.03645766
3883.95262598  1.03597987
3883.95401488  1.03615808
3883.95540378  1.03596675
3883.95679267  1.03528035
3883.95818157  1.03564060
3883.95957046  1.03501570
3883.96095936  1.03496885
3883.96234825  1.03498900
3883.96373715  1.03407347
3883.96512605  1.03542733
3883.96651494  1.03446889
3883.96790384  1.03440619
3883.96929273  1.03397179
3883.97068163  1.03408194
3883.97207052  1.03377843
3883.97345942  1.03376222
3883.97484832  1.03354931
3883.97623721  1.03411007
3883.97762611  1.03388274
3883.97901500  1.03331411
3883.98040390  1.03376770
3883.98179279  1.03297257
3883.98318169  1.03271282
3883.98457059  1.03262413
3883.98595948  1.03276825
3883.98734838  1.03304803
3883.98873727  1.03241134
3883.99012617  1.03345430
3883.99151506  1.03302705
3883.99290396  1.03342605
3883.99429285  1.03286386
3883.99568175  1.03228366
3883.99707065  1.03158724
3883.99845954  1.03244746
3883.99984844  1.03199136
3884.00123733  1.03183103
3884.00262623  1.03242147
3884.00401512  1.03236556
3884.00540402  1.03141582
3884.00679291  1.03178573
3884.00818181  1.03170764
3884.00957071  1.03165829
3884.01095960  1.03127611
3884.01234850  1.03106821
3884.01373739  1.03108871
3884.01512629  1.03105116
3884.01651518  1.03093350
3884.01790408  1.03112388
3884.01929298  1.03121495
3884.02068187  1.03093958
3884.02207077  1.03049839
3884.02345966  1.03000915
3884.02484856  1.02954161
3884.02623745  1.02970147
3884.02762635  1.03025401
3884.02901524  1.03074634
3884.03040414  1.03049088
3884.03179303  1.02998483
3884.03318193  1.02986503
3884.03457083  1.02901208
3884.03595972  1.02930760
3884.03734862  1.02917504
3884.03873751  1.02912641
3884.04012641  1.02864444
3884.04151530  1.02903616
3884.04290420  1.02863836
3884.04429309  1.02802670
3884.04568199  1.02834344
3884.04707088  1.02860260
3884.04845978  1.02792692
3884.04984868  1.02809203
3884.05123757  1.02819753
3884.05262647  1.02765179
3884.05401536  1.02818990
3884.05540426  1.02792883
3884.05679315  1.02775359
3884.05818205  1.02741265
3884.05957094  1.02767336
3884.06095984  1.02796400
3884.06234873  1.02730143
3884.06373763  1.02697766
3884.06512652  1.02704465
3884.06651542  1.02690721
3884.06790431  1.02653062
3884.06929321  1.02601290
3884.07068211  1.02630496
3884.07207100  1.02608931
3884.07345990  1.02653563
3884.07484879  1.02611625
3884.07623769  1.02606952
3884.07762658  1.02599192
3884.07901548  1.02610767
3884.08040437  1.02529860
3884.08179327  1.02589822
3884.08318216  1.02567053
3884.08457106  1.02577424
3884.08595995  1.02537692
3884.08734885  1.02520049
3884.08873774  1.02441788
3884.09012664  1.02438796
3884.09151553  1.02463746
3884.09290443  1.02447140
3884.09429333  1.02455831
3884.09568222  1.02408576
3884.09707112  1.02443850
3884.09846001  1.02441204
3884.09984891  1.02440214
3884.10123780  1.02429199
3884.10262670  1.02429569
3884.10401559  1.02399242
3884.10540449  1.02379894
3884.10679338  1.02329087
3884.10818228  1.02324593
3884.10957117  1.02385378
3884.11096007  1.02307761
3884.11234896  1.02316427
3884.11373786  1.02389765
3884.11512675  1.02270627
3884.11651565  1.02296126
3884.11790454  1.02227604
3884.11929344  1.02283025
3884.12068233  1.02252984
3884.12207123  1.02268183
3884.12346012  1.02258897
3884.12484902  1.02248776
3884.12623791  1.02265072
3884.12762681  1.02232087
3884.12901570  1.02210677
3884.13040460  1.02189040
3884.13179349  1.02139795
3884.13318239  1.02184987
3884.13457128  1.02138197
3884.13596018  1.02133799
3884.13734907  1.02163422
3884.13873797  1.02145612
3884.14012686  1.02114689
3884.14151576  1.02088666
3884.14290465  1.02032089
3884.14429355  1.02039742
3884.14568245  1.02058399
3884.14707134  1.02055573
3884.14846024  1.02074099
3884.14984913  1.02068257
3884.15123803  1.01966453
3884.15262692  1.01994991
3884.15401582  1.01970637
3884.15540471  1.01978612
3884.15679361  1.01908565
3884.15818250  1.01966667
3884.15957139  1.01925755
3884.16096029  1.01923406
3884.16234918  1.01864111
3884.16373808  1.01957250
3884.16512697  1.01914167
3884.16651587  1.01853275
3884.16790476  1.01847684
3884.16929366  1.01870084
3884.17068255  1.01849508
3884.17207145  1.01833797
3884.17346034  1.01826394
3884.17484924  1.01780188
3884.17623813  1.01756036
3884.17762703  1.01778185
3884.17901592  1.01766038
3884.18040482  1.01807177
3884.18179371  1.01735198
3884.18318261  1.01732659
3884.18457150  1.01738405
3884.18596040  1.01705515
3884.18734929  1.01771688
3884.18873819  1.01857734
3884.19012708  1.01781201
3884.19151598  1.01776433
3884.19290487  1.01721597
3884.19429377  1.01731896
3884.19568266  1.01679850
3884.19707156  1.01630771
3884.19846045  1.01750839
3884.19984935  1.01615441
3884.20123824  1.01642609
3884.20262714  1.01618993
3884.20401603  1.01623011
3884.20540493  1.01564252
3884.20679382  1.01586056
3884.20818272  1.01640379
3884.20957161  1.01653588
3884.21096051  1.01557541
3884.21234940  1.01582742
3884.21373830  1.01559842
3884.21512719  1.01580620
3884.21651608  1.01552188
3884.21790498  1.01575339
3884.21929387  1.01483941
3884.22068277  1.01488090
3884.22207166  1.01456904
3884.22346056  1.01465225
3884.22484945  1.01454031
3884.22623835  1.01447570
3884.22762724  1.01421714
3884.22901614  1.01459670
3884.23040503  1.01496923
3884.23179393  1.01493537
3884.23318282  1.01513278
3884.23457172  1.01484251
3884.23596061  1.01457667
3884.23734951  1.01511407
3884.23873840  1.01401687
3884.24012729  1.01400971
3884.24151619  1.01392150
3884.24290508  1.01292408
3884.24429398  1.01323390
3884.24568287  1.01276731
3884.24707177  1.01351035
3884.24846066  1.01292419
3884.24984956  1.01246881
3884.25123845  1.01224494
3884.25262735  1.01310146
3884.25401624  1.01322234
3884.25540514  1.01212871
3884.25679403  1.01234841
3884.25818293  1.01214707
3884.25957182  1.01165545
3884.26096071  1.01147640
3884.26234961  1.01175356
3884.26373850  1.01115465
3884.26512740  1.01129603
3884.26651629  1.01111639
3884.26790519  1.01101649
3884.26929408  1.01052165
3884.27068298  1.01017368
3884.27207187  1.01019788
3884.27346076  1.01020873
3884.27484966  1.01019788
3884.27623855  1.00952363
3884.27762745  1.00966978
3884.27901634  1.00945258
3884.28040524  1.00986421
3884.28179413  1.00927258
3884.28318303  1.00960660
3884.28457192  1.00947845
3884.28596082  1.00931406
3884.28734971  1.00906587
3884.28873860  1.00856566
3884.29012750  1.00844264
3884.29151639  1.00803351
3884.29290529  1.00903618
3884.29429418  1.00846171
3884.29568308  1.00789964
3884.29707197  1.00843120
3884.29846087  1.00836933
3884.29984976  1.00798595
3884.30123865  1.00694358
3884.30262755  1.00774932
3884.30401644  1.00755358
3884.30540534  1.00750387
3884.30679423  1.00672770
3884.30818313  1.00708747
3884.30957202  1.00660396
3884.31096092  1.00662756
3884.31234981  1.00655961
3884.31373870  1.00576401
3884.31512760  1.00639772
3884.31651649  1.00690949
3884.31790539  1.00608552
3884.31929428  1.00653505
3884.32068318  1.00661588
3884.32207207  1.00597024
3884.32346096  1.00608456
3884.32484986  1.00537086
3884.32623875  1.00597727
3884.32762765  1.00560749
3884.32901654  1.00528479
3884.33040544  1.00544596
3884.33179433  1.00516713
3884.33318323  1.00496054
3884.33457212  1.00442922
3884.33596101  1.00517571
3884.33734991  1.00420094
3884.33873880  1.00485778
3884.34012770  1.00423825
3884.34151659  1.00381792
3884.34290549  1.00434816
3884.34429438  1.00381410
3884.34568327  1.00363767
3884.34707217  1.00359440
3884.34846106  1.00326896
3884.34984996  1.00273120
3884.35123885  1.00348651
3884.35262774  1.00353384
3884.35401664  1.00256824
3884.35540553  1.00327647
3884.35679443  1.00261438
3884.35818332  1.00228322
3884.35957222  1.00340986
3884.36096111  1.00203085
3884.36235000  1.00237954
3884.36373890  1.00168037
3884.36512779  1.00256300
3884.36651669  1.00172639
3884.36790558  1.00151634
3884.36929448  1.00192356
3884.37068337  1.00228059
3884.37207226  1.00137067
3884.37346116  1.00081027
3884.37485005  1.00176406
3884.37623895  1.00135267
3884.37762784  1.00064468
3884.37901673  1.00103736
3884.38040563  1.00084329
3884.38179452  1.00075161
3884.38318342  1.00056469
3884.38457231  1.00004649
3884.38596120  1.00027585
3884.38735010  1.00030088
3884.38873899  0.99972916
3884.39012789  0.99994695
3884.39151678  0.99973613
3884.39290568  1.00004768
3884.39429457  0.99959427
3884.39568346  0.99906898
3884.39707236  1.00005019
3884.39846125  0.99959171
3884.39985015  0.99894834
3884.40123904  0.99891925
3884.40262793  0.99936491
3884.40401683  0.99833602
3884.40540572  0.99860483
3884.40679462  0.99868858
3884.40818351  0.99838448
3884.40957240  0.99822485
3884.41096130  0.99838662
3884.41235019  0.99756074
3884.41373909  0.99737877
3884.41512798  0.99802893
3884.41651687  0.99756074
3884.41790577  0.99749720
3884.41929466  0.99756503
3884.42068356  0.99730265
3884.42207245  0.99689132
3884.42346134  0.99697304
3884.42485024  0.99656832
3884.42623913  0.99697536
3884.42762803  0.99590236
3884.42901692  0.99616677
3884.43040581  0.99689567
3884.43179471  0.99593633
3884.43318360  0.99628800
3884.43457249  0.99569136
3884.43596139  0.99555057
3884.43735028  0.99592888
3884.43873918  0.99559522
3884.44012807  0.99553019
3884.44151696  0.99563307
3884.44290586  0.99597895
3884.44429475  0.99584085
3884.44568365  0.99490905
3884.44707254  0.99403375
3884.44846143  0.99456149
3884.44985033  0.99479198
3884.45123922  0.99499899
3884.45262812  0.99395299
3884.45401701  0.99367267
3884.45540590  0.99422681
3884.45679480  0.99392277
3884.45818369  0.99379158
3884.45957258  0.99341601
3884.46096148  0.99348330
3884.46235037  0.99301928
3884.46373927  0.99356174
3884.46512816  0.99429208
3884.46651705  0.99319291
3884.46790595  0.99302804
3884.46929484  0.99236655
3884.47068373  0.99231893
3884.47207263  0.99262774
3884.47346152  0.99249697
3884.47485042  0.99214041
3884.47623931  0.99271810
3884.47762820  0.99177241
3884.47901710  0.99235624
3884.48040599  0.99154198
3884.48179488  0.99185538
3884.48318378  0.99121696
3884.48457267  0.99153078
3884.48596157  0.99187291
3884.48735046  0.99108785
3884.48873935  0.99106687
3884.49012825  0.99119288
3884.49151714  0.99151313
3884.49290603  0.99144065
3884.49429493  0.99070519
3884.49568382  0.99073261
3884.49707272  0.99040991
3884.49846161  0.99051726
3884.49985050  0.99070454
3884.50123940  0.98998511
3884.50262829  0.99051625
3884.50401718  0.98975575
3884.50540608  0.99003029
3884.50679497  0.98941851
3884.50818386  0.98948956
3884.50957276  0.98942542
3884.51096165  0.98936045
3884.51235054  0.98968560
3884.51373944  0.98870540
3884.51512833  0.98851502
3884.51651723  0.98941350
3884.51790612  0.98845339
3884.51929501  0.98914456
3884.52068391  0.98880899
3884.52207280  0.98869562
3884.52346169  0.98869383
3884.52485059  0.98795575
3884.52623948  0.98807430
3884.52762837  0.98855156
3884.52901727  0.98833942
3884.53040616  0.98814791
3884.53179506  0.98676676
3884.53318395  0.98771912
3884.53457284  0.98760855
3884.53596174  0.98714155
3884.53735063  0.98748863
3884.53873952  0.98726165
3884.54012842  0.98660403
3884.54151731  0.98750710
3884.54290620  0.98673171
3884.54429510  0.98646557
3884.54568399  0.98653442
3884.54707288  0.98627144
3884.54846178  0.98643631
3884.54985067  0.98625225
3884.55123956  0.98526508
3884.55262846  0.98586005
3884.55401735  0.98572862
3884.55540624  0.98565966
3884.55679514  0.98610449
3884.55818403  0.98538762
3884.55957292  0.98536718
3884.56096182  0.98569113
3884.56235071  0.98501140
3884.56373960  0.98518610
3884.56512850  0.98461235
3884.56651739  0.98457378
3884.56790628  0.98420125
3884.56929518  0.98434305
3884.57068407  0.98460901
3884.57207296  0.98393297
3884.57346186  0.98369795
3884.57485075  0.98360783
3884.57623964  0.98387235
3884.57762854  0.98375767
3884.57901743  0.98348325
3884.58040633  0.98345673
3884.58179522  0.98320365
3884.58318411  0.98390740
3884.58457301  0.98245442
3884.58596190  0.98293000
3884.58735079  0.98333728
3884.58873969  0.98298120
3884.59012858  0.98304570
3884.59151747  0.98305088
3884.59290637  0.98209214
3884.59429526  0.98281813
3884.59568415  0.98233044
3884.59707304  0.98216981
3884.59846194  0.98213363
3884.59985083  0.98209876
3884.60123972  0.98188084
3884.60262862  0.98100489
3884.60401751  0.98207802
3884.60540640  0.98154420
3884.60679530  0.98158717
3884.60818419  0.98210812
3884.60957308  0.98120505
3884.61096198  0.98194301
3884.61235087  0.98142195
3884.61373976  0.98116952
3884.61512866  0.98074847
3884.61651755  0.98071551
3884.61790644  0.98089325
3884.61929534  0.98117632
3884.62068423  0.98041856
3884.62207312  0.98073059
3884.62346202  0.98039579
3884.62485091  0.98000741
3884.62623980  0.97933346
3884.62762870  0.97972608
3884.62901759  0.97961074
3884.63040648  0.98002118
3884.63179538  0.98007756
3884.63318427  0.97941327
3884.63457316  0.97917581
3884.63596205  0.97931778
3884.63735095  0.97888613
3884.63873984  0.97919470
3884.64012873  0.97946024
3884.64151763  0.97880906
3884.64290652  0.97827679
3884.64429541  0.97860259
3884.64568431  0.97850090
3884.64707320  0.97832483
3884.64846209  0.97847724
3884.64985099  0.97827387
3884.65123988  0.97798395
3884.65262877  0.97842985
3884.65401766  0.97763807
3884.65540656  0.97835702
3884.65679545  0.97701073
3884.65818434  0.97767401
3884.65957324  0.97766870
3884.66096213  0.97721487
3884.66235102  0.97780120
3884.66373992  0.97746563
3884.66512881  0.97788268
3884.66651770  0.97805887
3884.66790659  0.97809696
3884.66929549  0.97878420
3884.67068438  0.97785652
3884.67207327  0.97739458
3884.67346217  0.97739613
3884.67485106  0.97728282
3884.67623995  0.97748518
3884.67762885  0.97732991
3884.67901774  0.97675020
3884.68040663  0.97744399
3884.68179552  0.97735995
3884.68318442  0.97703880
3884.68457331  0.97662485
3884.68596220  0.97778136
3884.68735110  0.97655016
3884.68873999  0.97778910
3884.69012888  0.97656506
3884.69151777  0.97645015
3884.69290667  0.97594798
3884.69429556  0.97698343
3884.69568445  0.97554320
3884.69707335  0.97612745
3884.69846224  0.97551435
3884.69985113  0.97612780
3884.70124002  0.97527349
3884.70262892  0.97535682
3884.70401781  0.97467357
3884.70540670  0.97447097
3884.70679560  0.97509432
3884.70818449  0.97442806
3884.70957338  0.97540754
3884.71096227  0.97381938
3884.71235117  0.97406960
3884.71374006  0.97455090
3884.71512895  0.97485763
3884.71651785  0.97407645
3884.71790674  0.97442937
3884.71929563  0.97366893
3884.72068452  0.97346628
3884.72207342  0.97384071
3884.72346231  0.97305053
3884.72485120  0.97389674
3884.72624010  0.97328943
3884.72762899  0.97295260
3884.72901788  0.97304368
3884.73040677  0.97301680
3884.73179567  0.97321695
3884.73318456  0.97300160
3884.73457345  0.97244596
3884.73596234  0.97220224
3884.73735124  0.97253144
3884.73874013  0.97271985
3884.74012902  0.97255576
3884.74151792  0.97267842
3884.74290681  0.97181338
3884.74429570  0.97261184
3884.74568459  0.97229391
3884.74707349  0.97225195
3884.74846238  0.97217846
3884.74985127  0.97141182
3884.75124016  0.97141784
3884.75262906  0.97180146
3884.75401795  0.97102773
3884.75540684  0.97172987
3884.75679573  0.97151464
3884.75818463  0.97436363
3884.75957352  0.97701818
3884.76096241  0.97713661
3884.76235131  0.97740614
3884.76374020  0.97525418
3884.76512909  0.97443569
3884.76651798  0.97446090
3884.76790688  0.97497773
3884.76929577  0.97363800
3884.77068466  0.97435910
3884.77207355  0.97445846
3884.77346245  0.97357839
3884.77485134  0.97364944
3884.77624023  0.97396767
3884.77762912  0.97355551
3884.77901802  0.97368139
3884.78040691  0.97339320
3884.78179580  0.97318965
3884.78318469  0.97228336
3884.78457359  0.97269118
3884.78596248  0.97274441
3884.78735137  0.97210276
3884.78874026  0.97266233
3884.79012916  0.97288239
3884.79151805  0.97222841
3884.79290694  0.97216648
3884.79429583  0.97154349
3884.79568473  0.97127110
3884.79707362  0.97153050
3884.79846251  0.97154737
3884.79985140  0.97088176
3884.80124030  0.97144246
3884.80262919  0.97072214
3884.80401808  0.97090989
3884.80540697  0.97111881
3884.80679587  0.97047859
3884.80818476  0.97008699
3884.80957365  0.97027278
3884.81096254  0.96981710
3884.81235144  0.97031730
3884.81374033  0.96952039
3884.81512922  0.96964371
3884.81651811  0.96922922
3884.81790701  0.96950287
3884.81929590  0.96951419
3884.82068479  0.96893656
3884.82207368  0.96914119
3884.82346258  0.96854597
3884.82485147  0.96873778
3884.82624036  0.96902859
3884.82762925  0.96834040
3884.82901815  0.96831763
3884.83040704  0.96897191
3884.83179593  0.96842486
3884.83318482  0.96840739
3884.83457371  0.96806663
3884.83596261  0.96831053
3884.83735150  0.96756077
3884.83874039  0.96763289
3884.84012928  0.96747130
3884.84151818  0.96757638
3884.84290707  0.96734262
3884.84429596  0.96671546
3884.84568485  0.96675438
3884.84707375  0.96705437
3884.84846264  0.96700186
3884.84985153  0.96712160
3884.85124042  0.96738845
3884.85262931  0.96671712
3884.85401821  0.96622044
3884.85540710  0.96681988
3884.85679599  0.96666205
3884.85818488  0.96622503
3884.85957378  0.96605092
3884.86096267  0.96560270
3884.86235156  0.96588266
3884.86374045  0.96547568
3884.86512935  0.96562690
3884.86651824  0.96529984
3884.86790713  0.96567851
3884.86929602  0.96548879
3884.87068491  0.96593285
3884.87207381  0.96511894
3884.87346270  0.96494651
3884.87485159  0.96533126
3884.87624048  0.96445709
3884.87762938  0.96487540
3884.87901827  0.96488559
3884.88040716  0.96495098
3884.88179605  0.96459705
3884.88318494  0.96388018
3884.88457384  0.96418548
3884.88596273  0.96355027
3884.88735162  0.96383303
3884.88874051  0.96367627
3884.89012940  0.96375263
3884.89151830  0.96394312
3884.89290719  0.96357656
3884.89429608  0.96356738
3884.89568497  0.96299833
3884.89707386  0.96371359
3884.89846276  0.96381289
3884.89985165  0.96340954
3884.90124054  0.96307218
3884.90262943  0.96271473
3884.90401833  0.96359092
3884.90540722  0.96295029
3884.90679611  0.96268076
3884.90818500  0.96265244
3884.90957389  0.96268106
3884.91096279  0.96269351
3884.91235168  0.96294260
3884.91374057  0.96258008
3884.91512946  0.96224546
3884.91651835  0.96307784
3884.91790725  0.96284336
3884.91929614  0.96276689
3884.92068503  0.96249425
3884.92207392  0.96231240
3884.92346281  0.96210808
3884.92485171  0.96170843
3884.92624060  0.96203822
3884.92762949  0.96198708
3884.92901838  0.96227682
3884.93040727  0.96201479
3884.93179617  0.96130139
3884.93318506  0.96152771
3884.93457395  0.96227759
3884.93596284  0.96142524
3884.93735173  0.96179479
3884.93874063  0.96133202
3884.94012952  0.96122444
3884.94151841  0.96132004
3884.94290730  0.96139616
3884.94429619  0.96106470
3884.94568509  0.96124661
3884.94707398  0.96145946
3884.94846287  0.96056271
3884.94985176  0.96069694
3884.95124065  0.96053684
3884.95262954  0.96076775
3884.95401844  0.96123588
3884.95540733  0.96126860
3884.95679622  0.96111786
3884.95818511  0.96063375
3884.95957400  0.96061867
3884.96096290  0.96039009
3884.96235179  0.96034002
3884.96374068  0.96029341
3884.96512957  0.95983851
3884.96651846  0.96063179
3884.96790736  0.96057361
3884.96929625  0.95947319
3884.97068514  0.96031928
3884.97207403  0.95918721
3884.97346292  0.96002710
3884.97485181  0.96021307
3884.97624071  0.95921606
3884.97762960  0.96009648
3884.97901849  0.96005166
3884.98040738  0.95976305
3884.98179627  0.96016955
3884.98318516  0.95948249
3884.98457406  0.95960373
3884.98596295  0.95864731
3884.98735184  0.95903695
3884.98874073  0.95867413
3884.99012962  0.95848030
3884.99151852  0.95899427
3884.99290741  0.95830137
3884.99429630  0.95872366
3884.99568519  0.95818818
3884.99707408  0.95910066
3884.99846297  0.95900941
3884.99985187  0.95874000
3885.00124076  0.95900786
3885.00262965  0.95823377
3885.00401854  0.95841408
3885.00540743  0.95900661
3885.00679632  0.95861554
3885.00818522  0.95818096
3885.00957411  0.95811212
3885.01096300  0.95792586
3885.01235189  0.95864505
3885.01374078  0.95795548
3885.01512967  0.95814198
3885.01651857  0.95807725
3885.01790746  0.95861155
3885.01929635  0.95760989
3885.02068524  0.95789444
3885.02207413  0.95776278
3885.02346302  0.95744485
3885.02485192  0.95802611
3885.02624081  0.95735860
3885.02762970  0.95794439
3885.02901859  0.95757341
3885.03040748  0.96864396
3885.03179637  0.96689028
3885.03318527  0.96141046
3885.03457416  0.96046746
3885.03596305  0.96010017
3885.03735194  0.95964444
3885.03874083  0.95979798
3885.04012972  0.95905501
3885.04151861  0.96000159
3885.04290751  0.96011823
3885.04429640  0.96020681
3885.04568529  0.95958471
3885.04707418  0.95932776
3885.04846307  0.95935309
3885.04985196  0.95914614
3885.05124085  0.95945263
3885.05262975  0.95875043
3885.05401864  0.95872253
3885.05540753  0.95919144
3885.05679642  0.95867938
3885.05818531  0.95788813
3885.05957420  0.95807803
3885.06096310  0.95803839
3885.06235199  0.95812631
3885.06374088  0.95812112
3885.06512977  0.95770407
3885.06651866  0.95846945
3885.06790755  0.95769352
3885.06929644  0.95803076
3885.07068534  0.95786357
3885.07207423  0.95761412
3885.07346312  0.95828539
3885.07485201  0.95766896
3885.07624090  0.95815396
3885.07762979  0.95755965
3885.07901868  0.95787698
3885.08040758  0.95818192
3885.08179647  0.95746058
3885.08318536  0.95706445
3885.08457425  0.95677012
3885.08596314  0.95724159
3885.08735203  0.95700639
3885.08874092  0.95744652
3885.09012982  0.95629805
3885.09151871  0.95706284
3885.09290760  0.95633811
3885.09429649  0.95703954
3885.09568538  0.95654202
3885.09707427  0.95576543
3885.09846316  0.95558470
3885.09985205  0.95602328
3885.10124095  0.95591748
3885.10262984  0.95572168
3885.10401873  0.95644158
3885.10540762  0.95600796
3885.10679651  0.95673704
3885.10818540  0.95594114
3885.10957429  0.95628834
3885.11096318  0.95517361
3885.11235208  0.95539075
3885.11374097  0.95524865
3885.11512986  0.95622498
3885.11651875  0.95561397
3885.11790764  0.95583546
3885.11929653  0.95651037
3885.12068542  0.95511991
3885.12207431  0.95557457
3885.12346321  0.95513368
3885.12485210  0.95452446
3885.12624099  0.95510072
3885.12762988  0.95525742
3885.12901877  0.95541060
3885.13040766  0.95502645
3885.13179655  0.95461547
3885.13318544  0.95467621
3885.13457434  0.95432365
3885.13596323  0.95496517
3885.13735212  0.95536143
3885.13874101  0.95452601
3885.14012990  0.95504051
3885.14151879  0.95479500
3885.14290768  0.95434797
3885.14429657  0.95428735
3885.14568546  0.95469332
3885.14707436  0.95490211
3885.14846325  0.95442134
3885.14985214  0.95497203
3885.15124103  0.95473427
3885.15262992  0.95471048
3885.15401881  0.95409775
3885.15540770  0.95449948
3885.15679659  0.95445871
3885.15818548  0.95509714
3885.15957438  0.95429325
3885.16096327  0.95497215
3885.16235216  0.95443100
3885.16374105  0.95408839
3885.16512994  0.95407265
3885.16651883  0.95399940
3885.16790772  0.95392543
3885.16929661  0.95379293
3885.17068550  0.95416248
3885.17207440  0.95387948
3885.17346329  0.95435315
3885.17485218  0.95406741
3885.17624107  0.95375586
3885.17762996  0.95440382
3885.17901885  0.95315182
3885.18040774  0.95459825
3885.18179663  0.95354295
3885.18318552  0.95429331
3885.18457441  0.95364648
3885.18596331  0.95300120
3885.18735220  0.95340985
3885.18874109  0.95304281
3885.19012998  0.95339417
3885.19151887  0.95360178
3885.19290776  0.95397043
3885.19429665  0.95320201
3885.19568554  0.95305425
3885.19707443  0.95361108
3885.19846332  0.95285988
3885.19985222  0.95340770
3885.20124111  0.95319182
3885.20263000  0.95346421
3885.20401889  0.95305216
3885.20540778  0.95285624
3885.20679667  0.95336056
3885.20818556  0.95371187
3885.20957445  0.95331359
3885.21096334  0.95345789
3885.21235223  0.95380867
3885.21374112  0.95351917
3885.21513002  0.95325685
3885.21651891  0.95293146
3885.21790780  0.95312542
3885.21929669  0.95428169
3885.22068558  0.95364493
3885.22207447  0.95296866
3885.22346336  0.95360231
3885.22485225  0.95363086
3885.22624114  0.95285058
3885.22763003  0.95306593
3885.22901892  0.95299113
3885.23040781  0.95444340
3885.23179671  0.95378017
3885.23318560  0.95289940
3885.23457449  0.95310354
3885.23596338  0.95320857
3885.23735227  0.95354939
3885.23874116  0.95348090
3885.24013005  0.95324153
3885.24151894  0.95326132
3885.24290783  0.95256162
3885.24429672  0.95301032
3885.24568561  0.95264733
3885.24707450  0.95188558
3885.24846339  0.95310575
3885.24985229  0.95264578
3885.25124118  0.95269692
3885.25263007  0.95251089
3885.25401896  0.95230305
3885.25540785  0.95268071
3885.25679674  0.95309091
3885.25818563  0.95263112
3885.25957452  0.95245218
3885.26096341  0.95220625
3885.26235230  0.95200300
3885.26374119  0.95186269
3885.26513008  0.95209551
3885.26651897  0.95242006
3885.26790786  0.95206672
3885.26929676  0.95220804
3885.27068565  0.95267254
3885.27207454  0.95234895
3885.27346343  0.95176804
3885.27485232  0.95228451
3885.27624121  0.95194364
3885.27763010  0.95243585
3885.27901899  0.95206487
3885.28040788  0.95267117
3885.28179677  0.95232993
3885.28318566  0.95260113
3885.28457455  0.95254672
3885.28596344  0.95201480
3885.28735233  0.95203412
3885.28874122  0.95216995
3885.29013011  0.95240319
3885.29151901  0.95196152
3885.29290790  0.95205110
3885.29429679  0.95192873
3885.29568568  0.95202667
3885.29707457  0.95195031
3885.29846346  0.95237011
3885.29985235  0.95189548
3885.30124124  0.95152146
3885.30263013  0.95215499
3885.30401902  0.95231915
3885.30540791  0.95257825
3885.30679680  0.95289975
3885.30818569  0.95236135
3885.30957458  0.95225537
3885.31096347  0.95186180
3885.31235236  0.95224392
3885.31374125  0.95194894
3885.31513014  0.95161641
3885.31651903  0.95198292
3885.31790793  0.95197570
3885.31929682  0.95209652
3885.32068571  0.95179367
3885.32207460  0.95201880
3885.32346349  0.95229077
3885.32485238  0.95235646
3885.32624127  0.95221829
3885.32763016  0.95291471
3885.32901905  0.95186269
3885.33040794  0.95166534
3885.33179683  0.95237404
3885.33318572  0.95205688
3885.33457461  0.95245093
3885.33596350  0.95155901
3885.33735239  0.95195043
3885.33874128  0.95291549
3885.34013017  0.95229197
3885.34151906  0.95230705
3885.34290795  0.95194888
3885.34429684  0.95242786
3885.34568573  0.95213926
3885.34707462  0.95346344
3885.34846351  0.95235491
3885.34985240  0.95371622
3885.35124130  0.95221680
3885.35263019  0.95283371
3885.35401908  0.95241773
3885.35540797  0.95261067
3885.35679686  0.95227498
3885.35818575  0.95313030
3885.35957464  0.95227909
3885.36096353  0.95255429
3885.36235242  0.95236057
3885.36374131  0.95216632
3885.36513020  0.95200533
3885.36651909  0.95214432
3885.36790798  0.95207971
3885.36929687  0.95246845
3885.37068576  0.95224500
3885.37207465  0.95230353
3885.37346354  0.95236766
3885.37485243  0.95208740
3885.37624132  0.95224816
3885.37763021  0.95273066
3885.37901910  0.95198596
3885.38040799  0.95234758
3885.38179688  0.95246923
3885.38318577  0.95259428
3885.38457466  0.95200658
3885.38596355  0.95217866
3885.38735244  0.95231849
3885.38874133  0.95168865
3885.39013022  0.95173872
3885.39151911  0.95202655
3885.39290800  0.95193422
3885.39429689  0.95231152
3885.39568578  0.95223194
3885.39707467  0.95199245
3885.39846356  0.95234448
3885.39985245  0.95263422
3885.40124134  0.95239979
3885.40263023  0.95318538
3885.40401912  0.95241964
3885.40540801  0.95247638
3885.40679691  0.95217532
3885.40818580  0.95245385
3885.40957469  0.95239955
3885.41096358  0.95188212
3885.41235247  0.95239687
3885.41374136  0.95206785
3885.41513025  0.95224047
3885.41651914  0.95262444
3885.41790803  0.95253754
3885.41929692  0.95269561
3885.42068581  0.95239800
3885.42207470  0.95266086
3885.42346359  0.95193487
3885.42485248  0.95302272
3885.42624137  0.95286369
3885.42763026  0.95253366
3885.42901915  0.95245272
3885.43040804  0.95268172
3885.43179693  0.95214725
3885.43318582  0.95234782
3885.43457471  0.95274055
3885.43596360  0.95280915
3885.43735249  0.95273864
3885.43874138  0.95311499
3885.44013027  0.95292771
3885.44151916  0.95261836
3885.44290805  0.95227653
3885.44429694  0.95287043
3885.44568583  0.95300776
3885.44707472  0.95231730
3885.44846361  0.95247126
3885.44985250  0.95260394
3885.45124139  0.95298392
3885.45263028  0.95314199
3885.45401917  0.95325607
3885.45540806  0.95420510
3885.45679695  0.95264620
3885.45818584  0.95258182
3885.45957473  0.95307571
3885.46096362  0.95352995
3885.46235251  0.95301908
3885.46374140  0.95327151
3885.46513029  0.95311165
3885.46651918  0.95300597
3885.46790807  0.95333356
3885.46929696  0.95371985
3885.47068585  0.95328504
3885.47207474  0.95345503
3885.47346363  0.95321423
3885.47485252  0.95352352
3885.47624141  0.95319337
3885.47763030  0.95345646
3885.47901919  0.95396543
3885.48040808  0.95295745
3885.48179697  0.95361161
3885.48318585  0.95329773
3885.48457474  0.95351863
3885.48596363  0.95344913
3885.48735252  0.95289886
3885.48874141  0.95313638
3885.49013030  0.95285147
3885.49151919  0.95319700
3885.49290808  0.95399863
3885.49429697  0.95318413
3885.49568586  0.95358676
3885.49707475  0.95333886
3885.49846364  0.95355511
3885.49985253  0.95376229
3885.50124142  0.95320123
3885.50263031  0.95389080
3885.50401920  0.95329118
3885.50540809  0.95413625
3885.50679698  0.95360839
3885.50818587  0.95321822
3885.50957476  0.95323741
3885.51096365  0.95354545
3885.51235254  0.95367056
3885.51374143  0.95372933
3885.51513032  0.95333725
3885.51651921  0.95352459
3885.51790810  0.95400316
3885.51929699  0.95358402
3885.52068588  0.95354337
3885.52207477  0.95350194
3885.52346366  0.95315182
3885.52485255  0.95357931
3885.52624144  0.95405757
3885.52763033  0.95346701
3885.52901922  0.95403522
3885.53040811  0.95367527
3885.53179700  0.95380116
3885.53318589  0.95396554
3885.53457478  0.95445120
3885.53596367  0.95400214
3885.53735256  0.95468974
3885.53874144  0.95422250
3885.54013033  0.95435363
3885.54151922  0.95450789
3885.54290811  0.95409352
3885.54429700  0.95394623
3885.54568589  0.95449436
3885.54707478  0.95415747
3885.54846367  0.95498759
3885.54985256  0.95394421
3885.55124145  0.95427150
3885.55263034  0.95732141
3885.55540812  0.96143824
3885.55679701  0.96120501
3885.55818590  0.96071291
3885.55957479  0.96096969
3885.56096368  0.96017998
3885.56235257  0.95886517
3885.56374146  0.95806319
3885.56513035  0.95821732
3885.56651924  0.95745426
3885.56790813  0.95712900
3885.56929702  0.95691347
3885.57068591  0.95705700
3885.57207479  0.95673770
3885.57346368  0.95645410
3885.57485257  0.95613748
3885.57624146  0.95611644
3885.57763035  0.95610529
3885.57901924  0.95660084
3885.58040813  0.95507514
3885.58179702  0.95546061
3885.58318591  0.95545936
3885.58457480  0.95527929
3885.58596369  0.95595837
3885.58735258  0.95581239
3885.58874147  0.95525390
3885.59013036  0.95521402
3885.59151925  0.95528609
3885.59290814  0.95572466
3885.59429703  0.95571756
3885.59568592  0.95613241
3885.59707481  0.95626175
3885.59846369  0.95560789
3885.59985258  0.95556337
3885.60124147  0.95585901
3885.60263036  0.95746785
3885.60401925  0.95673573
3885.60540814  0.95674014
3885.60679703  0.95667332
3885.60818592  0.95700836
3885.60957481  0.95623863
3885.61096370  0.95633644
3885.61235259  0.95607299
3885.61374148  0.95621663
3885.61513037  0.95657432
3885.61651926  0.95640469
3885.61790815  0.95630878
3885.61929703  0.95539951
3885.62068592  0.95596755
3885.62207481  0.95589620
3885.62346370  0.95614284
3885.62485259  0.95602560
3885.62624148  0.95661384
3885.62763037  0.95587444
3885.62901926  0.95587033
3885.63040815  0.95597845
3885.63179704  0.95591992
3885.63318593  0.95587152
3885.63457482  0.95594305
3885.63596371  0.95569879
3885.63735260  0.95639914
3885.63874148  0.95642835
3885.64013037  0.95671433
3885.64151926  0.95606732
3885.64290815  0.95563287
3885.64429704  0.95576906
3885.64568593  0.95594436
3885.64707482  0.95651507
3885.64846371  0.95643437
3885.64985260  0.95644277
3885.65124149  0.95676982
3885.65263038  0.95658952
3885.65401927  0.95638382
3885.65540816  0.95621932
3885.65679704  0.95624375
3885.65818593  0.95663691
3885.65957482  0.95652926
3885.66096371  0.95598763
3885.66235260  0.95659810
3885.66374149  0.95662916
3885.66513038  0.95600784
3885.66651927  0.95654267
3885.66790816  0.95641327
3885.66929705  0.95746624
3885.67068594  0.95654112
3885.67207483  0.95673764
3885.67346372  0.95678979
3885.67485260  0.95673585
3885.67624149  0.95657122
3885.67763038  0.95688212
3885.67901927  0.95670110
3885.68040816  0.95680124
3885.68179705  0.95661694
3885.68318594  0.95655835
3885.68457483  0.95669675
3885.68596372  0.95673817
3885.68735261  0.95659006
3885.68874150  0.95668501
3885.69013038  0.95700848
3885.69151927  0.95719886
3885.69290816  0.95709926
3885.69429705  0.95693702
3885.69568594  0.95706385
3885.69707483  0.95693344
3885.69846372  0.95686305
3885.69985261  0.95700628
3885.70124150  0.95751655
3885.70263039  0.95700616
3885.70401927  0.95665693
3885.70540816  0.95684916
3885.70679705  0.95737016
3885.70818594  0.95689535
3885.70957483  0.95768118
3885.71096372  0.95763922
3885.71235261  0.95763445
3885.71374150  0.95828193
3885.71513039  0.95780838
3885.71651928  0.95728600
3885.71790816  0.95733374
3885.71929705  0.95794439
3885.72068594  0.95743930
3885.72207483  0.95811445
3885.72346372  0.95779860
3885.72485261  0.95873332
3885.72624150  0.95814621
3885.72763039  0.95812887
3885.72901928  0.95775509
3885.73040817  0.95798004
3885.73179705  0.95853060
3885.73318594  0.95875853
3885.73457483  0.95828706
3885.73596372  0.95865905
3885.73735261  0.95829785
3885.73874150  0.95849895
3885.74013039  0.95919734
3885.74151928  0.95973605
3885.74290817  0.96114486
3885.74429705  0.96043485
3885.74568594  0.96058214
3885.74707483  0.96022415
3885.74846372  0.96047634
3885.74985261  0.96074557
3885.75124150  0.95989466
3885.75263039  0.96018797
3885.75401928  0.95981175
3885.75540816  0.95943397
3885.75679705  0.95931476
3885.75818594  0.95892638
3885.75957483  0.95942014
3885.76096372  0.95915323
3885.76235261  0.95997894
3885.76374150  0.96015102
3885.76513039  0.95888692
3885.76651928  0.96015787
3885.76790816  0.96042520
3885.76929705  0.95944822
3885.77068594  0.95996940
3885.77207483  0.95973605
3885.77346372  0.96001345
3885.77485261  0.95950204
3885.77624150  0.96018827
3885.77763039  0.95994151
3885.77901927  0.95980918
3885.78040816  0.95974958
3885.78179705  0.96049732
3885.78318594  0.95940757
3885.78457483  0.95937526
3885.78596372  0.95987803
3885.78735261  0.95958096
3885.78874150  0.95969230
3885.79013038  0.95990002
3885.79151927  0.95988691
3885.79290816  0.96002090
3885.79429705  0.96017694
3885.79568594  0.95991689
3885.79707483  0.96009624
3885.79846372  0.96053421
3885.79985260  0.96076930
3885.80124149  0.96066761
3885.80263038  0.96027088
3885.80401927  0.96032161
3885.80540816  0.96065772
3885.80679705  0.96076697
3885.80818594  0.96069551
3885.80957483  0.96053720
3885.81096371  0.96079785
3885.81235260  0.96063197
3885.81374149  0.96154171
3885.81513038  0.96060401
3885.81651927  0.96109724
3885.81790816  0.96056515
3885.81929704  0.96099633
3885.82068593  0.96092284
3885.82207482  0.96090460
3885.82346371  0.96043426
3885.82485260  0.96116769
3885.82624149  0.96123087
3885.82763038  0.96073967
3885.82901927  0.96095139
3885.83040815  0.96064252
3885.83179704  0.96125394
3885.83318593  0.96063530
3885.83457482  0.96112365
3885.83596371  0.96148717
3885.83735260  0.96156210
3885.83874148  0.96166235
3885.84013037  0.96138287
3885.84151926  0.96204478
3885.84290815  0.96140581
3885.84429704  0.96132588
3885.84568593  0.96163881
3885.84707482  0.96176684
3885.84846370  0.96126729
3885.84985259  0.96166980
3885.85124148  0.96113354
3885.85263037  0.96146929
3885.85401926  0.96214426
3885.85540815  0.96183878
3885.85679703  0.96131736
3885.85818592  0.96167111
3885.85957481  0.96120292
3885.86096370  0.96202326
3885.86235259  0.96179259
3885.86374148  0.96237415
3885.86513037  0.96214956
3885.86651925  0.96234959
3885.86790814  0.96207517
3885.86929703  0.96224082
3885.87068592  0.96234739
3885.87207481  0.96203804
3885.87346370  0.96246660
3885.87485258  0.96190250
3885.87624147  0.96305776
3885.87763036  0.96307474
3885.87901925  0.96263832
3885.88040814  0.96236604
3885.88179703  0.96267706
3885.88318591  0.96278590
3885.88457480  0.96285611
3885.88596369  0.96274889
3885.88735258  0.96283829
3885.88874147  0.96266574
3885.89013036  0.96292919
3885.89151924  0.96351719
3885.89290813  0.96223283
3885.89429702  0.96290529
3885.89568591  0.96311903
3885.89707480  0.96329176
3885.89846369  0.96370471
3885.89985257  0.96285248
3885.90124146  0.96291864
3885.90263035  0.96337533
3885.90401924  0.96322501
3885.90540813  0.96390051
3885.90679702  0.96485120
3885.90818590  0.96401459
3885.90957479  0.96453047
3885.91096368  0.96508127
3885.91235257  0.96388495
3885.91374146  0.96399355
3885.91513035  0.96432811
3885.91651923  0.96375728
3885.91790812  0.96421564
3885.91929701  0.96407157
3885.92068590  0.96399021
3885.92207479  0.96387821
3885.92346367  0.96425974
3885.92485256  0.96372265
3885.92624145  0.96411473
3885.92763034  0.96426195
3885.92901923  0.96377164
3885.93040812  0.96422511
3885.93179700  0.96404517
3885.93318589  0.96411985
3885.93457478  0.96417046
3885.93596367  0.96425807
3885.93735256  0.96460819
3885.93874144  0.96415883
3885.94013033  0.96360755
3885.94151922  0.96436083
3885.94290811  0.96459627
3885.94429700  0.96516800
3885.94568589  0.96470398
3885.94707477  0.96408933
3885.94846366  0.96405649
3885.94985255  0.96421164
3885.95124144  0.96408790
3885.95263033  0.96487701
3885.95401921  0.96480209
3885.95540810  0.96503454
3885.95679699  0.96517551
3885.95818588  0.96477038
3885.95957477  0.96500993
3885.96096365  0.96515954
3885.96235254  0.96533293
3885.96374143  0.96532172
3885.96513032  0.96541190
3885.96651921  0.96560693
3885.96790809  0.96471083
3885.96929698  0.96535361
3885.97068587  0.96512437
3885.97207476  0.96560502
3885.97346365  0.96591574
3885.97485253  0.96561623
3885.97624142  0.96615607
3885.97763031  0.96639317
3885.97901920  0.96586823
3885.98040809  0.96595967
3885.98179697  0.96591151
3885.98318586  0.96600032
3885.98457475  0.96611679
3885.98596364  0.96579254
3885.98735253  0.96652448
3885.98874141  0.96589196
3885.99013030  0.96558762
3885.99151919  0.96590674
3885.99290808  0.96595323
3885.99429697  0.96608347
3885.99568585  0.96538877
3885.99707474  0.96620893
3885.99846363  0.96608889
3885.99985252  0.96551788
3886.00124141  0.96622223
3886.00263029  0.96601290
3886.00401918  0.96574402
3886.00540807  0.96719432
3886.00679696  0.96594006
3886.00818584  0.96652561
3886.00957473  0.96649045
3886.01096362  0.96643114
3886.01235251  0.96694642
3886.01374140  0.96680868
3886.01513028  0.96669525
3886.01651917  0.96650928
3886.01790806  0.96692312
3886.01929695  0.96643728
3886.02068584  0.96587008
3886.02207472  0.96715391
3886.02346361  0.96687806
3886.02485250  0.96713716
3886.02624139  0.96632171
3886.02763027  0.96689558
3886.02901916  0.96681321
3886.03040805  0.96724093
3886.03179694  0.96697474
3886.03318583  0.96711475
3886.03457471  0.96770465
3886.03596360  0.96751571
3886.03735249  0.96697694
3886.03874138  0.96699905
3886.04013026  0.96728891
3886.04151915  0.96788466
3886.04290804  0.96743822
3886.04429693  0.96700794
3886.04568582  0.96758693
3886.04707470  0.96798360
3886.04846359  0.96757329
3886.04985248  0.96823478
3886.05124137  0.96739167
3886.05263025  0.96768141
3886.05401914  0.96766967
3886.05540803  0.96748441
3886.05679692  0.96815300
3886.05818581  0.96856749
3886.05957469  0.96770406
3886.06096358  0.96752089
3886.06235247  0.96770710
3886.06374136  0.96769452
3886.06513024  0.96847171
3886.06651913  0.96816367
3886.06790802  0.96856040
3886.06929691  0.96820247
3886.07068579  0.96825165
3886.07207468  0.96848899
3886.07346357  0.96886975
3886.07485246  0.96829873
3886.07624135  0.96842152
3886.07763023  0.96803343
3886.07901912  0.96853584
3886.08040801  0.96767700
3886.08179690  0.96870047
3886.08318578  0.96828032
3886.08457467  0.96880007
3886.08596356  0.96820772
3886.08735245  0.96832073
3886.08874133  0.96884704
3886.09013022  0.96903640
3886.09151911  0.96836054
3886.09290800  0.96830475
3886.09429688  0.96924233
3886.09568577  0.96904171
3886.09707466  0.96855563
3886.09846355  0.96855462
3886.09985243  0.96906847
3886.10124132  0.96855992
3886.10263021  0.96970677
3886.10401910  0.96925431
3886.10540798  0.96908379
3886.10679687  0.96889228
3886.10818576  0.96922213
3886.10957465  0.96918988
3886.11096353  0.96834201
3886.11235242  0.96934223
3886.11374131  0.96884477
3886.11513020  0.96901441
3886.11651908  0.96951580
3886.11790797  0.97026849
3886.11929686  0.96923745
3886.12068575  0.96938998
3886.12207463  0.96959609
3886.12346352  0.96937585
3886.12485241  0.96962661
3886.12624130  0.96922475
3886.12763018  0.96937686
3886.12901907  0.96968180
3886.13040796  0.96926671
3886.13179685  0.96947998
3886.13318573  0.97020173
3886.13457462  0.96956390
3886.13596351  0.96993876
3886.13735240  0.97065133
3886.13874128  0.96947688
3886.14013017  0.96932846
3886.14151906  0.97074634
3886.14290795  0.97013050
3886.14429683  0.96979654
3886.14568572  0.97022575
3886.14707461  0.97062624
3886.14846349  0.96959490
3886.14985238  0.97043765
3886.15124127  0.96993387
3886.15263016  0.97118497
3886.15401904  0.97066307
3886.15540793  0.97002888
3886.15679682  0.97065443
3886.15818571  0.97089446
3886.15957459  0.97149611
3886.16096348  0.96984488
3886.16235237  0.97002703
3886.16374126  0.97043222
3886.16513014  0.97093683
3886.16651903  0.97084391
3886.16790792  0.97137552
3886.16929680  0.97037292
3886.17068569  0.97085422
3886.17207458  0.97063559
3886.17346347  0.97024649
3886.17485235  0.97127855
3886.17624124  0.97105819
3886.17763013  0.97119528
3886.17901902  0.97046596
3886.18040790  0.97080684
3886.18179679  0.97083640
3886.18318568  0.97165275
3886.18457456  0.97174275
3886.18596345  0.97138751
3886.18735234  0.97098392
3886.18874123  0.97151041
3886.19013011  0.97112000
3886.19151900  0.97145391
3886.19290789  0.97159666
3886.19429677  0.97123712
3886.19568566  0.97053778
3886.19707455  0.97054899
3886.19846344  0.97075325
3886.19985232  0.97043318
3886.20124121  0.97034997
3886.20263010  0.97080654
3886.20401899  0.97024769
3886.20540787  0.97095537
3886.20679676  0.97049028
3886.20818565  0.97035062
3886.20957453  0.97020698
3886.21096342  0.97011596
3886.21235231  0.97006655
3886.21374120  0.96993488
3886.21513008  0.97015744
3886.21651897  0.96944869
3886.21790786  0.97002083
3886.21929674  0.97004265
3886.22068563  0.97073627
3886.22207452  0.97019106
3886.22346341  0.96981591
3886.22485229  0.96962517
3886.22624118  0.97013223
3886.22763007  0.97026914
3886.22901895  0.96969789
3886.23040784  0.97031188
3886.23179673  0.97043818
3886.23318561  0.96942556
3886.23457450  0.96992302
3886.23596339  0.97079676
3886.23735228  0.97032255
3886.23874116  0.97075844
3886.24013005  0.97025257
3886.24151894  0.97074068
3886.24290782  0.97141540
3886.24429671  0.97175986
3886.24568560  0.97129440
3886.24707449  0.97106826
3886.24846337  0.97176719
3886.24985226  0.97144878
3886.25124115  0.97079009
3886.25263003  0.97069615
3886.25401892  0.97133666
3886.25540781  0.97085959
3886.25679669  0.97117531
3886.25818558  0.97007722
3886.25957447  0.97148502
3886.26096335  0.97122145
3886.26235224  0.97217011
3886.26374113  0.97115564
3886.26513002  0.97132248
3886.26651890  0.97139388
3886.26790779  0.97194111
3886.26929668  0.97150773
3886.27068556  0.97134936
3886.27207445  0.97160798
3886.27346334  0.97107047
3886.27485222  0.97229099
3886.27624111  0.97203070
3886.27763000  0.97239846
3886.27901888  0.97211385
3886.28040777  0.97181261
3886.28179666  0.97245210
3886.28318555  0.97255665
3886.28457443  0.97226679
3886.28596332  0.97205192
3886.28735221  0.97179669
3886.28874109  0.97208142
3886.29012998  0.97166514
3886.29151887  0.97152740
3886.29290775  0.97179514
3886.29429664  0.97185940
3886.29568553  0.97197556
3886.29707441  0.97190195
3886.29846330  0.97157645
3886.29985219  0.97206247
3886.30124107  0.97237074
3886.30262996  0.97198474
3886.30401885  0.97190458
3886.30540773  0.97263736
3886.30679662  0.97196943
3886.30818551  0.97251451
3886.30957439  0.97246766
3886.31096328  0.97259063
3886.31235217  0.97290945
3886.31374106  0.97248262
3886.31512994  0.97224796
3886.31651883  0.97303408
3886.31790772  0.97300744
3886.31929660  0.97319764
3886.32068549  0.97257620
3886.32207438  0.97308797
3886.32346326  0.97334081
3886.32485215  0.97346205
3886.32624104  0.97361225
3886.32762992  0.97399932
3886.32901881  0.97399944
3886.33040770  0.97416228
3886.33179658  0.97489738
3886.33318547  0.97513336
3886.33457436  0.97509229
3886.33596324  0.97523075
3886.33735213  0.97541779
3886.33874102  0.97545540
3886.34012990  0.97609317
3886.34151879  0.97562969
3886.34290768  0.97603589
3886.34429656  0.97521484
3886.34568545  0.97610658
3886.34707434  0.97594339
3886.34846322  0.97647536
3886.34985211  0.97614467
3886.35124100  0.97625887
3886.35262988  0.97587401
3886.35401877  0.97667563
3886.35540766  0.97733021
3886.35679654  0.97683859
3886.35818543  0.97689849
3886.35957432  0.97703594
3886.36096320  0.97732198
3886.36235209  0.97732103
3886.36374097  0.97710800
3886.36512986  0.97733331
3886.36651875  0.97714525
3886.36790763  0.97724986
3886.36929652  0.97714007
3886.37068541  0.97748119
3886.37207429  0.97720987
3886.37346318  0.97720712
3886.37485207  0.97749454
3886.37624095  0.97692990
3886.37762984  0.97691548
3886.37901873  0.97754127
3886.38040761  0.97689939
3886.38179650  0.97694582
3886.38318539  0.97748673
3886.38457427  0.97739613
3886.38596316  0.97765291
3886.38735205  0.97774881
3886.38874093  0.97782528
3886.39012982  0.97801536
3886.39151871  0.97757787
3886.39290759  0.97729838
3886.39429648  0.97761762
3886.39568536  0.97812605
3886.39707425  0.97815514
3886.39846314  0.97734940
3886.39985202  0.97795755
3886.40124091  0.97802126
3886.40262980  0.97776824
3886.40401868  0.97772920
3886.40540757  0.97782522
3886.40679646  0.97916394
3886.40818534  0.97849977
3886.40957423  0.97815043
3886.41096312  0.97761649
3886.41235200  0.97843730
3886.41374089  0.97794485
3886.41512977  0.97825003
3886.41651866  0.97775847
3886.41790755  0.97835374
3886.41929643  0.97812515
3886.42068532  0.97806931
3886.42207421  0.97825289
3886.42346309  0.97822714
3886.42485198  0.97796839
3886.42624087  0.97811347
3886.42762975  0.97857141
3886.42901864  0.97860247
3886.43040752  0.97872657
3886.43179641  0.97894561
3886.43318530  0.97857308
3886.43457418  0.97793984
3886.43596307  0.97819453
3886.43735196  0.97934580
3886.43874084  0.97951895
3886.44012973  0.97926688
3886.44151862  0.97864264
3886.44290750  0.97911143
3886.44429639  0.97864419
3886.44568527  0.97924256
3886.44707416  0.97914255
3886.44846305  0.97907269
3886.44985193  0.97901064
3886.45124082  0.97913945
3886.45262971  0.97995144
3886.45401859  0.97915250
3886.45540748  0.97887492
3886.45679636  0.97887570
3886.45818525  0.97958302
3886.45957414  0.97953552
3886.46096302  0.97977239
3886.46235191  0.97915351
3886.46512968  0.97886235
3886.46651857  0.97981304
3886.46790745  0.97903073
3886.46929634  0.97994387
3886.47068523  0.97963828
3886.47207411  0.98033154
3886.47346300  0.98003238
3886.47485188  0.98053968
3886.47624077  0.97933555
3886.47762966  0.97970665
3886.47901854  0.98027700
3886.48040743  0.98014748
3886.48179632  0.97992688
3886.48318520  0.97997934
3886.48457409  0.98008686
3886.48596297  0.97959620
3886.48735186  0.98000741
3886.48874075  0.97967160
3886.49012963  0.98034155
3886.49151852  0.98071539
3886.49290740  0.98038393
3886.49429629  0.97980106
3886.49568518  0.98055941
3886.49707406  0.98047107
3886.49846295  0.98087603
3886.49985184  0.98093998
3886.50124072  0.98039424
3886.50262961  0.98099834
3886.50401849  0.98102444
3886.50540738  0.98179704
3886.50679627  0.98138076
3886.50818515  0.98121226
3886.50957404  0.98155606
3886.51096292  0.98147827
3886.51235181  0.98099971
3886.51374070  0.98118740
3886.51512958  0.98099756
3886.51651847  0.98150623
3886.51790735  0.98072773
3886.51929624  0.98115253
3886.52068513  0.98158091
3886.52207401  0.98172891
3886.52346290  0.98117042
3886.52485178  0.98157316
3886.52624067  0.98165619
3886.52762956  0.98120880
3886.52901844  0.98097348
3886.53040733  0.98152584
3886.53179621  0.98155904
3886.53318510  0.98148537
3886.53457399  0.98206151
3886.53596287  0.98136890
3886.53735176  0.98205835
3886.53874064  0.98189199
3886.54012953  0.98187929
3886.54151842  0.98210579
3886.54290730  0.98175699
3886.54429619  0.98148626
3886.54568507  0.98178208
3886.54707396  0.98197424
3886.54846284  0.98152030
3886.54985173  0.98191607
3886.55124062  0.98211300
3886.55262950  0.98185581
3886.55401839  0.98205018
3886.55540727  0.98224241
3886.55679616  0.98216850
3886.55818505  0.98287785
3886.55957393  0.98277259
3886.56096282  0.98251826
3886.56235170  0.98221135
3886.56374059  0.98275971
3886.56512948  0.98200965
3886.56651836  0.98274583
3886.56790725  0.98266095
3886.56929613  0.98283601
3886.57068502  0.98258209
3886.57207390  0.98244566
3886.57346279  0.98293555
3886.57485168  0.98295999
3886.57624056  0.98312747
3886.57762945  0.98294169
3886.57901833  0.98295110
3886.58040722  0.98281223
3886.58179610  0.98229593
3886.58318499  0.98376125
3886.58457388  0.98359728
3886.58596276  0.98319489
3886.58735165  0.98395884
3886.58874053  0.98350126
3886.59012942  0.98295087
3886.59151831  0.98351258
3886.59290719  0.98372316
3886.59429608  0.98368698
3886.59568496  0.98326325
3886.59707385  0.98369807
3886.59846273  0.98400301
3886.59985162  0.98409313
3886.60124051  0.98330122
3886.60262939  0.98314083
3886.60401828  0.98371917
3886.60540716  0.98314267
3886.60679605  0.98404562
3886.60818493  0.98331445
3886.60957382  0.98341799
3886.61096271  0.98387414
3886.61235159  0.98323339
3886.61374048  0.98391575
3886.61512936  0.98395419
3886.61651825  0.98356807
3886.61790713  0.98391551
3886.61929602  0.98388100
3886.62068490  0.98376936
3886.62207379  0.98403186
3886.62346268  0.98331356
3886.62485156  0.98477584
3886.62624045  0.98514086
3886.62762933  0.98498118
3886.62901822  0.98486644
3886.63040710  0.98525864
3886.63179599  0.98447800
3886.63318488  0.98469722
3886.63457376  0.98530447
3886.63596265  0.98463154
3886.63735153  0.98484236
3886.63874042  0.98437476
3886.64012930  0.98535085
3886.64151819  0.98515350
3886.64290707  0.98488629
3886.64429596  0.98510855
3886.64568485  0.98513263
3886.64707373  0.98551339
3886.64846262  0.98421323
3886.64985150  0.98495245
3886.65124039  0.98598140
3886.65262927  0.98568946
3886.65401816  0.98526597
3886.65540704  0.98455137
3886.65679593  0.98533124
3886.65818482  0.98552579
3886.65957370  0.98546976
3886.66096259  0.98509544
3886.66235147  0.98583454
3886.66374036  0.98544067
3886.66512924  0.98544657
3886.66651813  0.98572052
3886.66929590  0.98779792
3886.67068478  0.98741329
3886.67207367  0.98638725
3886.67346256  0.98634326
3886.67485144  0.98633486
3886.67624033  0.98635417
3886.67762921  0.98537761
3886.67901810  0.98678321
3886.68040698  0.98624080
3886.68179587  0.98688143
3886.68318475  0.98645872
3886.68457364  0.98680359
3886.68596252  0.98599893
3886.68735141  0.98621273
3886.68874030  0.98724943
3886.69012918  0.98647982
3886.69151807  0.98694605
3886.69290695  0.98667133
3886.69429584  0.98685604
3886.69568472  0.98592764
3886.69707361  0.98672760
3886.69846249  0.98679739
3886.69985138  0.98615587
3886.70124026  0.98641753
3886.70262915  0.98622406
3886.70401803  0.98633581
3886.70540692  0.98681396
3886.70679581  0.98740673
3886.70818469  0.98662156
3886.70957358  0.98659557
3886.71096246  0.98718572
3886.71235135  0.98642743
3886.71374023  0.98689407
3886.71512912  0.98716807
3886.71651800  0.98727942
3886.71790689  0.98667574
3886.71929577  0.98713619
3886.72068466  0.98759365
3886.72207354  0.98809618
3886.72346243  0.98767978
3886.72485131  0.98694748
3886.72624020  0.98748177
3886.72762908  0.98756301
3886.72901797  0.98754257
3886.73040685  0.98733646
3886.73179574  0.98793954
3886.73318463  0.98715842
3886.73457351  0.98819977
3886.73596240  0.98751032
3886.73735128  0.98841214
3886.73874017  0.98834276
3886.74012905  0.98840779
3886.74151794  0.98794878
3886.74290682  0.98830611
3886.74429571  0.98825574
3886.74568459  0.98797143
3886.74707348  0.98845220
3886.74846236  0.98869574
3886.74985125  0.98844552
3886.75124013  0.98793304
3886.75262902  0.98919725
3886.75401790  0.98863202
3886.75540679  0.98818600
3886.75679567  0.98812819
3886.75818456  0.98845905
3886.75957344  0.98890221
3886.76096233  0.98838884
3886.76235121  0.98876745
3886.76374010  0.98890024
3886.76512898  0.98881173
3886.76651787  0.98878556
3886.76790675  0.98946691
3886.76929564  0.98950744
3886.77068452  0.98952895
3886.77207341  0.98929721
3886.77346230  0.98912466
3886.77485118  0.98943985
3886.77624007  0.98913199
3886.77762895  0.98923659
3886.77901784  0.98960257
3886.78040672  0.98939711
3886.78179561  0.98899168
3886.78318449  0.98962343
3886.78457338  0.98910236
3886.78596226  0.98908591
3886.78735115  0.98931664
3886.78874003  0.98990571
3886.79012892  0.98902357
3886.79151780  0.98930049
3886.79290669  0.98922938
3886.79429557  0.98980713
3886.79568446  0.98997664
3886.79707334  0.98992914
3886.79846223  0.99008411
3886.79985111  0.99006134
3886.80124000  0.98973078
3886.80262888  0.98990530
3886.80401777  0.99013042
3886.80540665  0.99005216
3886.80679554  0.98981440
3886.80818442  0.98952985
3886.80957331  0.99034202
3886.81096219  0.99000299
3886.81235108  0.99060285
3886.81373996  0.99038005
3886.81512885  0.99073529
3886.81651773  0.99000096
3886.81790662  0.99046379
3886.81929550  0.99109608
3886.82068439  0.99051815
3886.82207327  0.99102116
3886.82346216  0.99045122
3886.82485104  0.99061817
3886.82623992  0.99084175
3886.82762881  0.99146098
3886.82901769  0.99057913
3886.83040658  0.99116921
3886.83179546  0.99180442
3886.83318435  0.99098384
3886.83457323  0.99107075
3886.83596212  0.99161094
3886.83735100  0.99096262
3886.83873989  0.99093002
3886.84012877  0.99102890
3886.84151766  0.99163604
3886.84290654  0.99125701
3886.84429543  0.99194270
3886.84568431  0.99142951
3886.84707320  0.99164468
3886.84846208  0.99110705
3886.84985097  0.99165380
3886.85123985  0.99148947
3886.85262874  0.99186736
3886.85401762  0.99130374
3886.85540651  0.99178219
3886.85679539  0.99137127
3886.85818428  0.99148196
3886.85957316  0.99238020
3886.86096205  0.99111408
3886.86235093  0.99233145
3886.86373982  0.99195528
3886.86512870  0.99167520
3886.86651759  0.99180317
3886.86790647  0.99155110
3886.86929535  0.99171126
3886.87068424  0.99112982
3886.87207312  0.99234968
3886.87346201  0.99279326
3886.87485089  0.99261832
3886.87623978  0.99230337
3886.87762866  0.99281389
3886.87901755  0.99203211
3886.88040643  0.99296021
3886.88179532  0.99235958
3886.88318420  0.99217564
3886.88457309  0.99241996
3886.88596197  0.99265897
3886.88735086  0.99259025
3886.88873974  0.99264044
3886.89012863  0.99334484
3886.89151751  0.99297965
3886.89290639  0.99281991
3886.89429528  0.99277693
3886.89568416  0.99268812
3886.89707305  0.99393696
3886.89846193  0.99317646
3886.89985082  0.99277604
3886.90123970  0.99381566
3886.90262859  0.99319047
3886.90401747  0.99298429
3886.90540636  0.99367923
3886.90679524  0.99431419
3886.90818413  0.99302286
3886.90957301  0.99364191
3886.91096189  0.99295509
3886.91235078  0.99314427
3886.91373966  0.99334395
3886.91512855  0.99381733
3886.91651743  0.99347675
3886.91790632  0.99366790
3886.91929520  0.99379480
3886.92068409  0.99352545
3886.92207297  0.99372250
3886.92346186  0.99372518
3886.92485074  0.99394077
3886.92623963  0.99367791
3886.92762851  0.99485922
3886.92901739  0.99418664
3886.93040628  0.99463320
3886.93179516  0.99418563
3886.93318405  0.99375862
3886.93457293  0.99479371
3886.93596182  0.99454820
3886.93735070  0.99448168
3886.93873959  0.99480605
3886.94012847  0.99463731
3886.94151735  0.99517828
3886.94290624  0.99482858
3886.94429512  0.99468130
3886.94568401  0.99469316
3886.94707289  0.99442762
3886.94846178  0.99510342
3886.94985066  0.99478954
3886.95123955  0.99437201
3886.95262843  0.99561632
3886.95401731  0.99448347
3886.95540620  0.99463534
3886.95679508  0.99508959
3886.95818397  0.99546432
3886.95957285  0.99521077
3886.96096174  0.99565107
3886.96235062  0.99529660
3886.96373951  0.99564826
3886.96512839  0.99531204
3886.96651727  0.99576437
3886.96790616  0.99572533
3886.96929504  0.99547088
3886.97068393  0.99554306
3886.97207281  0.99556959
3886.97346170  0.99592781
3886.97485058  0.99621785
3886.97623947  0.99555635
3886.97762835  0.99560833
3886.98040612  0.99766296
3886.98179500  0.99753040
3886.98318389  0.99747026
3886.98457277  0.99633932
3886.98596166  0.99679631
3886.98735054  0.99662101
3886.98873942  0.99642390
3886.99012831  0.99607998
3886.99151719  0.99615115
3886.99290608  0.99668151
3886.99429496  0.99630654
3886.99568385  0.99626714
3886.99707273  0.99693131
3886.99846161  0.99618864
3886.99985050  0.99693960
3887.00123938  0.99692488
3887.00262827  0.99657208
3887.00401715  0.99634039
3887.00540604  0.99661446
3887.00679492  0.99708283
3887.00818380  0.99703008
3887.00957269  0.99715018
3887.01096157  0.99671441
3887.01235046  0.99688935
3887.01373934  0.99670774
3887.01512823  0.99678808
3887.01651711  0.99723315
3887.01790599  0.99690109
3887.01929488  0.99735147
3887.02068376  0.99711627
3887.02207265  0.99747699
3887.02346153  0.99665558
3887.02485041  0.99762934
3887.02623930  0.99707431
3887.02762818  0.99726188
3887.02901707  0.99723560
3887.03040595  0.99789375
3887.03179484  0.99820888
3887.03318372  0.99729329
3887.03457260  0.99828005
3887.03596149  0.99763983
3887.03735037  0.99814016
3887.03873926  0.99773765
3887.04012814  0.99771756
3887.04151702  0.99843079
3887.04290591  0.99827337
3887.04429479  0.99792594
3887.04568368  0.99816650
3887.04707256  0.99830168
3887.04846145  0.99761122
3887.04985033  0.99752128
3887.05123921  0.99821478
3887.05262810  0.99848938
3887.05401698  0.99834710
3887.05540587  0.99869013
3887.05679475  0.99828947
3887.05818363  0.99856442
3887.05957252  0.99820292
3887.06096140  0.99830878
3887.06235029  0.99837440
3887.06373917  0.99839395
3887.06512805  0.99879748
3887.06651694  0.99925649
3887.06790582  0.99895608
3887.06929471  0.99888283
3887.07068359  0.99911839
3887.07207247  0.99919784
3887.07346136  0.99907422
3887.07485024  0.99867690
3887.07623913  0.99916190
3887.07762801  0.99976856
3887.07901689  0.99919045
3887.08040578  0.99990267
3887.08179466  0.99904442
3887.08318355  0.99934638
3887.08457243  0.99942023
3887.08596131  0.99975580
3887.08735020  0.99906987
3887.08873908  0.99973160
3887.09012797  0.99973035
3887.09151685  0.99920195
3887.09290573  0.99919200
3887.09429462  0.99927980
3887.09568350  0.99932063
3887.09707239  1.00034201
3887.09846127  0.99930167
3887.09985015  0.99913013
3887.10123904  1.00032163
3887.10262792  0.99992806
3887.10401681  1.00002074
3887.10540569  1.00083160
3887.10679457  1.00151360
3887.10818346  0.99958783
3887.10957234  1.00026703
3887.11096123  1.00007439
3887.11235011  1.00057757
3887.11373899  1.00018644
3887.11512788  1.00032389
3887.11651676  1.00016701
3887.11790564  1.00063622
3887.11929453  1.00012827
3887.12068341  1.00099885
3887.12207230  1.00014782
3887.12346118  1.00075650
3887.12485006  1.00097120
3887.12623895  1.00177073
3887.12762783  1.00056601
3887.12901672  1.00039482
3887.13040560  1.00143266
3887.13179448  1.00143361
3887.13318337  1.00292146
3887.13457225  1.00173366
3887.13596113  1.00165665
3887.13735002  1.00194287
3887.13873890  1.00241816
3887.14012779  1.00163889
3887.14151667  1.00265431
3887.14290555  1.00188184
3887.14429444  1.00168467
3887.14568332  1.00222957
3887.14707220  1.00203383
3887.14846109  1.00302446
3887.14984997  1.00273442
3887.15123886  1.00158489
3887.15262774  1.00202012
3887.15401662  1.00230074
3887.15540551  1.00263798
3887.15679439  1.00229359
3887.15818327  1.00291324
3887.15957216  1.00263977
3887.16096104  1.00288522
3887.16234993  1.00286031
3887.16373881  1.00332987
3887.16512769  1.00369704
3887.16651658  1.00300837
3887.16790546  1.00292969
3887.16929434  1.00290382
3887.17068323  1.00347424
3887.17207211  1.00298667
3887.17346099  1.00282419
3887.17484988  1.00293911
3887.17623876  1.00311100
3887.17762765  1.00298500
3887.17901653  1.00351012
3887.18040541  1.00323963
3887.18179430  1.00344932
3887.18318318  1.00336599
3887.18457206  1.00371480
3887.18596095  1.00294602
3887.18734983  1.00391948
3887.18873872  1.00355649
3887.19012760  1.00377464
3887.19151648  1.00307930
3887.19290537  1.00303447
3887.19429425  1.00324106
3887.19568313  1.00409663
3887.19707202  1.00344896
3887.19846090  1.00314653
3887.19984978  1.00357509
3887.20123867  1.00333917
3887.20262755  1.00384021
3887.20401643  1.00346851
3887.20540532  1.00374079
3887.20679420  1.00406504
3887.20818309  1.00417185
3887.20957197  1.00461483
3887.21096085  1.00403547
3887.21234974  1.00425386
3887.21373862  1.00399923
3887.21512750  1.00433302
3887.21651639  1.00394964
3887.21790527  1.00433207
3887.21929415  1.00463116
3887.22068304  1.00398743
3887.22207192  1.00453830
3887.22346080  1.00473475
3887.22484969  1.00432026
3887.22623857  1.00415635
3887.22762745  1.00453746
3887.22901634  1.00488806
3887.23040522  1.00503552
3887.23179410  1.00545633
3887.23318299  1.00451779
3887.23457187  1.00524879
3887.23596075  1.00527275
3887.23734964  1.00525725
3887.23873852  1.00477004
3887.24012741  1.00522995
3887.24151629  1.00540102
3887.24290517  1.00483549
3887.24429406  1.00498056
3887.24568294  1.00526619
3887.24707182  1.00548208
3887.24846071  1.00562871
3887.24984959  1.00551355
3887.25123847  1.00520229
3887.25262736  1.00545955
3887.25401624  1.00580943
3887.25540512  1.00618207
3887.25679401  1.00553691
3887.25818289  1.00555706
3887.25957177  1.00650322
3887.26096066  1.00577736
3887.26234954  1.00595748
3887.26373842  1.00777149
3887.26651619  1.00956726
3887.26790507  1.00958657
3887.26929396  1.00946939
3887.27068284  1.00811815
3887.27207172  1.00721884
3887.27346061  1.00780714
3887.27484949  1.00671542
3887.27623837  1.00709796
3887.27762726  1.00806534
3887.27901614  1.00736296
3887.28040502  1.00733459
3887.28179391  1.00699377
3887.28318279  1.00757325
3887.28457167  1.00670326
3887.28596056  1.00794375
3887.28734944  1.00677264
3887.28873832  1.00807488
3887.29012721  1.00731313
3887.29151609  1.00681663
3887.29290497  1.00698650
3887.29429385  1.00723422
3887.29568274  1.00853050
3887.29707162  1.00783408
3887.29846050  1.00748682
3887.29984939  1.00735962
3887.30123827  1.00771821
3887.30262715  1.00723660
3887.30401604  1.00718570
3887.30540492  1.00754511
3887.30679380  1.00794792
3887.30818269  1.00808346
3887.30957157  1.00811350
3887.31096045  1.00781941
3887.31234934  1.00758624
3887.31373822  1.00779831
3887.31512710  1.00825000
3887.31651599  1.00770366
3887.31790487  1.00788867
3887.31929375  1.00837958
3887.32068264  1.00853324
3887.32207152  1.00839019
3887.32346040  1.00867712
3887.32484928  1.00880992
3887.32623817  1.00852168
3887.32762705  1.00856388
3887.32901593  1.00843716
3887.33040482  1.00911593
3887.33179370  1.00818324
3887.33318258  1.00913501
3887.33457147  1.00917649
3887.33596035  1.00931060
3887.33734923  1.00966835
3887.33873812  1.00923157
3887.34012700  1.00926793
3887.34151588  1.00998664
3887.34290477  1.00968313
3887.34429365  1.00901139
3887.34568253  1.00893795
3887.34707141  1.00941837
3887.34846030  1.00956881
3887.34984918  1.00905621
3887.35123806  1.01025164
3887.35262695  1.00991619
3887.35401583  1.00968242
3887.35540471  1.00997734
3887.35679360  1.01014709
3887.35818248  1.00959051
3887.35957136  1.01051426
3887.36096024  1.01083410
3887.36234913  1.01032639
3887.36373801  1.01019073
3887.36512689  1.00979090
3887.36651578  1.01056039
3887.36790466  1.01082480
3887.36929354  1.01030815
3887.37068243  1.01069403
3887.37207131  1.01067197
3887.37346019  1.01059806
3887.37484907  1.01119816
3887.37623796  1.01232672
3887.37762684  1.01143765
3887.37901572  1.01170516
3887.38040461  1.01208448
3887.38179349  1.01306403
3887.38318237  1.01268053
3887.38457125  1.01231503
3887.38596014  1.01241040
3887.38734902  1.01246667
3887.38873790  1.01241887
3887.39012679  1.01234770
3887.39151567  1.01159656
3887.39290455  1.01159644
3887.39429343  1.01182663
3887.39568232  1.01276803
3887.39707120  1.01213813
3887.39846008  1.01214552
3887.39984897  1.01232255
3887.40123785  1.01240385
3887.40262673  1.01283967
3887.40401561  1.01282644
3887.40540450  1.01302457
3887.40679338  1.01196623
3887.40818226  1.01339376
3887.40957115  1.01268363
3887.41096003  1.01234496
3887.41234891  1.01259232
3887.41373779  1.01317680
3887.41512668  1.01289594
3887.41651556  1.01269090
3887.41790444  1.01340675
3887.41929333  1.01293945
3887.42068221  1.01335406
3887.42207109  1.01351702
3887.42345997  1.01288700
3887.42484886  1.01332879
3887.42623774  1.01335526
3887.42762662  1.01360965
3887.42901551  1.01388192
3887.43040439  1.01324928
3887.43179327  1.01378560
3887.43318215  1.01338959
3887.43457104  1.01366484
3887.43595992  1.01413846
3887.43734880  1.01396072
3887.43873768  1.01420200
3887.44012657  1.01416862
3887.44151545  1.01420963
3887.44290433  1.01431119
3887.44429322  1.01507139
3887.44568210  1.01505589
3887.44707098  1.01429307
3887.44845986  1.01466727
3887.44984875  1.01491785
3887.45123763  1.01556301
3887.45262651  1.01553452
3887.45401539  1.01498854
3887.45540428  1.01480961
3887.45679316  1.01489580
3887.45818204  1.01579356
3887.45957092  1.01560748
3887.46095981  1.01544547
3887.46234869  1.01478648
3887.46373757  1.01522458
3887.46512646  1.01550937
3887.46651534  1.01560462
3887.46790422  1.01555479
3887.46929310  1.01637924
3887.47068199  1.01652539
3887.47207087  1.01555920
3887.47345975  1.01612866
3887.47484863  1.01596212
3887.47623752  1.01641428
3887.47762640  1.01644242
3887.47901528  1.01670718
3887.48040416  1.01675403
3887.48179305  1.01617420
3887.48318193  1.01691818
3887.48457081  1.01640403
3887.48595969  1.01618338
3887.48734858  1.01621962
3887.48873746  1.01686513
3887.49012634  1.01644075
3887.49151522  1.01698279
3887.49290411  1.01680708
3887.49429299  1.01691818
3887.49568187  1.01650941
3887.49707075  1.01762497
3887.49845964  1.01707649
3887.49984852  1.01711214
3887.50123740  1.01733780
3887.50262628  1.01677310
3887.50401517  1.01698446
3887.50540405  1.01764607
3887.50679293  1.01701677
3887.50818181  1.01718295
3887.50957070  1.01697516
3887.51095958  1.01723075
3887.51234846  1.01797509
3887.51373734  1.01681471
3887.51512623  1.01779640
3887.51651511  1.01781297
3887.51790399  1.01698172
3887.51929287  1.01791418
3887.52068176  1.01761544
3887.52207064  1.01747179
3887.52345952  1.01841509
3887.52484840  1.01891172
3887.52623729  1.01873183
3887.52762617  1.01830721
3887.52901505  1.01858890
3887.53040393  1.01917636
3887.53179282  1.01913297
3887.53318170  1.01847363
3887.53457058  1.01751816
3887.53595946  1.01904416
3887.53734835  1.01865089
3887.53873723  1.01940143
3887.54012611  1.01905930
3887.54151499  1.01982725
3887.54290387  1.01963592
3887.54429276  1.02028048
3887.54568164  1.01974154
3887.54707052  1.01977301
3887.54845940  1.01978123
3887.54984829  1.01930749
3887.55123717  1.01986694
3887.55262605  1.01951718
3887.55401493  1.02015316
3887.55540382  1.02010918
3887.55679270  1.01958966
3887.55818158  1.02041423
3887.55957046  1.02004993
3887.56095935  1.01948631
3887.56234823  1.02044797
3887.56373711  1.02063298
3887.56512599  1.02013087
3887.56651487  1.02110696
3887.56790376  1.02072179
3887.56929264  1.02030373
3887.57068152  1.02095199
3887.57207040  1.02012217
3887.57345929  1.02084541
3887.57484817  1.02113473
3887.57623705  1.02067995
3887.57762593  1.02142084
3887.57901481  1.02090085
3887.58040370  1.02083266
3887.58179258  1.02103198
3887.58318146  1.02125394
3887.58457034  1.02152967
3887.58595923  1.02158070
3887.58734811  1.02158928
3887.58873699  1.02185881
3887.59012587  1.02191210
3887.59151475  1.02239561
3887.59290364  1.02160883
3887.59429252  1.02185857
3887.59568140  1.02181649
3887.59707028  1.02258742
3887.59845917  1.02197266
3887.59984805  1.02236056
3887.60123693  1.02235258
3887.60262581  1.02175772
3887.60401469  1.02277935
3887.60540358  1.02244210
3887.60679246  1.02246070
3887.60818134  1.02412271
3887.60957022  1.02428257
3887.61095910  1.02425098
3887.61234799  1.02446294
3887.61373687  1.02431369
3887.61512575  1.02359986
3887.61651463  1.02428222
3887.61790351  1.02398968
3887.61929240  1.02412522
3887.62068128  1.02358210
3887.62207016  1.02395844
3887.62345904  1.02341020
3887.62484793  1.02360308
3887.62623681  1.02381277
3887.62762569  1.02425563
3887.62901457  1.02393878
3887.63040345  1.02393794
3887.63179234  1.02429211
3887.63318122  1.02490401
3887.63457010  1.02392030
3887.63595898  1.02515841
3887.63734786  1.02458274
3887.63873675  1.02477562
3887.64012563  1.02458858
3887.64151451  1.02457106
3887.64290339  1.02542448
3887.64429227  1.02536333
3887.64568116  1.02516329
3887.64707004  1.02494967
3887.64845892  1.02570701
3887.64984780  1.02573943
3887.65123668  1.02588594
3887.65262557  1.02509773
3887.65401445  1.02547216
3887.65540333  1.02602005
3887.65679221  1.02521157
3887.65818109  1.02538288
3887.65956998  1.02570951
3887.66095886  1.02619493
3887.66234774  1.02671552
3887.66373662  1.02543569
3887.66512550  1.02593780
3887.66651439  1.02643812
3887.66790327  1.02613938
3887.66929215  1.02631009
3887.67068103  1.02610934
3887.67206991  1.02674425
3887.67345879  1.02628136
3887.67484768  1.02669394
3887.67623656  1.02658641
3887.67762544  1.02626717
3887.67901432  1.02633357
3887.68040320  1.02687144
3887.68179209  1.02660298
3887.68318097  1.02685738
3887.68456985  1.02696884
3887.68595873  1.02687800
3887.68734761  1.02698660
3887.68873650  1.02694941
3887.69012538  1.02720964
3887.69151426  1.02710843
3887.69290314  1.02789056
3887.69429202  1.02731967
3887.69568090  1.02711403
3887.69706979  1.02742231
3887.69845867  1.02721536
3887.69984755  1.02802122
3887.70123643  1.02729189
3887.70262531  1.02768075
3887.70401420  1.02809179
3887.70540308  1.02832317
3887.70679196  1.02823758
3887.70818084  1.02763510
3887.70956972  1.02939177
3887.71095860  1.02796662
3887.71234749  1.02832222
3887.71373637  1.02827823
3887.71512525  1.02811480
3887.71651413  1.02864003
3887.71790301  1.02973664
3887.71929189  1.02900314
3887.72068078  1.02876091
3887.72206966  1.02862096
3887.72345854  1.02938664
3887.72484742  1.02928388
3887.72623630  1.02962935
3887.72762518  1.02956748
3887.72901407  1.02988040
3887.73040295  1.02888978
3887.73179183  1.03044999
3887.73318071  1.03033245
3887.73456959  1.03036630
3887.73595847  1.03014743
3887.73734736  1.02997875
3887.73873624  1.02993417
3887.74012512  1.03004289
3887.74151400  1.03050470
3887.74290288  1.03039825
3887.74429176  1.03046632
3887.74568065  1.03078794
3887.74706953  1.03085804
3887.74845841  1.03069031
3887.74984729  1.03085256
3887.75123617  1.03093004
3887.75262505  1.03156495
3887.75401394  1.03157163
3887.75540282  1.03118563
3887.75679170  1.03168190
3887.75818058  1.03179896
3887.75956946  1.03111219
3887.76095834  1.03120923
3887.76234723  1.03082800
3887.76373611  1.03137040
3887.76512499  1.03145504
3887.76651387  1.03162670
3887.76790275  1.03112936
3887.76929163  1.03153872
3887.77068052  1.03143537
3887.77206940  1.03190339
3887.77345828  1.03223765
3887.77484716  1.03144336
3887.77623604  1.03216505
3887.77762492  1.03251731
3887.77901380  1.03153634
3887.78040269  1.03206193
3887.78179157  1.03261817
3887.78318045  1.03180647
3887.78456933  1.03291905
3887.78595821  1.03248620
3887.78734709  1.03253555
3887.78873598  1.03217542
3887.79012486  1.03218544
3887.79151374  1.03243721
3887.79290262  1.03282404
3887.79429150  1.03287685
3887.79568038  1.03354156
3887.79706926  1.03354454
3887.79845815  1.03309798
3887.79984703  1.03264666
3887.80123591  1.03334022
3887.80262479  1.03311598
3887.80401367  1.03398931
3887.80540255  1.03313339
3887.80679143  1.03273380
3887.80818032  1.03346443
3887.80956920  1.03337157
3887.81095808  1.03397226
3887.81234696  1.03463650
3887.81373584  1.03410530
3887.81512472  1.03482485
3887.81651360  1.03430426
3887.81790249  1.03450024
3887.81929137  1.03409338
3887.82068025  1.03448200
3887.82206913  1.03378940
3887.82345801  1.03437269
3887.82484689  1.03491843
3887.82623577  1.03490746
3887.82762465  1.03429163
3887.82901354  1.03418326
3887.83040242  1.03430378
3887.83179130  1.03497946
3887.83318018  1.03455436
3887.83456906  1.03524280
3887.83595794  1.03607512
3887.83734682  1.03533053
3887.83873571  1.03585279
3887.84012459  1.03541231
3887.84151347  1.03465378
3887.84290235  1.03552651
3887.84429123  1.03556657
3887.84568011  1.03528273
3887.84706899  1.03509927
3887.84845787  1.03563881
3887.84984676  1.03511548
3887.85123564  1.03665173
3887.85262452  1.03582358
3887.85401340  1.03551996
3887.85540228  1.03666878
3887.85679116  1.03536057
3887.85818004  1.03562617
3887.85956892  1.03603244
3887.86095781  1.03575838
3887.86234669  1.03625059
3887.86373557  1.03588176
3887.86512445  1.03560090
3887.86651333  1.03608167
3887.86790221  1.03607202
3887.86929109  1.03559256
3887.87067997  1.03609264
3887.87206886  1.03708196
3887.87345774  1.03634131
3887.87484662  1.03646100
3887.87623550  1.03685415
3887.87762438  1.03706706
3887.87901326  1.03643322
3887.88040214  1.03680968
3887.88179102  1.03670490
3887.88317991  1.03675354
3887.88456879  1.03697264
3887.88595767  1.03721452
3887.88734655  1.03692913
3887.88873543  1.03734875
3887.89012431  1.03739452
3887.89151319  1.03753030
3887.89290207  1.03760636
3887.89429095  1.03717506
3887.89567984  1.03749108
3887.89706872  1.03758204
3887.89845760  1.03750491
3887.89984648  1.03752732
3887.90123536  1.03813958
3887.90262424  1.03843868
3887.90401312  1.03792548
3887.90540200  1.03881299
3887.90679088  1.03798127
3887.90817977  1.03855693
3887.90956865  1.03850925
3887.91095753  1.03826916
3887.91234641  1.03831983
3887.91373529  1.03891301
3887.91512417  1.03916931
3887.91651305  1.03887153
3887.91790193  1.03882313
3887.91929081  1.03940463
3887.92067969  1.03896856
3887.92206858  1.03943551
3887.92345746  1.03947604
3887.92484634  1.03889883
3887.92623522  1.03883469
3887.92762410  1.03986478
3887.92901298  1.03925657
3887.93040186  1.03900993
3887.93179074  1.03902614
3887.93317962  1.03945243
3887.93456850  1.03950715
3887.93595739  1.03961611
3887.93734627  1.04019427
3887.93873515  1.04011285
3887.94012403  1.03970098
3887.94151291  1.04035223
3887.94290179  1.04011893
3887.94429067  1.03960347
3887.94567955  1.04034984
3887.94706843  1.04044127
3887.94845731  1.04060721
3887.94984620  1.03984678
3887.95123508  1.04016817
3887.95262396  1.04050779
3887.95401284  1.04054093
3887.95540172  1.03979850
3887.95679060  1.04011345
3887.95817948  1.04076052
3887.95956836  1.04063940
3887.96095724  1.04051363
3887.96234612  1.04092014
3887.96373500  1.03989303
3887.96512389  1.04037404
3887.96651277  1.04124820
3887.96790165  1.04120064
3887.96929053  1.04069173
3887.97067941  1.04163682
3887.97206829  1.04119492
3887.97345717  1.04158938
3887.97484605  1.04139149
3887.97623493  1.04178882
3887.97762381  1.04173815
3887.97901269  1.04229581
3887.98040157  1.04153621
3887.98179046  1.04265022
3887.98317934  1.04247046
3887.98456822  1.04213393
3887.98595710  1.04250419
3887.98734598  1.04268181
3887.98873486  1.04197311
3887.99012374  1.04190087
3887.99151262  1.04209924
3887.99290150  1.04266667
3887.99429038  1.04297304
3887.99567926  1.04327321
3887.99706814  1.04239786
3887.99845703  1.04309726
3887.99984591  1.04287112
3888.00123479  1.04264593
3888.00262367  1.04227829
3888.00401255  1.04275227
3888.00540143  1.04236901
3888.00679031  1.04233313
3888.00817919  1.04277444
3888.00956807  1.04268622
3888.01095695  1.04230189
3888.01234583  1.04209733
3888.01373471  1.04318643
3888.01512359  1.04317474
3888.01651247  1.04239786
3888.01790136  1.04334986
3888.01929024  1.04307961
3888.02067912  1.04301834
3888.02206800  1.04371917
3888.02345688  1.04328275
3888.02484576  1.04343307
3888.02623464  1.04348290
3888.02762352  1.04397988
3888.02901240  1.04391158
3888.03040128  1.04403329
3888.03179016  1.04393828
3888.03317904  1.04402196
3888.03456792  1.04411757
3888.03595680  1.04448557
3888.03734568  1.04446256
3888.03873456  1.04385722
3888.04012345  1.04351413
3888.04151233  1.04393160
3888.04290121  1.04413128
3888.04429009  1.04357231
3888.04567897  1.04419076
3888.04706785  1.04389393
3888.04845673  1.04423356
3888.04984561  1.04414237
3888.05123449  1.04446185
3888.05262337  1.04441535
3888.05401225  1.04525757
3888.05540113  1.04467177
3888.05679001  1.04437602
3888.05817889  1.04393196
3888.05956777  1.04414904
3888.06095665  1.04385841
3888.06234553  1.04456711
3888.06373442  1.04502702
3888.06512330  1.04395247
3888.06651218  1.04412639
3888.06790106  1.04500902
3888.06928994  1.04444563
3888.07067882  1.04452121
3888.07206770  1.04446268
3888.07345658  1.04496908
3888.07484546  1.04492891
3888.07623434  1.04492450
3888.07762322  1.04465473
3888.07901210  1.04525399
3888.08040098  1.04463553
3888.08178986  1.04457223
3888.08317874  1.04491353
3888.08456762  1.04544425
3888.08595650  1.04477274
3888.08734538  1.04533684
3888.08873426  1.04561269
3888.09012314  1.05045605
3888.09151202  1.04931247
3888.09290091  1.04815006
3888.09428979  1.04767799
3888.09567867  1.04655874
3888.09706755  1.04628563
3888.09845643  1.04621410
3888.09984531  1.04616177
3888.10123419  1.04617882
3888.10262307  1.04701972
3888.10401195  1.04576838
3888.10540083  1.04584384
3888.10678971  1.04605913
3888.10817859  1.04519987
3888.10956747  1.04587030
3888.11095635  1.04512322
3888.11234523  1.04555762
3888.11373411  1.04534793
3888.11512299  1.04545951
3888.11651187  1.04518270
3888.11790075  1.04542375
3888.11928963  1.04482889
3888.12067851  1.04528570
3888.12206739  1.04493654
3888.12345627  1.04578376
3888.12484515  1.04477036
3888.12623403  1.04531491
3888.12762291  1.04466653
3888.12901180  1.04458904
3888.13040068  1.04496050
3888.13178956  1.04449642
3888.13317844  1.04483163
3888.13456732  1.04483056
3888.13595620  1.04583097
3888.13734508  1.04511070
3888.13873396  1.04496205
3888.14012284  1.04474080
3888.14151172  1.04555392
3888.14290060  1.04597914
3888.14428948  1.04608774
3888.14567836  1.04629040
3888.14706724  1.04602611
3888.14845612  1.04546607
3888.14984500  1.04573560
3888.15123388  1.04586697
3888.15262276  1.04615819
3888.15401164  1.04685640
3888.15540052  1.04623461
3888.15678940  1.04586041
3888.15817828  1.04615486
3888.15956716  1.04645109
3888.16095604  1.04759419
3888.16234492  1.04750419
3888.16373380  1.04685843
3888.16512268  1.04746819
3888.16651156  1.04785550
3888.16790044  1.04824126
3888.16928932  1.04735720
3888.17067820  1.04743218
3888.17206708  1.04797387
3888.17345596  1.04735017
3888.17484484  1.04717588
3888.17623372  1.04741359
3888.17762260  1.04703295
3888.17901148  1.04742754
3888.18040036  1.04789531
3888.18178924  1.04711199
3888.18317812  1.04750526
3888.18456700  1.04717827
3888.18595588  1.04707432
3888.18734476  1.04738355
3888.18873364  1.04733598
3888.19012252  1.04716349
3888.19151140  1.04748344
3888.19290028  1.04736412
3888.19428916  1.04751730
3888.19567804  1.04699743
3888.41234329  1.04837060
3888.41373217  1.04911721
3888.41512105  1.04896784
3888.41650992  1.04906499
3888.41789880  1.04909623
3888.41928768  1.04927981
3888.42067656  1.04889083
3888.42206544  1.04849482
3888.42345432  1.04992688
3888.42623208  1.04864132
3888.42762096  1.04936957
3888.42900984  1.04998791
3888.43039872  1.04889750
3888.43178760  1.05043578
3888.43317648  1.04899859
3888.43456536  1.04941213
3888.43595423  1.04884279
3888.43734311  1.04857516
3888.43873199  1.04812324
3888.44012087  1.04820549
3888.44150975  1.04874897
3888.44289863  1.04789257
3888.44428751  1.04845369
3888.44567639  1.04863989
3888.44706527  1.04843962
3888.44845415  1.04795194
3888.44984303  1.04802597
3888.45123191  1.04788208
3888.45262079  1.04824495
3888.45400966  1.04800522
3888.45539854  1.04790711
3888.45678742  1.04778159
3888.45817630  1.04778421
3888.45956518  1.04809594
3888.46095406  1.04784191
3888.46234294  1.04785156
3888.46373182  1.04817104
3888.46512070  1.04735649
3888.46650958  1.04788339
3888.46789846  1.04803729
3888.46928734  1.04776812
3888.47067621  1.04810607
3888.47206509  1.04792869
3888.47345397  1.04698420
3888.47484285  1.04812717
3888.47623173  1.04790795
3888.47762061  1.04771686
3888.47900949  1.04799974
3888.48039837  1.04782903
3888.48178725  1.04804718
3888.48317613  1.04827964
3888.48456501  1.04772067
3888.48595388  1.04898024
3888.48734276  1.04717553
3888.48873164  1.04715443
3888.49012052  1.04684436
3888.49150940  1.04802489
3888.49289828  1.04756904
3888.49428716  1.04753268
3888.49567604  1.04716790
3888.49706492  1.04732227
3888.49845380  1.04783928
3888.49984267  1.04702282
3888.50123155  1.04685044
3888.50262043  1.04735243
3888.50400931  1.04685855
3888.50539819  1.04718113
3888.50678707  1.04662049
3888.50817595  1.04658926
3888.50956483  1.04636884
3888.51095371  1.04661083
3888.51234259  1.04648221
3888.51373146  1.04667044
3888.51512034  1.04683030
3888.51650922  1.04661536
3888.51789810  1.04650164
3888.51928698  1.04645824
3888.52067586  1.04629850
3888.52206474  1.04703712
3888.52345362  1.04606557
3888.52484250  1.04606843
3888.52623138  1.04619074
3888.52762025  1.04587376
3888.52900913  1.04638088
3888.53039801  1.04626775
3888.53178689  1.04607141
3888.53317577  1.04674482
3888.53456465  1.04595006
3888.53595353  1.04638457
3888.53734241  1.04600894
3888.53873129  1.04628193
3888.54012016  1.04692125
3888.54150904  1.04600680
3888.54289792  1.04579544
3888.54428680  1.04610145
3888.54567568  1.04593599
3888.54706456  1.04537618
3888.54845344  1.04546702
3888.54984232  1.04566574
3888.55123120  1.04552102
3888.55262007  1.04534030
3888.55400895  1.04523242
3888.55539783  1.04582119
3888.55678671  1.04549074
3888.55817559  1.04581881
3888.55956447  1.04483020
3888.56095335  1.04492879
3888.56234223  1.04489994
3888.56373111  1.04524636
3888.56511998  1.04600227
3888.56650886  1.04554141
3888.56789774  1.04577410
3888.56928662  1.04492402
3888.57067550  1.04512250
3888.57206438  1.04504406
3888.57345326  1.04603696
3888.57484214  1.04439425
3888.57623101  1.04464579
3888.57761989  1.04506576
3888.57900877  1.04504061
3888.58039765  1.04483438
3888.58178653  1.04491448
3888.58317541  1.04525542
3888.58456429  1.04493821
3888.58595317  1.04468465
3888.58734204  1.04460275
3888.58873092  1.04442942
3888.59011980  1.04442048
3888.59150868  1.04531872
3888.59289756  1.04532945
3888.59428644  1.04448974
3888.59567532  1.04453695
3888.59706419  1.04486299
3888.59845307  1.04476905
3888.59984195  1.04495752
3888.60123083  1.04488480
3888.60261971  1.04452264
3888.60400859  1.04432058
3888.60539747  1.04409051
3888.60678635  1.04445744
3888.60817522  1.04441392
3888.60956410  1.04423308
3888.61095298  1.04382455
3888.61234186  1.04422033
3888.61373074  1.04362082
3888.61511962  1.04410243
3888.61650850  1.04365599
3888.61789737  1.04372680
3888.61928625  1.04385448
3888.62067513  1.04393482
3888.62206401  1.04284585
3888.62345289  1.04335272
3888.62484177  1.04315913
3888.62623065  1.04324985
3888.62761953  1.04299176
3888.62900840  1.04292297
3888.63039728  1.04334605
3888.63178616  1.04275560
3888.63317504  1.04295003
3888.63456392  1.04310215
3888.63595280  1.04297280
3888.63734167  1.04295933
3888.63873055  1.04299939
3888.64011943  1.04341555
3888.64150831  1.04285121
3888.64289719  1.04318917
3888.64428607  1.04242599
3888.64567495  1.04259026
3888.64706382  1.04275060
3888.64845270  1.04242766
3888.64984158  1.04282761
3888.65123046  1.04272497
3888.65261934  1.04247499
3888.65400822  1.04223251
3888.65539710  1.04251075
3888.65678597  1.04222929
3888.65817485  1.04219854
3888.65956373  1.04240084
3888.66095261  1.04178178
3888.66234149  1.04181790
3888.66373037  1.04195738
3888.66511924  1.04186296
3888.66650812  1.04169893
3888.66789700  1.04169083
3888.66928588  1.04281700
3888.67067476  1.04326403
3888.67206364  1.04223728
3888.67345252  1.04264891
3888.67484139  1.04208314
3888.67623027  1.04160464
3888.67761915  1.04171777
3888.67900803  1.04185069
3888.68039691  1.04119933
3888.68178579  1.04078746
3888.68317466  1.04118836
3888.68456354  1.04100978
3888.68595242  1.04119956
3888.68734130  1.04084778
3888.69011906  1.04012465
3888.69150793  1.04032850
3888.69289681  1.03995502
3888.69428569  1.04004002
3888.69567457  1.03956676
3888.69706345  1.04044604
3888.69845233  1.04015112
3888.69984120  1.03991449
3888.70123008  1.03995883
3888.70261896  1.04000330
3888.70400784  1.04015207
3888.70539672  1.03975058
3888.70678560  1.04007268
3888.70817448  1.03960180
3888.70956335  1.03957617
3888.71095223  1.03988886
3888.71234111  1.03942239
3888.71372999  1.03912091
3888.71511887  1.03894341
3888.71650774  1.03906953
3888.71789662  1.03910387
3888.71928550  1.03916407
3888.72067438  1.03877163
3888.72206326  1.03886509
3888.72345214  1.03841603
3888.72484101  1.03855383
3888.72622989  1.03904355
3888.72761877  1.03864837
3888.72900765  1.03848982
3888.73039653  1.03836334
3888.73178541  1.03905261
3888.73317428  1.03857529
3888.73456316  1.03827000
3888.73595204  1.03858757
3888.73734092  1.03833270
3888.73872980  1.03796816
3888.74011867  1.03814507
3888.74150755  1.03782296
3888.74289643  1.03858864
3888.74428531  1.03812945
3888.74567419  1.03785837
3888.74706307  1.03802693
3888.74845194  1.03802168
3888.74984082  1.03751588
3888.75122970  1.03713667
3888.75261858  1.03777099
3888.75400746  1.03704989
3888.75539633  1.03702343
3888.75678521  1.03693521
3888.75817409  1.03741646
3888.75956297  1.03669822
3888.76095185  1.03719151
3888.76234073  1.03705764
3888.76372960  1.03752255
3888.76511848  1.03712952
3888.76650736  1.03613591
3888.76789624  1.03682196
3888.76928512  1.03683579
3888.77067399  1.03663945
3888.77206287  1.03663266
3888.77345175  1.03632212
3888.77484063  1.03548503
3888.77622951  1.03566587
3888.77761838  1.03624403
3888.77900726  1.03570604
3888.78039614  1.03605187
3888.78178502  1.03571343
3888.78317390  1.03598034
3888.78456277  1.03530777
3888.78595165  1.03563631
3888.78734053  1.03523362
3888.78872941  1.03564751
3888.79011829  1.03559470
3888.79150716  1.03547180
3888.79289604  1.03588712
3888.79428492  1.03657424
3888.79567380  1.03751147
3888.79706268  1.03768063
3888.79845155  1.03694642
3888.79984043  1.03638887
3888.80122931  1.03599191
3888.80261819  1.03575885
3888.80400707  1.03476691
3888.80539594  1.03563404
3888.80678482  1.03501093
3888.80817370  1.03468454
3888.80956258  1.03467810
3888.81095146  1.03485990
3888.81234033  1.03486764
3888.81372921  1.03411555
3888.81511809  1.03418803
3888.81650697  1.03349078
3888.81789585  1.03408945
3888.81928472  1.03364110
3888.82067360  1.03362191
3888.82206248  1.03317153
3888.82345136  1.03391683
3888.82484024  1.03304315
3888.82622911  1.03304851
3888.82761799  1.03305686
3888.82900687  1.03349352
3888.83039575  1.03322756
3888.83178462  1.03232825
3888.83317350  1.03327036
3888.83456238  1.03261423
3888.83595126  1.03262794
3888.83734014  1.03245413
3888.83872901  1.03195405
3888.84011789  1.03222132
3888.84150677  1.03203642
3888.84289565  1.03182423
3888.84428453  1.03272879
3888.84567340  1.03193998
3888.84706228  1.03135562
3888.84845116  1.03137994
3888.84984004  1.03190506
3888.85122891  1.03175080
3888.85261779  1.03151822
3888.85400667  1.03188801
3888.85539555  1.03197753
3888.85678443  1.03088546
3888.85817330  1.03129065
3888.85956218  1.03141081
3888.86095106  1.03088152
3888.86233994  1.03076982
3888.86372881  1.03051686
3888.86511769  1.03031278
3888.86650657  1.03049588
3888.86789545  1.03052044
3888.86928433  1.03005993
3888.87067320  1.03021514
3888.87206208  1.03024435
3888.87345096  1.03070760
3888.87483984  1.03012097
3888.87622872  1.02992821
3888.87761759  1.02935421
3888.87900647  1.02932763
3888.88039535  1.02980471
3888.88178423  1.02947390
3888.88317310  1.02985060
3888.88456198  1.02903461
3888.88595086  1.02822495
3888.88733974  1.02957499
3888.88872861  1.02908230
3888.89011749  1.02896106
3888.89150637  1.02946711
3888.89289525  1.02841985
3888.89428412  1.02889705
3888.89567300  1.02922142
3888.89706188  1.02862585
3888.89845076  1.02853656
3888.89983964  1.02836144
3888.90122851  1.02850258
3888.90261739  1.02836382
3888.90400627  1.02793550
3888.90539515  1.02773833
3888.90678402  1.02759540
3888.90817290  1.02760184
3888.90956178  1.02751040
3888.91095066  1.02735710
3888.91233953  1.02721119
3888.91372841  1.02716053
3888.91511729  1.02660227
3888.91650617  1.02710116
3888.91789504  1.02708066
3888.91928392  1.02738595
3888.92067280  1.02664757
3888.92206168  1.02644885
3888.92345056  1.02690208
3888.92483943  1.02668583
3888.92622831  1.02639031
3888.92761719  1.02601516
3888.92900607  1.02574158
3888.93039494  1.02634966
3888.93178382  1.02541053
3888.93317270  1.02579725
3888.93456158  1.02568126
3888.93595045  1.02571249
3888.93733933  1.02566445
3888.93872821  1.02570915
3888.94011709  1.02489781
3888.94150596  1.02504241
3888.94289484  1.02507663
3888.94428372  1.02455747
3888.94567260  1.02422369
3888.94706147  1.02514231
3888.94845035  1.02481246
3888.94983923  1.02380204
3888.95122811  1.02448285
3888.95261698  1.02443743
3888.95400586  1.02453399
3888.95539474  1.02421367
3888.95678362  1.02413416
3888.95817249  1.02386427
3888.95956137  1.02347410
3888.96095025  1.02336264
3888.96233912  1.02339602
3888.96372800  1.02313101
3888.96511688  1.02297270
3888.96650576  1.02314639
3888.96789463  1.02298915
3888.96928351  1.02264142
3888.97067239  1.02259612
3888.97206127  1.02322865
3888.97345014  1.02315915
3888.97483902  1.02240205
3888.97622790  1.02234030
3888.97761678  1.02172017
3888.97900565  1.02181685
3888.98039453  1.02202201
3888.98178341  1.02233219
3888.98317229  1.02153504
3888.98456116  1.02200842
3888.98595004  1.02171552
3888.98733892  1.02114296
3888.98872779  1.02180004
3888.99011667  1.02100694
3888.99150555  1.02145898
3888.99289443  1.02156949
3888.99428330  1.02064776
3888.99567218  1.02066159
3888.99706106  1.02075040
3888.99844994  1.02095258
3888.99983881  1.02128029
3889.00122769  1.02033246
3889.00261657  1.02057123
3889.00400545  1.02022111
3889.00539432  1.01978481
3889.00678320  1.02003336
3889.00817208  1.01980650
3889.00956095  1.01975501
3889.01094983  1.01935148
3889.01233871  1.01971543
3889.01372759  1.01977944
3889.01511646  1.01917768
3889.01650534  1.01951265
3889.01789422  1.01924717
3889.01928310  1.01907670
3889.02067197  1.01882637
3889.02206085  1.01879370
3889.02344973  1.01840472
3889.02483860  1.01818931
3889.02622748  1.01822114
3889.02761636  1.01782012
3889.02900524  1.01819336
3889.03039411  1.01796782
3889.03178299  1.01808560
3889.03317187  1.01748216
3889.03456074  1.01808453
3889.03594962  1.01688898
3889.03733850  1.01720321
3889.03872738  1.01698780
3889.04011625  1.01696992
3889.04150513  1.01763666
3889.04289401  1.01719129
3889.04428288  1.01654315
3889.04567176  1.01696348
3889.04706064  1.01702237
3889.04844952  1.01749480
3889.04983839  1.01706457
3889.05122727  1.01670957
3889.05261615  1.01619339
3889.05400502  1.01665521
3889.05539390  1.01629651
3889.05678278  1.01592398
3889.05817166  1.01556623
3889.05956053  1.01573372
3889.06094941  1.01589239
3889.06233829  1.01522636
3889.06372716  1.01561129
3889.06511604  1.01513708
3889.06650492  1.01453722
3889.06789380  1.01527405
3889.06928267  1.01517558
3889.07067155  1.01473820
3889.07206043  1.01453328
3889.07344930  1.01452422
3889.07483818  1.01469898
3889.07622706  1.01409459
3889.07761593  1.01437712
3889.07900481  1.01416755
3889.08039369  1.01434958
3889.08178257  1.01350343
3889.08317144  1.01333356
3889.08456032  1.01367664
3889.08594920  1.01376390
3889.08733807  1.01369107
3889.08872695  1.01370132
3889.09011583  1.01351929
3889.09150471  1.01300812
3889.09289358  1.01318896
3889.09428246  1.01247799
3889.09567134  1.01293421
3889.09706021  1.01348376
3889.09844909  1.01205087
3889.09983797  1.01232374
3889.10122684  1.01201379
3889.10261572  1.01256502
3889.10400460  1.01228809
3889.10539347  1.01181865
3889.10678235  1.01168537
3889.10817123  1.01168501
3889.10956011  1.01202619
3889.11094898  1.01095259
3889.11233786  1.01142526
3889.11372674  1.01154006
3889.11511561  1.01108027
3889.11650449  1.01082277
3889.11789337  1.01143873
3889.11928224  1.01084721
3889.12067112  1.01111889
3889.12206000  1.01026118
3889.12344887  1.01042283
3889.12483775  1.01035500
3889.12622663  1.00978863
3889.12761550  1.01047921
3889.12900438  1.01049697
3889.13039326  1.00966275
3889.13178214  1.00971746
3889.13317101  1.00959504
3889.13455989  1.00932145
3889.13594877  1.00951838
3889.13733764  1.00971913
3889.13872652  1.00895894
3889.14011540  1.00933814
3889.14150427  1.00898182
3889.14289315  1.00882602
3889.14428203  1.00842905
3889.14567090  1.00867987
3889.14705978  1.00836587
3889.14844866  1.00807786
3889.14983753  1.00827241
3889.15122641  1.00794506
3889.15261529  1.00755739
3889.15400416  1.00776374
3889.15539304  1.00835443
3889.15678192  1.00802851
3889.15817080  1.00741494
3889.15955967  1.00715816
3889.16094855  1.00711501
3889.16233743  1.00671577
3889.16372630  1.00711727
3889.16511518  1.00718701
3889.16650406  1.00714910
3889.16789293  1.00642848
3889.16928181  1.00679922
3889.17067069  1.00644481
3889.17205956  1.00638652
3889.17344844  1.00581717
3889.17483732  1.00591981
3889.17622619  1.00563550
3889.17761507  1.00610816
3889.17900395  1.00538015
3889.18039282  1.00530052
3889.18178170  1.00488341
3889.18317058  1.00586832
3889.18455945  1.00705516
3889.18594833  1.00819767
3889.18733721  1.00743985
3889.18872608  1.00734544
3889.19011496  1.00658083
3889.19150384  1.00642848
3889.19289271  1.00583196
3889.19428159  1.00584364
3889.19567047  1.00544357
3889.19705934  1.00539708
3889.19844822  1.00552380
3889.19983710  1.00550449
3889.20122597  1.00530696
3889.20261485  1.00578845
3889.20400373  1.00513434
3889.20539260  1.00493968
3889.20678148  1.00530434
3889.20817035  1.00503755
3889.20955923  1.00403070
3889.21094811  1.00449753
3889.21233698  1.00498259
3889.21372586  1.00428450
3889.21511474  1.00413454
3889.21650361  1.00333893
3889.21789249  1.00408709
3889.21928137  1.00321722
3889.22067024  1.00466299
3889.22205912  1.00384235
3889.22344800  1.00388944
3889.22483687  1.00333238
3889.22622575  1.00319564
3889.22761463  1.00354421
3889.22900350  1.00249279
3889.23039238  1.00262499
3889.23178126  1.00233853
3889.23317013  1.00223386
3889.23455901  1.00225377
3889.23594789  1.00178325
3889.23733676  1.00178850
3889.23872564  1.00162637
3889.24011451  1.00096619
3889.24150339  1.00114906
3889.24289227  1.00089145
3889.24428114  1.00155222
3889.24567002  1.00112224
3889.24705890  1.00073040
3889.24844777  1.00071788
3889.24983665  1.00038660
3889.25122553  0.99938089
3889.25261440  0.99999869
3889.25400328  1.00015843
3889.25539216  1.00001979
3889.25678103  0.99929851
3889.25816991  0.99934405
3889.25955879  0.99929911
3889.26094766  0.99885207
3889.26233654  0.99940109
3889.26372541  0.99928790
3889.26511429  0.99849731
3889.26650317  0.99847597
3889.26789204  0.99866903
3889.26928092  0.99810046
3889.27066980  0.99847710
3889.27205867  0.99773943
3889.27344755  0.99845278
3889.27483643  0.99773353
3889.27622530  0.99761164
3889.27761418  0.99761212
3889.27900305  0.99735492
3889.28039193  0.99736744
3889.28178081  0.99701864
3889.28316968  0.99687427
3889.28455856  0.99687481
3889.28594744  0.99733883
3889.28733631  0.99699378
3889.28872519  0.99656320
3889.29011407  0.99604291
3889.29150294  0.99631685
3889.29289182  0.99585855
3889.29428069  0.99631363
3889.29566957  0.99598730
3889.29705845  0.99562806
3889.29844732  0.99609441
3889.29983620  0.99551350
3889.30122508  0.99539518
3889.30261395  0.99578339
3889.30400283  0.99584764
3889.30539170  0.99575770
3889.30678058  0.99486768
3889.30816946  0.99522877
3889.30955833  0.99469703
3889.31094721  0.99442810
3889.31233609  0.99396110
3889.31372496  0.99390000
3889.31511384  0.99451858
3889.31650271  0.99373525
3889.31789159  0.99415666
3889.31928047  0.99330235
3889.32066934  0.99411803
3889.32205822  0.99353081
3889.32344710  0.99541938
3889.32483597  0.99510545
3889.32622485  0.99394119
3889.32761372  0.99442029
3889.32900260  0.99399006
3889.33039148  0.99376589
3889.33178035  0.99373448
3889.33316923  0.99392056
3889.33455810  0.99270666
3889.33594698  0.99308175
3889.33733586  0.99297953
3889.33872473  0.99258447
3889.34011361  0.99236846
3889.34150248  0.99272996
3889.34289136  0.99286312
3889.34428024  0.99240828
3889.34566911  0.99191552
3889.34705799  0.99263698
3889.34844687  0.99192220
3889.34983574  0.99184334
3889.35122462  0.99164099
3889.35261349  0.99162000
3889.35400237  0.99139398
3889.35539125  0.99121374
3889.35678012  0.99154896
3889.35816900  0.99045134
3889.35955787  0.99062175
3889.36094675  0.99082422
3889.36233563  0.99027050
3889.36372450  0.98974186
3889.36511338  0.98971635
3889.36650225  0.99031538
3889.36789113  0.98976398
3889.36928001  0.98967397
3889.37066888  0.98969436
3889.37205776  0.98944128
3889.37344663  0.98902613
3889.37483551  0.98962367
3889.37622439  0.98939818
3889.37761326  0.98890197
3889.37900214  0.98859417
3889.38039101  0.98873937
3889.38177989  0.98827034
3889.38316877  0.98848903
3889.38455764  0.98864359
3889.38594652  0.98774028
3889.38733539  0.98809773
3889.38872427  0.98764914
3889.39011315  0.98760897
3889.39150202  0.98699009
3889.39289090  0.98725075
3889.39427977  0.98727041
3889.39566865  0.98761898
3889.39705753  0.98747665
3889.39844640  0.98706138
3889.39983528  0.98686290
3889.40122415  0.98702973
3889.40261303  0.98634928
3889.40400191  0.98610604
3889.40539078  0.98672104
3889.40677966  0.98625827
3889.40816853  0.98602915
3889.40955741  0.98548228
3889.41094629  0.98645341
3889.41233516  0.98605144
3889.41372404  0.98657793
3889.41511291  0.98601383
3889.41650179  0.98522407
3889.41789066  0.98548186
3889.41927954  0.98562783
3889.42066842  0.98506880
3889.42205729  0.98568577
3889.42344617  0.98538107
3889.42483504  0.98505890
3889.42622392  0.98487830
3889.42761280  0.98461252
3889.42900167  0.98490131
3889.43039055  0.98398900
3889.43177942  0.98444402
3889.43316830  0.98376220
3889.43455717  0.98428231
3889.43594605  0.98369461
3889.43733493  0.98428982
3889.43872380  0.98380828
3889.44011268  0.98390889
3889.44150155  0.98377687
3889.44289043  0.98338735
3889.44427931  0.98435044
3889.44566818  0.98286051
3889.44705706  0.98271745
3889.44844593  0.98255634
3889.44983481  0.98273361
3889.45122368  0.98338658
3889.45261256  0.98279893
3889.45400144  0.98197246
3889.45539031  0.98208290
3889.45677919  0.98217827
3889.45816806  0.98215514
3889.45955694  0.98244047
3889.46094581  0.98139167
3889.46233469  0.98200399
3889.46372357  0.98118550
3889.46511244  0.98158312
3889.46650132  0.98148948
3889.46789019  0.98161542
3889.46927907  0.98106205
3889.47066794  0.98099357
3889.47205682  0.98061150
3889.47344570  0.98110926
3889.47483457  0.98010999
3889.47622345  0.98097247
3889.47761232  0.98105997
3889.47900120  0.98020953
3889.48039007  0.98007435
3889.48177895  0.98122805
3889.48316782  0.98070872
3889.48455670  0.97968978
3889.48594558  0.98042679
3889.48733445  0.98075384
3889.48872333  0.97994679
3889.49011220  0.98064047
3889.49150108  0.98119009
3889.49288995  0.98072982
3889.49427883  0.98047340
3889.49566771  0.98103833
3889.49705658  0.98038185
3889.49844546  0.98059905
3889.49983433  0.98007309
3889.50122321  0.97991812
3889.50261208  0.97981590
3889.50400096  0.97990048
3889.50538983  0.97917640
3889.50677871  0.97912401
3889.50816759  0.97916138
3889.50955646  0.97955024
3889.51094534  0.97889876
3889.51233421  0.97931969
3889.51372309  0.97911501
3889.51511196  0.97861004
3889.51650084  0.97871262
3889.51788971  0.97834074
3889.51927859  0.97845030
3889.52066747  0.97769779
3889.52205634  0.97788095
3889.52344522  0.97755390
3889.52483409  0.97763681
3889.52622297  0.97731912
3889.52761184  0.97787684
3889.52900072  0.97720897
3889.53038959  0.97722101
3889.53177847  0.97751307
3889.53316734  0.97663629
3889.53455622  0.97768265
3889.53594510  0.97682405
3889.53733397  0.97648269
3889.53872285  0.97648448
3889.54011172  0.97658980
3889.54150060  0.97613311
3889.54288947  0.97627985
3889.54427835  0.97607940
3889.54566722  0.97624087
3889.54705610  0.97613025
3889.54844497  0.97562814
3889.54983385  0.97574860
3889.55122273  0.97539783
3889.55261160  0.97479945
3889.55400048  0.97550726
3889.55538935  0.97510594
3889.55677823  0.97512549
3889.55816710  0.97487664
3889.55955598  0.97458321
3889.56094485  0.97464514
3889.56233373  0.97396469
3889.56372260  0.97453570
3889.56511148  0.97396022
3889.56650035  0.97484910
3889.56788923  0.97403175
3889.56927811  0.97368383
3889.57066698  0.97389543
3889.57205586  0.97336948
3889.57344473  0.97339731
3889.57483361  0.97341651
3889.57622248  0.97346282
3889.57761136  0.97297883
3889.57900023  0.97313571
3889.58038911  0.97317553
3889.58177798  0.97315830
3889.58316686  0.97345406
3889.58455573  0.97302634
3889.58594461  0.97319531
3889.58733348  0.97299981
3889.58872236  0.97268808
3889.59011123  0.97298336
3889.59150011  0.97453868
3889.59288899  0.97375423
3889.59427786  0.97270322
3889.59566674  0.97358871
3889.59705561  0.97252047
3889.59844449  0.97306263
3889.59983336  0.97274750
3889.60122224  0.97225374
3889.60261111  0.97295630
3889.60399999  0.97199976
3889.60538886  0.97222376
3889.60677774  0.97202814
3889.60816661  0.97195512
3889.60955549  0.97118992
3889.61094436  0.97137076
3889.61233324  0.97119981
3889.61372211  0.97070563
3889.61511099  0.97097069
3889.61649986  0.97092605
3889.61788874  0.97108060
3889.61927761  0.97089100
3889.62066649  0.97115421
3889.62205536  0.97058570
3889.62344424  0.97043473
3889.62483311  0.97031051
3889.62622199  0.97047728
3889.62761087  0.96977460
3889.62899974  0.97003102
3889.63038862  0.96978837
3889.63177749  0.96989471
3889.63316637  0.97029787
3889.63455524  0.96979678
3889.63594412  0.97033972
3889.63733299  0.96937019
3889.63872187  0.96960664
3889.64011074  0.96946245
3889.64149962  0.96951962
3889.64288849  0.96951795
3889.64427737  0.96955878
3889.64566624  0.96940804
3889.64705512  0.96916318
3889.64844399  0.96947789
3889.64983287  0.96914238
3889.65122174  0.96894246
3889.65261062  0.96833813
3889.65399949  0.96932977
3889.65538837  0.96838164
3889.65677724  0.96842915
3889.65816612  0.96878606
3889.65955499  0.96837723
3889.66094387  0.96872634
3889.66233274  0.96798980
3889.66372162  0.96824968
3889.66511049  0.96803343
3889.66649937  0.96786118
3889.66788824  0.96770698
3889.66927712  0.96781188
3889.67066599  0.96773046
3889.67205487  0.96771473
3889.67344374  0.96779263
3889.67483262  0.96754223
3889.67622149  0.96706855
3889.67761037  0.96720934
3889.67899924  0.96707356
3889.68038812  0.96704072
3889.68177699  0.96743900
3889.68316587  0.96677506
3889.68455474  0.96682233
3889.68594362  0.96754897
3889.68733249  0.96668303
3889.68872137  0.96719974
3889.69011024  0.96628493
3889.69149912  0.96625876
3889.69288799  0.96618158
3889.69427687  0.96665215
3889.69566574  0.96622688
3889.69705462  0.96661597
3889.69844349  0.96628416
3889.69983237  0.96574557
3889.70122124  0.96584237
3889.70261012  0.96602553
3889.70399899  0.96650785
3889.70538787  0.96623790
3889.70677674  0.96616650
3889.70816562  0.96609747
3889.70955449  0.96553200
3889.71094337  0.96553290
3889.71233224  0.96599424
3889.71372111  0.96538025
3889.71510999  0.96589041
3889.71649886  0.96542561
3889.71788774  0.96518040
3889.71927661  0.96579218
3889.72066549  0.96509349
3889.72205436  0.96506256
3889.72344324  0.96496654
3889.72483211  0.96462971
3889.72622099  0.96454322
3889.72760986  0.96445078
3889.72899874  0.96481323
3889.73038761  0.96463060
3889.73177649  0.96451879
3889.73316536  0.96422255
3889.73455424  0.96377742
3889.73594311  0.96386462
3889.73733199  0.96399862
3889.73872086  0.96417648
3889.74010974  0.96373641
3889.74149861  0.96353304
3889.74288749  0.96388227
3889.74427636  0.96351451
3889.74566524  0.96380258
3889.74705411  0.96355385
3889.74844298  0.96333849
3889.74983186  0.96324521
3889.75122073  0.96302396
3889.75260961  0.96308094
3889.75399848  0.96321458
3889.75538736  0.96238703
3889.75677623  0.96258259
3889.75816511  0.96329015
3889.75955398  0.96281683
3889.76094286  0.96229154
3889.76233173  0.96234393
3889.76372061  0.96267897
3889.76510948  0.96283948
3889.76649836  0.96273279
3889.76788723  0.96201593
3889.76927610  0.96219254
3889.77066498  0.96210486
3889.77205385  0.96213835
3889.77344273  0.96205443
3889.77483160  0.96198308
3889.77622048  0.96173209
3889.77760935  0.96179956
3889.77899823  0.96163452
3889.78038710  0.96134400
3889.78177598  0.96175140
3889.78316485  0.96109575
3889.78455373  0.96109414
3889.78594260  0.96088988
3889.78733148  0.96120387
3889.78872035  0.96121323
3889.79010922  0.96104652
3889.79149810  0.96111286
3889.79288697  0.96116704
3889.79427585  0.96058214
3889.79566472  0.96108270
3889.79705360  0.96069980
3889.79844247  0.96100140
3889.79983135  0.96018386
3889.80122022  0.96065444
3889.80260910  0.96008438
3889.80399797  0.96038198
3889.80538684  0.96047378
3889.80677572  0.96000892
3889.80816459  0.96035248
3889.80955347  0.96022284
3889.81094234  0.95990634
3889.81233122  0.96008873
3889.81372009  0.96003908
3889.81510897  0.96014345
3889.81649784  0.95948750
3889.81788671  0.95971042
3889.81927559  0.95975977
3889.82066446  0.95943123
3889.82205334  0.95936751
3889.82344221  0.96016651
3889.82483109  0.95973849
3889.82621996  0.95941579
3889.82760884  0.95882410
3889.82899771  0.95897233
3889.83038659  0.95918423
3889.83177546  0.95931178
3889.83316433  0.95920533
3889.83455321  0.95898509
3889.83594208  0.95944619
3889.83871983  0.96194655
3889.84010871  0.96152359
3889.84149758  0.96205145
3889.84288645  0.96115631
3889.84427533  0.96043563
3889.84566420  0.96042973
3889.84705308  0.95993865
3889.84844195  0.96002853
3889.84983083  0.95962328
3889.85121970  0.95883542
3889.85260858  0.95955664
3889.85399745  0.95911372
3889.85538632  0.95856071
3889.85677520  0.95867473
3889.85816407  0.95903456
3889.85955295  0.95825511
3889.86094182  0.95888692
3889.86233070  0.95869136
3889.86371957  0.95814317
3889.86510844  0.95866627
3889.86649732  0.95883191
3889.86788619  0.95856935
3889.86927507  0.95805037
3889.87066394  0.95838344
3889.87205282  0.95833981
3889.87344169  0.95883787
3889.87483056  0.95875674
3889.87621944  0.95934027
3889.87760831  0.95876908
3889.87899719  0.95853072
3889.88038606  0.95918256
3889.88177494  0.95799357
3889.88316381  0.95855182
3889.88455268  0.95806706
3889.88594156  0.95767087
3889.88733043  0.95848244
3889.88871931  0.95762998
3889.89010818  0.95812452
3889.89149706  0.95776147
3889.89288593  0.95686960
3889.89427480  0.95697284
3889.89566368  0.95702636
3889.89705255  0.95741290
3889.89844143  0.95679468
3889.89983030  0.95713091
3889.90121918  0.95697892
3889.90260805  0.95739847
3889.90399692  0.95673442
3889.90538580  0.95655066
3889.90677467  0.95688683
3889.90816355  0.95640606
3889.90955242  0.95654511
3889.91094129  0.95613229
3889.91233017  0.95680308
3889.91371904  0.95659208
3889.91510792  0.95616728
3889.91649679  0.95549464
3889.91788567  0.95620257
3889.91927454  0.95537400
3889.92066341  0.95595503
3889.92205229  0.95558035
3889.92344116  0.95542538
3889.92483004  0.95598465
3889.92621891  0.95584553
3889.92760778  0.95533723
3889.92899666  0.95572001
3889.93038553  0.95547658
3889.93177441  0.95598656
3889.93316328  0.95524400
3889.93455215  0.95580381
3889.93594103  0.95580918
3889.93732990  0.95516253
3889.93871878  0.95564860
3889.94010765  0.95543969
3889.94149653  0.95492774
3889.94288540  0.95556104
3889.94427427  0.95539910
3889.94566315  0.95510650
3889.94705202  0.95471227
3889.94844090  0.95559371
3889.94982977  0.95504630
3889.95121864  0.95464158
3889.95260752  0.95488644
3889.95399639  0.95478266
3889.95538527  0.95481020
3889.95677414  0.95466423
3889.95816301  0.95467353
3889.95955189  0.95459348
3889.96094076  0.95458871
3889.96232964  0.95498079
3889.96371851  0.95513070
3889.96510738  0.95432287
3889.96649626  0.95421654
3889.96788513  0.95464504
3889.96927401  0.95443732
3889.97066288  0.95434976
3889.97205175  0.95435238
3889.97344063  0.95436370
3889.97482950  0.95470428
3889.97621838  0.95404577
3889.97760725  0.95420074
3889.97899612  0.95434785
3889.98038500  0.95399493
3889.98177387  0.95471984
3889.98316275  0.95366669
3889.98455162  0.95397043
3889.98594049  0.95343512
3889.98732937  0.95358598
3889.98871824  0.95443487
3889.99010711  0.95371729
3889.99149599  0.95470750
3889.99288486  0.95402080
3889.99427374  0.95395756
3889.99566261  0.95372719
3889.99705148  0.95357269
3889.99844036  0.95316529
3889.99982923  0.95382220
3890.00121811  0.95284581
3890.00260698  0.95305282
3890.00399585  0.95301908
3890.00538473  0.95283550
3890.00677360  0.95303220
3890.00816248  0.95413393
3890.00955135  0.95281148
3890.01094022  0.95295483
3890.01232910  0.95308125
3890.01371797  0.95282227
3890.01510684  0.95273137
3890.01649572  0.95259601
3890.01788459  0.95300621
3890.01927347  0.95238143
3890.02066234  0.95325273
3890.02205121  0.95365161
3890.02344009  0.95311475
3890.02482896  0.95281285
3890.02621783  0.95331705
3890.02760671  0.95349407
3890.02899558  0.95252919
3890.03038446  0.95325565
3890.03177333  0.95257485
3890.03316220  0.95357555
3890.03455108  0.95331848
3890.03593995  0.95241642
3890.03732882  0.95309323
3890.03871770  0.95288575
3890.04010657  0.95252186
3890.04149545  0.95248234
3890.04288432  0.95236146
3890.04427319  0.95270938
3890.04566207  0.95259237
3890.04705094  0.95251334
3890.04843981  0.95272571
3890.04982869  0.95250243
3890.05121756  0.95251685
3890.05260644  0.95294082
3890.05399531  0.95210946
3890.05538418  0.95170754
3890.05677306  0.95223147
3890.05816193  0.95228130
3890.05955080  0.95226103
3890.06093968  0.95226669
3890.06232855  0.95255184
3890.06371742  0.95197672
3890.06510630  0.95153701
3890.06649517  0.95197749
3890.06788405  0.95241231
3890.06927292  0.95191121
3890.07066179  0.95186138
3890.07205067  0.95188171
3890.07343954  0.95170039
3890.07482841  0.95200080
3890.07621729  0.95268285
3890.07760616  0.95279020
3890.07899503  0.95270479
3890.08038391  0.95225257
3890.08177278  0.95228630
3890.08316166  0.95173591
3890.08455053  0.95204288
3890.08593940  0.95156401
3890.08732828  0.95148915
3890.08871715  0.95154947
3890.09010602  0.95188755
3890.09149490  0.95211780
3890.09288377  0.95170385
3890.09427264  0.95215863
3890.09566152  0.95151758
3890.09705039  0.95181143
3890.09843926  0.95211911
3890.09982814  0.95157385
3890.10121701  0.95145088
3890.10260588  0.95107710
3890.10399476  0.95131791
3890.10538363  0.95143700
3890.10677251  0.95162892
3890.10816138  0.95158243
3890.10955025  0.95158774
3890.11093913  0.95164794
3890.11232800  0.95095700
3890.11371687  0.95106113
3890.11510575  0.95100296
3890.11649462  0.95092779
3890.11788349  0.95106488
3890.11927237  0.95131111
3890.12066124  0.95111299
3890.12205011  0.95078558
3890.12343899  0.95147020
3890.12482786  0.95061022
3890.12621673  0.95147562
3890.12760561  0.95111674
3890.12899448  0.95082146
3890.13038335  0.95088518
3890.13177223  0.95129859
3890.13316110  0.95080894
3890.13454997  0.95040959
3890.13593885  0.95089281
3890.13732772  0.95088816
3890.13871659  0.95112830
3890.14010547  0.95118135
3890.14149434  0.95076430
3890.14288321  0.95075649
3890.14427209  0.95108086
3890.14566096  0.95074666
3890.14704983  0.95185018
3890.14843871  0.95032781
3890.14982758  0.95066547
3890.15121645  0.95091581
3890.15260533  0.95120686
3890.15399420  0.95114660
3890.15538307  0.94985402
3890.15677195  0.95112550
3890.15816082  0.95136839
3890.15954969  0.95077330
3890.16093857  0.95107943
3890.16232744  0.95129281
3890.16371631  0.95087940
3890.16510519  0.95065594
3890.16649406  0.95102829
3890.16788293  0.95121497
3890.16927181  0.95082223
3890.17066068  0.95078748
3890.17204955  0.95089751
3890.17343843  0.95067972
3890.17482730  0.95017028
3890.17621617  0.95078284
3890.17760505  0.95094377
3890.17899392  0.95113283
3890.18038279  0.95084953
3890.18177167  0.95072830
3890.18316054  0.95079070
3890.18454941  0.95093858
3890.18593829  0.95070565
3890.18732716  0.95085645
3890.18871603  0.95106304
3890.19010491  0.95123172
3890.19149378  0.95138115
3890.19288265  0.95170343
3890.19427153  0.95133418
3890.19566040  0.95129836
3890.19704927  0.95121354
3890.19843815  0.95135039
3890.19982702  0.95137715
3890.20121589  0.95144445
3890.20260476  0.95114571
3890.20399364  0.95139647
3890.20538251  0.95086950
3890.20677138  0.95143020
3890.20816026  0.95122206
3890.20954913  0.95086074
3890.21093800  0.95100051
3890.21232688  0.95089203
3890.21371575  0.95094746
3890.21510462  0.95076197
3890.21649350  0.95082659
3890.21788237  0.95115680
3890.21927124  0.95185792
3890.22066012  0.95170683
3890.22204899  0.95123786
3890.22343786  0.95139515
3890.22482674  0.95108998
3890.22621561  0.95197630
3890.22760448  0.95132053
3890.22899335  0.95124418
3890.23038223  0.95173550
3890.23177110  0.95164645
3890.23315997  0.95220560
3890.23454885  0.95219141
3890.23593772  0.95246136
3890.23732659  0.95265788
3890.23871547  0.95181400
3890.24010434  0.95187038
3890.24149321  0.95247769
3890.24288208  0.95272267
3890.24427096  0.95141792
3890.24565983  0.95215619
3890.24704870  0.95161808
3890.24843758  0.95192575
3890.24982645  0.95195884
3890.25121532  0.95147938
3890.25260420  0.95193052
3890.25399307  0.95155346
3890.25538194  0.95132744
3890.25677081  0.95140636
3890.25815969  0.95140290
3890.25954856  0.95170587
3890.26093743  0.95192754
3890.26232631  0.95144856
3890.26371518  0.95152128
3890.26510405  0.95223469
3890.26649293  0.95325166
3890.26788180  0.95281762
3890.26927067  0.95246291
3890.27065954  0.95231754
3890.27204842  0.95221680
3890.27343729  0.95169365
3890.27482616  0.95219427
3890.27621504  0.95227975
3890.27760391  0.95163727
3890.27899278  0.95219618
3890.28038165  0.95183551
3890.28177053  0.95155364
3890.28315940  0.95196027
3890.28454827  0.95185959
3890.28593715  0.95136631
3890.28732602  0.95187825
3890.28871489  0.95216995
3890.29010376  0.95210779
3890.29149264  0.95230865
3890.29288151  0.95188028
3890.29427038  0.95226181
3890.29565926  0.95219320
3890.29704813  0.95192152
3890.29843700  0.95189059
3890.29982588  0.95203710
3890.30121475  0.95154887
3890.30260362  0.95145375
3890.30399249  0.95175058
3890.30538137  0.95187712
3890.30677024  0.95166343
3890.30815911  0.95204765
3890.30954798  0.95144624
3890.31093686  0.95225000
3890.31232573  0.95185059
3890.31371460  0.95203590
3890.31510348  0.95230085
3890.31649235  0.95228720
3890.31788122  0.95233059
3890.31927009  0.95235556
3890.32065897  0.95216620
3890.32204784  0.95148283
3890.32343671  0.95178121
3890.32482559  0.95190555
3890.32621446  0.95216554
3890.32760333  0.95215178
3890.32899220  0.95263290
3890.33038108  0.95245451
3890.33176995  0.95376980
3890.33315882  0.95496726
3890.33454769  0.95451844
3890.33593657  0.95421475
3890.33732544  0.95401007
3890.33871431  0.95368147
3890.34010318  0.95445520
3890.34149206  0.95379293
3890.34288093  0.95347089
3890.34426980  0.95335156
3890.34565868  0.95385265
3890.34704755  0.95397186
3890.34843642  0.95322013
3890.34982529  0.95346546
3890.35121417  0.95362496
3890.35260304  0.95282227
3890.35399191  0.95320481
3890.35538078  0.95328903
3890.35676966  0.95352918
3890.35815853  0.95359731
3890.35954740  0.95297676
3890.36093627  0.95276564
3890.36232515  0.95347422
3890.36371402  0.95346677
3890.36510289  0.95347977
3890.36649177  0.95326340
3890.36788064  0.95296943
3890.36926951  0.95292461
3890.37065838  0.95313984
3890.37204726  0.95323420
3890.37343613  0.95298779
3890.37482500  0.95329350
3890.37621387  0.95294029
3890.37760275  0.95263523
3890.37899162  0.95284015
3890.38038049  0.95343256
3890.38176936  0.95328271
3890.38315824  0.95264852
3890.38454711  0.95307881
3890.38593598  0.95360231
3890.38732485  0.95341980
3890.38871373  0.95351231
3890.39010260  0.95313340
3890.39149147  0.95325810
3890.39288034  0.95365071
3890.39426922  0.95343578
3890.39565809  0.95300454
3890.39704696  0.95331615
3890.39843583  0.95280260
3890.39982471  0.95360309
3890.40121358  0.95326763
3890.40260245  0.95297289
3890.40399132  0.95321178
3890.40538020  0.95297813
3890.40676907  0.95338660
3890.40815794  0.95314008
3890.40954681  0.95328891
3890.41093569  0.95346653
3890.41232456  0.95356834
3890.41371343  0.95370674
3890.41510230  0.95366347
3890.41649118  0.95319968
3890.41788005  0.95326471
3890.41926892  0.95313287
3890.42065779  0.95337677
3890.42204667  0.95347911
3890.42343554  0.95373565
3890.42482441  0.95316225
3890.42621328  0.95341051
3890.42760216  0.95330292
3890.42899103  0.95348489
3890.43037990  0.95375186
3890.43176877  0.95380455
3890.43315764  0.95350796
3890.43454652  0.95394558
3890.43593539  0.95387328
3890.43732426  0.95304716
3890.43871313  0.95354313
3890.44010201  0.95292991
3890.44149088  0.95369101
3890.44287975  0.95379424
3890.44426862  0.95336431
3890.44565750  0.95402759
3890.44704637  0.95316625
3890.44843524  0.95379126
3890.44982411  0.95354003
3890.45121298  0.95327753
3890.45260186  0.95331347
3890.45399073  0.95367581
3890.45537960  0.95431346
3890.45676847  0.95368791
3890.45815735  0.95373827
3890.45954622  0.95358574
3890.46093509  0.95386595
3890.46232396  0.95371532
3890.46371284  0.95370835
3890.46510171  0.95386273
3890.46649058  0.95426047
3890.46787945  0.95377350
3890.46926832  0.95422548
3890.47065720  0.95443410
3890.47204607  0.95400262
3890.47343494  0.95424646
3890.47482381  0.95394576
3890.47621269  0.95386118
3890.47760156  0.95447338
3890.47899043  0.95429635
3890.48037930  0.95450658
3890.48176817  0.95450336
3890.48315705  0.95501500
3890.48454592  0.95467067
3890.48593479  0.95483261
3890.48732366  0.95434350
3890.48871254  0.95462114
3890.49010141  0.95423138
3890.49149028  0.95485967
3890.49287915  0.95427537
3890.49426802  0.95435148
3890.49565690  0.95473635
3890.49704577  0.95397305
3890.49843464  0.95483863
3890.49982351  0.95446110
3890.50121239  0.95437396
3890.50260126  0.95452559
3890.50399013  0.95445639
3890.50537900  0.95486104
3890.50676787  0.95535392
3890.50815675  0.95451355
3890.50954562  0.95457065
3890.51093449  0.95528662
3890.51232336  0.95530564
3890.51371223  0.95452559
3890.51510111  0.95521945
3890.51648998  0.95516407
3890.51787885  0.95483059
3890.51926772  0.95540828
3890.52065659  0.95534891
3890.52204547  0.95501554
3890.52343434  0.95587730
3890.52482321  0.95589209
3890.52621208  0.95546371
3890.52760095  0.95496893
3890.52898983  0.95563918
3890.53037870  0.95544529
3890.53176757  0.95557147
3890.53315644  0.95545858
3890.53454532  0.95609134
3890.53593419  0.95658475
3890.53732306  0.95663148
3890.53871193  0.95583355
3890.54010080  0.95644546
3890.54148968  0.95662075
3890.54287855  0.95600343
3890.54426742  0.95607233
3890.54565629  0.95618027
3890.54704516  0.95614558
3890.54843404  0.95594257
3890.54982291  0.95561254
3890.55121178  0.95637131
3890.55260065  0.95588011
3890.55398952  0.95613664
3890.55537839  0.95586610
3890.55676727  0.95590460
3890.55815614  0.95592624
3890.55954501  0.95568901
3890.56093388  0.95623785
3890.56232275  0.95590574
3890.56371163  0.95542794
3890.56510050  0.95643765
3890.56648937  0.95634532
3890.56787824  0.95590508
3890.56926711  0.95654356
3890.57065599  0.95632577
3890.57204486  0.95606732
3890.57343373  0.95652038
3890.57482260  0.95611274
3890.57621147  0.95648694
3890.57760035  0.95640802
3890.57898922  0.95652568
3890.58037809  0.95590514
3890.58176696  0.95612365
3890.58315583  0.95652258
3890.58454470  0.95587832
3890.58593358  0.95672441
3890.58732245  0.95687950
3890.58871132  0.95638704
3890.59010019  0.95684898
3890.59148906  0.95600665
3890.59287794  0.95659721
3890.59426681  0.95661342
3890.59565568  0.95678526
3890.59704455  0.95758158
3890.59843342  0.95660907
3890.59982230  0.95689327
3890.60121117  0.95633274
3890.60260004  0.95668310
3890.60398891  0.95669442
3890.60537778  0.95672327
3890.60676665  0.95696741
3890.60815553  0.95725203
3890.60954440  0.95678526
3890.61093327  0.95768571
3890.61232214  0.95795512
3890.61371101  0.95798254
3890.61509988  0.95793074
3890.61648876  0.95754963
3890.61787763  0.95725757
3890.61926650  0.95758492
3890.62065537  0.95743275
3890.62204424  0.95758039
3890.62343311  0.95762366
3890.62482199  0.95760316
3890.62621086  0.95771146
3890.62759973  0.95737016
3890.62898860  0.95771235
3890.63037747  0.95817006
3890.63176634  0.95829993
3890.63315522  0.95797992
3890.63454409  0.95886755
3890.63593296  0.95861179
3890.63732183  0.95846558
3890.63871070  0.95818806
3890.64009958  0.95864540
3890.64148845  0.95866424
3890.64287732  0.95882398
3890.64426619  0.95869845
3890.64565506  0.95833093
3890.64704393  0.95862031
3890.64843280  0.95855004
3890.64982168  0.95838773
3890.65121055  0.95855093
3890.65259942  0.95819104
3890.65398829  0.95854402
3890.65537716  0.95866096
3890.65676603  0.95859879
3890.65815491  0.95907402
3890.65954378  0.95893401
3890.66093265  0.95910907
3890.66232152  0.95851177
3890.66371039  0.95830095
3890.66509926  0.95867068
3890.66648814  0.95875740
3890.66787701  0.95888960
3890.66926588  0.95853627
3890.67065475  0.95929158
3890.67204362  0.95917755
3890.67343249  0.95921665
3890.67482137  0.95884120
3890.67621024  0.95972973
3890.67759911  0.95929247
3890.67898798  0.95948064
3890.68037685  0.95983130
3890.68176572  0.95907456
3890.68315459  0.95965779
3890.68454347  0.95889241
3890.68593234  0.95972985
3890.68732121  0.95940989
3890.68871008  0.95959830
3890.69009895  0.95949292
3890.69148782  0.95926458
3890.69287669  0.96004963
3890.69426557  0.95983028
3890.69565444  0.96016085
3890.69704331  0.95997417
3890.69843218  0.96034712
3890.69982105  0.96065098
3890.70120992  0.95972049
3890.70259880  0.95985061
3890.70398767  0.95999938
3890.70537654  0.95978564
3890.70676541  0.95968044
3890.70815428  0.95961618
3890.70954315  0.95998991
3890.71093202  0.96045601
3890.71232089  0.95983219
3890.71370977  0.96017689
3890.71509864  0.95965499
3890.71648751  0.95971698
3890.71787638  0.96030164
3890.71926525  0.96027577
3890.72065412  0.95963204
3890.72204299  0.96032470
3890.72343187  0.96004057
3890.72482074  0.96084845
3890.72620961  0.96034461
3890.72759848  0.96019173
3890.72898735  0.96117246
3890.73037622  0.96055460
3890.73176509  0.96066338
3890.73315397  0.96088433
3890.73454284  0.96120387
3890.73593171  0.96070856
3890.73732058  0.96085244
3890.73870945  0.96054208
3890.74009832  0.96075410
3890.74148719  0.96122956
3890.74287606  0.96080929
3890.74426494  0.96110141
3890.74565381  0.96104258
3890.74704268  0.96129638
3890.74843155  0.96102077
3890.74982042  0.96081424
3890.75120929  0.96079284
3890.75259816  0.96130735
3890.75398704  0.96216887
3890.75537591  0.96159732
3890.75676478  0.96120179
3890.75815365  0.96146619
3890.75954252  0.96185762
3890.76093139  0.96158266
3890.76232026  0.96161842
3890.76370913  0.96176863
3890.76509801  0.96195257
3890.76648688  0.96158266
3890.76787575  0.96170652
3890.76926462  0.96202183
3890.77065349  0.96163017
3890.77204236  0.96135241
3890.77343123  0.96213704
3890.77482010  0.96147209
3890.77620898  0.96195829
3890.77759785  0.96108544
3890.77898672  0.96239245
3890.78037559  0.96172518
3890.78176446  0.96234959
3890.78315333  0.96222007
3890.78454220  0.96209198
3890.78593107  0.96255141
3890.78731994  0.96235883
3890.78870882  0.96323425
3890.79009769  0.96222907
3890.79148656  0.96244252
3890.79287543  0.96271896
3890.79426430  0.96272540
3890.79565317  0.96285224
3890.79704204  0.96277833
3890.79843091  0.96280617
3890.79981978  0.96292466
3890.80120866  0.96335810
3890.80259753  0.96323425
3890.80398640  0.96311021
3890.80537527  0.96262938
3890.80676414  0.96344280
3890.80815301  0.96349978
3890.80954188  0.96371746
3890.81093075  0.96394569
3890.81231962  0.96327233
3890.81370850  0.96366197
3890.81509737  0.96364319
3890.81648624  0.96270627
3890.81787511  0.96420223
3890.81926398  0.96377593
3890.82065285  0.96401018
3890.82204172  0.96434933
3890.82343059  0.96452528
3890.82481946  0.96402872
3890.82620833  0.96398884
3890.82759721  0.96354282
3890.82898608  0.96398640
3890.83037495  0.96425116
3890.83176382  0.96362108
3890.83315269  0.96416295
3890.83454156  0.96442825
3890.83593043  0.96506107
3890.83731930  0.96490192
3890.83870817  0.96410877
3890.84009704  0.96520793
3890.84148592  0.96516287
3890.84287479  0.96499038
3890.84426366  0.96498281
3890.84565253  0.96425670
3890.84704140  0.96500605
3890.84843027  0.96460915
3890.84981914  0.96455377
3890.85120801  0.96493810
3890.85259688  0.96507621
3890.85398575  0.96473461
3890.85537463  0.96463114
3890.85676350  0.96472383
3890.85815237  0.96440923
3890.85954124  0.96538389
3890.86093011  0.96550101
3890.86231898  0.96525466
3890.86370785  0.96536702
3890.86509672  0.96567041
3890.86648559  0.96558148
3890.86787446  0.96583605
3890.86926333  0.96584523
3890.87065221  0.96577853
3890.87204108  0.96566254
3890.87342995  0.96542788
3890.87481882  0.96599954
3890.87620769  0.96609515
3890.87759656  0.96590441
3890.87898543  0.96564811
3890.88037430  0.96562201
3890.88176317  0.96592253
3890.88315204  0.96569705
3890.88454091  0.96573979
3890.88592978  0.96641904
3890.88731865  0.96598792
3890.88870753  0.96622211
3890.89009640  0.96590310
3890.89148527  0.96596014
3890.89287414  0.96630359
3890.89426301  0.96594369
3890.89565188  0.96656680
3890.89704075  0.96554852
3890.89842962  0.96645015
3890.89981849  0.96595961
3890.90120736  0.96616817
3890.90259623  0.96607447
3890.90398510  0.96628261
3890.90537398  0.96643656
3890.90676285  0.96618879
3890.90815172  0.96638942
3890.90954059  0.96644324
3890.91092946  0.96684277
3890.91231833  0.96647757
3890.91370720  0.96662849
3890.91509607  0.96617407
3890.91648494  0.96711117
3890.91787381  0.96695179
3890.91926268  0.96691501
3890.92065155  0.96627152
3890.92204042  0.96729779
3890.92342929  0.96733397
3890.92481817  0.96677691
3890.92620704  0.96697140
3890.92759591  0.96701473
3890.92898478  0.96704072
3890.93037365  0.96747082
3890.93176252  0.96727592
3890.93315139  0.96720487
3890.93454026  0.96714181
3890.93592913  0.96709210
3890.93731800  0.96758652
3890.93870687  0.96719897
3890.94009574  0.96765989
3890.94148461  0.96746606
3890.94287348  0.96726793
3890.94426235  0.96800399
3890.94565123  0.96692580
3890.94704010  0.96747839
3890.94842897  0.96753567
3890.94981784  0.96784848
3890.95120671  0.96734428
3890.95259558  0.96822339
3890.95398445  0.96739888
3890.95537332  0.96746427
3890.95676219  0.96787393
3890.95815106  0.96838975
3890.95953993  0.96834224
3890.96092880  0.96847433
3890.96231767  0.96828210
3890.96370654  0.96759826
3890.96509541  0.96829152
3890.96648428  0.96767956
3890.96787315  0.96830374
3890.96926202  0.96853328
3890.97065090  0.96805555
3890.97203977  0.96773636
3890.97342864  0.96796274
3890.97481751  0.96843982
3890.97620638  0.96840876
3890.97759525  0.96806741
3890.97898412  0.96846372
3890.98037299  0.96856070
3890.98176186  0.96876085
3890.98315073  0.96884781
3890.98453960  0.96897268
3890.98592847  0.96867031
3890.98731734  0.96861488
3890.98870621  0.96861202
3890.99009508  0.96861780
3890.99148395  0.96890742
3890.99287282  0.96949363
3890.99426169  0.96875507
3890.99565056  0.96877152
3890.99703943  0.96925926
3890.99842830  0.96904063
3890.99981718  0.96929157
3891.00120605  0.96958274
3891.00259492  0.96949160
3891.00398379  0.96894479
3891.00537266  0.96904838
3891.00676153  0.96960640
3891.00815040  0.96983498
3891.00953927  0.96992242
3891.01092814  0.97020453
3891.01231701  0.96970290
3891.01370588  0.96987504
3891.01509475  0.96972328
3891.01648362  0.97298396
3891.01787249  0.97603697
3891.01926136  0.97396493
3891.02065023  0.97477990
3891.02203910  0.97266525
3891.02342797  0.97268009
3891.02481684  0.97200805
3891.02620571  0.97121072
3891.02759458  0.97167182
3891.02898345  0.97180593
3891.03037232  0.97156471
3891.03176119  0.97121269
3891.03315006  0.97143173
3891.03453893  0.97120672
3891.03592780  0.97090065
3891.03731667  0.97067684
3891.03870555  0.97077334
3891.04009442  0.97082114
3891.04148329  0.97059172
3891.04287216  0.97070152
3891.04426103  0.97062737
3891.04564990  0.97045439
3891.04703877  0.97091961
3891.04842764  0.97057915
3891.04981651  0.97088510
3891.05120538  0.97098726
3891.05259425  0.97041088
3891.05398312  0.97071904
3891.05537199  0.97094637
3891.05676086  0.97043508
3891.05814973  0.97065800
3891.05953860  0.97116351
3891.06092747  0.97101432
3891.06231634  0.97124588
3891.06370521  0.97139621
3891.06509408  0.97091019
3891.06648295  0.97188228
3891.06787182  0.97108513
3891.06926069  0.97177571
3891.07064956  0.97091955
3891.07203843  0.97104931
3891.07342730  0.97090131
3891.07481617  0.97202915
3891.07620504  0.97191948
3891.07759391  0.97101474
3891.07898278  0.97170115
3891.08037165  0.97102201
3891.08176052  0.97139919
3891.08314939  0.97123367
3891.08453826  0.97146815
3891.08592713  0.97110122
3891.08731600  0.97178870
3891.08870487  0.97113687
3891.09009374  0.97164530
3891.09148261  0.97151089
3891.09287148  0.97173089
3891.09426035  0.97217238
3891.09564922  0.97208244
3891.09703809  0.97130352
3891.09842696  0.97207379
3891.09981583  0.97195411
3891.10120470  0.97196776
3891.10259357  0.97276390
3891.10398244  0.97224241
3891.10537131  0.97163028
3891.10676018  0.97206825
3891.10814905  0.97203869
3891.10953792  0.97172689
3891.11092679  0.97221357
3891.11231566  0.97231925
3891.11370453  0.97216272
3891.11509340  0.97239906
3891.11648227  0.97275305
3891.11787114  0.97221345
3891.11926001  0.97273594
3891.12064888  0.97300857
3891.12203775  0.97241133
3891.12342662  0.97270954
3891.12481549  0.97244656
3891.12620436  0.97243369
3891.12759323  0.97258651
3891.12898210  0.97241014
3891.13037097  0.97297662
3891.13175984  0.97290492
3891.13314871  0.97344971
3891.13453758  0.97290212
3891.13592645  0.97288436
3891.13731532  0.97302842
3891.13870419  0.97281796
3891.14009306  0.97287601
3891.14148193  0.97353011
3891.14287080  0.97308695
3891.14425967  0.97268820
3891.14564854  0.97323447
3891.14703741  0.97260797
3891.14842628  0.97335339
3891.14981515  0.97313344
3891.15120402  0.97302198
3891.15259289  0.97347558
3891.15398176  0.97337270
3891.15537063  0.97298670
3891.15675950  0.97365564
3891.15814837  0.97365206
3891.15953724  0.97329873
3891.16092611  0.97436899
3891.16231498  0.97366142
3891.16370385  0.97387832
3891.16509272  0.97377753
3891.16648159  0.97409803
3891.16787046  0.97369993
3891.16925933  0.97405225
3891.17064820  0.97379285
3891.17203707  0.97388196
3891.17342594  0.97598249
3891.17481481  0.97582573
3891.17620368  0.97482580
3891.17759255  0.97545916
3891.17898142  0.97485721
3891.18037029  0.97509521
3891.18175916  0.97491217
3891.18314803  0.97533232
3891.18453690  0.97493070
3891.18592577  0.97469991
3891.18731464  0.97528577
3891.18870351  0.97563457
3891.19009238  0.97529888
3891.19148125  0.97493857
3891.19287012  0.97491699
3891.19425899  0.97521418
3891.19564786  0.97526181
3891.19703673  0.97458476
3891.19842560  0.97535795
3891.19981447  0.97484630
3891.20120334  0.97510427
3891.20259221  0.97552514
3891.20398108  0.97512561
3891.20536995  0.97635537
3891.20675882  0.97517210
3891.20814768  0.97561616
3891.20953655  0.97586989
3891.21092542  0.97533554
3891.21231429  0.97536182
3891.21370316  0.97588599
3891.21509203  0.97549605
3891.21648090  0.97558820
3891.21786977  0.97576278
3891.21925864  0.97542864
3891.22064751  0.97510976
3891.22203638  0.97583985
3891.22342525  0.97572941
3891.22481412  0.97553378
3891.22620299  0.97514361
3891.22759186  0.97547096
3891.22898073  0.97614443
3891.23036960  0.97554380
3891.23175847  0.97598702
3891.23314734  0.97600698
3891.23453621  0.97582442
3891.23592508  0.97595662
3891.23731395  0.97566897
3891.23870282  0.97568220
3891.24009169  0.97595084
3891.24148056  0.97677839
3891.24286943  0.97638863
3891.24425830  0.97606474
3891.24564716  0.97633392
3891.24703603  0.97592533
3891.24842490  0.97709876
3891.24981377  0.97704506
3891.25120264  0.97622514
3891.25259151  0.97660470
3891.25398038  0.97621626
3891.25536925  0.97568095
3891.25675812  0.97677088
3891.25814699  0.97653782
3891.25953586  0.97681814
3891.26092473  0.97741669
3891.26231360  0.97641438
3891.26370247  0.97696656
3891.26509134  0.97713619
3891.26648021  0.97714847
3891.26786908  0.97696680
3891.26925795  0.97721899
3891.27064682  0.97722334
3891.27203569  0.97735763
3891.27342456  0.97735256
3891.27481343  0.97689110
3891.27620229  0.97715396
3891.27759116  0.97787571
3891.27898003  0.97716451
3891.28036890  0.97837305
3891.28175777  0.97829366
3891.28314664  0.97773337
3891.28453551  0.97768402
3891.28592438  0.97745699
3891.28731325  0.97750717
3891.28870212  0.97802502
3891.29009099  0.97789401
3891.29147986  0.97791409
3891.29286873  0.97773886
3891.29425760  0.97821009
3891.29564647  0.97783899
3891.29703534  0.97820950
3891.29842421  0.97804421
3891.29981308  0.97883236
3891.30120194  0.97884125
3891.30259081  0.97874492
3891.30397968  0.97868794
3891.30536855  0.97879750
3891.30675742  0.97932190
3891.30814629  0.97860372
3891.30953516  0.97907436
3891.31092403  0.97902942
3891.31231290  0.97971797
3891.31370177  0.97882783
3891.31509064  0.97896993
3891.31647951  0.97962928
3891.31786838  0.97956723
3891.31925725  0.97936296
3891.32064612  0.97928792
3891.32203498  0.97971910
3891.32342385  0.97960043
3891.32481272  0.97959912
3891.32620159  0.97886765
3891.32759046  0.97953373
3891.32897933  0.97989261
3891.33036820  0.97996211
3891.33175707  0.97932124
3891.33314594  0.97984755
3891.33453481  0.97975820
3891.33592368  0.98030591
3891.33731255  0.98021001
3891.33870142  0.97974044
3891.34009029  0.97982591
3891.34147915  0.97982436
3891.34286802  0.98029101
3891.34425689  0.98022217
3891.34564576  0.98002893
3891.34703463  0.98031956
3891.34842350  0.98026437
3891.34981237  0.98038083
3891.35120124  0.98038268
3891.35259011  0.98015493
3891.35397898  0.98072571
3891.35536785  0.98006922
3891.35675672  0.98037326
3891.35814559  0.98110515
3891.35953445  0.98063117
3891.36092332  0.98023176
3891.36231219  0.98098856
3891.36370106  0.98050761
3891.36508993  0.98088914
3891.36647880  0.98075145
3891.36786767  0.98034710
3891.36925654  0.98109281
3891.37064541  0.98110580
3891.37203428  0.98056179
3891.37342315  0.98062414
3891.37481202  0.98022765
3891.37620088  0.98018092
3891.37758975  0.98109114
3891.37897862  0.98097885
3891.38036749  0.98080963
3891.38175636  0.98047942
3891.38314523  0.98114067
3891.38453410  0.98094594
3891.38592297  0.98107594
3891.38731184  0.98067576
3891.38870071  0.98096353
3891.39008958  0.98101515
3891.39147844  0.98085159
3891.39286731  0.98058617
3891.39425618  0.98059893
3891.39564505  0.98131937
3891.39703392  0.98213375
3891.39842279  0.98175144
3891.39981166  0.98153418
3891.40120053  0.98193502
3891.40258940  0.98141742
3891.40397827  0.98165262
3891.40536713  0.98085093
3891.40675600  0.98196876
3891.40814487  0.98208511
3891.40953374  0.98166627
3891.41092261  0.98234421
3891.41231148  0.98212063
3891.41370035  0.98219669
3891.41508922  0.98206723
3891.41647809  0.98225665
3891.41786696  0.98200577
3891.41925582  0.98193550
3891.42064469  0.98181248
3891.42203356  0.98199385
3891.42342243  0.98157936
3891.42481130  0.98190963
3891.42620017  0.98254138
3891.42758904  0.98277324
3891.42897791  0.98274142
3891.43036678  0.98263037
3891.43175565  0.98218417
3891.43314451  0.98231626
3891.43453338  0.98249805
3891.43592225  0.98212773
3891.43731112  0.98231292
3891.43869999  0.98300838
3891.44008886  0.98241824
3891.44147773  0.98331821
3891.44286660  0.98262084
3891.44425547  0.98310387
3891.44564433  0.98235852
3891.44703320  0.98305702
3891.44842207  0.98311740
3891.44981094  0.98291832
3891.45119981  0.98273665
3891.45258868  0.98300350
3891.45397755  0.98328835
3891.45536642  0.98284262
3891.45675529  0.98347461
3891.45814415  0.98315066
3891.45953302  0.98336893
3891.46092189  0.98322594
3891.46231076  0.98350167
3891.46369963  0.98336095
3891.46508850  0.98281431
3891.46647737  0.98359519
3891.46786624  0.98354334
3891.46925511  0.98374045
3891.47064397  0.98342234
3891.47203284  0.98373324
3891.47342171  0.98350525
3891.47481058  0.98368686
3891.47619945  0.98429030
3891.47758832  0.98367465
3891.47897719  0.98453772
3891.48036606  0.98417282
3891.48175492  0.98337871
3891.48314379  0.98440284
3891.48453266  0.98425347
3891.48592153  0.98452473
3891.48731040  0.98417318
3891.48869927  0.98458624
3891.49008814  0.98428816
3891.49147701  0.98396605
3891.49286587  0.98398536
3891.49425474  0.98473197
3891.49564361  0.98414999
3891.49703248  0.98434311
3891.49842135  0.98398805
3891.49981022  0.98498887
3891.50119909  0.98452497
3891.50258796  0.98432136
3891.50397682  0.98464054
3891.50536569  0.98488516
3891.50675456  0.98456579
3891.50814343  0.98445112
3891.50953230  0.98494649
3891.51092117  0.98458278
3891.51231004  0.98458570
3891.51369890  0.98429483
3891.51508777  0.98498976
3891.51647664  0.98474574
3891.51786551  0.98476607
3891.51925438  0.98518336
3891.52064325  0.98467362
3891.52203212  0.98497331
3891.52342099  0.98489583
3891.52480985  0.98479193
3891.52619872  0.98522776
3891.52758759  0.98584759
3891.52897646  0.98544633
3891.53036533  0.98510808
3891.53175420  0.98510098
3891.53314307  0.98536605
3891.53453193  0.98529577
3891.53592080  0.98518610
3891.53730967  0.98562217
3891.53869854  0.98526603
3891.54008741  0.98576701
3891.54147628  0.98584253
3891.54286515  0.98603559
3891.54425401  0.98584974
3891.54564288  0.98557097
3891.54703175  0.98535806
3891.54842062  0.98619986
3891.54980949  0.98573148
3891.55119836  0.98603398
3891.55258723  0.98551458
3891.55397609  0.98631454
3891.55536496  0.98607719
3891.55675383  0.98657238
3891.55814270  0.98602521
3891.55953157  0.98573750
3891.56092044  0.98641562
3891.56230931  0.98609483
3891.56369817  0.98623115
3891.56508704  0.98610824
3891.56647591  0.98619819
3891.56786478  0.98605263
3891.56925365  0.98627579
3891.57064252  0.98628044
3891.57203138  0.98606473
3891.57342025  0.98682237
3891.57480912  0.98661357
3891.57619799  0.98659325
3891.57758686  0.98713821
3891.57897573  0.98672712
3891.58036460  0.98739320
3891.58175346  0.98704892
3891.58314233  0.98732859
3891.58453120  0.98752809
3891.58592007  0.98709935
3891.58730894  0.98724300
3891.58869781  0.98750639
3891.59008667  0.98677522
3891.59147554  0.98722202
3891.59286441  0.98738295
3891.59425328  0.98731381
3891.59564215  0.98729736
3891.59703102  0.98745137
3891.59841988  0.98749232
3891.59980875  0.98748344
3891.60119762  0.98703116
3891.60258649  0.98745936
3891.60397536  0.98799938
3891.60536423  0.98785788
3891.60675309  0.98752570
3891.60814196  0.98747331
3891.60953083  0.98774850
3891.61091970  0.98676354
3891.61230857  0.98766702
3891.61369744  0.98755801
3891.61508630  0.98833776
3891.61647517  0.98738295
3891.61786404  0.98727751
3891.61925291  0.98766583
3891.62064178  0.98814607
3891.62203065  0.98807645
3891.62341951  0.98820007
3891.62480838  0.98838258
3891.62619725  0.98825151
3891.62758612  0.98794323
3891.62897499  0.98801160
3891.63036386  0.98819053
3891.63175272  0.98843122
3891.63314159  0.98877454
3891.63453046  0.98835707
3891.63591933  0.98825026
3891.63730820  0.98830765
3891.63869706  0.98835099
3891.64008593  0.98926598
3891.64147480  0.98873174
3891.64286367  0.98854512
3891.64425254  0.98880708
3891.64564141  0.98864692
3891.64703027  0.98897183
3891.64841914  0.98832786
3891.64980801  0.98854035
3891.65119688  0.98864603
3891.65258575  0.98861307
3891.65397461  0.98903364
3891.65536348  0.98846883
3891.65675235  0.98925889
3891.65814122  0.98942840
3891.65953009  0.98963463
3891.66091896  0.98920161
3891.66230782  0.98899758
3891.66369669  0.98987198
3891.66508556  0.99012053
3891.66647443  0.98974675
3891.66786330  0.99082989
3891.66925216  0.99015737
3891.67064103  0.98963410
3891.67202990  0.98992372
3891.67341877  0.99004894
3891.67480764  0.98979783
3891.67619651  0.98943996
3891.67758537  0.98934823
3891.67897424  0.98989242
3891.68036311  0.99014074
3891.68175198  0.98997647
3891.68314085  0.98999673
3891.68452971  0.99042791
3891.68591858  0.99019611
3891.68730745  0.99004740
3891.68869632  0.99061787
3891.69008519  0.98952144
3891.69147405  0.99050504
3891.69286292  0.99016327
3891.69425179  0.99055779
3891.69564066  0.99012452
3891.69702953  0.99034876
3891.69841839  0.99045336
3891.69980726  0.99040514
3891.70119613  0.99049318
3891.70258500  0.99014831
3891.70397387  0.99088204
3891.70536273  0.99066049
3891.70675160  0.99056602
3891.70814047  0.99095756
3891.70952934  0.99081987
3891.71091821  0.99109840
3891.71230707  0.99046063
3891.71369594  0.99116892
3891.71508481  0.99101347
3891.71647368  0.99062294
3891.71786255  0.99090546
3891.71925141  0.99177676
3891.72064028  0.99132150
3891.72202915  0.99105322
3891.72341802  0.99108988
3891.72480689  0.99128455
3891.72619575  0.99070287
3891.72758462  0.99135518
3891.72897349  0.99182749
3891.73036236  0.99133527
3891.73175123  0.99074870
3891.73314009  0.99171048
3891.73452896  0.99164987
3891.73591783  0.99160260
3891.73730670  0.99164248
3891.73869557  0.99184471
3891.74008443  0.99175280
3891.74147330  0.99178112
3891.74286217  0.99281514
3891.74425104  0.99552959
3891.74563990  0.99538165
3891.74702877  0.99521643
3891.74841764  0.99501818
3891.74980651  0.99532855
3891.75119538  0.99468338
3891.75258424  0.99430865
3891.75397311  0.99414110
3891.75536198  0.99356711
3891.75675085  0.99385226
3891.75813971  0.99380964
3891.75952858  0.99387336
3891.76091745  0.99357820
3891.76230632  0.99336427
3891.76369519  0.99359888
3891.76508405  0.99309462
3891.76647292  0.99365592
3891.76786179  0.99297112
3891.76925066  0.99364728
3891.77063953  0.99280727
3891.77202839  0.99362981
3891.77341726  0.99354357
3891.77480613  0.99322009
3891.77619500  0.99292594
3891.77758386  0.99344265
3891.77897273  0.99373037
3891.78036160  0.99337780
3891.78175047  0.99373561
3891.78313933  0.99329334
3891.78452820  0.99321163
3891.78591707  0.99394739
3891.78730594  0.99392599
3891.78869481  0.99373794
3891.79008367  0.99405366
3891.79147254  0.99381608
3891.79286141  0.99345553
3891.79425028  0.99390268
3891.79563914  0.99370074
3891.79702801  0.99366599
3891.79841688  0.99408364
3891.79980575  0.99393201
3891.80119461  0.99422103
3891.80258348  0.99406511
3891.80397235  0.99410927
3891.80536122  0.99452502
3891.80675009  0.99384260
3891.80813895  0.99366200
3891.80952782  0.99346930
3891.81091669  0.99392986
3891.81230556  0.99419051
3891.81369442  0.99398071
3891.81508329  0.99431330
3891.81647216  0.99424326
3891.81786103  0.99472868
3891.81924989  0.99475288
3891.82063876  0.99476564
3891.82202763  0.99468708
3891.82341650  0.99518746
3891.82480536  0.99521613
3891.82619423  0.99492753
3891.82758310  0.99537432
3891.82897197  0.99535489
3891.83036084  0.99552870
3891.83174970  0.99526799
3891.83313857  0.99511689
3891.83452744  0.99542773
3891.83591631  0.99527717
3891.83730517  0.99512476
3891.83869404  0.99546224
3891.84008291  0.99564308
3891.84147178  0.99521393
3891.84286064  0.99548078
3891.84424951  0.99572474
3891.84563838  0.99584162
3891.84702725  0.99731338
3891.84841611  1.00688481
3891.84980498  1.00276053
3891.85119385  1.00025904
3891.85258272  0.99957526
3891.85397158  0.99963421
3891.85536045  0.99828750
3891.85674932  0.99837738
3891.85813819  0.99805671
3891.85952705  0.99791747
3891.86091592  0.99754119
3891.86230479  0.99806416
3891.86369366  0.99760115
3891.86508252  0.99744141
3891.86647139  0.99741131
3891.86786026  0.99732041
3891.86924913  0.99814659
3891.87063799  0.99784946
3891.87202686  0.99695629
3891.87341573  0.99757195
3891.87480460  0.99768037
3891.87619346  0.99723655
3891.87758233  0.99766338
3891.87897120  0.99778992
3891.88036006  0.99826241
3891.88174893  0.99738854
3891.88313780  0.99830371
3891.88452667  0.99778205
3891.88591553  0.99805069
3891.88730440  0.99748665
3891.88869327  0.99737990
3891.89008214  0.99768591
3891.89147100  0.99762601
3891.89285987  0.99767947
3891.89424874  0.99794382
3891.89563761  0.99809158
3891.89702647  0.99759901
3891.89841534  0.99756396
3891.89980421  0.99811465
3891.90119308  0.99775285
3891.90258194  0.99814731
3891.90397081  0.99852127
3891.90535968  0.99817795
3891.90674854  0.99822754
3891.90813741  0.99839115
3891.90952628  0.99820447
3891.91091515  0.99850225
3891.91230401  0.99829328
3891.91369288  0.99836498
3891.91508175  0.99800497
3891.91647062  0.99841326
3891.91785948  0.99853826
3891.91924835  0.99820578
3891.92063722  0.99816728
3891.92202608  0.99845898
3891.92341495  0.99845147
3891.92480382  0.99892056
3891.92619269  0.99819422
3891.92758155  0.99902266
3891.92897042  0.99872905
3891.93035929  0.99853438
3891.93174816  0.99857676
3891.93313702  0.99877292
3891.93452589  0.99915546
3891.93591476  0.99909782
3891.93730362  0.99974811
3891.93869249  0.99930584
3891.94008136  0.99900061
3891.94147023  0.99868387
3891.94285909  0.99927312
3891.94424796  0.99874759
3891.94563683  0.99958563
3891.94702569  0.99936503
3891.94841456  0.99876291
3891.94980343  0.99891371
3891.95119230  1.00063384
3891.95258116  1.00441897
3891.95397003  1.00457370
3891.95535890  1.00511837
3891.95813663  1.00510418
3891.95952550  1.00455594
3891.96091437  1.00311768
3891.96230323  1.00282681
3891.96369210  1.00277138
3891.96508097  1.00184596
3891.96646983  1.00232291
3891.96785870  1.00247931
3891.96924757  1.00174224
3891.97063644  1.00295997
3891.97202530  1.00180495
3891.97341417  1.00172937
3891.97480304  1.00186610
3891.97619190  1.00165796
3891.97758077  1.00177526
3891.97896964  1.00108182
3891.98035851  1.00092530
3891.98174737  1.00132966
3891.98313624  1.00126219
3891.98452511  1.00097740
3891.98591397  1.00115275
3891.98730284  1.00104976
3891.98869171  1.00134683
3891.99008057  1.00139761
3891.99146944  1.00143194
3891.99285831  1.00170016
3891.99424718  1.00158918
3891.99563604  1.00152874
3891.99702491  1.00174618
3891.99841378  1.00116777
3891.99980264  1.00130618
3892.00119151  1.00069702
3892.00258038  1.00125062
3892.00396925  1.00103188
3892.00535811  1.00175583
3892.00674698  1.00118184
3892.00813585  1.00171161
3892.00952471  1.00191689
3892.01091358  1.00140262
3892.01230245  1.00158930
3892.01369131  1.00194573
3892.01508018  1.00152349
3892.01646905  1.00170898
3892.01785791  1.00129521
3892.01924678  1.00149691
3892.02063565  1.00177610
3892.02202452  1.00190592
3892.02341338  1.00220156
3892.02480225  1.00229549
3892.02619112  1.00194418
3892.02757998  1.00225782
3892.02896885  1.00230002
3892.03035772  1.00269377
3892.03174658  1.00215638
3892.03313545  1.00292170
3892.03452432  1.00324762
3892.03591318  1.00238085
3892.03730205  1.00245178
3892.03869092  1.00232768
3892.04007979  1.00266051
3892.04146865  1.00297582
3892.04285752  1.00251257
3892.04424639  1.00290728
3892.04563525  1.00266266
3892.04702412  1.00286293
3892.04841299  1.00256848
3892.04980185  1.00287223
3892.05119072  1.00311971
3892.05257959  1.00295234
3892.05396845  1.00314045
3892.05535732  1.00340104
3892.05674619  1.00337744
3892.05813505  1.00286853
3892.05952392  1.00365233
3892.06091279  1.00389755
3892.06230165  1.00305402
3892.06369052  1.00408542
3892.06507939  1.00347626
3892.06646825  1.00349855
3892.06785712  1.00327170
3892.06924599  1.00406122
3892.07063485  1.00387359
3892.07202372  1.00316083
3892.07341259  1.00384152
3892.07480145  1.00363719
3892.07619032  1.00378251
3892.07757919  1.00373125
3892.07896806  1.00402188
3892.08035692  1.00363743
3892.08174579  1.00415397
3892.08313466  1.00435865
3892.08452352  1.00437927
3892.08591239  1.00410986
3892.08730126  1.00380182
3892.08869012  1.00461161
3892.09007899  1.00428104
3892.09146786  1.00472867
3892.09285672  1.00430691
3892.09424559  1.00467432
3892.09563446  1.00434458
3892.09702332  1.00448513
3892.09841219  1.00429404
3892.09980106  1.00436831
3892.10118992  1.00511718
3892.10257879  1.00520074
3892.10396766  1.00438631
3892.10535652  1.00512683
3892.10674539  1.00537527
3892.10813426  1.00479376
3892.10952312  1.00516212
3892.11091199  1.00488102
3892.11230086  1.00499380
3892.11368972  1.00570142
3892.11507859  1.00580907
3892.11646746  1.00532329
3892.11785632  1.00543344
3892.11924519  1.00526357
3892.12063406  1.00535285
3892.12202292  1.00639832
3892.12341179  1.00522125
3892.12480065  1.00606287
3892.12618952  1.00549734
3892.12757839  1.00546324
3892.12896725  1.00544500
3892.13035612  1.00599110
3892.13174499  1.00565493
3892.13313385  1.00621152
3892.13452272  1.00626171
3892.13591159  1.00679207
3892.13730045  1.00610042
3892.13868932  1.00599873
3892.14007819  1.00679648
3892.14146705  1.00577796
3892.14285592  1.00630271
3892.14424479  1.00705659
3892.14563365  1.00646627
3892.14702252  1.00696933
3892.14841139  1.00655138
3892.14980025  1.00619161
3892.15118912  1.00648630
3892.15257799  1.00690019
3892.15396685  1.00676167
3892.15535572  1.00711262
3892.15674458  1.00659585
3892.15813345  1.00637794
3892.15952232  1.00700927
3892.16091118  1.00726223
3892.16230005  1.00712585
3892.16368892  1.00716066
3892.16507778  1.00730431
3892.16646665  1.00717378
3892.16785552  1.00776172
3892.16924438  1.00734544
3892.17063325  1.00796342
3892.17202212  1.00687182
3892.17341098  1.00736642
3892.17479985  1.00779128
3892.17618872  1.00768816
3892.17757758  1.00690353
3892.17896645  1.00753868
3892.18035531  1.00825310
3892.18174418  1.00822639
3892.18313305  1.00793397
3892.18452191  1.00892508
3892.18591078  1.00980294
3892.18729965  1.00954056
3892.18868851  1.00920260
3892.19007738  1.00936198
3892.19146625  1.00942564
3892.19285511  1.00959110
3892.19424398  1.00958502
3892.19563284  1.01011753
3892.19702171  1.00933480
3892.19841058  1.00991631
3892.19979944  1.00947642
3892.20118831  1.00927842
3892.20257718  1.00944209
3892.20396604  1.01057458
3892.20535491  1.01033127
3892.20674377  1.00997972
3892.20813264  1.00966370
3892.20952151  1.00951803
3892.21091037  1.00996363
3892.21229924  1.00984216
3892.21368811  1.00969076
3892.21507697  1.00981629
3892.21646584  1.00979817
3892.21785471  1.00989151
3892.21924357  1.00994778
3892.22063244  1.00984812
3892.22202130  1.01007378
3892.22341017  1.01009202
3892.22479904  1.01067531
3892.22618790  1.01072919
3892.22757677  1.01053226
3892.22896563  1.01050842
3892.23035450  1.01018989
3892.23174337  1.01021886
3892.23313223  1.01065731
3892.23452110  1.01045263
3892.23590997  1.01071668
3892.23729883  1.01055729
3892.23868770  1.01111388
3892.24007656  1.01105750
3892.24146543  1.01072252
3892.24285430  1.01044893
3892.24424316  1.01086259
3892.24563203  1.01075637
3892.24702090  1.01128554
3892.24840976  1.01083708
3892.24979863  1.01189864
3892.25118749  1.01154625
3892.25257636  1.01159060
3892.25396523  1.01183605
3892.25535409  1.01142788
3892.25674296  1.01209891
3892.25813182  1.01222706
3892.25952069  1.01226056
3892.26090956  1.01217115
3892.26229842  1.01183403
3892.26368729  1.01241863
3892.26507616  1.01214790
3892.26646502  1.01212513
3892.26785389  1.01231611
3892.26924275  1.01216543
3892.27063162  1.01253569
3892.27202049  1.01258779
3892.27340935  1.01264215
3892.27479822  1.01259315
3892.27618708  1.01323473
3892.27757595  1.01243126
3892.27896482  1.01286030
3892.28035368  1.01286733
3892.28174255  1.01281130
3892.28313141  1.01232350
3892.28452028  1.01330733
3892.28590915  1.01251721
3892.28729801  1.01271927
3892.28868688  1.01286983
3892.29007574  1.01330578
3892.29146461  1.01295269
3892.29285348  1.01381516
3892.29424234  1.01314700
3892.29563121  1.01338017
3892.29702007  1.01308179
3892.29840894  1.01355577
3892.29979781  1.01358223
3892.30118667  1.01420224
3892.30257554  1.01404262
3892.30396440  1.01373434
3892.30535327  1.01446080
3892.30674214  1.01435733
3892.30813100  1.01401424
3892.30951987  1.01431656
3892.31090873  1.01412213
3892.31229760  1.01409459
3892.31368647  1.01434505
3892.31507533  1.01472306
3892.31646420  1.01439047
3892.31785306  1.01441777
3892.31924193  1.01416135
3892.32063080  1.01473618
3892.32201966  1.01495457
3892.32340853  1.01412094
3892.32479739  1.01458192
3892.32618626  1.01463246
3892.32757513  1.01556754
3892.32896399  1.01479435
3892.33035286  1.01485205
3892.33174172  1.01443231
3892.33313059  1.01492882
3892.33451946  1.01482451
3892.33590832  1.01461649
3892.33729719  1.01565373
3892.33868605  1.01564932
3892.34007492  1.01547194
3892.34146378  1.01544845
3892.34285265  1.01546073
3892.34424152  1.01566517
3892.34563038  1.01547325
3892.34701925  1.01573193
3892.34840811  1.01591301
3892.34979698  1.01581109
3892.35118585  1.01596463
3892.35257471  1.01578653
3892.35396358  1.01595879
3892.35535244  1.01653123
3892.35674131  1.01645350
3892.35813017  1.01623881
3892.35951904  1.01653671
3892.36090791  1.01597786
3892.36229677  1.01647115
3892.36368564  1.01701009
3892.36507450  1.01689172
3892.36646337  1.01679111
3892.36785223  1.01661170
3892.36924110  1.01710165
3892.37062997  1.01716781
3892.37201883  1.01723444
3892.37340770  1.01668096
3892.37479656  1.01760972
3892.37618543  1.01672971
3892.37757430  1.01717365
3892.37896316  1.01753724
3892.38035203  1.01762974
3892.38174089  1.01744068
3892.38312976  1.01837778
3892.38451862  1.01798737
3892.38590749  1.01724577
3892.38729636  1.01828587
3892.38868522  1.01777506
3892.39007409  1.01813221
3892.39146295  1.01777172
3892.39285182  1.01776040
3892.39424068  1.01873660
3892.39562955  1.01857448
3892.39701842  1.01768494
3892.39840728  1.01889169
3892.39979615  1.01849329
3892.40118501  1.01807928
3892.40257388  1.01868725
3892.40396274  1.01856756
3892.40535161  1.01843977
3892.40674047  1.01876581
3892.40812934  1.01803446
3892.40951821  1.01927686
3892.41090707  1.01946115
3892.41229594  1.01918125
3892.41368480  1.01847780
3892.41507367  1.01928163
3892.41646253  1.01856387
3892.41785140  1.01890421
3892.41924026  1.01984560
3892.42062913  1.01975739
3892.42201800  1.01930559
3892.42340686  1.02023733
3892.42479573  1.02035069
3892.42618459  1.01946926
3892.42757346  1.01984751
3892.42896232  1.02026105
3892.43035119  1.02021801
3892.43174006  1.02011180
3892.43312892  1.02051866
3892.43451779  1.01969397
3892.43590665  1.02013886
3892.43729552  1.02021301
3892.43868438  1.02080822
3892.44007325  1.02019870
3892.44146211  1.02007937
3892.44285098  1.01976275
3892.44423985  1.02068782
3892.44562871  1.02037883
3892.44701758  1.02032340
3892.44840644  1.02051568
3892.44979531  1.02112758
3892.45118417  1.02046180
3892.45257304  1.02151906
3892.45396190  1.02096820
3892.45535077  1.02118146
3892.45673963  1.02083504
3892.45812850  1.02132082
3892.45951737  1.02115905
3892.46090623  1.02167153
3892.46229510  1.02128506
3892.46368396  1.02166343
3892.46507283  1.02130401
3892.46646169  1.02188444
3892.46785056  1.02158117
3892.46923942  1.02196825
3892.47062829  1.02251780
3892.47201715  1.02307940
3892.47340602  1.02267015
3892.47479489  1.02248836
3892.47618375  1.02289796
3892.47757262  1.02290440
3892.47896148  1.02273583
3892.48035035  1.02298307
3892.48173921  1.02293932
3892.48312808  1.02300406
3892.48451694  1.02265453
3892.48590581  1.02304840
3892.48729467  1.02343595
3892.48868354  1.02346134
3892.49007240  1.02392220
3892.49146127  1.02355349
3892.49285014  1.02425992
3892.49423900  1.02386487
3892.49562787  1.02406299
3892.49701673  1.02415347
3892.49840560  1.02478683
3892.49979446  1.02484381
3892.50118333  1.02452517
3892.50257219  1.02412581
3892.50396106  1.02410054
3892.50534992  1.02462959
3892.50673879  1.02491057
3892.50812765  1.02490950
3892.50951652  1.02506030
3892.51090538  1.02435875
3892.51229425  1.02472806
3892.51368312  1.02513087
3892.51507198  1.02552450
3892.51646085  1.02496469
3892.51784971  1.02540052
3892.51923858  1.02542746
3892.52062744  1.02572632
3892.52201631  1.02540016
3892.52340517  1.02513659
3892.52479404  1.02602947
3892.52618290  1.02521074
3892.52757177  1.02536881
3892.52896063  1.02543116
3892.53034950  1.02537739
3892.53173836  1.02536237
3892.53312723  1.02604926
3892.53451609  1.02563477
3892.53590496  1.02651000
3892.53729382  1.02657843
3892.53868269  1.02606177
3892.54007155  1.02560461
3892.54146042  1.02565825
3892.54284929  1.02626860
3892.54423815  1.02629566
3892.54562702  1.02656078
3892.54701588  1.02611816
3892.54840475  1.02649856
3892.54979361  1.02618217
3892.55118248  1.02706790
3892.55257134  1.02749968
3892.55396021  1.02656782
3892.55534907  1.02699983
3892.55673794  1.02685070
3892.55812680  1.02669382
3892.55951567  1.02725339
3892.56090453  1.02724087
3892.56229340  1.02745354
3892.56368226  1.02671659
3892.56507113  1.02731001
3892.56645999  1.02741647
3892.56784886  1.02734637
3892.56923772  1.02719450
3892.57062659  1.02760661
3892.57201545  1.02760255
3892.57340432  1.02804494
3892.57479318  1.02778125
3892.57618205  1.02779138
3892.57757091  1.02762139
3892.57895978  1.02762032
3892.58034864  1.02851558
3892.58173751  1.02815962
3892.58312637  1.02832615
3892.58451524  1.02849317
3892.58590410  1.02854908
3892.58729297  1.02851832
3892.58868183  1.02920055
3892.59007070  1.02830374
3892.59145956  1.02880597
3892.59284843  1.02833581
3892.59423729  1.02823150
3892.59562616  1.02812541
3892.59701502  1.02886140
3892.59840389  1.02888668
3892.59979275  1.02811718
3892.60118162  1.02827382
3892.60257048  1.02836168
3892.60395935  1.02899754
3892.60534821  1.02903891
3892.60673708  1.02982008
3892.60812594  1.02901649
3892.60951481  1.02909458
3892.61090367  1.02951396
3892.61229254  1.02941346
3892.61368140  1.02971661
3892.61507027  1.03019238
3892.61645913  1.02927947
3892.61784800  1.03032553
3892.61923686  1.03054929
3892.62062573  1.03028977
3892.62201459  1.03017831
3892.62340346  1.03063178
3892.62479232  1.02952683
3892.62618119  1.03034031
3892.62757005  1.03053248
3892.62895892  1.03060210
3892.63034778  1.03088582
3892.63173665  1.03108156
3892.63312551  1.03079069
3892.63451438  1.03130472
3892.63590324  1.03120542
3892.63729211  1.03580153
3892.63868097  1.03571141
3892.64006984  1.03444481
3892.64145870  1.03466511
3892.64284757  1.03367805
3892.64423643  1.03359258
3892.64562530  1.03313720
3892.64701416  1.03336179
3892.64840303  1.03373361
3892.64979189  1.03403378
3892.65118076  1.03287876
3892.65256962  1.03350687
3892.65395849  1.03346801
3892.65534735  1.03317380
3892.65673622  1.03308678
3892.65812508  1.03331208
3892.65951395  1.03338182
3892.66090281  1.03330529
3892.66229168  1.03299081
3892.66368054  1.03336847
3892.66506941  1.03304231
3892.66645827  1.03282487
3892.66784713  1.03299296
3892.66923600  1.03315556
3892.67062486  1.03370845
3892.67201373  1.03348541
3892.67340259  1.03317678
3892.67479146  1.03318405
3892.67618032  1.03318250
3892.67756919  1.03375018
3892.67895805  1.03365326
3892.68034692  1.03370047
3892.68173578  1.03412056
3892.68312465  1.03325081
3892.68451351  1.03421628
3892.68590238  1.03433430
3892.68729124  1.03328562
3892.68868011  1.03365076
3892.69006897  1.03386307
3892.69145784  1.03359365
3892.69284670  1.03399718
3892.69423557  1.03403258
3892.69562443  1.03417552
3892.69701329  1.03388143
3892.69840216  1.03363752
3892.69979102  1.03384435
3892.70117989  1.03412521
3892.70256875  1.03404880
3892.70395762  1.03455567
3892.70534648  1.03465295
3892.70673535  1.03428674
3892.70812421  1.03448033
3892.70951308  1.03435850
3892.71090194  1.03543341
3892.71229081  1.03474510
3892.71367967  1.03525066
3892.71506854  1.03487229
3892.71645740  1.03485191
3892.71784626  1.03519464
3892.71923513  1.03488958
3892.72062399  1.03545392
3892.72201286  1.03500271
3892.72340172  1.03575480
3892.72479059  1.03581667
3892.72617945  1.03557050
3892.72756832  1.03587532
3892.72895718  1.03627861
3892.73034605  1.03545868
3892.73173491  1.03576589
3892.73312378  1.03542960
3892.73451264  1.03575647
3892.73590150  1.03603137
3892.73729037  1.03645611
3892.73867923  1.03647065
3892.74006810  1.03636193
3892.74145696  1.03622246
3892.74284583  1.03675306
3892.74423469  1.03651106
3892.74562356  1.03635228
3892.74701242  1.03634965
3892.74840129  1.03656113
3892.74979015  1.03744602
3892.75117902  1.03680480
3892.75256788  1.03680265
3892.75395674  1.03659785
3892.75534561  1.03605354
3892.75673447  1.03709209
3892.75812334  1.03738725
3892.75951220  1.03723133
3892.76090107  1.03658211
3892.76228993  1.03683317
3892.76367880  1.03699756
3892.76506766  1.03691792
3892.76645652  1.03782678
3892.76784539  1.03707409
3892.76923425  1.03739166
3892.77062312  1.03717506
3892.77201198  1.03744805
3892.77340085  1.03753877
3892.77478971  1.03748775
3892.77617858  1.03840709
3892.77756744  1.03744423
3892.77895630  1.03769755
3892.78034517  1.03784454
3892.78173403  1.03814960
3892.78312290  1.03752625
3892.78451176  1.03755271
3892.78590063  1.03771210
3892.78728949  1.03775144
3892.78867836  1.03828657
3892.79006722  1.03864384
3892.79145608  1.03828645
3892.79284495  1.03768134
3892.79423381  1.03875852
3892.79562268  1.03854799
3892.79701154  1.03838110
3892.79840041  1.03822851
3892.79978927  1.03891146
3892.80117814  1.03910327
3892.80256700  1.03855634
3892.80395586  1.03910613
3892.80534473  1.03932559
3892.80673359  1.03896272
3892.80812246  1.03890908
3892.80951132  1.03893220
3892.81090019  1.03925610
3892.81228905  1.03903735
3892.81367791  1.03948629
3892.81506678  1.03899193
3892.81645564  1.03928399
3892.81784451  1.03936923
3892.81923337  1.03993189
3892.82062224  1.04101014
3892.82201110  1.04803419
3892.82339997  1.04815805
3892.82478883  1.04655349
3892.82617769  1.04420924
3892.82756656  1.04371417
3892.82895542  1.04385793
3892.83034429  1.04394352
3892.83173315  1.04325461
3892.83312202  1.04326081
3892.83451088  1.04236460
3892.83589974  1.04203117
3892.83728861  1.04177725
3892.83867747  1.04187751
3892.84006634  1.04190850
3892.84145520  1.04167020
3892.84284407  1.04146111
3892.84423293  1.04186141
3892.84562179  1.04150498
3892.84701066  1.04100847
3892.84839952  1.04193878
3892.84978839  1.04199600
3892.85117725  1.04120576
3892.85256611  1.04141212
3892.85395498  1.04100716
3892.85534384  1.04124260
3892.85673271  1.04157686
3892.85812157  1.04173887
3892.85951044  1.04129469
3892.86089930  1.04157913
3892.86228816  1.04147899
3892.86367703  1.04126167
3892.86506589  1.04126310
3892.86645476  1.04135478
3892.86784362  1.04112422
3892.86923249  1.04214478
3892.87062135  1.04132628
3892.87201021  1.04143500
3892.87339908  1.04162204
3892.87478794  1.04145718
3892.87617681  1.04162180
3892.87756567  1.04192686
3892.87895453  1.04217172
3892.88034340  1.04201627
3892.88173226  1.04224229
3892.88312113  1.04179132
3892.88450999  1.04108047
3892.88589885  1.04152083
3892.88728772  1.04221082
3892.88867658  1.04205525
3892.89006545  1.04218972
3892.89145431  1.04201245
3892.89284318  1.04207194
3892.89423204  1.04227722
3892.89562090  1.04184723
3892.89700977  1.04183602
3892.89839863  1.04221594
3892.89978750  1.04158759
3892.90117636  1.04264510
3892.90256522  1.04207301
3892.90395409  1.04203665
3892.90534295  1.04242110
3892.90673182  1.04215443
3892.90812068  1.04238760
3892.90950954  1.04272604
3892.91089841  1.04310429
3892.91228727  1.04247153
3892.91367614  1.04301488
3892.91506500  1.04293144
3892.91645386  1.04296172
3892.91784273  1.04323542
3892.91923159  1.04313433
3892.92062046  1.04299402
3892.92200932  1.04320014
3892.92339818  1.04289532
3892.92478705  1.04318893
3892.92617591  1.04372001
3892.92756478  1.04376495
3892.92895364  1.04303765
3892.93034250  1.04361784
3892.93173137  1.04416454
3892.93312023  1.04406834
3892.93450910  1.04387176
3892.93589796  1.04376161
3892.93728682  1.04399204
3892.93867569  1.04396319
3892.94006455  1.04347026
3892.94145342  1.04334986
3892.94284228  1.04399347
3892.94423114  1.04363418
3892.94562001  1.04383600
3892.94700887  1.04427600
3892.94839774  1.04379475
3892.94978660  1.04378533
3892.95117546  1.04441166
3892.95256433  1.04364800
3892.95395319  1.04394019
3892.95534206  1.04380596
3892.95673092  1.04419720
3892.95811978  1.04397893
3892.95950865  1.04398620
3892.96089751  1.04400671
3892.96228638  1.04392469
3892.96367524  1.04422951
3892.96506410  1.04466820
3892.96645297  1.04386640
3892.96784183  1.04383624
3892.96923070  1.04436338
3892.97061956  1.04491544
3892.97200842  1.04483044
3892.97339729  1.04448068
3892.97478615  1.04447579
3892.97617501  1.04450190
3892.97756388  1.04523969
3892.97895274  1.04418480
3892.98034161  1.04493511
3892.98173047  1.04491377
3892.98311933  1.04490244
3892.98450820  1.04445708
3892.98589706  1.04492068
3892.98728593  1.04463089
3892.98867479  1.04502201
3892.99006365  1.04442072
3892.99145252  1.04532337
3892.99284138  1.04521310
3892.99423024  1.04521894
3892.99561911  1.04432261
3892.99700797  1.04472697
3892.99839684  1.04513323
3892.99978570  1.04526377
3893.00117456  1.04527283
3893.00256343  1.04441714
3893.00395229  1.04466295
3893.00534115  1.04563463
3893.00673002  1.04527950
3893.00811888  1.04498231
3893.00950775  1.04506028
3893.01089661  1.04552400
3893.01228547  1.04549432
3893.01367434  1.04506779
3893.01506320  1.04567564
3893.01645206  1.04568434
3893.01784093  1.04514909
3893.01922979  1.04526508
3893.02061866  1.04529262
3893.02200752  1.04549098
3893.02339638  1.04961872
3893.02478525  1.05220139
3893.02617411  1.04988253
3893.02756297  1.04847991
3893.02895184  1.04763925
3893.03034070  1.04748511
3893.03172957  1.04748929
3893.03311843  1.04729724
3893.03450729  1.04657042
3893.03589616  1.04702389
3893.03728502  1.04670632
3893.03867388  1.04676998
3893.04006275  1.04671657
3893.04145161  1.04652870
3893.04284048  1.04661548
3893.04422934  1.04681683
3893.04561820  1.04664516
3893.04700707  1.04670501
3893.04839593  1.04697740
3893.04978479  1.04602742
3893.05117366  1.04653037
3893.05256252  1.04661441
3893.05395138  1.04627049
3893.05534025  1.04614222
3893.05672911  1.04632199
3893.05811798  1.04654646
3893.05950684  1.04618478
3893.06089570  1.04678738
3893.06228457  1.04685271
3893.06367343  1.04735136
3893.06506229  1.04762673
3893.06645116  1.04704797
3893.06784002  1.04726386
3893.06922888  1.04695976
3893.07061775  1.04736423
3893.07200661  1.04760432
3893.07339547  1.04755855
3893.07478434  1.04693556
3893.07617320  1.04711497
3893.07756207  1.04751837
3893.07895093  1.04746485
3893.08033979  1.04698253
3893.08172866  1.04762816
3893.08311752  1.04738247
3893.08450638  1.04750907
3893.08589525  1.04707491
3893.08728411  1.04706216
3893.08867297  1.04758942
3893.09006184  1.04756677
3893.09145070  1.04740143
3893.09283956  1.04714084
3893.09422843  1.04685938
3893.09561729  1.04682541
3893.09700616  1.04678857
3893.09839502  1.04721272
3893.09978388  1.04756260
3893.10117275  1.04772043
3893.10256161  1.04674625
3893.10395047  1.04729104
3893.10533934  1.04745638
3893.10672820  1.04757559
3893.10811706  1.04768896
3893.10950593  1.04713261
3893.11089479  1.04690909
3893.11228365  1.04716599
3893.11367252  1.04757154
3893.11506138  1.04723072
3893.11645024  1.04717731
3893.11783911  1.04760563
3893.11922797  1.04795361
3893.12061683  1.04803073
3893.12200570  1.04820168
3893.12339456  1.04728985
3893.12478342  1.04740262
3893.12617229  1.04747891
3893.12756115  1.04701030
3893.12895002  1.04766905
3893.13033888  1.04753506
3893.13172774  1.04725766
3893.13311661  1.04767096
3893.13450547  1.04806566
3893.13589433  1.04728198
3893.13728320  1.04768348
3893.13867206  1.04822111
3893.14006092  1.04797578
3893.14144979  1.04817414
3893.14283865  1.04749072
3893.14422751  1.04762971
3893.14561638  1.04786110
3893.14700524  1.04785228
3893.14839410  1.04790747
3893.14978297  1.04842806
3893.15117183  1.04861152
3893.15256069  1.04996455
3893.15394956  1.04856086
3893.15533842  1.04805744
3893.15672728  1.04874659
3893.15811615  1.04780316
3893.15950501  1.04878271
3893.16089387  1.04943454
3893.16228274  1.04922676
3893.16367160  1.04867029
3893.16506046  1.04816830
3893.16644933  1.04830647
3893.16783819  1.04828894
3893.16922705  1.04772604
3893.17061592  1.04804754
3893.17200478  1.04747427
3893.17339364  1.04825222
3893.17478251  1.04818738
3893.17617137  1.04806888
3893.17756023  1.04742992
3893.17894910  1.04811025
3893.18033796  1.04800320
3893.18172682  1.04778481
3893.18311569  1.04783452
3893.18450455  1.04815674
3893.18589341  1.04846001
3893.18728228  1.04822469
3893.18867114  1.04823303
3893.19006000  1.04789972
3893.19144887  1.04804838
3893.19283773  1.04775059
3893.19422659  1.04752231
3893.19561546  1.04712844
3893.19700432  1.04761815
3893.19839318  1.04782939
3893.19978205  1.04801285
3893.20117091  1.04790747
3893.20255977  1.04783630
3893.20394863  1.04775655
3893.20533750  1.04825127
3893.20672636  1.04787636
3893.20811522  1.04836082
3893.20950409  1.04805064
3893.21089295  1.04835534
3893.21228181  1.04755521
3893.21367068  1.04795146
3893.21505954  1.04788339
3893.21644840  1.04838049
3893.21783727  1.04876769
3893.21922613  1.04772937
3893.22061499  1.04752731
3893.22200386  1.04774749
3893.22339272  1.04873431
3893.22478158  1.04817462
3893.22617045  1.04842710
3893.22755931  1.04794097
3893.22894817  1.04808867
3893.23033704  1.04777765
3893.23172590  1.04759753
3893.23311476  1.04774094
3893.23450362  1.04828775
3893.23589249  1.04826248
3893.23728135  1.04795980
3893.23867021  1.04775488
3893.24005908  1.04788899
3893.24144794  1.04734159
3893.24283680  1.04855597
3893.24422567  1.04861164
3893.24561453  1.04770982
3893.24700339  1.04848742
3893.24839226  1.04756498
3893.24978112  1.04806304
3893.25116998  1.04774356
3893.25255885  1.04801846
3893.25394771  1.04866707
3893.25533657  1.04798412
3893.25672543  1.04829979
3893.25811430  1.04766154
3893.25950316  1.04813170
3893.26089202  1.04758298
3893.26228089  1.04827499
3893.26366975  1.04800570
3893.26505861  1.04804420
3893.26644748  1.04802012
3893.26783634  1.04756141
3893.26922520  1.04818797
3893.27061407  1.04828596
3893.27200293  1.04754639
3893.27339179  1.04808450
3893.27478065  1.04789555
3893.27616952  1.04813969
3893.27755838  1.04751980
3893.27894724  1.04764497
3893.28033611  1.04784715
3893.28172497  1.04833841
3893.28311383  1.04785037
3893.28450270  1.04816914
3893.28589156  1.04738784
3893.28728042  1.04745102
3893.28866929  1.04769909
3893.29005815  1.04756105
3893.29144701  1.04825401
3893.29283587  1.04735279
3893.29422474  1.04767597
3893.29561360  1.04705191
3893.29700246  1.04754448
3893.29839133  1.04719877
3893.29978019  1.04743397
3893.30116905  1.04738760
3893.30255792  1.04795778
3893.30394678  1.04769850
3893.30533564  1.04812562
3893.30672450  1.04711187
3893.30811337  1.04709232
3893.30950223  1.04753721
3893.31089109  1.04732072
3893.31227996  1.04754925
3893.31366882  1.04760921
3893.31505768  1.04781783
3893.31644654  1.04738843
3893.31783541  1.04762959
3893.31922427  1.04792893
3893.32061313  1.04738700
3893.32200200  1.04759729
3893.32339086  1.04817080
3893.32477972  1.04655981
3893.32616859  1.04773247
3893.32755745  1.04759574
3893.32894631  1.04738963
3893.33033517  1.04716611
3893.33172404  1.04743147
3893.33311290  1.04681337
3893.33450176  1.04718697
3893.33589063  1.04729736
3893.33727949  1.04750204
3893.33866835  1.04698288
3893.34005721  1.04726052
3893.34144608  1.04698002
3893.34283494  1.04715228
3893.34422380  1.04751003
3893.34561267  1.04756868
3893.34700153  1.04737329
3893.34839039  1.04682672
3893.34977925  1.04721737
3893.35116812  1.04695582
3893.35255698  1.04669881
3893.35394584  1.04653239
3893.35533471  1.04682767
3893.35672357  1.04709399
3893.35811243  1.04749513
3893.35950129  1.04781711
3893.36089016  1.04684281
3893.36227902  1.04698884
3893.36366788  1.04669785
3893.36505675  1.04645240
3893.36644561  1.04616773
3893.36783447  1.04628098
3893.36922333  1.04598546
3893.37061220  1.04652345
3893.37200106  1.04677284
3893.37338992  1.04678011
3893.37477879  1.04638743
3893.37616765  1.04654849
3893.37755651  1.04667437
3893.37894537  1.04695833
3893.38033424  1.04596651
3893.38172310  1.04656577
3893.38311196  1.04659629
3893.38450083  1.04693031
3893.38588969  1.04610455
3893.38727855  1.04603791
3893.38866741  1.04662192
3893.39005628  1.04635680
3893.39144514  1.04677165
3893.39283400  1.04556084
3893.39422286  1.04579771
3893.39561173  1.04586315
3893.39700059  1.04632461
3893.39838945  1.04581726
3893.39977832  1.04641354
3893.40116718  1.04557431
3893.40255604  1.04605854
3893.40394490  1.04597414
3893.40533377  1.04575694
3893.40672263  1.04605913
3893.40811149  1.04609668
3893.41088922  1.04902780
3893.41227808  1.04800284
3893.41366694  1.04748380
3893.41505581  1.04765224
3893.41644467  1.04692590
3893.41783353  1.04686260
3893.41922239  1.04644871
3893.42061126  1.04705119
3893.42200012  1.04654956
3893.42338898  1.04708064
3893.42477784  1.04568338
3893.42616671  1.04600000
3893.42755557  1.04687333
3893.42894443  1.04618919
3893.43033330  1.04706156
3893.43172216  1.04615486
3893.43311102  1.04618716
3893.43449988  1.04546237
3893.43588875  1.04633045
3893.43727761  1.04537642
3893.43866647  1.04604554
3893.44005533  1.04489219
3893.44144420  1.04519260
3893.44283306  1.04546535
3893.44422192  1.04532468
3893.44561078  1.04553699
3893.44699965  1.04578352
3893.44838851  1.04579914
3893.44977737  1.04530466
3893.45116624  1.04569960
3893.45255510  1.04620898
3893.45394396  1.04460096
3893.45533282  1.04564500
3893.45672169  1.04436076
3893.45811055  1.04489827
3893.45949941  1.04486167
3893.46088827  1.04468656
3893.46227714  1.04463613
3893.46366600  1.04484093
3893.46505486  1.04465258
3893.46644372  1.04434896
3893.46783259  1.04563367
3893.46922145  1.04449904
3893.47061031  1.04498351
3893.47199918  1.04581666
3893.47338804  1.04545295
3893.47477690  1.04540145
3893.47616576  1.04490590
3893.47755463  1.04564095
3893.47894349  1.04520917
3893.48033235  1.04498255
3893.48172121  1.04547548
3893.48311008  1.04518330
3893.48449894  1.04565239
3893.48588780  1.04557180
3893.48727666  1.04546261
3893.48866553  1.04525018
3893.49005439  1.04643595
3893.49144325  1.04540980
3893.49283211  1.04508185
3893.49422098  1.04546320
3893.49560984  1.04507816
3893.49699870  1.04513443
3893.49838756  1.04593253
3893.49977643  1.04499722
3893.50116529  1.04567087
3893.50255415  1.04560292
3893.50394301  1.04494631
3893.50533188  1.04556012
3893.50672074  1.04480028
3893.50810960  1.04498756
3893.50949846  1.04487371
3893.51088733  1.04434705
3893.51227619  1.04423773
3893.51366505  1.04445446
3893.51505391  1.04422307
3893.51644278  1.04344940
3893.51783164  1.04460442
3893.51922050  1.04399955
3893.52060936  1.04413080
3893.52199823  1.04388630
3893.52338709  1.04336929
3893.52477595  1.04325700
3893.52616481  1.04399610
3893.52755368  1.04383194
3893.52894254  1.04253066
3893.53033140  1.04243207
3893.53172026  1.04323602
3893.53310913  1.04282868
3893.53449799  1.04309309
3893.53588685  1.04308558
3893.53727571  1.04289317
3893.53866458  1.04265857
3893.54005344  1.04239380
3893.54144230  1.04258168
3893.54283116  1.04263294
3893.54422003  1.04229760
3893.54560889  1.04220462
3893.54699775  1.04207528
3893.54838661  1.04225266
3893.54977548  1.04161906
3893.55116434  1.04248965
3893.55255320  1.04174149
3893.55394206  1.04107630
3893.55533093  1.04159606
3893.55671979  1.04211414
3893.55810865  1.04132915
3893.55949751  1.04120827
3893.56088638  1.04206681
3893.56227524  1.04118025
3893.56366410  1.04165173
3893.56505296  1.04124045
3893.56644183  1.04054320
3893.56783069  1.04146290
3893.56921955  1.04117310
3893.57060841  1.04083288
3893.57199728  1.04050946
3893.57338614  1.04108512
3893.57477500  1.04061329
3893.57616386  1.04014957
3893.57755273  1.04059458
3893.57894159  1.04096675
3893.58033045  1.04040766
3893.58171931  1.04052210
3893.58310817  1.03986812
3893.58449704  1.03977907
3893.58588590  1.03985178
3893.58727476  1.03959751
3893.58866362  1.03974223
3893.59005249  1.03986394
3893.59144135  1.03991771
3893.59283021  1.04013193
3893.59421907  1.04029405
3893.59699680  1.04181445
3893.59977452  1.04184496
3893.60116339  1.04174399
3893.60255225  1.03984630
3893.60394111  1.04083002
3893.60532997  1.04046404
3893.60671883  1.04034448
3893.60810770  1.03937733
3893.60949656  1.04039180
3893.61088542  1.04035485
3893.61227428  1.04000735
3893.61366315  1.03892040
3893.61505201  1.03971457
3893.61644087  1.03907537
3893.61782973  1.03989327
3893.61921860  1.03896511
3893.62060746  1.03974676
3893.62199632  1.03897965
3893.62338518  1.03901780
3893.62477405  1.03859413
3893.62616291  1.03890228
3893.62755177  1.03916454
3893.62894063  1.03840041
3893.63032949  1.03910744
3893.63171836  1.03836620
3893.63310722  1.03846025
3893.63449608  1.03719997
3893.63588494  1.03835499
3893.63727381  1.03740633
3893.63866267  1.03857446
3893.64005153  1.03786600
3893.64144039  1.03756094
3893.64282926  1.03754127
3893.64421812  1.03707922
3893.64560698  1.03729355
3893.64699584  1.03741264
3893.64838470  1.03718758
3893.64977357  1.03792441
3893.65116243  1.03645611
3893.65255129  1.03637898
3893.65394015  1.03627253
3893.65532902  1.03680491
3893.65671788  1.03637934
3893.65810674  1.03659523
3893.65949560  1.03605735
3893.66088447  1.03581190
3893.66227333  1.03587532
3893.66366219  1.03618479
3893.66505105  1.03580976
3893.66643991  1.03452420
3893.66782878  1.03558409
3893.66921764  1.03569293
3893.67060650  1.03533638
3893.67199536  1.03600097
3893.67338423  1.03528833
3893.67477309  1.03508651
3893.67616195  1.03576446
3893.67755081  1.03513682
3893.67893967  1.03531253
3893.68032854  1.03526676
3893.68171740  1.03412127
3893.68310626  1.03543484
3893.68449512  1.03523707
3893.68588399  1.03551388
3893.68727285  1.03446937
3893.68866171  1.03522265
3893.69005057  1.03437650
3893.69143943  1.03447795
3893.69282830  1.03443456
3893.69421716  1.03423321
3893.69560602  1.03443217
3893.69699488  1.03440356
3893.69838375  1.03366172
3893.69977261  1.03421080
3893.70116147  1.03385210
3893.70255033  1.03431880
3893.70393919  1.03396308
3893.70532806  1.03246510
3893.70671692  1.03237951
3893.70810578  1.03270960
3893.70949464  1.03299057
3893.71088351  1.03315568
3893.71227237  1.03208268
3893.71366123  1.03199995
3893.71505009  1.03287661
3893.71643895  1.03262603
3893.71782782  1.03202689
3893.71921668  1.03208470
3893.72060554  1.03211927
3893.72199440  1.03190911
3893.72338327  1.03295386
3893.72477213  1.03215063
3893.72616099  1.03184319
3893.72754985  1.03169835
3893.72893871  1.03103530
3893.73032758  1.03186810
3893.73171644  1.03109932
3893.73310530  1.03082585
3893.73449416  1.03129947
3893.73588303  1.03161752
3893.73727189  1.03073144
3893.73866075  1.03143978
3893.74004961  1.03111839
3893.74143847  1.03079033
3893.74282734  1.03142345
3893.74421620  1.03056753
3893.74560506  1.03108728
3893.74699392  1.03061485
3893.74838279  1.03039384
3893.74977165  1.03120148
3893.75116051  1.02997398
3893.75254937  1.03016877
3893.75393823  1.02968347
3893.75532710  1.03042328
3893.75671596  1.03076506
3893.75810482  1.03075862
3893.75949368  1.02970910
3893.76088254  1.03033841
3893.76227141  1.02988434
3893.76366027  1.02852142
3893.76504913  1.02871478
3893.76643799  1.02928400
3893.76782686  1.02853608
3893.76921572  1.02884364
3893.77060458  1.02918768
3893.77199344  1.02857006
3893.77338230  1.02864671
3893.77477117  1.02902281
3893.77616003  1.02851856
3893.77754889  1.02820170
3893.77893775  1.02877617
3893.78032661  1.02795923
3893.78171548  1.02786386
3893.78310434  1.02771378
3893.78449320  1.02868879
3893.78588206  1.02782798
3893.78727093  1.02798212
3893.78865979  1.02698505
3893.79004865  1.02769327
3893.79143751  1.02803385
3893.79282637  1.02759564
3893.79421524  1.02754188
3893.79560410  1.02744269
3893.79699296  1.02690053
3893.79838182  1.02728653
3893.79977068  1.02773809
3893.80115955  1.02743185
3893.80254841  1.02663481
3893.80393727  1.02636540
3893.80532613  1.02672219
3893.80671499  1.02604520
3893.80810386  1.02623773
3893.80949272  1.02621210
3893.81088158  1.02608597
3893.81227044  1.02676272
3893.81365931  1.02622211
3893.81504817  1.02542675
3893.81643703  1.02653527
3893.81782589  1.02643800
3893.81921475  1.02560747
3893.82060362  1.02539945
3893.82199248  1.02552545
3893.82338134  1.02563524
3893.82477020  1.02473545
3893.82615906  1.02501726
3893.82754793  1.02511597
3893.82893679  1.02524722
3893.83032565  1.02617347
3893.83171451  1.02582049
3893.83310337  1.02468097
3893.83449224  1.02512026
3893.83588110  1.02406645
3893.83726996  1.02398086
3893.83865882  1.02500379
3893.84004769  1.02400672
3893.84143655  1.02407956
3893.84282541  1.02403915
3893.84421427  1.02395523
3893.84560313  1.02320230
3893.84699200  1.02418280
3893.84838086  1.02350342
3893.84976972  1.02382016
3893.85115858  1.02311027
3893.85254744  1.02299404
3893.85393631  1.02299523
3893.85532517  1.02323663
3893.85671403  1.02301717
3893.85810289  1.02269959
3893.85949175  1.02254224
3893.86088062  1.02302051
3893.86226948  1.02188981
3893.86365834  1.02263808
3893.86504720  1.02263904
3893.86643606  1.02221549
3893.86782493  1.02210355
3893.86921379  1.02243757
3893.87060265  1.02203631
3893.87199151  1.02137589
3893.87338038  1.02185488
3893.87476924  1.02160656
3893.87615810  1.02209842
3893.87754696  1.02154410
3893.87893582  1.02144706
3893.88032469  1.02057135
3893.88171355  1.02082849
3893.88310241  1.02031481
3893.88449127  1.02079391
3893.88588013  1.02084661
3893.88726900  1.02098143
3893.88865786  1.02044678
3893.89004672  1.02048922
3893.89143558  1.02009237
3893.89282444  1.01933050
3893.89421331  1.02037227
3893.89560217  1.01963925
3893.89699103  1.01975095
3893.89837989  1.01973796
3893.89976875  1.02035046
3893.90115762  1.01936269
3893.90254648  1.01902080
3893.90393534  1.01968467
3893.90532420  1.01886153
3893.90671307  1.01843822
3893.90810193  1.01915705
3893.90949079  1.01896942
3893.91087965  1.01885331
3893.91226851  1.01904774
3893.91365738  1.01950836
3893.91504624  1.01902258
3893.91643510  1.01851416
3893.91782396  1.01833737
3893.91921282  1.01793897
3893.92060169  1.01776540
3893.92199055  1.01787829
3893.92337941  1.01731288
3893.92476827  1.01722705
3893.92615713  1.01713300
3893.92754600  1.01696074
3893.92893486  1.01727593
3893.93032372  1.01673520
3893.93171258  1.01689744
3893.93310144  1.01691544
3893.93449031  1.01673782
3893.93587917  1.01605225
3893.93726803  1.01689708
3893.93865689  1.01612234
3893.94004575  1.01642668
3893.94143462  1.01641297
3893.94282348  1.01601529
3893.94421234  1.01587331
3893.94560120  1.01589859
3893.94699006  1.01540673
3893.94837893  1.01620007
3893.94976779  1.01662970
3893.95115665  1.01514196
3893.95254551  1.01502526
3893.95393437  1.01528645
3893.95532324  1.01566207
3893.95671210  1.01450527
3893.95810096  1.01540530
3893.95948982  1.01476729
3893.96087868  1.01465940
3893.96226755  1.01479411
3893.96365641  1.01474404
3893.96504527  1.01446402
3893.96643413  1.01493680
3893.96782300  1.01404142
3893.96921186  1.01483202
3893.97060072  1.01439393
3893.97198958  1.01487410
3893.97337844  1.01417410
3893.97476731  1.01328218
3893.97615617  1.01385128
3893.97754503  1.01331699
3893.97893389  1.01332092
3893.98032275  1.01374447
3893.98171162  1.01303852
3893.98310048  1.01273322
3893.98448934  1.01240838
3893.98587820  1.01294529
3893.98726706  1.01304948
3893.98865593  1.01302087
3893.99004479  1.01260185
3893.99143365  1.01295686
3893.99282251  1.01310897
3893.99421137  1.01293957
3893.99560024  1.01264787
3893.99698910  1.01231349
3893.99837796  1.01228321
3893.99976682  1.01232457
3894.00115568  1.01187003
3894.00254455  1.01198637
3894.00393341  1.01187265
3894.00532227  1.01125574
3894.00671113  1.01079440
3894.00810000  1.01110888
3894.01087772  1.01053333
3894.01226658  1.01083267
3894.01365544  1.01067984
3894.01504431  1.01083148
3894.01643317  1.01078081
3894.01782203  1.01072252
3894.01921089  1.01021862
3894.02059975  1.01053774
3894.02198862  1.01090086
3894.02337748  1.01046336
3894.02476634  1.01028097
3894.02615520  1.01000774
3894.02754406  1.01036680
3894.02893293  1.00982845
3894.03032179  1.01005352
3894.03171065  1.00940323
3894.03309951  1.00980031
3894.03448837  1.00906277
3894.03587724  1.01015449
3894.03726610  1.00862837
3894.03865496  1.00816822
3894.04004382  1.00949740
3894.04143268  1.00819564
3894.04282155  1.00810218
3894.04421041  1.00835383
3894.04559927  1.00815821
3894.04698813  1.00811005
3894.04837700  1.00821090
3894.04976586  1.00821149
3894.05115472  1.00764191
3894.05254358  1.00713336
3894.05393244  1.00699711
3894.05532131  1.00782347
3894.05671017  1.00735581
3894.05809903  1.00899065
3894.05948789  1.00727010
3894.06087675  1.00733852
3894.06226562  1.00659394
3894.06365448  1.00692832
3894.06504334  1.00648618
3894.06643220  1.00705254
3894.06782106  1.00588238
3894.06920993  1.00639462
3894.07059879  1.00653481
3894.07198765  1.00674176
3894.07337651  1.00564778
3894.07476538  1.00545096
3894.07615424  1.00580060
3894.07754310  1.00652206
3894.07893196  1.00539553
3894.08032082  1.00591874
3894.08170969  1.00456572
3894.08309855  1.00467110
3894.08448741  1.00569975
3894.08726513  1.00532401
3894.08865400  1.00488102
3894.09004286  1.00464869
3894.09143172  1.00515127
3894.09282058  1.00452685
3894.09420945  1.00498796
3894.09559831  1.00390804
3894.09698717  1.00468934
3894.09837603  1.00460434
3894.09976489  1.00459409
3894.10115376  1.00403786
3894.10254262  1.00427401
3894.10393148  1.00508130
3894.10532034  1.00343895
3894.10670920  1.00370896
3894.10809807  1.00351632
3894.10948693  1.00413680
3894.11087579  1.00357223
3894.11226465  1.00457227
3894.11365352  1.00291419
3894.11504238  1.00287104
3894.11643124  1.00337827
3894.11782010  1.00325811
3894.11920896  1.00275397
3894.12059783  1.00317740
3894.12198669  1.00276649
3894.12337555  1.00246549
3894.12476441  1.00255442
3894.12615327  1.00245976
3894.12754214  1.00277936
3894.12893100  1.00330007
3894.13031986  1.00241709
3894.13170872  1.00189424
3894.13309759  1.00233173
3894.13448645  1.00255680
3894.13587531  1.00207388
3894.13726417  1.00260496
3894.13865303  1.00281918
3894.14004190  1.00263488
3894.14143076  1.00203133
3894.14420848  1.00222600
3894.14559734  1.00106955
3894.14698621  1.00191081
3894.14837507  1.00102937
3894.14976393  1.00042737
3894.15115279  1.00132692
3894.15254166  1.00065029
3894.15393052  1.00118721
3894.15531938  1.00094008
3894.15670824  1.00101519
3894.15809710  1.00000000
3894.15948597  1.00022650
3894.16087483  1.00048232
3894.16226369  1.00037348
3894.16504142  0.99975270
3894.16643028  1.00046182
3894.16781914  0.99979299
3894.16920800  1.00014615
3894.17059686  0.99999422
3894.17198573  0.99883729
3894.17337459  0.99933326
3894.17476345  0.99979264
3894.17615231  0.99874431
3894.17754118  0.99894512
3894.17893004  0.99877328
3894.18031890  0.99843270
3894.18170776  0.99783146
3894.18309662  0.99863917
3894.18448549  0.99789077
3894.18587435  0.99797398
3894.18726321  0.99806601
3894.18865207  0.99738610
3894.19004094  0.99790204
3894.19142980  0.99737346
3894.19281866  0.99825197
3894.19420752  0.99745816
3894.19559639  0.99838573
3894.19698525  0.99796337
3894.19837411  0.99818981
3894.19976297  0.99732769
3894.20115183  0.99677879
3894.20254070  0.99773079
3894.20392956  0.99682796
3894.20531842  0.99692774
3894.20670728  0.99628490
3894.20809615  0.99666321
3894.21087387  0.99654591
3894.21226273  0.99659574
3894.21365160  0.99628580
3894.21504046  0.99625868
3894.21642932  0.99660826
3894.21781818  0.99543482
3894.21920704  0.99538875
3894.22059591  0.99660671
3894.22198477  0.99571979
3894.22337363  0.99485081
3894.22476249  0.99539149
3894.22615136  0.99483395
3894.22754022  0.99514705
3894.22892908  0.99525964
3894.23031794  0.99487555
3894.23170681  0.99558944
3894.23309567  0.99498910
3894.23448453  0.99428511
3894.23587339  0.99461359
3894.23726225  0.99434507
3894.23865112  0.99451375
3894.24003998  0.99403447
3894.24142884  0.99443620
3894.24281770  0.99385375
3894.24420657  0.99491864
3894.24559543  0.99480528
3894.24698429  0.99389392
3894.24837315  0.99390858
3894.24976202  0.99303728
3894.25115088  0.99368978
3896.46778297  0.98872095
3896.46917184  0.98844999
3896.47056071  0.98840058
3896.47194958  0.98856211
3896.47333845  0.98780769
3896.47472732  0.98849618
3896.47611618  0.98770702
3896.47750505  0.98806936
3896.47889392  0.98740482
3896.48028279  0.98752117
3896.48167166  0.98792815
3896.48306053  0.98806834
3896.48444939  0.98818845
3896.48583826  0.98774087
3896.48722713  0.98792315
3896.48861600  0.98753315
3896.49000487  0.98810977
3896.49139374  0.98792499
3896.49278260  0.98833877
3896.49417147  0.98831111
3896.49556034  0.98852932
3896.49694921  0.98815769
3896.49833808  0.98820966
3896.49972694  0.98836297
3896.50111581  0.98851269
3896.50250468  0.98824275
3896.50389355  0.98860782
3896.50528242  0.98795575
3896.50667129  0.98861313
3896.50806015  0.98853987
3896.50944902  0.98886102
3896.51083789  0.98861504
3896.51222676  0.98905164
3896.51361563  0.98885417
3896.51500449  0.98889148
3896.51639336  0.98877376
3896.51778223  0.98874271
3896.51917110  0.98875469
3896.52055997  0.98902410
3896.52194884  0.98856944
3896.52333770  0.98889101
3896.52472657  0.98871309
3896.52611544  0.98893064
3896.52750431  0.98886728
3896.52889318  0.98878509
3896.53028204  0.98867512
3896.53167091  0.98892242
3896.53305978  0.98977000
3896.53444865  0.98942220
3896.53583752  0.98893952
3896.53722638  0.98938364
3896.53861525  0.98945659
3896.54000412  0.98968750
3896.54139299  0.98958224
3896.54278186  0.98877376
3896.54417073  0.98922336
3896.54555959  0.98961478
3896.54694846  0.98933893
3896.54833733  0.98987633
3896.54972620  0.98986953
3896.55111507  0.98971659
3896.55250393  0.98958272
3896.55389280  0.99002397
3896.55528167  0.98985255
3896.55667054  0.98986644
3896.55805941  0.98990774
3896.55944827  0.98952019
3896.56083714  0.99024087
3896.56222601  0.98957872
3896.56361488  0.99033886
3896.56500375  0.99000841
3896.56639261  0.98966986
3896.56778148  0.99013805
3896.56917035  0.98946923
3896.57055922  0.99006158
3896.57194809  0.99015260
3896.57333695  0.99011278
3896.57472582  0.99015993
3896.57611469  0.99014139
3896.57750356  0.99031991
3896.57889243  0.99046552
3896.58028129  0.99077469
3896.58167016  0.99090749
3896.58305903  0.99067593
3896.58444790  0.99050105
3896.58583677  0.99082130
3896.58722563  0.99061775
3896.58861450  0.99020278
3896.59000337  0.99095744
3896.59139224  0.99051428
3896.59278110  0.99120063
3896.59416997  0.99082446
3896.59555884  0.99096817
3896.59694771  0.99083412
3896.59833658  0.99170870
3896.59972544  0.99180973
3896.60111431  0.99075049
3896.60250318  0.99102271
3896.60389205  0.99178708
3896.60528092  0.99164653
3896.60666978  0.99156028
3896.60805865  0.99182642
3896.60944752  0.99182552
3896.61083639  0.99123752
3896.61222526  0.99119174
3896.61361412  0.99174023
3896.61500299  0.99178374
3896.61639186  0.99163336
3896.61778073  0.99165136
3896.61916959  0.99210846
3896.62055846  0.99175346
3896.62194733  0.99183494
3896.62333620  0.99178898
3896.62472507  0.99195093
3896.62611393  0.99167365
3896.62750280  0.99169576
3896.62889167  0.99170762
3896.63028054  0.99243182
3896.63166940  0.99307930
3896.63305827  0.99229717
3896.63444714  0.99345177
3896.63583601  0.99364525
3896.63722488  0.99371284
3896.63861374  0.99369740
3896.64000261  0.99346066
3896.64139148  0.99287111
3896.64278035  0.99382210
3896.64416921  0.99319065
3896.64555808  0.99348783
3896.64694695  0.99312872
3896.64833582  0.99277031
3896.64972469  0.99341601
3896.65111355  0.99294156
3896.65250242  0.99301374
3896.65389129  0.99361950
3896.65528016  0.99349928
3896.65666902  0.99337572
3896.65805789  0.99357796
3896.65944676  0.99374616
3896.66083563  0.99353200
3896.66222449  0.99343723
3896.66361336  0.99370718
3896.66500223  0.99416322
3896.66639110  0.99413466
3896.66777997  0.99415857
3896.66916883  0.99434125
3896.67055770  0.99412000
3896.67194657  0.99379122
3896.67333544  0.99406731
3896.67472430  0.99419397
3896.67611317  0.99419039
3896.67750204  0.99499345
3896.67889091  0.99434149
3896.68027977  0.99474764
3896.68166864  0.99561030
3896.68305751  0.99457437
3896.68444638  0.99445516
3896.68583524  0.99403191
3896.68722411  0.99450010
3896.68861298  0.99471593
3896.69000185  0.99439269
3896.69139071  0.99495113
3896.69277958  0.99497557
3896.69416845  0.99539453
3896.69555732  1.01295531
3896.69694619  1.03506792
3896.69833505  1.03082347
3896.69972392  1.03035378
3896.70111279  1.03294218
3896.70250166  1.03327382
3896.70389052  1.02954447
3896.70527939  1.02348423
3896.70666826  1.01887834
3896.70805713  1.01486433
3896.70944599  1.01184380
3896.71083486  1.00935638
3896.71222373  1.00771511
3896.71361260  1.00617254
3896.71500146  1.00535786
3896.71639033  1.00461733
3896.71777920  1.00290966
3896.71916807  1.00266218
3896.72055693  1.00212872
3896.72194580  1.00162077
3896.72333467  1.00161028
3896.72472354  1.00117922
3896.72611240  1.00121415
3896.72750127  1.00085378
3896.72889014  0.99974310
3896.73027901  0.99976087
3896.73166787  0.99983960
3896.73305674  1.00013757
3896.73444561  0.99961168
3896.73583447  0.99921596
3896.73722334  1.00011683
3896.73861221  1.00016785
3896.74000108  0.99958038
3896.74138994  0.99961770
3896.74277881  0.99944907
3896.74416768  0.99942076
3896.74555655  0.99871832
3896.74694541  0.99972045
3896.74833428  0.99915737
3896.74972315  0.99951488
3896.75111202  0.99954230
3896.75250088  0.99901539
3896.75388975  0.99853194
3896.75527862  0.99905300
3896.75666749  0.99953556
3896.75805635  0.99923474
3896.75944522  0.99826574
3896.76083409  0.99876916
3896.76222296  0.99911326
3896.76361182  0.99888706
3896.76500069  0.99873942
3896.76638956  0.99932587
3896.76777842  0.99925226
3896.76916729  0.99921143
3896.77055616  1.00098121
3896.77194503  1.00163209
3896.77333389  1.00142384
3896.77472276  1.00138843
3896.77611163  1.00166750
3896.77750050  1.00143099
3896.77888936  1.00103462
3896.78027823  1.00143659
3896.78166710  1.00077331
3896.78305596  1.00031543
3896.78444483  1.00053012
3896.78583370  1.00084162
3896.78722257  1.00092340
3896.78861143  1.00094831
3896.79000030  1.00081050
3896.79138917  1.00023901
3896.79277804  1.00087190
3896.79416690  0.99981618
3896.79555577  1.00082529
3896.79694464  1.00010419
3896.79833350  1.00052190
3896.79972237  1.00024545
3896.80111124  1.00013769
3896.80250011  1.00006962
3896.80388897  1.00101340
3896.80527784  1.00061560
3896.80666671  0.99999011
3896.80805557  0.99971783
3896.80944444  1.00029206
3896.81083331  0.99985480
3896.81222218  1.00035548
3896.81361104  1.00011444
3896.81499991  1.00030839
3896.81638878  1.00032675
3896.81777764  0.99991518
3896.81916651  1.00054848
3896.82055538  1.00020397
3896.82194425  1.00005448
3896.82333311  1.00024796
3896.82472198  1.00065124
3896.82611085  1.00073767
3896.82749971  1.00081050
3896.82888858  1.00034904
3896.83027745  1.00081921
3896.83166632  1.00063992
3896.83305518  1.00117815
3896.83444405  1.00066078
3896.83583292  1.00107419
3896.83722178  1.00117218
3896.83861065  1.00047290
3896.83999952  1.00129783
3896.84138838  1.00102496
3896.84277725  1.00094712
3896.84416612  1.00146031
3896.84555499  1.00056684
3896.84694385  1.00124979
3896.84833272  1.00113392
3896.84972159  1.00049746
3896.85111045  1.00111842
3896.85249932  1.00109959
3896.85388819  1.00097692
3896.85527706  1.00147343
3896.85666592  1.00148666
3896.85805479  1.00117576
3896.85944366  1.00171685
3896.86083252  1.00155282
3896.86222139  1.00166106
3896.86361026  1.00131488
3896.86499912  1.00197363
3896.86638799  1.00200355
3896.86777686  1.00175202
3896.86916573  1.00196314
3896.87055459  1.00232446
3896.87194346  1.00217462
3896.87333233  1.00169337
3896.87472119  1.00145066
3896.87611006  1.00230575
3896.87749893  1.00199366
3896.87888779  1.00195968
3896.88027666  1.00213087
3896.88166553  1.00225329
3896.88305439  1.00275922
3896.88444326  1.00227380
3896.88583213  1.00220430
3896.88722100  1.00198042
3896.88860986  1.00235939
3896.88999873  1.00206304
3896.89138760  1.00246167
3896.89277646  1.00291657
3896.89416533  1.00238013
3896.89555420  1.00269890
3896.89694306  1.00210798
3896.89833193  1.00265968
3896.89972080  1.00248539
3896.90110966  1.00287819
3896.90249853  1.00226617
3896.90388740  1.00269032
3896.90527626  1.00300479
3896.90666513  1.00323486
3896.90805400  1.00344980
3896.90944286  1.00264537
3896.91083173  1.00327861
3896.91222060  1.00315177
3896.91360946  1.00427485
3896.91499833  1.00352883
3896.91638720  1.00349057
3896.91777607  1.00358570
3896.91916493  1.00304985
3896.92055380  1.00349462
3896.92194267  1.00370860
3896.92333153  1.00348818
3896.92472040  1.00468826
3896.92610927  1.00425029
3896.92749813  1.00344610
3896.92888700  1.00403845
3896.93027587  1.00377405
3896.93166473  1.00365353
3896.93305360  1.00395632
3896.93444247  1.00397038
3896.93583133  1.00442970
3896.93722020  1.00413942
3896.93860907  1.00468171
3896.93999793  1.00431073
3896.94138680  1.00393975
3896.94277567  1.00444734
3896.94416453  1.00481105
3896.94555340  1.00457478
3896.94694227  1.00586879
3896.94833113  1.00538349
3896.94972000  1.00484145
3896.95110887  1.00499856
3896.95249773  1.00521600
3896.95388660  1.00449741
3896.95527547  1.00469816
3896.95666433  1.00500047
3896.95805320  1.00566328
3896.95944207  1.00513875
3896.96083093  1.00429487
3896.96221980  1.00511622
3896.96360867  1.00475478
3896.96499753  1.00493991
3896.96638640  1.00541079
3896.96777527  1.00578725
3896.96916413  1.00593197
3896.97055300  1.00566900
3896.97194187  1.00511718
3896.97333073  1.00565755
3896.97471960  1.00563192
3896.97610847  1.00597191
3896.97749733  1.00594127
3896.97888620  1.00559485
3896.98027507  1.00552201
3896.98166393  1.00539756
3896.98305280  1.00629961
3896.98444166  1.00584579
3896.98583053  1.00625873
3896.98721940  1.00577176
3896.98860826  1.00609720
3896.98999713  1.00598037
3896.99138600  1.00611901
3896.99277486  1.00638652
3896.99416373  1.00614572
3896.99555260  1.00678790
3896.99694146  1.00655878
3896.99833033  1.00686312
3896.99971920  1.00632608
3897.00110806  1.00661826
3897.00249693  1.00730729
3897.00388580  1.00667608
3897.00527466  1.00627565
3897.00666353  1.00615883
3897.00805240  1.00703990
3897.00944126  1.00700021
3897.01083013  1.00745034
3897.01221899  1.00726545
3897.01360786  1.00693762
3897.01499673  1.00659311
3897.01638559  1.00728726
3897.01777446  1.00736487
3897.01916333  1.00704408
3897.02055219  1.00870419
3897.02194106  1.00853527
3897.02332993  1.00833297
3897.02471879  1.00799406
3897.02610766  1.00873423
3897.02749653  1.00806713
3897.02888539  1.00846088
3897.03027426  1.00865662
3897.03166312  1.00858009
3897.03305199  1.00836599
3897.03444086  1.00901961
3897.03582972  1.00827241
3897.03721859  1.00837708
3897.03860746  1.00927055
3897.03999632  1.00859296
3897.04138519  1.00892043
3897.04277405  1.00879300
3897.04416292  1.00832748
3897.04555179  1.00808418
3897.04694065  1.00936031
3897.04832952  1.00878167
3897.04971839  1.00920320
3897.05110725  1.00936317
3897.05249612  1.00876892
3897.05388498  1.00912094
3897.05527385  1.00917768
3897.05666272  1.00882828
3897.05805158  1.00951183
3897.05944045  1.00955272
3897.06082932  1.00909102
3897.06221818  1.00942445
3897.06360705  1.00966442
3897.06499592  1.00986886
3897.06638478  1.00954306
3897.06777365  1.00924158
3897.06916251  1.00967169
3897.07055138  1.00970101
3897.07194025  1.01002860
3897.07332911  1.00942838
3897.07471798  1.01000881
3897.07610684  1.01018322
3897.07749571  1.00965476
3897.07888458  1.01049066
3897.08027344  1.01001978
3897.08166231  1.00995278
3897.08305118  1.01052499
3897.08444004  1.01051128
3897.08582891  1.01024151
3897.08721777  1.01018620
3897.08860664  1.01005995
3897.08999551  1.00976551
3897.09138437  1.01110172
3897.09277324  1.01110995
3897.09416210  1.01048970
3897.09555097  1.01059270
3897.09693984  1.01039124
3897.09832870  1.01102197
3897.09971757  1.01079595
3897.10110644  1.01196027
3897.10249530  1.01123130
3897.10388417  1.01180971
3897.10527303  1.01095521
3897.10666190  1.01128113
3897.10805077  1.01112902
3897.10943963  1.01193380
3897.11082850  1.01164031
3897.11221736  1.01144278
3897.11360623  1.01227951
3897.11499510  1.01200497
3897.11638396  1.01198840
3897.11777283  1.01142108
3897.11916169  1.01258290
3897.12055056  1.01172948
3897.12193943  1.01234829
3897.12332829  1.01224720
3897.12471716  1.01173854
3897.12610602  1.01228428
3897.12749489  1.01156116
3897.12888376  1.01214039
3897.13027262  1.01177239
3897.13166149  1.01232922
3897.13305035  1.01180339
3897.13443922  1.01255655
3897.13582809  1.01195955
3897.13721695  1.01215756
3897.13860582  1.01241052
3897.13999468  1.01279199
3897.14138355  1.01226795
3897.14277242  1.01280117
3897.14416128  1.01255035
3897.14555015  1.01277018
3897.14693901  1.01221800
3897.14832788  1.01215851
3897.14971675  1.01258147
3897.15110561  1.01251948
3897.15249448  1.01301146
3897.15388334  1.01256335
3897.15527221  1.01250648
3897.15666108  1.01302993
3897.15804994  1.01263618
3897.15943881  1.01318181
3897.16082767  1.01318991
3897.16221654  1.01322818
3897.16360540  1.01334906
3897.16499427  1.01321554
3897.16638314  1.01386237
3897.16777200  1.01360977
3897.16916087  1.01399231
3897.17054973  1.01398826
3897.17193860  1.01405466
3897.17332747  1.01396215
3897.17471633  1.01423049
3897.17610520  1.01394725
3897.17749406  1.01447070
3897.17888293  1.01377285
3897.18027179  1.01379180
3897.18166066  1.01402831
3897.18304953  1.01441681
3897.18443839  1.01472199
3897.18582726  1.01472425
3897.18721612  1.01426303
3897.18860499  1.01521015
3897.18999386  1.01466751
3897.19138272  1.01510191
3897.19277159  1.01519561
3897.19416045  1.01529372
3897.19554932  1.01490021
3897.19693818  1.01454806
3897.19832705  1.01519215
3897.19971592  1.01557875
3897.20110478  1.01511097
3897.20249365  1.01509643
3897.20388251  1.01576161
3897.20527138  1.01469982
3897.20666024  1.01535976
3897.20804911  1.01511765
3897.20943798  1.01555049
3897.21082684  1.01524651
3897.21221571  1.01626730
3897.21360457  1.01593959
3897.21499344  1.01570070
3897.21638230  1.01622581
3897.21777117  1.01662898
3897.21916004  1.01582062
3897.22054890  1.01626551
3897.22193777  1.01650536
3897.22332663  1.01605618
3897.22471550  1.01640415
3897.22610436  1.01653183
3897.22749323  1.01617110
3897.22888209  1.01684546
3897.23027096  1.01677501
3897.23165983  1.01692033
3897.23304869  1.01670027
3897.23443756  1.01708829
3897.23582642  1.01688290
3897.23721529  1.01694238
3897.23860415  1.01746738
3897.23999302  1.01759696
3897.24138189  1.01699090
3897.24277075  1.01789129
3897.24415962  1.01779020
3897.24554848  1.01796138
3897.24693735  1.01806307
3897.24832621  1.01788437
3897.24971508  1.01794374
3897.25110394  1.01819921
3897.25249281  1.01851726
3897.25388168  1.01821125
3897.25527054  1.01796997
3897.25665941  1.01791525
3897.25804827  1.01820350
3897.25943714  1.01876080
3897.26082600  1.01841295
3897.26221487  1.01880741
3897.26360373  1.01863825
3897.26499260  1.01857722
3897.26638146  1.01887751
3897.26777033  1.01883054
3897.26915920  1.01900971
3897.27054806  1.01914263
3897.27193693  1.01880741
3897.27332579  1.01943600
3897.27471466  1.01906681
3897.27610352  1.01945341
3897.27749239  1.01940739
3897.27888125  1.01908469
3897.28027012  1.01924729
3897.28165898  1.01929152
3897.28304785  1.01974750
3897.28443672  1.02000737
3897.28582558  1.01981866
3897.28721445  1.02004898
3897.28860331  1.01997232
3897.28999218  1.02019906
3897.29138104  1.02007437
3897.29276991  1.01981294
3897.29415877  1.01969719
3897.29554764  1.02084613
3897.29693650  1.02022469
3897.29832537  1.02095711
3897.29971423  1.02061319
3897.30110310  1.02105165
3897.30249197  1.02114367
3897.30388083  1.02074671
3897.30526970  1.02088594
3897.30665856  1.02116418
3897.30804743  1.02089703
3897.30943629  1.02120066
3897.31082516  1.02143455
3897.31221402  1.02222991
3897.31360289  1.02175236
3897.31499175  1.02095437
3897.31638062  1.02153826
3897.31776948  1.02143610
3897.31915835  1.02178800
3897.32054721  1.02241313
3897.32193608  1.02145422
3897.32332495  1.02222049
3897.32471381  1.02220833
3897.32610268  1.02199650
3897.32749154  1.02246356
3897.32888041  1.02199113
3897.33026927  1.02225494
3897.33165814  1.02233911
3897.33304700  1.02272785
3897.33443587  1.02257884
3897.33582473  1.02238476
3897.33721360  1.02264011
3897.33860246  1.02298403
3897.33999133  1.02312422
3897.34138019  1.02232456
3897.34276906  1.02309537
3897.34415792  1.02324677
3897.34554679  1.02256203
3897.34693565  1.02285349
3897.34832452  1.02324367
3897.34971338  1.02335751
3897.35110225  1.02337229
3897.35249111  1.02311862
3897.35387998  1.02349436
3897.35526884  1.02355969
3897.35665771  1.02314389
3897.35804658  1.02367330
3897.35943544  1.02410173
3897.36082431  1.02427018
3897.36221317  1.02384424
3897.36360204  1.02436090
3897.36499090  1.02395070
3897.36637977  1.02363515
3897.36776863  1.02453327
3897.36915750  1.02382314
3897.37054636  1.02400684
3897.37193523  1.02400696
3897.37332409  1.02450299
3897.37471296  1.02388692
3897.37610182  1.02471483
3897.37749069  1.02464390
3897.37887955  1.02486551
3897.38026842  1.02479422
3897.38165728  1.02480984
3897.38304615  1.02498615
3897.38443501  1.02476025
3897.38582388  1.02521801
3897.38721274  1.02468717
3897.38860161  1.02498364
3897.38999047  1.02488911
3897.39137934  1.02531362
3897.39276820  1.02530408
3897.39415707  1.02564406
3897.39554593  1.02569067
3897.39693480  1.02592528
3897.39832366  1.02537370
3897.39971253  1.02614903
3897.40110139  1.02641034
3897.40249026  1.02639651
3897.40387912  1.02597344
3897.40526799  1.02622414
3897.40665685  1.02620733
3897.40804572  1.02640212
3897.40943458  1.02716577
3897.41082345  1.02639532
3897.41221231  1.02646148
3897.41360118  1.02652586
3897.41499004  1.02730596
3897.41637891  1.02658141
3897.41776777  1.02664411
3897.41915664  1.02690554
3897.42054550  1.02677619
3897.42193437  1.02704716
3897.42332323  1.02770352
3897.42471210  1.02643621
3897.42610096  1.02741861
3897.42748983  1.02786875
3897.42887869  1.02740300
3897.43026756  1.02746701
3897.43165642  1.02790451
3897.43304528  1.02847874
3897.43443415  1.02785659
3897.43582301  1.02839661
3897.43721188  1.02812707
3897.43860074  1.02856565
3897.43998961  1.02842093
3897.44137847  1.02852702
3897.44276734  1.02818155
3897.44415620  1.02830815
3897.44554507  1.02899396
3897.44693393  1.02846038
3897.44832280  1.02885377
3897.44971166  1.02870667
3897.45110053  1.02900016
3897.45248939  1.02950060
3897.45387826  1.02848959
3897.45526712  1.02910018
3897.45665599  1.02913988
3897.45804485  1.02921093
3897.45943372  1.02906942
3897.46082258  1.02958179
3897.46221145  1.02951789
3897.46360031  1.02896285
3897.46498918  1.02911472
3897.46637804  1.02981174
3897.46776690  1.02962840
3897.46915577  1.03002918
3897.47054463  1.03019464
3897.47193350  1.02963841
3897.47332236  1.03056407
3897.47471123  1.03027928
3897.47610009  1.02958107
3897.47748896  1.03049648
3897.47887782  1.03015411
3897.48026669  1.03097427
3897.48165555  1.03032446
3897.48304442  1.03047383
3897.48443328  1.03086507
3897.48582215  1.03066063
3897.48721101  1.03094804
3897.48859987  1.03091848
3897.48998874  1.03084004
3897.49137760  1.03088105
3897.49276647  1.03073788
3897.49415533  1.03079093
3897.49554420  1.03127646
3897.49693306  1.03171694
3897.49832193  1.03140473
3897.49971079  1.03108478
3897.50109966  1.03165603
3897.50248852  1.03147113
3897.50387739  1.03149140
3897.50526625  1.03158772
3897.50665511  1.03149557
3897.50804398  1.03139722
3897.50943284  1.03174341
3897.51082171  1.03148484
3897.51221057  1.03199100
3897.51359944  1.03193545
3897.51498830  1.03211260
3897.51637717  1.03186893
3897.51776603  1.03218102
3897.51915490  1.03232872
3897.52054376  1.03214931
3897.52193262  1.03263533
3897.52332149  1.03232229
3897.52471035  1.03282285
3897.52609922  1.03278792
3897.52748808  1.03312433
3897.52887695  1.03288782
3897.53026581  1.03255892
3897.53165468  1.03282404
3897.53304354  1.03337669
3897.53443240  1.03405368
3897.53582127  1.03379762
3897.53721013  1.03363860
3897.53859900  1.03304732
3897.53998786  1.03391325
3897.54137673  1.03360975
3897.54276559  1.03378677
3897.54415446  1.03378379
3897.54554332  1.03359044
3897.54693219  1.03417242
3897.54832105  1.03385043
3897.54970991  1.03445649
3897.55109878  1.03393400
3897.55248764  1.03402984
3897.55387651  1.03416526
3897.55526537  1.03492594
3897.55665424  1.03478670
3897.55804310  1.03481221
3897.55943196  1.03507531
3897.56082083  1.03483391
3897.56220969  1.03510869
3897.56359856  1.03571451
3897.56498742  1.03575242
3897.56637629  1.03505099
3897.56776515  1.03550720
3897.56915402  1.03600681
3897.57054288  1.03557491
3897.57193174  1.03616881
3897.57332061  1.03656209
3897.57470947  1.03706324
3897.57609834  1.03715158
3897.57748720  1.03758931
3897.57887607  1.03945982
3897.58026493  1.04084730
3897.58165379  1.04568946
3897.58304266  1.05446613
3897.58443152  1.06137109
3897.58582039  1.05834198
3897.58720925  1.05739331
3897.58859812  1.05844474
3897.58998698  1.05828214
3897.59137584  1.05480802
3897.59276471  1.05267239
3897.59415357  1.05080891
3897.59554244  1.04998064
3897.59693130  1.05083978
3897.59832017  1.05300999
3897.59970903  1.05372465
3897.60109789  1.05596256
3897.60248676  1.06009364
3897.60387562  1.06358385
3897.60526449  1.06219900
3897.60665335  1.06374967
3897.60804221  1.06290686
3897.60943108  1.06064415
3897.61081994  1.05900156
3897.61220881  1.05886829
3897.61359767  1.05745149
3897.61498654  1.05683672
3897.61637540  1.05660856
3897.61776426  1.05651581
3897.61915313  1.05511415
3897.62054199  1.05460024
3897.62193086  1.05368102
3897.62331972  1.05309808
3897.62470858  1.05231237
3897.62609745  1.05117738
3897.62748631  1.05025423
3897.62887518  1.05023682
3897.63026404  1.04884565
3897.63165291  1.04779422
3897.63304177  1.04749727
3897.63443063  1.04748905
3897.63581950  1.04712701
3897.63720836  1.04697382
3897.63859723  1.04660344
3897.63998609  1.04649389
3897.64137495  1.04636228
3897.64276382  1.04574740
3897.64415268  1.04534554
3897.64554155  1.04624879
3897.64693041  1.04505670
3897.64831927  1.04482794
3897.64970814  1.04478610
3897.65109700  1.04540610
3897.65248587  1.04414606
3897.65387473  1.04461682
3897.65526359  1.04376984
3897.65665246  1.04411232
3897.65804132  1.04415202
3897.65943019  1.04417837
3897.66081905  1.04436445
3897.66220791  1.04402006
3897.66359678  1.04399395
3897.66498564  1.04374266
3897.66637451  1.04396594
3897.66776337  1.04345572
3897.66915223  1.04417992
3897.67054110  1.04392886
3897.67192996  1.04384291
3897.67331883  1.04362130
3897.67470769  1.04339218
3897.67609655  1.04318547
3897.67748542  1.04326200
3897.67887428  1.04366243
3897.68026315  1.04339957
3897.68165201  1.04325712
3897.68304087  1.04301846
3897.68442974  1.04358613
3897.68581860  1.04380286
3897.68720746  1.04370105
3897.68859633  1.04402936
3897.68998519  1.04352450
3897.69137406  1.04351330
3897.69276292  1.04357076
3897.69415178  1.04346550
3897.69554065  1.04385257
3897.69692951  1.04393709
3897.69831838  1.04338074
3897.69970724  1.04379344
3897.70109610  1.04363608
3897.70248497  1.04450750
3897.70387383  1.04338634
3897.70526270  1.04386401
3897.70665156  1.04410350
3897.70804042  1.04365981
3897.70942929  1.04391742
3897.71081815  1.04433334
3897.71220701  1.04414928
3897.71359588  1.04393959
3897.71498474  1.04401064
3897.71637361  1.04396856
3897.71776247  1.04474521
3897.71915133  1.04398751
3897.72054020  1.04404557
3897.72192906  1.04394460
3897.72331792  1.04354727
3897.72470679  1.04456270
3897.72609565  1.04372382
3897.72748452  1.04395735
3897.72887338  1.04386973
3897.73026224  1.04360831
3897.73165111  1.04397631
3897.73303997  1.04321706
3897.73442883  1.04403472
3897.73581770  1.04410732
3897.73720656  1.04401362
3897.73859543  1.04412663
3897.73998429  1.04445660
3897.74137315  1.04426956
3897.74276202  1.04383516
3897.74415088  1.04419708
3897.74553974  1.04480493
3897.74692861  1.04405129
3897.74831747  1.04435050
3897.74970633  1.04513824
3897.75109520  1.04415405
3897.75248406  1.04434669
3897.75387293  1.04483509
3897.75526179  1.04440951
3897.75665065  1.04478884
3897.75803952  1.04404259
3897.75942838  1.04438186
3897.76081724  1.04443836
3897.76220611  1.04492188
3897.76359497  1.04447639
3897.76498383  1.04483366
3897.76637270  1.04428148
3897.76776156  1.04446912
3897.76915043  1.04484951
3897.77053929  1.04396534
3897.77192815  1.04452169
3897.77331702  1.04487395
3897.77470588  1.04438698
3897.77609474  1.04442096
3897.77748361  1.04480517
3897.77887247  1.04426289
3897.78026133  1.04480636
3897.78165020  1.04464018
3897.78303906  1.04431391
3897.78442792  1.04499865
3897.78581679  1.04467845
3897.78720565  1.04442692
3897.78859452  1.04511583
3897.78998338  1.04412186
3897.79137224  1.04501331
3897.79276111  1.04474151
3897.79414997  1.04500580
3897.79553883  1.04526556
3897.79692770  1.04538727
3897.79831656  1.04522240
3897.79970542  1.04546094
3897.80109429  1.04533744
3897.80248315  1.04529810
3897.80387201  1.04569376
3897.80526088  1.04521632
3897.80664974  1.04473352
3897.80803860  1.04531157
3897.80942747  1.04522717
3897.81081633  1.04595423
3897.81220519  1.04507315
3897.81359406  1.04582727
3897.81498292  1.04475760
3897.81637178  1.04517555
3897.81776065  1.04506564
3897.81914951  1.04591727
3897.82053837  1.04573941
3897.82192724  1.04529178
3897.82331610  1.04564917
3897.82470496  1.04568899
3897.82609383  1.04567111
3897.82748269  1.04617333
3897.82887155  1.04599357
3897.83026042  1.04612005
3897.83164928  1.04614317
3897.83303814  1.04608047
3897.83442701  1.04567611
3897.83581587  1.04582477
3897.83720473  1.04617631
3897.83859360  1.04628384
3897.83998246  1.04645658
3897.84137132  1.04560304
3897.84276019  1.04523718
3897.84414905  1.04614270
3897.84553791  1.04564619
3897.84692678  1.04624772
3897.84831564  1.04584765
3897.84970450  1.04623997
3897.85109337  1.04657650
3897.85248223  1.04634750
3897.85387109  1.04635584
3897.85525996  1.04606736
3897.85664882  1.04619646
3897.85803768  1.04588473
3897.85942655  1.04593849
3897.86081541  1.04628289
3897.86220427  1.04551244
3897.86359314  1.04672217
3897.86498200  1.04626966
3897.86637086  1.04718494
3897.86775973  1.04655266
3897.86914859  1.04647863
3897.87053745  1.04685211
3897.87192632  1.04610872
3897.87331518  1.04670167
3897.87470404  1.04664409
3897.87609291  1.04625213
3897.87748177  1.04618132
3897.87887063  1.04591870
3897.88025949  1.04634833
3897.88164836  1.04633892
3897.88303722  1.04593050
3897.88442608  1.04646897
3897.88581495  1.04692352
3897.88720381  1.04664373
3897.88859267  1.04674375
3897.88998154  1.04661846
3897.89137040  1.04650319
3897.89275926  1.04657960
3897.89414813  1.04717612
3897.89553699  1.04714072
3897.89692585  1.04676235
3897.89831472  1.04677868
3897.89970358  1.04679132
3897.90109244  1.04738867
3897.90248130  1.04715109
3897.90387017  1.04688084
3897.90525903  1.04731941
3897.90664789  1.04696310
3897.90803676  1.04685247
3897.90942562  1.04672897
3897.91081448  1.04696679
3897.91220335  1.04662764
3897.91359221  1.04684126
3897.91498107  1.04689264
3897.91636994  1.04705536
3897.91775880  1.04668117
3897.91914766  1.04713404
3897.92053652  1.04714930
3897.92192539  1.04690158
3897.92331425  1.04735506
3897.92470311  1.04761994
3897.92609198  1.04737830
3897.92748084  1.04776597
3897.92886970  1.04761863
3897.93025857  1.04699659
3897.93164743  1.04732466
3897.93303629  1.04720533
3897.93442515  1.04757202
3897.93581402  1.04725385
3897.93720288  1.04727077
3897.93859174  1.04699910
3897.93998061  1.04726124
3897.94136947  1.04736984
3897.94275833  1.04736400
3897.94414719  1.04801524
3897.94553606  1.04823303
3897.94692492  1.04690039
3897.94831378  1.04813373
3897.94970265  1.04763818
3897.95109151  1.04757142
3897.95248037  1.04819822
3897.95386924  1.04708493
3897.95525810  1.04779947
3897.95664696  1.04830468
3897.95803582  1.04751134
3897.95942469  1.04744852
3897.96081355  1.04797566
3897.96220241  1.04759097
3897.96359127  1.04729569
3897.96498014  1.04752851
3897.96636900  1.04845548
3897.96775786  1.04836679
3897.96914673  1.04744685
3897.97053559  1.04819906
3897.97192445  1.04846799
3897.97331331  1.04789603
3897.97470218  1.04791760
3897.97609104  1.04792559
3897.97747990  1.04824996
3897.97886877  1.04879439
3897.98025763  1.04814744
3897.98164649  1.04809713
3897.98303535  1.04797888
3897.98442422  1.04808354
3897.98581308  1.04829943
3897.98720194  1.04740405
3897.98859081  1.04794526
3897.98997967  1.04816639
3897.99136853  1.04841745
3897.99275739  1.04756951
3897.99414626  1.04819608
3897.99553512  1.04756057
3897.99692398  1.04829741
3897.99831284  1.04736149
3897.99970171  1.04711413
3898.00109057  1.04825616
3898.00247943  1.04797423
3898.00386830  1.04844868
3898.00525716  1.04815614
3898.00664602  1.04793453
3898.00803488  1.04752409
3898.00942375  1.04793537
3898.01081261  1.04819000
3898.01220147  1.04792452
3898.01359033  1.04749215
3898.01497920  1.04903650
3898.01636806  1.04810560
3898.01775692  1.04749608
3898.01914578  1.04846179
3898.02053465  1.04842532
3898.02192351  1.04819739
3898.02331237  1.04872561
3898.02470124  1.04804862
3898.02609010  1.04887211
3898.02747896  1.04829156
3898.02886782  1.04822183
3898.03025669  1.04803002
3898.03164555  1.04835582
3898.03303441  1.04785180
3898.03442327  1.04890561
3898.03581214  1.04814696
3898.03720100  1.04856277
3898.03858986  1.04867995
3898.03997872  1.04885602
3898.04136759  1.04826713
3898.04275645  1.04795539
3898.04414531  1.04813206
3898.04553417  1.04860342
3898.04692304  1.04808497
3898.04831190  1.04819894
3898.04970076  1.04779541
3898.05108962  1.04812729
3898.05247849  1.04830146
3898.05386735  1.04792857
3898.05525621  1.04843712
3898.05664507  1.04850674
3898.05803394  1.04789865
3898.05942280  1.04880822
3898.06081166  1.04879487
3898.06220052  1.04794121
3898.06358939  1.04862368
3898.06497825  1.04886198
3898.06636711  1.04827619
3898.06775597  1.04801261
3898.06914484  1.04882896
3898.07053370  1.04842031
3898.07192256  1.04852843
3898.07331142  1.04831374
3898.07470029  1.04807341
3898.07608915  1.04840326
3898.07747801  1.04847610
3898.07886687  1.04848480
3898.08025574  1.04869807
3898.08164460  1.04892206
3898.08303346  1.04794526
3898.08442232  1.04870296
3898.08581118  1.04894602
3898.08720005  1.04863882
3898.08858891  1.04834914
3898.08997777  1.04846406
3898.09136663  1.04847074
3898.09275550  1.04861712
3898.09414436  1.04831564
3898.09553322  1.04925191
3898.09692208  1.04760981
3898.09831095  1.04829276
3898.09969981  1.04847705
3898.10108867  1.04866230
3898.10247753  1.04890049
3898.10386640  1.04874468
3898.10525526  1.04865420
3898.10664412  1.04829955
3898.10803298  1.04850650
3898.10942185  1.04831731
3898.11081071  1.04854310
3898.11219957  1.04885304
3898.11358843  1.04836810
3898.11497729  1.04847848
3898.11636616  1.04857600
3898.11775502  1.04861701
3898.11914388  1.04875124
3898.12053274  1.04831803
3898.12192161  1.04857445
3898.12331047  1.04792821
3898.12469933  1.04854357
3898.12608819  1.04829824
3898.12747705  1.04835713
3898.12886592  1.04792893
3898.13025478  1.04821086
3898.13164364  1.04818463
3898.13303250  1.04834485
3898.13442137  1.04845500
3898.13581023  1.04789197
3898.13719909  1.04871297
3898.13858795  1.04854679
3898.13997681  1.04775238
3898.14136568  1.04805446
3898.14275454  1.04848850
3898.14414340  1.04737890
3898.14553226  1.04813612
3898.14692112  1.04805875
3898.14830999  1.04794097
3898.14969885  1.04879653
3898.15108771  1.04771209
3898.15247657  1.04771352
3898.15386544  1.04730201
3898.15525430  1.04841399
3898.15664316  1.04724467
3898.15803202  1.04773355
3898.15942088  1.04705501
3898.16080975  1.04754651
3898.16219861  1.04739082
3898.16358747  1.04799211
3898.16497633  1.04763114
3898.16636519  1.04730213
3898.16775406  1.04767478
3898.16914292  1.04764140
3898.17053178  1.04711592
3898.17192064  1.04745281
3898.17330951  1.04754364
3898.17469837  1.04753840
3898.17608723  1.04726899
3898.17747609  1.04724240
3898.17886495  1.04734623
3898.18025382  1.04709744
3898.18164268  1.04691076
3898.18303154  1.04740572
3898.18442040  1.04729319
3898.18580926  1.04746664
3898.18719813  1.04755592
3898.18858699  1.04778278
3898.18997585  1.04699981
3898.19136471  1.04673791
3898.19275357  1.04706919
3898.19414244  1.04736173
3898.19553130  1.04770827
3898.19692016  1.04719043
3898.19830902  1.04724419
3898.19969788  1.04778183
3898.20108675  1.04748023
3898.20247561  1.04781306
3898.20386447  1.04762506
3898.20525333  1.04683733
3898.20664219  1.04727888
3898.20803106  1.04704261
3898.20941992  1.04773962
3898.21080878  1.04806185
3898.21219764  1.04777455
3898.21358650  1.04744148
3898.21497536  1.04766285
3898.21636423  1.04705477
3898.21775309  1.04680943
3898.21914195  1.04700136
3898.22053081  1.04768538
3898.22191967  1.04739511
3898.22330854  1.04744685
3898.22469740  1.04679978
3898.22608626  1.04668510
3898.22747512  1.04702020
3898.22886398  1.04730523
3898.23025284  1.04706120
3898.23164171  1.04704690
3898.23303057  1.04725897
3898.23441943  1.04650867
3898.23580829  1.04693985
3898.23719715  1.04697478
3898.23858602  1.04736662
3898.23997488  1.04690945
3898.24136374  1.04750311
3898.24275260  1.04695129
3898.24414146  1.04681849
3898.24553033  1.04628003
3898.24691919  1.04655921
3898.24830805  1.04639745
3898.24969691  1.04687214
3898.25108577  1.04663503
3898.25247463  1.04613388
3898.25386350  1.04643548
3898.25525236  1.04673851
3898.25664122  1.04626596
3898.25803008  1.04632843
3898.25941894  1.04663503
3898.26080780  1.04657030
3898.26219667  1.04720402
3898.26358553  1.04655325
3898.26497439  1.04661095
3898.26636325  1.04614198
3898.26775211  1.04649854
3898.26914097  1.04612303
3898.27052984  1.04571354
3898.27191870  1.04594016
3898.27330756  1.04525983
3898.27469642  1.04649532
3898.27608528  1.04604125
3898.27747415  1.04617941
3898.27886301  1.04577184
3898.28025187  1.04589021
3898.28164073  1.04549813
3898.28302959  1.04633021
3898.28441845  1.04529107
3898.28580731  1.04512882
3898.28719618  1.04532063
3898.28858504  1.04529786
3898.28997390  1.04532444
3898.29136276  1.04473782
3898.29275162  1.04556715
3898.29414048  1.04456878
3898.29552935  1.04501736
3898.29691821  1.04486322
3898.29830707  1.04446661
3898.29969593  1.04450941
3898.30108479  1.04483783
3898.30247365  1.04434443
3898.30386252  1.04472446
3898.30525138  1.04484296
3898.30664024  1.04473698
3898.30802910  1.04444313
3898.30941796  1.04473889
3898.31080682  1.04479206
3898.31219568  1.04423451
3898.31358455  1.04442513
3898.31497341  1.04476428
3898.31636227  1.04329193
3898.31775113  1.04450357
3898.31913999  1.04347968
3898.32052885  1.04456747
3898.32191772  1.04369366
3898.32330658  1.04435432
3898.32469544  1.04382503
3898.32608430  1.04389918
3898.32747316  1.04343796
3898.32886202  1.04407716
3898.33025088  1.04381311
3898.33163975  1.04371870
3898.33302861  1.04366302
3898.33441747  1.04316080
3898.33580633  1.04339409
3898.33719519  1.04381311
3898.33858405  1.04388773
3898.33997291  1.04430330
3898.34136178  1.04431117
3898.34275064  1.04457688
3898.34413950  1.04476810
3898.34552836  1.04420567
3898.34691722  1.04412544
3898.34830608  1.04373074
3898.34969494  1.04431558
3898.35108381  1.04427195
3898.35247267  1.04369473
3898.35386153  1.04369628
3898.35525039  1.04332948
3898.35663925  1.04256868
3898.35802811  1.04286122
3898.35941697  1.04314566
3898.36080584  1.04273164
3898.36219470  1.04292464
3898.36358356  1.04293358
3898.36497242  1.04291534
3898.36636128  1.04316819
3898.36775014  1.04299808
3898.36913900  1.04242527
3898.37052786  1.04240024
3898.37191673  1.04227543
3898.37330559  1.04260135
3898.37469445  1.04174232
3898.37608331  1.04158044
3898.37747217  1.04196262
3898.37886103  1.04216242
3898.38024989  1.04177260
3898.38163876  1.04278088
3898.38302762  1.04223251
3898.38441648  1.04233360
3898.38580534  1.04136372
3898.38719420  1.04196405
3898.38858306  1.04165208
3898.38997192  1.04215229
3898.39136078  1.04153502
3898.39274965  1.04158282
3898.39413851  1.04137039
3898.39552737  1.04157102
3898.39691623  1.04130173
3898.39830509  1.04066408
3898.39969395  1.04085183
3898.40108281  1.04091907
3898.40247167  1.04012132
3898.40386054  1.04057944
3898.40524940  1.04126346
3898.40663826  1.04068840
3898.40802712  1.04042745
3898.40941598  1.04001045
3898.41080484  1.04081154
3898.41219370  1.04056394
3898.41358256  1.04053485
3898.41497142  1.04088485
3898.41636029  1.04085743
3898.41774915  1.04021156
3898.41913801  1.04063761
3898.42052687  1.04056025
3898.42191573  1.03985059
3898.42330459  1.03967619
3898.42469345  1.03990376
3898.42608231  1.04012287
3898.42747118  1.03998184
3898.42886004  1.03955543
3898.43024890  1.04016948
3898.43163776  1.03948772
3898.43302662  1.04011953
3898.43441548  1.03990579
3898.43580434  1.03948450
3898.43719320  1.03942323
3898.43858206  1.03890431
3898.43997092  1.03946340
3898.44135979  1.03944528
3898.44274865  1.03972566
3898.44413751  1.03883290
3898.44552637  1.03941703
3898.44691523  1.03898430
3898.44830409  1.03873622
3898.44969295  1.03849101
3898.45108181  1.03912139
3898.45247067  1.03902495
3898.45385954  1.03822541
3898.45524840  1.03791201
3898.45663726  1.03922749
3898.45802612  1.03867221
3898.45941498  1.03843021
3898.46080384  1.03806663
3898.46219270  1.03794849
3898.46358156  1.03801548
3898.46497042  1.03751409
3898.46635928  1.03751087
3898.46774815  1.03824615
3898.46913701  1.03796959
3898.47052587  1.03777468
3898.47191473  1.03766000
3898.47330359  1.03738999
3898.47469245  1.03785491
3898.47608131  1.03813756
3898.47747017  1.03730965
3898.47885903  1.03776860
3898.48024789  1.03667736
3898.48163675  1.03719151
3898.48302562  1.03738356
3898.48441448  1.03766990
3898.48580334  1.03731108
3898.48719220  1.03703022
3898.48858106  1.03679919
3898.48996992  1.03675997
3898.49135878  1.03681004
3898.49274764  1.03702497
3898.49413650  1.03635168
3898.49552536  1.03657842
3898.49691422  1.03713524
3898.49830308  1.03629279
3898.49969195  1.03633142
3898.50108081  1.03562796
3898.50246967  1.03644538
3898.50385853  1.03631151
3898.50524739  1.03552830
3898.50663625  1.03656077
3898.50802511  1.03709412
3898.50941397  1.03559256
3898.51080283  1.03598225
3898.51219169  1.03561068
3898.51358055  1.03542840
3898.51496941  1.03473306
3898.51635828  1.03516614
3898.51774714  1.03590286
3898.51913600  1.03536463
3898.52052486  1.03599131
3898.52191372  1.03536534
3898.52330258  1.03515768
3898.52469144  1.03484011
3898.52608030  1.03501725
3898.52746916  1.03532767
3898.52885802  1.03493476
3898.53024688  1.03420758
3898.53163574  1.03440297
3898.53302460  1.03416777
3898.53441347  1.03396034
3898.53580233  1.03451848
3898.53719119  1.03467643
3898.53858005  1.03443742
3898.53996891  1.03403878
3898.54135777  1.03463900
3898.54274663  1.03369308
3898.54413549  1.03384459
3898.54552435  1.03366446
3898.54691321  1.03386879
3898.54830207  1.03357649
3898.54969093  1.03361785
3898.55107979  1.03301692
3898.55246865  1.03360152
3898.55385751  1.03329062
3898.55524638  1.03395128
3898.55663524  1.03302658
3898.55802410  1.03306377
3898.55941296  1.03237021
3898.56080182  1.03337264
3898.56219068  1.03372765
3898.56357954  1.03253520
3898.56496840  1.03284240
3898.56635726  1.03202069
3898.56774612  1.03203738
3898.56913498  1.03263235
3898.57052384  1.03232181
3898.57191270  1.03212714
3898.57330156  1.03250694
3898.57469042  1.03154898
3898.57607928  1.03167546
3898.57746814  1.03133631
3898.57885701  1.03288496
3898.58024587  1.03179383
3898.58163473  1.03181708
3898.58302359  1.03160918
3898.58441245  1.03079331
3898.58580131  1.03177214
3898.58719017  1.03095281
3898.58857903  1.03114295
3898.58996789  1.03084421
3898.59135675  1.03081465
3898.59274561  1.03054321
3898.59413447  1.03118014
3898.59552333  1.03085840
3898.59691219  1.03081203
3898.59830105  1.03122580
3898.59968991  1.03013611
3898.60107877  1.03069007
3898.60246763  1.03064620
3898.60385649  1.03002334
3898.60524536  1.02966321
3898.60663422  1.03024626
3898.60802308  1.02962446
3898.60941194  1.02990508
3898.61080080  1.02959454
3898.61218966  1.02951491
3898.61357852  1.02898574
3898.61496738  1.02919698
3898.61635624  1.02886343
3898.61774510  1.02922094
3898.61913396  1.02874470
3898.62052282  1.02959812
3898.62191168  1.02894783
3898.62330054  1.02861536
3898.62468940  1.02831864
3898.62607826  1.02804720
3898.62746712  1.02826869
3898.62885598  1.02843261
3898.63024484  1.02828074
3898.63163370  1.02802753
3898.63302256  1.02792716
3898.63441142  1.02846658
3898.63580028  1.02810597
3898.63718914  1.02708840
3898.63857800  1.02762616
3898.63996687  1.02724922
3898.64135573  1.02865100
3898.64274459  1.02792394
3898.64413345  1.02660799
3898.64552231  1.02730119
3898.64691117  1.02672994
3898.64830003  1.02818298
3898.64968889  1.02734935
3898.65107775  1.02667463
3898.65246661  1.02749848
3898.65385547  1.02692437
3898.65524433  1.02745831
3898.65663319  1.02662337
3898.65802205  1.02655303
3898.65941091  1.02640903
3898.66079977  1.02600384
3898.66218863  1.02586997
3898.66357749  1.02609158
3898.66496635  1.02614141
3898.66635521  1.02588618
3898.66774407  1.02550304
3898.66913293  1.02554071
3898.67052179  1.02527952
3898.67191065  1.02544403
3898.67329951  1.02481842
3898.67468837  1.02545178
3898.67607723  1.02472138
3898.67746609  1.02515388
3898.67885495  1.02509713
3898.68024381  1.02456594
3898.68163267  1.02443016
3898.68302153  1.02473557
3898.68441039  1.02427936
3898.68579925  1.02454209
3898.68718811  1.02453971
3898.68857697  1.02391815
3898.68996583  1.02435851
3898.69135469  1.02431691
3898.69274355  1.02370238
3898.69413241  1.02386463
3898.69552127  1.02365637
3898.69691013  1.02337873
3898.69829899  1.02290738
3898.69968785  1.02345407
3898.70107671  1.02346730
3898.70246557  1.02323210
3898.70385443  1.02333248
3898.70524329  1.02289641
3898.70663215  1.02285373
3898.70802101  1.02252805
3898.70940988  1.02288175
3898.71079873  1.02263665
3898.71218760  1.02198124
3898.71357646  1.02229202
3898.71496532  1.02241671
3898.71635418  1.02181518
3898.71774304  1.02191269
3898.71913190  1.02165103
3898.72052076  1.02159250
3898.72190962  1.02183902
3898.72329848  1.02209175
3898.72468734  1.02162278
3898.72607620  1.02095032
3898.72746506  1.02164817
3898.72885392  1.02072775
3898.73024278  1.02078378
3898.73163164  1.01999140
3898.73302050  1.02143228
3898.73440936  1.02104366
3898.73579822  1.02054989
3898.73718708  1.02097452
3898.73857594  1.02014196
3898.73996480  1.02053845
3898.74135366  1.01946771
3898.74274252  1.02000022
3898.74413138  1.01913261
3898.74552024  1.01939869
3898.74690910  1.01945090
3898.74829796  1.01980495
3898.74968682  1.01986206
3898.75107567  1.01945305
3898.75246453  1.01899111
3898.75385339  1.01939178
3898.75524225  1.01857960
3898.75663111  1.01906002
3898.75801997  1.01896870
3898.75940883  1.01894665
3898.76079769  1.01909876
3898.76218655  1.01787841
3898.76357541  1.01796687
3898.76496427  1.01842701
3898.76635313  1.01834309
3898.76774199  1.01837409
3898.76913085  1.01787031
3898.77051971  1.01842046
3898.77190857  1.01818752
3898.77329743  1.01797354
3898.77468629  1.01854169
3898.77607515  1.01866734
3898.77746401  1.01763105
3898.77885287  1.01682663
3898.78024173  1.01712644
3898.78163059  1.01713455
3898.78301945  1.01704144
3898.78440831  1.01653588
3898.78579717  1.01645052
3898.78718603  1.01616621
3898.78857489  1.01683307
3898.78996375  1.01624930
3898.79135261  1.01629555
3898.79274147  1.01598382
3898.79413033  1.01588225
3898.79551919  1.01581264
3898.79690805  1.01600170
3898.79829691  1.01566243
3898.79968577  1.01579809
3898.80107463  1.01506424
3898.80246349  1.01516283
3898.80385235  1.01562929
3898.80524121  1.01491547
3898.80663007  1.01522195
3898.80801893  1.01523173
3898.80940779  1.01510477
3898.81079665  1.01464272
3898.81218551  1.01486552
3898.81357437  1.01443124
3898.81496323  1.01349211
3898.81635209  1.01400971
3898.81774095  1.01410615
3898.81912980  1.01422703
3898.82051866  1.01484954
3898.82190752  1.01353276
3898.82329638  1.01391768
3898.82468524  1.01340568
3898.82607410  1.01391518
3898.82746296  1.01342154
3898.82885182  1.01308668
3898.83024068  1.01316929
3898.83162954  1.01356113
3898.83301840  1.01292670
3898.83440726  1.01237893
3898.83579612  1.01217151
3898.83718498  1.01226819
3898.83857384  1.01225579
3898.83996270  1.01198709
3898.84135156  1.01190412
3898.84274042  1.01198733
3898.84412928  1.01219332
3898.84551814  1.01124179
3898.84690700  1.01191711
3898.84829586  1.01176417
3898.84968472  1.01199508
3898.85107358  1.01096702
3898.85246244  1.01152599
3898.85385130  1.01109147
3898.85524015  1.01171148
3898.85662901  1.01184869
3898.85801787  1.01047099
3898.85940673  1.01134086
3898.86079559  1.01051283
3898.86218445  1.01034248
3898.86357331  1.01070142
3898.86496217  1.01082110
3898.86635103  1.01115286
3898.86773989  1.01068449
3898.86912875  1.00962961
3898.87051761  1.00963593
3898.87190647  1.01054919
3898.87329533  1.00907028
3898.87468419  1.00971246
3898.87607305  1.00898802
3898.87746191  1.00915277
3898.87885077  1.00903642
3898.88023963  1.00960863
3898.88162849  1.00978971
3898.88301734  1.00892830
3898.88440620  1.00856876
3898.88579506  1.00922096
3898.88718392  1.00871372
3898.88857278  1.00844204
3898.88996164  1.00882816
3898.89135050  1.00863302
3898.89273936  1.00737548
3898.89412822  1.00732994
3898.89551708  1.00776792
3898.89690594  1.00792503
3898.89829480  1.00752079
3898.89968366  1.00701702
3898.90107252  1.00739813
3898.90246138  1.00723350
3898.90385024  1.00741887
3898.90523909  1.00822675
3898.90662795  1.00764656
3898.90801681  1.00744569
3898.90940567  1.00677955
3898.91079453  1.00701022
3898.91218339  1.00692868
3898.91357225  1.00676119
3898.91496111  1.00684118
3898.91634997  1.00770044
3898.91773883  1.00734162
3898.91912769  1.00604522
3898.92051655  1.00703108
3898.92190541  1.00610948
3898.92329427  1.00646627
3898.92468313  1.00628841
3898.92607198  1.00519860
3898.92746084  1.00513268
3898.92884970  1.00627112
3898.93023856  1.00474334
3898.93162742  1.00541306
3898.93301628  1.00529099
3898.93440514  1.00464439
3898.93579400  1.00604391
3898.93718286  1.00517035
3898.93857172  1.00521243
3898.93996058  1.00450528
3898.94134944  1.00485325
3898.94273830  1.00483990
3898.94412715  1.00446093
3898.94551601  1.00487339
3898.94690487  1.00420868
3898.94829373  1.00384295
3898.94968259  1.00373685
3898.95107145  1.00437915
3898.95246031  1.00343812
3898.95384917  1.00317466
3898.95523803  1.00358272
3898.95662689  1.00331938
3898.95801575  1.00372183
3898.95940461  1.00368118
3898.96079346  1.00321007
3898.96218232  1.00242805
3898.96357118  1.00288785
3898.96496004  1.00171995
3898.96634890  1.00251162
3898.96773776  1.00215590
3898.96912662  1.00193715
3898.97051548  1.00162244
3898.97190434  1.00165915
3898.97329320  1.00146878
3898.97468206  1.00186944
3898.97607092  1.00220156
3898.97745977  1.00135267
3898.97884863  1.00140929
3898.98023749  1.00107932
3898.98162635  1.00138164
3898.98301521  1.00142717
3898.98440407  1.00192380
3898.98579293  1.00115037
3898.98718179  1.00147760
3898.98857065  1.00073111
3898.98995951  1.00010610
3898.99134837  1.00071192
3898.99273722  0.99989021
3898.99412608  0.99965376
3898.99551494  1.00003445
3898.99690380  0.99905932
3898.99829266  1.00021160
3898.99968152  0.99941307
3899.00107038  0.99949217
3899.00245924  0.99976563
3899.00384810  0.99940288
3899.00523696  0.99882287
3899.00662581  0.99938071
3899.00801467  0.99836832
3899.00940353  0.99959481
3899.01079239  0.99870843
3899.01218125  0.99864590
3899.01357011  0.99837482
3899.01495897  0.99897808
3899.01634783  0.99900669
3899.01773669  0.99792993
3899.01912555  0.99767607
3899.02051440  0.99724489
3899.02190326  0.99801517
3899.02329212  0.99737358
3899.02468098  0.99692076
3899.02606984  0.99706453
3899.02745870  0.99703479
3899.02884756  0.99728966
3899.03023642  0.99723500
3899.03162528  0.99656844
3899.03301413  0.99673158
3899.03440299  0.99719274
3899.03579185  0.99673158
3899.03718071  0.99679822
3899.03856957  0.99633420
3899.03995843  0.99676937
3899.04134729  0.99628437
3899.04273615  0.99621564
3899.04412501  0.99588484
3899.04551386  0.99597609
3899.04690272  0.99521679
3899.04829158  0.99512744
3899.04968044  0.99506629
3899.05106930  0.99591988
3899.05245816  0.99483526
3899.05384702  0.99510133
3899.05523588  0.99579203
3899.05662474  0.99451220
3899.05801359  0.99477673
3899.05940245  0.99322641
3899.06079131  0.99501711
3899.06218017  0.99445295
3899.06356903  0.99406296
3899.06495789  0.99405366
3899.06634675  0.99386394
3899.06773561  0.99343789
3899.06912446  0.99337608
3899.07051332  0.99381411
3899.07190218  0.99301153
3899.07329104  0.99274331
3899.07467990  0.99330610
3899.07606876  0.99263120
3899.07745762  0.99243659
3899.07884648  0.99286652
3899.08023533  0.99211967
3899.08162419  0.99231714
3899.08301305  0.99232590
3899.08440191  0.99273098
3899.08579077  0.99186480
3899.08717963  0.99290240
3899.08856849  0.99173558
3899.08995735  0.99235886
3899.09134620  0.99161083
3899.09273506  0.99262410
3899.09412392  0.99182695
3899.09551278  0.99196273
3899.09690164  0.99179506
3899.09829050  0.99152499
3899.09967936  0.99106586
3899.10106821  0.99149889
3899.10245707  0.99131173
3899.10384593  0.99223655
3899.10523479  0.99111414
3899.10662365  0.99127966
3899.10801251  0.99101114
3899.10940137  0.99016851
3899.11079022  0.99084473
3899.11217908  0.99005759
3899.11356794  0.99085271
3899.11495680  0.99087119
3899.11634566  0.98993427
3899.11773452  0.99056756
3899.11912338  0.99056590
3899.12051223  0.99017161
3899.12190109  0.99039519
3899.12328995  0.98969483
3899.12467881  0.99004835
3899.12606767  0.99024022
3899.12745653  0.98922080
3899.12884539  0.98941267
3899.13023424  0.98873013
3899.13162310  0.98873913
3899.13301196  0.98914975
3899.13440082  0.98866886
3899.13578968  0.98872638
3899.13717854  0.98827690
3899.13856740  0.98839390
3899.13995625  0.98827791
3899.14134511  0.98776317
3899.14273397  0.98852533
3899.14412283  0.98805302
3899.14551169  0.98821461
3899.14828941  0.98839903
3899.14967826  0.98807335
3899.15106712  0.98771888
3899.15245598  0.98744267
3899.15384484  0.98703772
3899.15523370  0.98689866
3899.15662256  0.98854232
3899.15801141  0.99486125
3899.15940027  0.99598926
3899.16078913  0.99267679
3899.16217799  0.99130422
3899.16356685  0.98931360
3899.16495571  0.98882520
3899.16634457  0.98858309
3899.16773342  0.98817003
3899.16912228  0.98753804
3899.17051114  0.98799729
3899.17190000  0.98754925
3899.17328886  0.98750764
3899.17467772  0.98654121
3899.17606657  0.98630750
3899.17745543  0.98654866
3899.17884429  0.98631018
3899.18023315  0.98578471
3899.18162201  0.98540926
3899.18301087  0.98518878
3899.18439972  0.98609316
3899.18578858  0.98521286
3899.18717744  0.98590255
3899.18856630  0.98549098
3899.18995516  0.98481405
3899.19134402  0.98411977
3899.19273287  0.98502272
3899.19412173  0.98423493
3899.19551059  0.98467380
3899.19689945  0.98409724
3899.19828831  0.98393375
3899.19967717  0.98392916
3899.20106602  0.98358464
3899.20245488  0.98355943
3899.20384374  0.98369539
3899.20523260  0.98317420
3899.20662146  0.98470145
3899.20801032  0.98246211
3899.20939917  0.98297852
3899.21078803  0.98317510
3899.21217689  0.98266882
3899.21356575  0.98331434
3899.21495461  0.98255837
3899.21634346  0.98213321
3899.21773232  0.98283142
3899.21912118  0.98288673
3899.22051004  0.98238695
3899.22189890  0.98242992
3899.22328776  0.98188698
3899.22467661  0.98219359
3899.22606547  0.98133951
3899.22745433  0.98274374
3899.22884319  0.98126256
3899.23023205  0.98136532
3899.23162090  0.98129076
3899.23300976  0.98114568
3899.23439862  0.98145163
3899.23578748  0.98205292
3899.23717634  0.98174191
3899.23856520  0.98129267
3899.23995405  0.98166919
3899.24134291  0.98239881
3899.24273177  0.98130631
3899.24412063  0.98136127
3899.24550949  0.98046154
3899.24689834  0.98095620
3899.24828720  0.98057729
3899.24967606  0.98101276
3899.25106492  0.98032099
3899.25245378  0.98034096
3899.25384264  0.98050725
3899.25523149  0.98004371
3899.25800921  0.98007697
3899.25939807  0.98058742
3899.26078693  0.98038435
3899.26217578  0.97991550
3899.26356464  0.97951144
3899.26495350  0.97913468
3899.26634236  0.97847891
3899.26773122  0.97940642
3899.26912007  0.97928554
3899.27050893  0.97873956
3899.27189779  0.97910589
3899.27328665  0.97900099
3899.27467551  0.97890562
3899.27606436  0.97856641
3899.27745322  0.97765380
3899.27884208  0.97796041
3899.28023094  0.97726560
3899.28161980  0.97734231
3899.28300865  0.97759962
3899.28439751  0.97783506
3899.28578637  0.97685277
3899.28717523  0.97702140
3899.28856409  0.97762573
3899.28995294  0.97758996
3899.29134180  0.97717768
3899.29273066  0.97660059
3899.29411952  0.97712564
3899.29550838  0.97762597
3899.29689723  0.97717434
3899.29828609  0.97743690
3899.29967495  0.97741860
3899.30106381  0.97645789
3899.30245267  0.97759497
3899.30384152  0.97697955
3899.30523038  0.97569454
3899.30661924  0.97643304
3899.30800810  0.97658056
3899.30939696  0.97621828
3899.31078581  0.97611922
3899.31217467  0.97552323
3899.31356353  0.97621506
3899.31495239  0.97561091
3899.31634124  0.97548527
3899.31773010  0.97588426
3899.31911896  0.97458923
3899.32050782  0.97468847
3899.32189668  0.97472996
3899.32328553  0.97455746
3899.32467439  0.97469515
3899.32606325  0.97491413
3899.32745211  0.97457314
3899.32884097  0.97459608
3899.33022982  0.97461230
3899.33161868  0.97417074
3899.33300754  0.97506642
3899.33439640  0.97449952
3899.33578525  0.97509199
3899.33717411  0.97422808
3899.33856297  0.97475404
3899.33995183  0.97436529
3899.34134069  0.97522694
3899.34272954  0.97480935
3899.34411840  0.97459024
3899.34550726  0.97427309
3899.34689612  0.97376674
3899.34828497  0.97447419
3899.34967383  0.97287202
3899.35106269  0.97350115
3899.35245155  0.97338402
3899.35384041  0.97356051
3899.35522926  0.97290188
3899.35661812  0.97358602
3899.35800698  0.97302967
3899.35939584  0.97258985
3899.36078469  0.97263116
3899.36217355  0.97236973
3899.36356241  0.97298080
3899.36495127  0.97256231
3899.36634013  0.97255754
3899.36772898  0.97179884
3899.36911784  0.97236687
3899.37050670  0.97217512
3899.37189556  0.97212660
3899.37328441  0.97246319
3899.37467327  0.97201604
3899.37606213  0.97194791
3899.37745099  0.97179240
3899.38022870  0.97161400
3899.38161756  0.97226828
3899.38300642  0.97194266
3899.38439527  0.97176528
3899.38578413  0.97130048
3899.38717299  0.97117174
3899.38856185  0.97029400
3899.38995071  0.97126967
3899.39133956  0.97085178
3899.39272842  0.97024381
3899.39411728  0.97119617
3899.39550614  0.97099537
3899.39689499  0.97125089
3899.39828385  0.97017419
3899.39967271  0.97026235
3899.40106157  0.97085512
3899.40245042  0.96999705
3899.40383928  0.97013736
3899.40522814  0.97005135
3899.40661700  0.96889943
3899.40800585  0.97047192
3899.40939471  0.96879005
3899.41078357  0.96921033
3899.41217243  0.96980780
3899.41356128  0.96927762
3899.41495014  0.96927363
3899.41633900  0.96902406
3899.41772786  0.96867919
3899.41911671  0.96818298
3899.42050557  0.96878463
3899.42189443  0.96905327
3899.42328329  0.96961761
3899.42467214  0.96800232
3899.42606100  0.96861231
3899.42744986  0.96842229
3899.42883872  0.96906513
3899.43022757  0.96830273
3899.43161643  0.96781474
3899.43300529  0.96827751
3899.43439415  0.96797758
3899.43578300  0.96862131
3899.43717186  0.96829921
3899.43856072  0.96787727
3899.43994958  0.96763545
3899.44133843  0.96743488
3899.44272729  0.96718025
3899.44411615  0.96704692
3899.44550501  0.96743035
3899.44689386  0.96797693
3899.44828272  0.96662849
3899.44967158  0.96774805
3899.45106044  0.96704060
3899.45244929  0.96768612
3899.45383815  0.96687382
3899.45522701  0.96696210
3899.45661587  0.96604896
3899.45800472  0.96657932
3899.45939358  0.96653336
3899.46078244  0.96611524
3899.46356015  0.96651697
3899.46494901  0.96674353
3899.46633787  0.96605796
3899.46772672  0.96607947
3899.46911558  0.96625906
3899.47050444  0.96629125
3899.47189330  0.96626443
3899.47328215  0.96609455
3899.47467101  0.96565652
3899.47744872  0.96567440
3899.47883758  0.96604228
3899.48022644  0.96533769
3899.48161530  0.96562082
3899.48300415  0.96568608
3899.48439301  0.96553278
3899.48717073  0.96517998
3899.48855958  0.96588665
3899.48994844  0.96608937
3899.49133730  0.96544808
3899.49272616  0.96587431
3899.49411501  0.96502525
3899.49550387  0.96503514
3899.49689273  0.96547437
3899.49828158  0.96553451
3899.50105930  0.96737981
3899.50244816  0.96578687
3899.50383701  0.96519876
3899.50522587  0.96527225
3899.50661473  0.96483505
3899.50800358  0.96518487
3899.50939244  0.96494496
3899.51217016  0.96447474
3899.51355901  0.96667504
3899.51494787  0.96617949
3899.51633673  0.96573734
3899.51772558  0.96517932
3899.51911444  0.96554029
3899.52050330  0.96506953
3899.52189216  0.96450883
3899.52328101  0.96474415
3899.52466987  0.96435052
3899.52605873  0.96429557
3899.52744758  0.96406281
3899.53022530  0.96389097
3899.53161416  0.96433699
3899.53300301  0.96388698
3899.53439187  0.96410388
3899.53578073  0.96448374
3899.53716958  0.96475160
3899.53855844  0.96436930
3899.53994730  0.96389228
3899.54272501  0.96405613
3899.54411387  0.96385211
3899.54550273  0.96445811
3899.54689158  0.96393967
3899.54966930  0.96442765
3899.55105816  0.96579462
3899.55244701  0.96708220
3899.55383587  0.96688318
3899.55522473  0.96571016
3899.55661358  0.96602398
3899.55800244  0.96590263
3899.56078015  0.96614283
3899.56216901  0.96589762
3899.56355787  0.96528602
3899.56494673  0.96653259
3899.56633558  0.96558517
3899.56772444  0.96565211
3899.56911330  0.96495926
3899.57050215  0.96474952
3899.57189101  0.96468532
3899.57327987  0.96426982
3899.57466872  0.96506798
3899.57605758  0.96408975
3899.57744644  0.96399677
3899.57883529  0.96389353
3899.58022415  0.96292627
3899.58161301  0.96291465
3899.58300187  0.96288222
3899.58439072  0.96242023
3899.58577958  0.96300745
3899.58716844  0.96242809
3899.58855729  0.96216100
3899.58994615  0.96258664
3899.59133501  0.96176684
3899.59272386  0.96189302
3899.59550158  0.96195352
3899.59689043  0.96187007
3899.59827929  0.96179622
3899.59966815  0.96171445
3899.60105700  0.96208364
3899.60244586  0.96331584
3899.60383472  0.96240914
3899.60522358  0.96199882
3899.60800129  0.96174848
3899.60939015  0.96221620
3899.61077900  0.96237761
3899.61216786  0.96174848
3899.61355672  0.96145666
3899.61494557  0.96137619
3899.61633443  0.96089029
3899.61911214  0.96094251
3899.62050100  0.96144354
3899.62188986  0.96085501
3899.62327871  0.96092159
3899.62605643  0.96097559
3899.62744528  0.96171910
3899.63022300  0.96184343
3899.63161185  0.96197683
3899.63300071  0.96197462
3899.63438957  0.96149510
3899.63577842  0.96121889
3899.63855614  0.96059799
3899.63994500  0.96083224
3899.64133385  0.96150941
3899.64272271  0.96255285
3899.64411157  0.96156603
3899.64550042  0.96105236
3899.64688928  0.96140760
3899.64827814  0.96074754
3899.65105585  0.96072048
3899.65383356  0.96063620
3899.65522242  0.96003896
3899.65661128  0.96069074
3899.65800013  0.96054506
3899.65938899  0.96019661
3899.66077785  0.96082479
3899.66216670  0.96025276
3899.66355556  0.95938259
3899.66494442  0.96024555
3899.66633327  0.95903617
3899.66772213  0.95971406
3899.66911099  0.95898485
3899.67049984  0.95890790
3899.67188870  0.95912862
3899.67327756  0.95905554
3899.67466641  0.95885766
3899.67605527  0.96009040
3899.67744413  0.95992529
3899.67883298  0.95896989
3899.68022184  0.95923507
3899.68161069  0.95927894
3899.68299955  0.95855695
3899.68438841  0.95917088
3899.68577726  0.95904237
3899.68855498  0.95957243
3899.68994383  0.95830214
3899.69133269  0.95819616
3899.69272155  0.95868778
3899.69411040  0.95832115
3899.69549926  0.95776820
3899.69827697  0.95853472
3899.69966583  0.95839232
3899.70105469  0.95784390
3899.70244354  0.95830882
3899.70383240  0.95902491
3899.70522126  0.95844239
3899.70661011  0.95834988
3899.70799897  0.95783526
3899.70938783  0.95895600
3899.71077668  0.95844358
3899.71355439  0.95780343
3899.71494325  0.95869678
3899.71772096  0.95865738
3899.71910982  0.95827216
3899.72049868  0.95864338
3899.72188753  0.95815796
3899.72327639  0.95767307
3899.72605410  0.95808560
3899.72744296  0.95839161
3899.72883182  0.95773846
3899.73022067  0.95754445
3899.73160953  0.95794070
3899.73438724  0.95735335
3899.73577610  0.95714027
3899.73716495  0.95821989
3899.73994267  0.95824474
3899.74272038  0.95764565
3899.74410924  0.95742619
3899.74549809  0.95796949
3899.74688695  0.95766497
3899.74827580  0.95796025
3899.75105352  0.95782596
3899.75244237  0.95798689
3899.75383123  0.95812953
3899.75522009  0.95793837
3899.75660894  0.95741367
3899.75799780  0.95854747
3899.75938666  0.95906067
3899.76216437  0.95817417
3899.76494208  0.95783061
3899.76633094  0.95782173
3899.76771979  0.95836055
3899.76910865  0.95782125
3899.77188636  0.95704055
3899.77327522  0.95644891
3899.77605293  0.95624310
3899.77744179  0.95556527
3899.77883064  0.95625949
3899.78021950  0.95624238
3899.78299721  0.95601529
3899.78438607  0.95574778
3899.78577492  0.95628035
3899.78716378  0.95562077
3899.78855264  0.95635521
3899.78994149  0.95634532
3899.79133035  0.95583481
3899.79410806  0.95603341
3899.79549692  0.95764124
3899.79688577  0.95801079
3899.79827463  0.95731765
3899.79966349  0.95603216
3899.80105234  0.95682365
3899.80244120  0.95709449
3899.80383005  0.95614398
3899.80660777  0.95546693
3899.80799662  0.95499867
3899.81077433  0.95572811
3899.81355205  0.95440620
3899.81494090  0.95549124
3899.81632976  0.95593137
3899.81771862  0.95527244
3899.82049633  0.95573109
3899.82188518  0.95752686
3899.82327404  0.95951080
3899.82466290  0.95872664
3899.82605175  0.95873684
3899.82744061  0.95770961
3899.82882946  0.95822376
3899.83021832  0.95812911
3899.83160718  0.95736116
3899.83299603  0.95760381
3899.83438489  0.95871413
3899.83577374  0.95940244
3899.83716260  0.95801997
3899.83855146  0.95797688
3899.83994031  0.95743561
3899.84132917  0.95824397
3899.84271802  0.95842892
3899.84410688  0.95665181
3899.84549574  0.95570159
3899.84688459  0.95636183
3899.84827345  0.95618248
3899.84966230  0.95546877
3899.85105116  0.95570612
3899.85244002  0.95447350
3899.85382887  0.95540810
3899.85521773  0.95598489
3899.85660658  0.95506859
3899.85799544  0.95515817
3899.86077315  0.95641202
3899.86216201  0.95669585
3899.86355086  0.95603526
3899.86493972  0.95492697
3899.86632858  0.95568913
3899.86771743  0.95586854
3899.86910629  0.95506740
3899.87049514  0.95527697
3899.87188400  0.95575106
3899.87327286  0.95585191
3899.87466171  0.95432466
3899.87605057  0.95467687
3899.87882828  0.95498270
3899.88021713  0.95634729
3899.88160599  0.95541042
3899.88438370  0.95612884
3899.88577256  0.95689446
3899.88716141  0.95504630
3899.88855027  0.95623666
3899.88993913  0.95520651
3899.89271684  0.95500636
3899.89549455  0.95498949
3899.89688341  0.95463514
3899.89966112  0.95443821
3899.90104997  0.95398009
3899.90243883  0.95381445
3899.90382768  0.95465755
3899.90521654  0.95415699
3899.90660540  0.95409954
3899.90799425  0.95533156
3899.90938311  0.95553261
3899.91077196  0.95391160
3899.91216082  0.95386475
3899.91354967  0.95378214
3899.91493853  0.95357335
3899.91632739  0.95430487
3899.91771624  0.95473957
3899.91910510  0.95374393
3899.92049395  0.95394319
3899.92188281  0.95536900
3899.92327166  0.95478988
3899.92466052  0.95447206
3899.92743823  0.95508105
3899.92882709  0.95476604
3899.93021594  0.95553583
3899.93299365  0.95578337
3899.93438251  0.95518541
3899.93577137  0.95459825
3899.93716022  0.95502174
3899.93854908  0.95434195
3899.93993793  0.95485103
3899.94132679  0.95497656
3899.94271564  0.95559013
3899.94410450  0.95472640
3899.94549336  0.95393598
3899.94688221  0.95475447
3899.94827107  0.95488465
3899.95104878  0.95460594
3899.95243763  0.95485216
3899.95382649  0.95417988
3899.95521535  0.95426649
3899.95799306  0.95508027
3899.96077077  0.95540196
3899.96215962  0.95513624
3899.96354848  0.95552838
3899.96493733  0.95528364
3899.96632619  0.95553827
3899.96771505  0.95527631
3899.96910390  0.95498890
3899.97188161  0.95521450
3899.97327047  0.95527607
3899.97465932  0.95587617
3899.97743703  0.95511454
3899.97882589  0.95505798
3899.98021475  0.95717579
3899.98160360  0.95596945
3899.98299246  0.95677888
3899.98438131  0.95539933
3899.98715902  0.95492089
3899.98854788  0.95471370
3899.98993673  0.95482975
3899.99132559  0.95464188
3899.99271445  0.95522767
3899.99410330  0.95483094
3899.99549216  0.95423526
3899.99688101  0.95432466
3899.99826987  0.95471895
3899.99965872  0.95437580
3900.00104758  0.95601785
3900.00243643  0.95521861
3900.00382529  0.95433652
3900.00521414  0.95564508
3900.00660300  0.95516777
3900.00938071  0.95422709
3900.01076957  0.95516419
3900.01215842  0.95504719
3900.01354728  0.95510471
3900.01493613  0.95501399
3900.01632499  0.95493573
3900.01771384  0.95547032
3900.01910270  0.95630580
3900.02049155  0.95686072
3900.02188041  0.95630622
3900.02465812  0.95579147
3900.02604697  0.95706528
3900.02743583  0.95674825
3900.02882469  0.95614040
3900.03021354  0.95506459
3900.03160240  0.95475912
3900.03299125  0.95417291
3900.03438011  0.95499033
3900.03576896  0.95517850
3900.03715782  0.95515400
3900.03854667  0.95548809
3900.03993553  0.95463222
3900.04132438  0.95448369
3900.04271324  0.95481974
3900.04549095  0.95504850
3900.04687980  0.95575833
3900.04826866  0.95546234
3900.04965752  0.95599109
3900.05104637  0.95714056
3900.05243523  0.95580506
3900.05382408  0.95702690
3900.05660179  0.95632368
3900.05799065  0.95719820
3900.05937950  0.95701534
3900.06215721  0.95669454
3900.06354607  0.95893645
3900.06493492  0.95773935
3900.06632378  0.95514899
3900.06771263  0.95505583
3900.06910149  0.95599151
3900.07049034  0.95490366
3900.07187920  0.95421821
3900.07326805  0.95435184
3900.07465691  0.95444018
3900.07604577  0.95494395
3900.07743462  0.95443600
3900.07882348  0.95419002
3900.08021233  0.95449269
3900.08160119  0.95477968
3900.08299004  0.95631891
3900.08437890  0.95512980
3900.08576775  0.95454365
3900.08715661  0.95532614
3900.08854546  0.95615286
3900.08993432  0.95574278
3900.09271203  0.95668930
3900.09410088  0.95622057
3900.09687859  0.95608020
3900.09826745  0.95665026
3900.09965630  0.95718575
3900.10104516  0.95604968
3900.10243401  0.95824224
3900.10382287  0.95676994
3900.10521172  0.95703799
3900.10660058  0.95710784
3900.10798943  0.95755321
3900.10937829  0.95724159
3900.11076714  0.95728087
3900.11215600  0.95914936
3900.11354485  0.95711082
3900.11493371  0.95678812
3900.11632256  0.95766687
3900.11771142  0.95650750
3900.11910027  0.95775324
3900.12048913  0.95774812
3900.12187798  0.95710003
3900.12326684  0.95706564
3900.12465569  0.95810235
3900.12604455  0.95789123
3900.12743340  0.95593989
3900.12882226  0.95705420
3900.13021111  0.95661962
3900.13159997  0.95699948
3900.13298882  0.95682651
3900.13576653  0.95618016
3900.13715539  0.95631188
3900.13854424  0.95779938
3900.13993310  0.95533150
3900.14132195  0.95613420
3900.14271081  0.95772761
3900.14409966  0.95751721
3900.14687737  0.95913148
3900.14826623  0.95928061
3900.15104394  0.95823824
3900.15243279  0.95808482
3900.15382165  0.95878547
3900.15521050  0.95908332
3900.15659936  0.95963025
3900.15798821  0.95880234
3900.15937707  0.95844227
3900.16076592  0.95853513
3900.16354363  0.95807725
3900.16493249  0.95926201
3900.16771020  0.95861423
3900.16909905  0.95813841
3900.17048791  0.95794594
3900.17187676  0.95749646
3900.17326562  0.95797223
3900.17604333  0.95799875
3900.17743218  0.95713693
3900.17882104  0.95709640
3900.18020989  0.95738626
3900.18298760  0.95673770
3900.18437646  0.95707428
3900.18715416  0.95731628
3900.18854302  0.95811081
3900.18993187  0.95753163
3900.19132073  0.95756221
3900.19270958  0.95736617
3900.19409844  0.95915812
3900.19548729  0.95826209
3900.19687615  0.95684594
3900.19826500  0.95849079
3900.19965386  0.95741910
3900.20104271  0.95812911
3900.20382042  0.95746970
3900.20520928  0.95774245
3900.20659813  0.95760256
3900.20798699  0.95868546
3900.20937584  0.95833755
3900.21215355  0.95998216
3900.21354241  0.96072578
3900.21493126  0.96014798
3900.21632011  0.96102881
3900.21770897  0.96236181
3900.21909782  0.96252179
3900.22048668  0.96023548
3900.22187553  0.96146566
3900.22326439  0.96170944
3900.22465324  0.96112686
3900.22604210  0.96209997
3900.22881981  0.96210426
3900.23020866  0.95978868
3900.23159752  0.95948130
3900.23298637  0.95926672
3900.23437523  0.95937836
3900.23576408  0.95914739
3900.23715293  0.96177715
3900.23993064  0.95858181
3900.24270835  0.95852375
3900.24409721  0.95919424
3900.24548606  0.95998490
3900.24687492  0.96174651
3900.24826377  0.95907211
3900.24965263  0.96006072
3900.25104148  0.96023601
3900.25243034  0.95894134
3900.25520804  0.96059334
3900.25659690  0.96127361
3900.25798575  0.95959097
3900.25937461  0.96276653
3900.26076346  0.96301019
3900.26215232  0.96421778
3900.26354117  0.96713436
3900.26631888  0.97622979
3900.26770774  0.98740005
3900.26909659  0.99757546
3900.27048544  1.00779903
3900.27187430  1.00462699
3900.27326315  1.00125122
3900.27742972  1.00104403
3900.27881857  0.99671459
3900.28159628  0.99488610
3900.28298513  0.99231571
3900.28437399  0.99092489
3900.28576284  0.98996437
3900.28715170  0.98923671
3900.28854055  0.98907703
3900.28992941  0.98744255
3900.29131826  0.98447835
3900.29270712  0.98340243
3900.29409597  0.98345971
3900.29548482  0.98217571
3900.29687368  0.98150313
3900.29826253  0.97954506
3900.29965139  0.97732913
3900.30104024  0.97705024
3900.30242910  0.97792536
3900.30381795  0.97701108
3900.30520681  0.97544628
3900.30659566  0.97405493
3900.30798451  0.97310960
3900.30937337  0.97228080
3900.31076222  0.97407037
3900.31492879  0.96949428
3900.32048420  0.96870494
3900.32187306  0.96726102
3900.32465077  0.96694201
3900.32603962  0.96715683
3900.32881733  0.96572202
3900.33020618  0.96601111
3900.33159504  0.96568727
3900.33298389  0.96582562
3900.33576160  0.96566319
3900.33715046  0.96535170
3900.33992816  0.96470153
3900.34270587  0.96596813
3900.34409473  0.96718365
3900.34687243  0.96605271
3900.34826129  0.96526510
3900.34965014  0.96492624
3900.35103900  0.96626920
3900.35242785  0.96548039
3900.35381671  0.96548516
3900.35520556  0.96520215
3900.35659441  0.96588475
3900.36076098  0.96601832
3900.36353869  0.96622211
3900.36492754  0.96670026
3900.36770525  0.96656591
3900.37048296  0.96565598
3900.37187181  0.96485597
3900.37326066  0.96526444
3900.37464952  0.96630257
3900.37742723  0.96944022
3900.38020494  0.96780056
3900.38298264  0.96692634
3900.38576035  0.96794051
3900.38992691  0.96747065
3900.39131577  0.96814853
3900.39270462  0.96835381
3900.39409348  0.96936995
3900.39687118  0.97018540
3900.39826004  0.96963841
3900.39964889  0.96747684
3900.40103775  0.96886200
3900.40242660  0.96805251
3900.40520431  0.96827132
3900.40798202  0.96711493
3900.40937087  0.96622902
3900.41214858  0.96524459
3900.41353743  0.96488857
3900.41492629  0.96401131
3900.41770400  0.96404225
3900.41909285  0.96379048
3900.42048170  0.96662307
3900.42187056  0.96777058
3900.42325941  0.96785969
3900.42603712  0.96733540
3900.42742597  0.96775436
3900.42881483  0.96947342
3900.43020368  0.96954370
3900.43159254  0.96877766
3900.43575910  0.96896279
3900.43714795  0.96868539
3900.43853681  0.96879297
3900.44131451  0.96952260
3900.44270337  0.96933919
3900.44409222  0.96935087
3900.44548107  0.96919489
3900.44686993  0.96937573
3900.44825878  0.96991521
3900.44964764  0.96829510
3900.45103649  0.96713108
3900.45242534  0.96929872
3900.45381420  0.96908289
3900.45520305  0.96952093
3900.45659191  0.96912384
3900.45798076  0.96854985
3900.45936961  0.96693343
3900.46214732  0.96829939
3900.46492503  0.96863145
3900.46631388  0.96819437
3900.47048044  0.96704859
3900.47186930  0.96741521
3900.47325815  0.96846217
3900.47464701  0.96834081
3900.47603586  0.96707010
3900.47742471  0.96744621
3900.48020242  0.97139287
3900.48714669  0.97171170
3900.48992440  0.97092098
3900.49131325  0.96850574
3900.49270210  0.96737492
3900.49409096  0.96896368
3900.49964637  0.96792412
3900.50103523  0.96732223
3900.50242408  0.96770805
3900.50381293  0.96690601
3900.50520179  0.96817696
3900.50659064  0.96822536
3900.50936835  0.96696973
3900.51075720  0.96777236
3900.51214606  0.96691859
3900.51353491  0.97020376
3900.51492376  0.96871579
3900.51631262  0.96876633
3900.51909032  0.96798182
3900.52047918  0.96783030
3900.52603459  0.96759737
3900.52742345  0.96709234
3900.52881230  0.97042418
3900.53020115  0.97140974
3900.53159001  0.97066909
3900.53436771  0.96792263
3900.53575657  0.96693093
3900.53714542  0.96724194
3900.53853428  0.96993232
3900.54270084  0.96777177
3900.54408969  0.96773648
3900.54547854  0.96781242
3900.54825625  0.96787703
3900.54964510  0.96807975
3900.55103396  0.96791679
3900.55381166  0.96886879
3900.55658937  0.97078609
3900.55797822  0.96933556
3900.56214479  0.97155607
3900.56492249  0.97237992
3900.56770020  0.97187775
3900.56908905  0.97072005
3900.57186676  0.97261059
3900.57325561  0.97169948
3900.57464447  0.97154719
3900.58158873  0.97073102
3900.58575529  0.96869773
3900.58714415  0.96824723
3900.58992185  0.96998292
3900.59131071  0.97093296
3900.59269956  0.96873999
3900.59408841  0.96907604
3900.59547727  0.96966827
3900.59686612  0.97029102
3900.59825498  0.97171831
3900.60103268  0.97101611
3900.60242154  0.97048879
3900.60381039  0.97169948
3900.61075466  0.97019786
3900.61214351  0.97017699
3900.61353236  0.97176749
3900.61492122  0.97018987
3900.61631007  0.96985132
3900.61769892  0.97174710
3900.62047663  0.97087502
3900.62464319  0.97000670
3900.62603204  0.97116041
3900.62742089  0.97060168
3900.62880975  0.97052211
3900.63158745  0.97137266
3900.63436516  0.97016799
3900.63575401  0.97147733
3900.64269828  0.97387755
3900.64408713  0.97348911
3900.64686484  0.97364587
3900.64825369  0.97508883
3900.65658681  0.97415429
3900.65936452  0.97361577
3900.66075337  0.97229183
3900.66214223  0.97360194
3900.66491993  0.97162485
3900.66630878  0.97211528
3900.67325305  0.97138655
3900.67464190  0.97224653
3900.67603076  0.97289193
3900.67741961  0.97205049
3900.67880846  0.97278214
3900.68019732  0.97310871
3900.68158617  0.97253537
3900.68297502  0.97191292
3900.68436388  0.97339064
3900.68575273  0.98450440
3900.68714158  0.99798977
3900.68991929  1.00971341
3900.69964126  0.99021631
3900.70103011  0.98880756
3900.70241896  0.98650014
3900.70380782  0.98459321
3900.70936323  0.98252970
3900.71214094  0.97930181
3900.71352979  0.97884661
3900.72325176  0.97907728
3900.72464061  0.97810316
3900.72602947  0.98053533
3900.73575144  0.97897702
3900.73852914  0.97709411
3900.74269570  0.97587955
3900.74686226  0.97614479
3900.74825111  0.97416985
3900.74963996  0.97680938
3900.75102882  0.97619140
3900.75241767  0.97655207
3900.75519538  0.97527492
3900.75658423  0.97571063
3900.75797308  0.97590065
3900.75936193  0.97527969
3900.76075079  0.97534776
3900.76352849  0.97552776
3900.76630620  0.97575212
3900.76769505  0.97682977
3900.77325046  0.97775096
3900.77602817  0.97816479
3900.77741702  0.97816956
3900.78158358  0.97877032
3900.78575014  0.98008621
3900.78852784  0.97765505
3900.79130555  0.97775483
3900.79269440  0.97934890
3900.79408325  0.97807306
3900.79824981  0.97760504
3900.80102752  0.97864288
3900.80380522  0.97768921
3900.80658293  0.97882164
3900.81213834  0.97943968
3900.81491604  0.98061991
3900.81908260  0.98036927
3900.82463801  0.97875744
3900.82741572  0.97825736
3900.83019342  0.97879750
3900.83158227  0.97848016
3900.83297113  0.97835505
3900.83435998  0.97722930
3900.83852654  0.97760087
3900.83991539  0.97771239
3900.84269310  0.97781998
3900.84547080  0.97837150
3900.84685965  0.97834092
3900.85102621  0.97891074
3900.85519277  0.97717446
3900.85658162  0.97769946
3900.85935933  0.97691071
3900.86074818  0.97800893
3900.86352588  0.97712809
3900.86630359  0.97684520
3900.87185900  0.97822452
3900.87324785  0.98035949
3900.87463670  0.97669226
3900.87602555  0.97718257
3900.88019211  0.97727585
3900.88435867  0.97768831
3900.88713637  0.97826457
3900.89408064  0.98075569
3900.89546949  0.97928208
3900.90380260  0.98318356
3900.90519145  0.98304892
3900.90796916  0.98389620
3900.91352457  0.98434359
3900.93019080  0.98362905
3900.93296850  0.98083127
3900.93435735  0.98007900
3900.93574620  0.97954428
3900.93713506  0.98017246
3900.93991276  0.97914821
3900.94130161  0.97863221
3900.94269047  0.97931558
3900.94407932  0.97894394
3900.94546817  0.97848880
3900.94685702  0.97900456
3900.94824587  0.97905642
3900.95102358  0.97863066
3900.95241243  0.97817874
3900.95380128  0.97880071
3900.95519014  0.97842634
3900.95657899  0.97803831
3900.95796784  0.97822082
3900.95935669  0.97804010
3900.96074554  0.97772664
3900.96352325  0.97769254
3900.96491210  0.97763115
3900.96630095  0.97792858
3900.96768980  0.97740251
3900.96907866  0.97752380
3900.97046751  0.97776657
3900.97185636  0.97819930
3900.97324521  0.97795278
3900.97463406  0.97695166
3900.97602292  0.97687298
3900.97741177  0.97746497
3900.97880062  0.97790003
3900.98018947  0.97704750
3900.98157832  0.97790378
3900.98296718  0.97675431
3900.98435603  0.97781819
3900.98574488  0.97848690
3900.98713373  0.97789937
3900.98852259  0.97802037
3900.98991144  0.97769964
3900.99130029  0.97777015
3900.99268914  0.97760761
3900.99407799  0.97833204
3900.99546685  0.97814655
3900.99685570  0.97819352
3900.99824455  0.97803092
3900.99963340  0.97734576
3901.00102225  0.97896338
3901.00241111  0.97856474
3901.00379996  0.97849357
3901.00518881  0.97877097
3901.00657766  0.97806066
3901.00796651  0.97930759
3901.00935537  0.97910613
3901.01074422  0.97892106
3901.01213307  0.97909981
3901.01352192  0.97903985
3901.01491077  0.97958767
3901.01629962  0.97949165
3901.01768848  0.97840464
3901.01907733  0.97945136
3901.02046618  0.97839135
3901.02185503  0.97935921
3901.02324388  0.97874433
3901.02463274  0.97854722
3901.02602159  0.97841167
3901.02879929  0.97852755
3901.03018814  0.97887057
3901.03157700  0.97931826
3901.03296585  0.97968328
3901.03435470  0.97890854
3901.03574355  0.97911167
3901.03713240  0.97847784
3901.03852126  0.97969669
3901.03991011  0.97936445
3901.04129896  0.97916472
3901.04268781  0.97977036
3901.04407666  0.97954392
3901.04546551  0.97930938
3901.04685437  0.97963083
3901.04824322  0.98031569
3901.04963207  0.97901899
3901.05102092  0.97944546
3901.05240977  0.97990239
3901.05379863  0.97912890
3901.05518748  0.97993511
3901.05657633  0.97974908
3901.05796518  0.97956371
3901.05935403  0.98032397
3901.06074288  0.97977030
3901.06352059  0.98029667
3901.06490944  0.98063070
3901.06629829  0.98001105
3901.06768714  0.98018503
3901.06907600  0.98075789
3901.07046485  0.98096138
3901.07185370  0.98012394
3901.07324255  0.98048431
3901.07463140  0.98122191
3901.07602025  0.98131120
3901.07740911  0.98143208
3901.07879796  0.98088080
3901.08018681  0.98123038
3901.08157566  0.98149902
3901.08296451  0.98087680
3901.08435336  0.98148137
3901.08574222  0.98109281
3901.08713107  0.98053288
3901.08851992  0.98087627
3901.08990877  0.98189819
3901.09129762  0.98106474
3901.09268647  0.98124689
3901.09407533  0.98086172
3901.09546418  0.98066568
3901.09685303  0.98135561
3901.09824188  0.98079157
3901.09963073  0.98043996
3901.10101958  0.98049319
3901.10240844  0.98072904
3901.10379729  0.98068845
3901.10518614  0.98133385
3901.32184694  0.98969805
3901.32323579  0.99008304
3901.32462464  0.98926181
3901.32601349  0.98852545
3901.32879119  0.98996812
3901.33018005  0.99072617
3901.33156890  0.99005079
3901.33295775  0.99018472
3901.33434660  0.99011075
3901.33573545  0.99036819
3901.33712430  0.99068087
3901.33851315  0.99065512
3901.33990200  0.98998541
3901.34129085  0.99006450
3901.34267970  0.99050063
3901.34406855  0.98986208
3901.34545741  0.98958790
3901.34684626  0.98890197
3901.34823511  0.98905909
3901.34962396  0.98930132
3901.35101281  0.98980337
3901.35240166  0.98949033
3901.35379051  0.98942709
3901.35517936  0.98934960
3901.35656821  0.98943239
3901.35795706  0.98957413
3901.35934591  0.98912168
3901.36073476  0.99001521
3901.36212361  0.98943871
3901.36351247  0.98965806
3901.36490132  0.98945379
3901.36629017  0.98959589
3901.36767902  0.99012464
3901.36906787  0.99039060
3901.37045672  0.98940289
3901.37184557  0.98958749
3901.37323442  0.99021077
3901.37462327  0.98995471
3901.37601212  0.99031144
3901.37740097  0.99010277
3901.37878982  0.99026471
3901.38017867  0.99068522
3901.38156753  0.99029446
3901.38295638  0.99053180
3901.38434523  0.98995090
3901.38573408  0.99054468
3901.38712293  0.99125236
3901.38851178  0.99011654
3901.38990063  0.99034166
3901.39128948  0.99087828
3901.39267833  0.99056721
3901.39406718  0.99068725
3901.39545603  0.99076647
3901.39684488  0.99078846
3901.39823373  0.99099225
3901.39962258  0.99160457
3901.40101143  0.99027747
3901.40240028  0.99096972
3901.40378914  0.99070454
3901.40517799  0.99159551
3901.40656684  0.99143529
3901.40795569  0.99120343
3901.40934454  0.99153966
3901.41073339  0.99122792
3901.41212224  0.99063492
3901.41351109  0.99130023
3901.41489994  0.99125481
3901.41628879  0.99124694
3901.41767764  0.99103266
3901.41906649  0.99182403
3901.42045534  0.99170864
3901.42184419  0.99208134
3901.42323304  0.99190444
3901.42462189  0.99195570
3901.42601074  0.99165577
3901.42739960  0.99211979
3901.42878845  0.99171293
3901.43017730  0.99159050
3901.43156615  0.99207938
3901.43295500  0.99164975
3901.43434385  0.99249232
3901.43573270  0.99215341
3901.43712155  0.99216729
3901.43851040  0.99205595
3901.43989925  0.99244469
3901.44128810  0.99198401
3901.44267695  0.99297976
3901.44406580  0.99270970
3901.44545465  0.99253803
3901.44684350  0.99269545
3901.44823235  0.99269480
3901.44962120  0.99309486
3901.45101005  0.99329603
3901.45239890  0.99235535
3901.45378776  0.99311697
3901.45517661  0.99303472
3901.45656546  0.99333197
3901.45795431  0.99350446
3901.45934316  0.99256939
3901.46073201  0.99310207
3901.46212086  0.99358267
3901.46350971  0.99294138
3901.46489856  0.99285167
3901.46628741  0.99330688
3901.46767626  0.99338859
3901.46906511  0.99365336
3901.47045396  0.99355811
3901.47184281  0.99329871
3901.47323166  0.99365979
3901.47462051  0.99295789
3901.47600936  0.99362952
3901.47739821  0.99357074
3901.47878706  0.99324763
3901.48017591  0.99386990
3901.48156476  0.99349797
3901.48295361  0.99376690
3901.48434246  0.99423879
3901.48573131  0.99338347
3901.48712016  0.99408674
3901.48850902  0.99323887
3901.48989787  0.99387890
3901.49128672  0.99425513
3901.49267557  0.99413645
3901.49406442  0.99485457
3901.49545327  0.99335641
3901.49684212  0.99416834
3901.49823097  0.99425900
3901.49961982  0.99424326
3901.50100867  0.99414843
3901.50239752  0.99408108
3901.50378637  0.99387157
3901.50517522  0.99442750
3901.50656407  0.99438387
3901.50795292  0.99463832
3901.50934177  0.99445647
3901.51073062  0.99509448
3901.51211947  0.99428380
3901.51350832  0.99434561
3901.51489717  0.99467152
3901.51628602  0.99496800
3901.51767487  0.99455386
3901.51906372  0.99525744
3901.52045257  0.99484545
3901.52184142  0.99492615
3901.52323027  0.99524122
3901.52461912  0.99503863
3901.52600797  0.99589473
3901.52739682  0.99598938
3901.52878567  0.99566656
3901.53017452  0.99576074
3901.53156337  0.99548501
3901.53295222  0.99544322
3901.53434107  0.99591446
3901.53572992  0.99593687
3901.53711877  0.99577004
3901.53850762  0.99607909
3901.53989647  0.99625260
3901.54128532  0.99572688
3901.54267417  0.99614328
3901.54406302  0.99605644
3901.54545187  0.99582744
3901.54684073  0.99589783
3901.54822958  0.99592757
3901.54961843  0.99583191
3901.55100728  0.99639070
3901.55239613  0.99619842
3901.55378498  0.99548620
3901.55517383  0.99604845
3901.55656268  0.99599373
3901.55795153  0.99597520
3901.55934038  0.99667841
3901.56072923  0.99585295
3901.56211808  0.99556911
3901.56350693  0.99611318
3901.56489578  0.99626523
3901.56628463  0.99601537
3901.56767348  0.99661392
3901.56906233  0.99625629
3901.57045118  0.99643964
3901.57184003  0.99670595
3901.57322888  0.99609184
3901.57461773  0.99651867
3901.57600658  0.99644411
3901.57739543  0.99671483
3901.57878428  0.99662334
3901.58017313  0.99663693
3901.58156198  0.99655908
3901.58295083  0.99722415
3901.58433968  0.99708593
3901.58572853  0.99673504
3901.58711738  0.99727678
3901.58850623  0.99696517
3901.58989508  0.99685168
3901.59128393  0.99708360
3901.59267278  0.99638802
3901.59406163  0.99741787
3901.59545048  0.99770290
3901.59683933  0.99739540
3901.59822818  0.99680662
3901.59961703  0.99768907
3901.60100588  0.99773324
3901.60239473  0.99705184
3901.60378358  0.99799877
3901.60517243  0.99774551
3901.60656128  0.99773800
3901.60795013  0.99774146
3901.60933898  0.99788862
3901.61072783  0.99777853
3901.61211668  0.99853826
3901.61350553  0.99826205
3901.61489438  0.99851847
3901.61628323  0.99861294
3901.61767208  0.99812394
3901.61906093  0.99823231
3901.62044978  0.99831891
3901.62183863  0.99826950
3901.62322748  0.99817550
3901.62461633  0.99790263
3901.62600518  0.99839872
3901.62739403  0.99853659
3901.62878288  0.99856603
3901.63017173  0.99900591
3901.63156057  0.99913967
3901.63294942  0.99907589
3901.63433827  0.99972689
3901.63572712  0.99943107
3901.63711597  0.99939066
3901.63850482  0.99946994
3901.63989367  0.99962091
3901.64128252  0.99910653
3901.64267137  0.99939877
3901.64406022  0.99958271
3901.64544907  0.99906689
3901.64683792  0.99920940
3901.64822677  0.99950290
3901.64961562  0.99922228
3901.65100447  0.99951845
3901.65239332  0.99957085
3901.65378217  0.99889123
3901.65517102  0.99942112
3901.65655987  0.99952590
3901.65794872  0.99912757
3901.65933757  0.99954432
3901.66072642  0.99951822
3901.66211527  1.00003278
3901.66350412  0.99985236
3901.66489297  0.99890935
3901.66628182  0.99979627
3901.66767067  0.99985814
3901.66905952  0.99960768
3901.67044837  0.99968696
3901.67183722  0.99989200
3901.67322607  0.99992496
3901.67461492  1.00031316
3901.67600377  1.00006652
3901.67739262  1.00025976
3901.67878147  1.00040436
3901.68017032  0.99954432
3901.68155917  1.00017548
3901.68294802  0.99968463
3901.68433687  0.99995393
3901.68572572  1.00044131
3901.68711457  0.99982917
3901.68850341  1.00137186
3901.68989226  1.00007343
3901.69128111  1.00066102
3901.69266996  0.99976557
3901.69405881  1.00058091
3901.69544766  1.00096393
3901.69683651  1.00061512
3901.69822536  1.00120413
3901.69961421  1.00122499
3901.70100306  1.00104308
3901.70239191  1.00106764
3901.70378076  1.00148773
3901.70516961  1.00110495
3901.70655846  1.00084126
3901.70794731  1.00120807
3901.70933616  1.00140142
3901.71072501  1.00158131
3901.71211386  1.00163972
3901.71350271  1.00107849
3901.71489156  1.00104427
3901.71628041  1.00186312
3901.71766926  1.00104272
3901.71905811  1.00176036
3901.72044696  1.00173986
3901.72183581  1.00169408
3901.72322465  1.00123560
3901.72461350  1.00182700
3901.72600235  1.00186706
3901.72739120  1.00208056
3901.72878005  1.00231683
3901.73016890  1.00226915
3901.73155775  1.00207651
3901.73294660  1.00249743
3901.73433545  1.00247109
3901.73572430  1.00263882
3901.73711315  1.00215435
3901.73850200  1.00189984
3901.73989085  1.00243032
3901.74127970  1.00324702
3901.74266855  1.00257039
3901.74405740  1.00293016
3901.74544625  1.00392878
3901.74683510  1.00304866
3901.74822395  1.00275624
3901.74961280  1.00327969
3901.75100164  1.00333488
3901.75239049  1.00282729
3901.75377934  1.00264609
3901.75516819  1.00289869
3901.75655704  1.00338018
3901.75794589  1.00328338
3901.75933474  1.00352418
3901.76072359  1.00328755
3901.76211244  1.00354993
3901.76350129  1.00333500
3901.76489014  1.00344741
3901.76627899  1.00378132
3901.76766784  1.00320566
3901.76905669  1.00343442
3901.77044554  1.00364530
3901.77183439  1.00414324
3901.77322324  1.00403810
3901.77461208  1.00386274
3901.77600093  1.00570691
3901.77738978  1.00531840
3901.77877863  1.00472581
3901.78016748  1.00481236
3901.78155633  1.00478554
3901.78294518  1.00465810
3901.78433403  1.00448143
3901.78572288  1.00413322
3901.78711173  1.00456226
3901.78850058  1.00420642
3901.78988943  1.00410163
3901.79127828  1.00444603
3901.79266713  1.00494123
3901.79405598  1.00488150
3901.79544482  1.00419998
3901.79683367  1.00458086
3901.79822252  1.00454402
3901.79961137  1.00499749
3901.80100022  1.00585806
3901.80238907  1.00439870
3901.80377792  1.00516641
3901.80516677  1.00484765
3901.80655562  1.00494802
3901.80794447  1.00460768
3901.80933332  1.00465882
3901.81072217  1.00561309
3901.81211102  1.00502563
3901.81349986  1.00520110
3901.81488871  1.00578618
3901.81627756  1.00525379
3901.81766641  1.00493765
3901.81905526  1.00526607
3901.82044411  1.00562549
3901.82183296  1.00546622
3901.82322181  1.00552046
3901.82461066  1.00563633
3901.82599951  1.00572801
3901.82738836  1.00605130
3901.82877721  1.00570190
3901.83016606  1.00643253
3901.83155490  1.00614405
3901.83294375  1.00581479
3901.83433260  1.00571001
3901.83572145  1.00586975
3901.83711030  1.00585413
3901.83849915  1.00622785
3901.83988800  1.00620687
3901.84127685  1.00636673
3901.84266570  1.00618994
3901.84405455  1.00618875
3901.84544340  1.00639355
3901.84683225  1.00627148
3901.84822109  1.00612724
3901.84960994  1.00648630
3901.85099879  1.00639832
3901.85238764  1.00655484
3901.85377649  1.00655043
3901.85516534  1.00600135
3901.85655419  1.00674701
3901.85794304  1.00756299
3901.85933189  1.00817966
3901.86072074  1.00791621
3901.86210959  1.00825024
3901.86349843  1.00848246
3901.86488728  1.00822163
3901.86627613  1.00814486
3901.86766498  1.00860953
3901.86905383  1.00846696
3901.87044268  1.00940931
3901.87183153  1.00935400
3901.87322038  1.00958824
3901.87460923  1.00907874
3901.87599808  1.00950646
3901.87738693  1.00890088
3901.87877577  1.00931573
3901.88016462  1.00876284
3901.88155347  1.00900221
3901.88294232  1.00878882
3901.88433117  1.00851893
3901.88572002  1.00904691
3901.88710887  1.00926340
3901.88849772  1.00886500
3901.88988657  1.00884283
3901.89127542  1.00906336
3901.89266426  1.00870359
3901.89405311  1.00916767
3901.89544196  1.00920606
3901.89683081  1.00911260
3901.89821966  1.00893950
3901.89960851  1.00929534
3901.90099736  1.00977814
3901.90238621  1.00923276
3901.90377506  1.00950778
3901.90516390  1.00974345
3901.90655275  1.00913966
3901.90794160  1.00910413
3901.90933045  1.00954628
3901.91071930  1.00956571
3901.91210815  1.00979006
3901.91349700  1.00940371
3901.91488585  1.00979650
3901.91627470  1.00965428
3901.91766354  1.00991857
3901.91905239  1.00981522
3901.92044124  1.01009619
3901.92183009  1.00972247
3901.92321894  1.00966036
3901.92460779  1.00972021
3901.92599664  1.01002073
3901.92738549  1.00992858
3901.92877434  1.01017797
3901.93016318  1.01021993
3901.93155203  1.01058626
3901.93294088  1.01072240
3901.93432973  1.01079869
3901.93571858  1.01051986
3901.93710743  1.01066613
3901.93849628  1.01119876
3901.93988513  1.01061225
3901.94127397  1.01037705
3901.94266282  1.01111984
3901.94405167  1.01089346
3901.94544052  1.01138461
3901.94682937  1.01090157
3901.94821822  1.01100206
3901.94960707  1.01099241
3901.95099592  1.01100421
3901.95238476  1.01199460
3901.95377361  1.01093733
3901.95516246  1.01140344
3901.95655131  1.01185215
3901.95794016  1.01147640
3901.95932901  1.01200032
3901.96071786  1.01096773
3901.96210671  1.01149750
3901.96349556  1.01159251
3901.96488440  1.01200175
3901.96627325  1.01215684
3901.96766210  1.01137197
3901.96905095  1.01173246
3901.97043980  1.01185763
3901.97182865  1.01196027
3901.97321750  1.01185620
3901.97460634  1.01182735
3901.97599519  1.01184416
3901.97738404  1.01193964
3901.97877289  1.01206875
3901.98016174  1.01265657
3901.98155059  1.01212299
3901.98293944  1.01243865
3901.98432829  1.01224303
3901.98571713  1.01263797
3901.98710598  1.01278579
3901.98849483  1.01267493
3901.98988368  1.01259446
3901.99127253  1.01320839
3901.99266138  1.01304448
3901.99405023  1.01327956
3901.99543907  1.01284373
3901.99682792  1.01361823
3901.99821677  1.01290524
3901.99960562  1.01276898
3902.00099447  1.01300716
3902.00238332  1.01281178
3902.00377217  1.01334774
3902.00516101  1.01330364
3902.00654986  1.01352310
3902.00793871  1.01370108
3902.00932756  1.01383495
3902.01071641  1.01329589
3902.01210526  1.01341307
3902.01349411  1.01335323
3902.01488295  1.01390827
3902.01627180  1.01357388
3902.01766065  1.01416361
3902.01904950  1.01384783
3902.02043835  1.01456809
3902.02182720  1.01435435
3902.02321605  1.01398551
3902.02460489  1.01467252
3902.02599374  1.01428390
3902.02738259  1.01434195
3902.02877144  1.01485848
3902.03016029  1.01468384
3902.03154914  1.01502383
3902.03293799  1.01499212
3902.03432683  1.01482475
3902.03571568  1.01474667
3902.03710453  1.01447272
3902.03849338  1.01561522
3902.03988223  1.01544678
3902.04127108  1.01549089
3902.04265992  1.01551962
3902.04404877  1.01542211
3902.04543762  1.01570141
3902.04682647  1.01538432
3902.04821532  1.01515853
3902.04960417  1.01558077
3902.05099302  1.01486981
3902.05238186  1.01599503
3902.05377071  1.01575279
3902.05515956  1.01630521
3902.05654841  1.01591313
3902.05793726  1.01611483
3902.05932611  1.01621711
3902.06071495  1.01632369
3902.06210380  1.01640582
3902.06349265  1.01647651
3902.06488150  1.01612318
3902.06627035  1.01648271
3902.06765920  1.01640141
3902.06904804  1.01658201
3902.07043689  1.01653457
3902.07182574  1.01701999
3902.07321459  1.01689732
3902.07460344  1.01660132
3902.07599229  1.01706803
3902.07738113  1.01676178
3902.07876998  1.01661384
3902.08015883  1.01705265
3902.08154768  1.01633549
3902.08293653  1.01745105
3902.08432538  1.01685154
3902.08571422  1.01744354
3902.08710307  1.01757896
3902.08849192  1.01769674
3902.08988077  1.01769602
3902.09126962  1.01714265
3902.09265847  1.01790130
3902.09404731  1.01835823
3902.09543616  1.02008224
3902.09682501  1.02033901
3902.09821386  1.02012765
3902.09960271  1.02017558
3902.10099156  1.02001083
3902.10238040  1.01988482
3902.10376925  1.02033031
3902.10515810  1.02072811
3902.10654695  1.01999867
3902.10793580  1.01929283
3902.10932465  1.02022922
3902.11071349  1.01994514
3902.11210234  1.01962864
3902.11349119  1.01986897
3902.11488004  1.02019596
3902.11626889  1.02046788
3902.11765773  1.01972282
3902.11904658  1.01990604
3902.12043543  1.02016938
3902.12182428  1.01941669
3902.12321313  1.01981115
3902.12460198  1.01973486
3902.12599082  1.01965833
3902.12737967  1.01942170
3902.12876852  1.01966929
3902.13015737  1.02041507
3902.13154622  1.01969981
3902.13293506  1.02018428
3902.13432391  1.01996338
3902.13571276  1.01983559
3902.13710161  1.01959240
3902.13849046  1.01987064
3902.13987931  1.01977515
3902.14126815  1.02004564
3902.14265700  1.02040148
3902.14404585  1.02013826
3902.14543470  1.02064896
3902.14682355  1.02050197
3902.14821239  1.01995218
3902.14960124  1.02097154
3902.15099009  1.02079308
3902.15237894  1.02060413
3902.15376779  1.02051222
3902.15515663  1.02106774
3902.15654548  1.02032173
3902.15793433  1.02108836
3902.15932318  1.02088022
3902.16071203  1.02179861
3902.16210087  1.02155077
3902.16348972  1.02075684
3902.16487857  1.02053785
3902.16626742  1.02135742
3902.16765627  1.02124488
3902.16904511  1.02107537
3902.17043396  1.02164602
3902.17182281  1.02111089
3902.17321166  1.02209651
3902.17460051  1.02156949
3902.17598936  1.02194405
3902.17737820  1.02190566
3902.17876705  1.02127850
3902.18015590  1.02247012
3902.18154475  1.02209973
3902.18293360  1.02207065
3902.18432244  1.02263665
3902.18571129  1.02236462
3902.18710014  1.02169740
3902.18848899  1.02208722
3902.18987784  1.02220035
3902.19126668  1.02234936
3902.19265553  1.02235842
3902.19404438  1.02209163
3902.19543323  1.02257156
3902.19682207  1.02245581
3902.19821092  1.02264655
3902.19959977  1.02272069
3902.20098862  1.02335763
3902.20237747  1.02280986
3902.20376631  1.02269137
3902.20515516  1.02297056
3902.20654401  1.02352977
3902.20793286  1.02364779
3902.20932171  1.02362776
3902.21071055  1.02336800
3902.21209940  1.02348852
3902.21348825  1.02356350
3902.21487710  1.02327406
3902.21626595  1.02386689
3902.21765479  1.02385545
3902.21904364  1.02388990
3902.22043249  1.02378857
3902.22182134  1.02356982
3902.22321018  1.02398610
3902.22459903  1.02415502
3902.22598788  1.02416456
3902.22737673  1.02468050
3902.22876558  1.02442491
3902.23015442  1.02459693
3902.23154327  1.02432311
3902.23293212  1.02449930
3902.23432097  1.02448487
3902.23570982  1.02506471
3902.23709866  1.02543509
3902.23848751  1.02545714
3902.23987636  1.02534735
3902.24126521  1.02441716
3902.24265405  1.02520800
3902.24404290  1.02534974
3902.24543175  1.02533519
3902.24682060  1.02516508
3902.24820945  1.02564299
3902.24959829  1.02562737
3902.25098714  1.02533233
3902.25237599  1.02500439
3902.25376484  1.02559674
3902.25515368  1.02537906
3902.25654253  1.02606487
3902.25793138  1.02568364
3902.25932023  1.02605879
3902.26070907  1.02618599
3902.26209792  1.02597809
3902.26348677  1.02651715
3902.26487562  1.02636325
3902.26626447  1.02673185
3902.26765331  1.02619219
3902.26904216  1.02662766
3902.27043101  1.02604330
3902.27181986  1.02661335
3902.27320870  1.02687454
3902.27459755  1.02671349
3902.27598640  1.02655923
3902.27737525  1.02715695
3902.27876410  1.02708781
3902.28015294  1.02713656
3902.28154179  1.02766609
3902.28293064  1.02700484
3902.28431949  1.02726746
3902.28570833  1.02744091
3902.28709718  1.02771115
3902.28848603  1.02745926
3902.28987488  1.02747762
3902.29126372  1.02792799
3902.29265257  1.02737558
3902.29404142  1.02811491
3902.29543027  1.02773428
3902.29681911  1.02746630
3902.29820796  1.02819133
3902.29959681  1.02824986
3902.30098566  1.02812743
3902.30237450  1.02903140
3902.30376335  1.02844989
3902.30515220  1.02871740
3902.30654105  1.02914083
3902.30792989  1.02863920
3902.30931874  1.02890718
3902.31070759  1.02871394
3902.31209644  1.02868807
3902.31348528  1.02936411
3902.31487413  1.02894616
3902.31626298  1.02923799
3902.31765183  1.02938712
3902.31904067  1.02993643
3902.32042952  1.02949572
3902.32181837  1.02901137
3902.32320722  1.02934313
3902.32459606  1.02921999
3902.32598491  1.02933264
3902.32737376  1.02941167
3902.32876261  1.02928603
3902.33015145  1.02953696
3902.33154030  1.02986836
3902.33292915  1.02953696
3902.33431800  1.02924204
3902.33570684  1.02978277
3902.33709569  1.02970612
3902.33848454  1.03034365
3902.33987339  1.03037751
3902.34126223  1.03025615
3902.34265108  1.03002501
3902.34403993  1.03006065
3902.34542878  1.03028655
3902.34681762  1.03050363
3902.34820647  1.03000450
3902.34959532  1.03077507
3902.35098417  1.03052449
3902.35237301  1.03100097
3902.35376186  1.03070676
3902.35515071  1.03063464
3902.35653956  1.03116250
3902.35792840  1.03094769
3902.35931725  1.03097451
3902.36070610  1.03100550
3902.36209495  1.03136969
3902.36348379  1.03171504
3902.36487264  1.03110611
3902.36626149  1.03111386
3902.36765034  1.03141439
3902.36903918  1.03152943
3902.37042803  1.03187013
3902.37181688  1.03123844
3902.37320572  1.03191698
3902.37459457  1.03224003
3902.37598342  1.03235281
3902.37737227  1.03253210
3902.37876111  1.03246641
3902.38014996  1.03205061
3902.38153881  1.03214920
3902.38292766  1.03285074
3902.38431650  1.03249693
3902.38570535  1.03245687
3902.38709420  1.03233421
3902.38848305  1.03380787
3902.38987189  1.03273809
3902.39126074  1.03298008
3902.39264959  1.03347087
3902.39403843  1.03294444
3902.39542728  1.03338528
3902.39681613  1.03325772
3902.39820498  1.03344047
3902.39959382  1.03334653
3902.40098267  1.03310859
3902.40237152  1.03379607
3902.40376036  1.03379500
3902.40514921  1.03352773
3902.40653806  1.03370404
3902.40792691  1.03343296
3902.40931575  1.03399622
3902.41070460  1.03489125
3902.41209345  1.03475595
3902.41348230  1.03437722
3902.41487114  1.03443766
3902.41625999  1.03428793
3902.41764884  1.03426051
3902.41903768  1.03404570
3902.42042653  1.03451836
3902.42181538  1.03524029
3902.42320423  1.03822505
3902.42459307  1.03868306
3902.42598192  1.03755021
3902.42737077  1.03737259
3902.42875961  1.03636086
3902.43014846  1.03668642
3902.43153731  1.03702307
3902.43292616  1.03661430
3902.43431500  1.03696430
3902.43570385  1.03669548
3902.43709270  1.03698337
3902.43848154  1.03657281
3902.43987039  1.03632236
3902.44125924  1.03681827
3902.44264809  1.03702891
3902.44403693  1.03692257
3902.44542578  1.03716123
3902.44681463  1.03708613
3902.44820347  1.03671861
3902.44959232  1.03674006
3902.45098117  1.03719306
3902.45237002  1.03733075
3902.45375886  1.03734982
3902.45514771  1.03728390
3902.45653656  1.03707576
3902.45792540  1.03722835
3902.45931425  1.03771639
3902.46070310  1.03731811
3902.46209194  1.03773057
3902.46348079  1.03787029
3902.46486964  1.03823876
3902.46625849  1.03741455
3902.46764733  1.03804481
3902.46903618  1.03828871
3902.47042503  1.03806782
3902.47181387  1.03852046
3902.47320272  1.03826773
3902.47459157  1.03870785
3902.47598042  1.03888321
3902.47736926  1.03880584
3902.47875811  1.03833306
3902.48014696  1.03839862
3902.48153580  1.03855479
3902.48292465  1.03919244
3902.48431350  1.03898466
3902.48570234  1.03965223
3902.48709119  1.03881729
3902.48848004  1.03884840
3902.48986888  1.03888524
3902.49125773  1.03987491
3902.49264658  1.03924382
3902.49403543  1.03902650
3902.49542427  1.03850329
3902.49681312  1.03909588
3902.49820197  1.03893697
3902.49959081  1.03883469
3902.50097966  1.03966892
3902.50236851  1.03939605
3902.50375735  1.03872633
3902.50514620  1.03907132
3902.50653505  1.03878164
3902.50792389  1.03954172
3902.50931274  1.03906679
3902.51070159  1.03941953
3902.51209044  1.03904366
3902.51347928  1.03932393
3902.51486813  1.03995454
3902.51625698  1.03969848
3902.51764582  1.04017997
3902.51903467  1.04023492
3902.52042352  1.03999054
3902.52181236  1.04011750
3902.52320121  1.04072702
3902.52459006  1.04009688
3902.52597890  1.04109120
3902.52736775  1.04069805
3902.52875660  1.04097641
3902.53014544  1.04171813
3902.53153429  1.04018736
3902.53292314  1.04140306
3902.53431198  1.04031360
3902.53570083  1.04103708
3902.53708968  1.04079545
3902.53847853  1.04034424
3902.53986737  1.04067862
3902.54125622  1.04058671
3902.54264507  1.04101193
3902.54403391  1.04092777
3902.54542276  1.04083765
3902.54681161  1.04073870
3902.54820045  1.04045928
3902.54958930  1.04147518
3902.55097815  1.04156923
3902.55236699  1.04102945
3902.55375584  1.04083693
3902.55514469  1.04122949
3902.55653353  1.04088390
3902.55792238  1.04124033
3902.55931123  1.04102886
3902.56070007  1.04056454
3902.56208892  1.04106057
3902.56347777  1.04050279
3902.56486661  1.04118264
3902.56625546  1.04161656
3902.56764431  1.04122198
3902.56903315  1.04089499
3902.57042200  1.04236639
3902.57181085  1.04162717
3902.57319969  1.04190040
3902.57458854  1.04148698
3902.57597739  1.04176354
3902.57736623  1.04170525
3902.57875508  1.04150474
3902.58014393  1.04140639
3902.58153277  1.04163015
3902.58292162  1.04186308
3902.58431047  1.04194212
3902.58569931  1.04179156
3902.58708816  1.04259562
3902.58847701  1.04190314
3902.58986585  1.04203439
3902.59125470  1.04216516
3902.59264355  1.04308343
3902.59403239  1.04224646
3902.59542124  1.04220617
3902.59681009  1.04255426
3902.59819893  1.04209101
3902.59958778  1.04275858
3902.60097663  1.04303396
3902.60236547  1.04328370
3902.60375432  1.04314470
3902.60514316  1.04262435
3902.60653201  1.04317522
3902.60792086  1.04279876
3902.60930970  1.04288590
3902.61069855  1.04283106
3902.61208740  1.04295456
3902.61347624  1.04297948
3902.61486509  1.04278481
3902.61625394  1.04258120
3902.61764278  1.04291058
3902.61903163  1.04305482
3902.62042048  1.04319274
3902.62180932  1.04280233
3902.62319817  1.04318833
3902.62458702  1.04278493
3902.62597586  1.04239869
3902.62736471  1.04340506
3902.62875356  1.04292631
3902.63014240  1.04231620
3902.63153125  1.04235601
3902.63292010  1.04313469
3902.63430894  1.04249382
3902.63569779  1.04284990
3902.63708663  1.04318285
3902.63847548  1.04335368
3902.63986433  1.04313421
3902.64125317  1.04374707
3902.64264202  1.04365551
3902.64403087  1.04334235
3902.64541971  1.04346931
3902.64680856  1.04332626
3902.64819741  1.04331696
3902.64958625  1.04311001
3902.65097510  1.04319537
3902.65236395  1.04343879
3902.65375279  1.04303336
3902.65514164  1.04309273
3902.65653048  1.04345453
3902.65791933  1.04343951
3902.65930818  1.04298437
3902.66069702  1.04359782
3902.66208587  1.04340053
3902.66347472  1.04343975
3902.66486356  1.04286623
3902.66625241  1.04316866
3902.66764126  1.04364371
3902.66903010  1.04413223
3902.67041895  1.04362774
3902.67180779  1.04355443
3902.67319664  1.04383802
3902.67458549  1.04372168
3902.67597433  1.04347456
3902.67736318  1.04375339
3902.67875203  1.04407430
3902.68014087  1.04390097
3902.68152972  1.04353774
3902.68291856  1.04404616
3902.68430741  1.04410505
3902.68569626  1.04381931
3902.68708510  1.04442585
3902.68847395  1.04390466
3902.68986280  1.04368138
3902.69125164  1.04362535
3902.69264049  1.04423261
3902.69402933  1.04367876
3902.69541818  1.04444897
3902.69680703  1.04380322
3902.69819587  1.04464376
3902.69958472  1.04392123
3902.70097357  1.04412818
3902.70236241  1.04391634
3902.70375126  1.04397881
3902.70514010  1.04390693
3902.70652895  1.04373813
3902.70791780  1.04439986
3902.70930664  1.04413128
3902.71069549  1.04442811
3902.71208434  1.04419160
3902.71347318  1.04484951
3902.71486203  1.04418039
3902.71625087  1.04398310
3902.71763972  1.04448235
3902.71902857  1.04431772
3902.72041741  1.04456484
3902.72180626  1.04485345
3902.72319511  1.04482985
3902.72458395  1.04442453
3902.72597280  1.04454005
3902.72736164  1.04494476
3902.72875049  1.04439449
3902.73013934  1.04431617
3902.73152818  1.04490960
3902.73291703  1.04488504
3902.73430587  1.04491150
3902.73569472  1.04530096
3902.73708357  1.04431689
3902.73847241  1.04463816
3902.73986126  1.04449809
3902.74125010  1.04441190
3902.74263895  1.04579294
3902.74402780  1.04570460
3902.74541664  1.04553318
3902.74680549  1.04574990
3902.74819434  1.04496312
3902.74958318  1.04502976
3902.75097203  1.04542100
3902.75236087  1.04529309
3902.75374972  1.04545105
3902.75513857  1.04528034
3902.75652741  1.04515028
3902.75791626  1.04513836
3902.75930510  1.04552042
3902.76069395  1.04579496
3902.76208280  1.04565263
3902.76347164  1.04556549
3902.76486049  1.04585350
3902.76624933  1.04580045
3902.76763818  1.04568005
3902.76902703  1.04572034
3902.77041587  1.04507184
3902.77180472  1.04585803
3902.77319356  1.04549670
3902.77458241  1.04608154
3902.77597126  1.04546988
3902.77736010  1.04621041
3902.77874895  1.04557562
3902.78013779  1.04605663
3902.78152664  1.04530764
3902.78291549  1.04526579
3902.78430433  1.04529583
3902.78569318  1.04570436
3902.78708202  1.04574537
3902.78847087  1.04547179
3902.78985972  1.04586267
3902.79124856  1.04623449
3902.79263741  1.04577732
3902.79402625  1.04523897
3902.79541510  1.04568803
3902.79680395  1.04570067
3902.79819279  1.04541230
3902.79958164  1.04600632
3902.80097048  1.04610276
3902.80235933  1.04540455
3902.80374817  1.04570138
3902.80513702  1.04547882
3902.80652587  1.04551148
3902.80791471  1.04594624
3902.80930356  1.04559898
3902.81069240  1.04580700
3902.81208125  1.04622281
3902.81347010  1.04580247
3902.81485894  1.04646003
3902.81624779  1.04620445
3902.81763663  1.04695058
3902.81902548  1.04545653
3902.82041432  1.04601526
3902.82180317  1.04587173
3902.82319202  1.04559231
3902.82458086  1.04556310
3902.82596971  1.04607749
3902.82735855  1.04578280
3902.82874740  1.04584444
3902.83013625  1.04592645
3902.83152509  1.04628873
3902.83291394  1.04600990
3902.83430278  1.04613256
3902.83569163  1.04546642
3902.83708047  1.04567885
3902.83846932  1.04642105
3902.83985817  1.04574740
3902.84124701  1.04559195
3902.84263586  1.04671073
3902.84402470  1.04678309
3902.84541355  1.04601729
3902.84680239  1.04628086
3902.84819124  1.04656148
3902.84958009  1.04625416
3902.85096893  1.04617035
3902.85235778  1.04626787
3902.85374662  1.04576778
3902.85513547  1.04639769
3902.85652431  1.04584038
3902.85791316  1.04623878
3902.85930201  1.04663253
3902.86069085  1.04622257
3902.86207970  1.04671311
3902.86346854  1.04714549
3902.86485739  1.04656374
3902.86624623  1.04607105
3902.86763508  1.04631972
3902.86902393  1.04647040
3902.87041277  1.04602873
3902.87180162  1.04668307
3902.87319046  1.04662681
3902.87457931  1.04583883
3902.87596815  1.04652214
3902.87735700  1.04635012
3902.87874585  1.04631114
3902.88013469  1.04634202
3902.88152354  1.04645562
3902.88291238  1.04604495
3902.88430123  1.04719305
3902.88569007  1.04842603
3902.88707892  1.04826653
3902.88846776  1.04765069
3902.88985661  1.04789746
3902.89124546  1.04767323
3902.89263430  1.04771876
3902.89402315  1.04751754
3902.89541199  1.04707134
3902.89680084  1.04644477
3902.89818968  1.04726732
3902.89957853  1.04747570
3902.90096737  1.04723895
3902.90235622  1.04661095
3902.90374507  1.04661870
3902.90513391  1.04689050
3902.90652276  1.04689217
3902.90791160  1.04676545
3902.90930045  1.04674816
3902.91068929  1.04644692
3902.91207814  1.04664850
3902.91346698  1.04630649
3902.91485583  1.04643190
3902.91624468  1.04684079
3902.91763352  1.04697967
3902.91902237  1.04640448
3902.92041121  1.04593945
3902.92180006  1.04648852
3902.92318890  1.04652619
3902.92457775  1.04655766
3902.92596659  1.04676342
3902.92735544  1.04700863
3902.92874429  1.04653203
3902.93013313  1.04745781
3902.93152198  1.04690576
3902.93291082  1.04653811
3902.93429967  1.04684114
3902.93568851  1.04665530
3902.93707736  1.04693913
3902.93846620  1.04657388
3902.93985505  1.04667008
3902.94124389  1.04714108
3902.94263274  1.04669213
3902.94402159  1.04654396
3902.94541043  1.04641354
3902.94679928  1.04614401
3902.94818812  1.04719162
3902.94957697  1.04662907
3902.95096581  1.04649580
3902.95235466  1.04649854
3902.95374350  1.04720533
3902.95513235  1.04681802
3902.95652119  1.04675603
3902.95791004  1.04622567
3902.95929888  1.04676461
3902.96068773  1.04635453
3902.96207657  1.04689419
3902.96346542  1.04681325
3902.96485427  1.04666781
3902.96624311  1.04655325
3902.96763196  1.04613733
3902.96902080  1.04616821
3902.97040965  1.04632413
3902.97179849  1.04696226
3902.97318734  1.04594815
3902.97457618  1.04640007
3902.97596503  1.04650974
3902.97735387  1.04640341
3902.97874272  1.04672468
3902.98013156  1.04646170
3902.98152041  1.04607081
3902.98290925  1.04653037
3902.98429810  1.04604626
3902.98568694  1.04608989
3902.98707579  1.04642582
3902.98846464  1.04631734
3902.98985348  1.04639161
3902.99124233  1.04623866
3902.99263117  1.04625285
3902.99402002  1.04586935
3902.99540886  1.04590595
3902.99679771  1.04646373
3902.99818655  1.04630995
3902.99957540  1.04647601
3903.00096424  1.04615068
3903.00235309  1.04578006
3903.00374193  1.04569042
3903.00513078  1.04602075
3903.00651962  1.04601562
3903.00790847  1.04610372
3903.00929731  1.04549861
3903.01068616  1.04573178
3903.01207500  1.04611516
3903.01346385  1.04566109
3903.01485269  1.04535103
3903.01624154  1.04620492
3903.01763039  1.04568875
3903.01901923  1.04570663
3903.02040808  1.04564869
3903.02179692  1.04552782
3903.02318577  1.04587054
3903.02457461  1.04592752
3903.02596346  1.04568768
3903.02735230  1.04576039
3903.02874115  1.04581809
3903.03012999  1.04596186
3903.03151884  1.04727793
3903.03290768  1.04659975
3903.03429653  1.04705250
3903.03568537  1.04650342
3903.03707422  1.04721868
3903.03846306  1.04630721
3903.03985191  1.04668808
3903.04124075  1.04668128
3903.04262960  1.04641390
3903.04401844  1.04645300
3903.04540729  1.04683042
3903.04679613  1.04633224
3903.04818498  1.04691672
3903.04957382  1.04700947
3903.05096267  1.04626560
3903.05235151  1.04636693
3903.05374036  1.04619384
3903.05512920  1.04585171
3903.05651805  1.04615593
3903.05790689  1.04599142
3903.05929574  1.04606283
3903.06068458  1.04606879
3903.06207343  1.04515386
3903.06346227  1.04518294
3903.06485112  1.04579306
3903.06623996  1.04597092
3903.06762881  1.04571652
3903.06901765  1.04558170
3903.07040650  1.04586089
3903.07179534  1.04571867
3903.07318419  1.04568017
3903.07457303  1.04545689
3903.07596188  1.04577410
3903.07735072  1.04526627
3903.07873957  1.04533982
3903.08012841  1.04496098
3903.08151726  1.04503262
3903.08290610  1.04533792
3903.08429495  1.04552007
3903.08568379  1.04511321
3903.08707264  1.04477656
3903.08846148  1.04510200
3903.08985033  1.04524255
3903.09123917  1.04516184
3903.09262802  1.04467416
3903.09401686  1.04458010
3903.09540571  1.04461217
3903.09679455  1.04496574
3903.09818340  1.04541934
3903.09957224  1.04479861
3903.10096109  1.04446304
3903.10234993  1.04419851
3903.10373878  1.04486322
3903.10512762  1.04482770
3903.10651647  1.04477882
3903.10790531  1.04478419
3903.10929416  1.04428339
3903.11068300  1.04426420
3903.11207185  1.04448843
3903.11346069  1.04438376
3903.11484953  1.04379320
3903.11623838  1.04397786
3903.11762722  1.04404509
3903.11901607  1.04336417
3903.12040491  1.04316568
3903.12179376  1.04272294
3903.12318260  1.04250443
3903.12457145  1.04199994
3903.12596029  1.04181921
3903.12734914  1.04176700
3903.12873798  1.04169941
3903.13012683  1.04166341
3903.13151567  1.04128516
3903.13290452  1.04101145
3903.13429336  1.04132628
3903.13568221  1.04070604
3903.13707105  1.04103959
3903.13845990  1.04013360
3903.13984874  1.04032516
3903.14123759  1.04040933
3903.14262643  1.04110146
3903.14401528  1.04125166
3903.14540412  1.04159474
3903.14679296  1.04141188
3903.14818181  1.04200983
3903.14957065  1.04180765
3903.15095950  1.04119396
3903.15234834  1.04085445
3903.15373719  1.04120088
3903.15512603  1.04016232
3903.15651488  1.03973401
3903.15790372  1.03954709
3903.15929257  1.03914678
3903.16068141  1.03954017
3903.16207026  1.04001224
3903.16345910  1.03944623
3903.16484795  1.03931582
3903.16623679  1.03967655
3903.16762563  1.03923666
3903.16901448  1.03933036
3903.17040332  1.03950083
3903.17179217  1.03984702
3903.17318101  1.03930283
3903.17456986  1.03839552
3903.17595870  1.03898823
3903.17734755  1.03897631
3903.17873639  1.03874934
3903.18012524  1.03971517
3903.18151408  1.03918278
3903.18290293  1.03891027
3903.18429177  1.03913474
3903.18568062  1.03935575
3903.18706946  1.03922212
3903.18845830  1.03908288
3903.18984715  1.04166019
3903.19123599  1.04418492
3903.19262484  1.04388797
3903.19401368  1.04425836
3903.19540253  1.04360044
3903.19679137  1.04350698
3903.19818022  1.04284620
3903.19956906  1.04211795
3903.20095791  1.04225433
3903.20234675  1.04247034
3903.20373559  1.04190075
3903.20512444  1.04161382
3903.20651328  1.04194093
3903.20790213  1.04144442
3903.20929097  1.04059768
3903.21067982  1.04111862
3903.21206866  1.04061198
3903.21345751  1.04056096
3903.21484635  1.04093969
3903.21623519  1.04000652
3903.21762404  1.03994012
3903.21901288  1.03966057
3903.22040173  1.04011083
3903.22179057  1.04039860
3903.22317942  1.03949440
3903.22456826  1.03940642
3903.22595711  1.03977346
3903.22734595  1.03968203
3903.22873480  1.03904581
3903.23012364  1.03907835
3903.23151248  1.03887129
3903.23290133  1.03821766
3903.23429017  1.03830814
3903.23567902  1.03833795
3903.23706786  1.03835654
3903.23845671  1.03860962
3903.23984555  1.03843343
3903.24123440  1.03843915
3903.24262324  1.03770888
3903.24401208  1.03815353
3903.24540093  1.03820610
3903.24678977  1.03763604
3903.24817862  1.03760874
3903.24956746  1.03780615
3903.25095631  1.03780508
3903.25234515  1.03758490
3903.25373399  1.03759372
3903.25512284  1.03799701
3903.25651168  1.03885400
3903.25790053  1.03872311
3903.25928937  1.03947020
3903.26067822  1.04003012
3903.26206706  1.03942978
3903.26345590  1.04007959
3903.26484475  1.03969598
3903.26623359  1.04046392
3903.26762244  1.03896630
3903.26901128  1.03862631
3903.27040013  1.03913963
3903.27178897  1.03875935
3903.27317781  1.03857362
3903.27456666  1.03888965
3903.27595550  1.03885233
3903.27734435  1.03859079
3903.27873319  1.03852129
3903.28012204  1.03843641
3903.28151088  1.03833640
3903.28289972  1.03750324
3903.28428857  1.03888416
3903.28567741  1.03801227
3903.28706626  1.03760064
3903.28845510  1.03784275
3903.28984395  1.03747845
3903.29123279  1.03802264
3903.29262163  1.03780949
3903.29401048  1.03797913
3903.29539932  1.03743327
3903.29678817  1.03721559
3903.29817701  1.03726244
3903.29956586  1.03735709
3903.30095470  1.03722620
3903.30234354  1.03684795
3903.30373239  1.03698194
3903.30512123  1.03733122
3903.30651008  1.03700364
3903.30789892  1.03674412
3903.30928777  1.03592014
3903.31067661  1.03655767
3903.31206545  1.03653586
3903.31345430  1.03704512
3903.31484314  1.03682733
3903.31623199  1.03688884
3903.31762083  1.03674996
3903.31900967  1.03648543
3903.32039852  1.03621948
3903.32178736  1.03628695
3903.32317621  1.03623605
3903.32456505  1.03609145
3903.32595389  1.03602684
3903.32734274  1.03567469
3903.32873158  1.03608167
3903.33012043  1.03593218
3903.33150927  1.03560579
3903.33289812  1.03523254
3903.33428696  1.03522038
3903.33567580  1.03570604
3903.33706465  1.03505564
3903.33845349  1.03605509
3903.33984234  1.03501904
3903.34123118  1.03507459
3903.34262002  1.03517425
3903.34400887  1.03474450
3903.34539771  1.03507948
3903.34678656  1.03395796
3903.34817540  1.03508270
3903.34956424  1.03498316
3903.35095309  1.03496408
3903.35234193  1.03439403
3903.35373078  1.03461194
3903.35511962  1.03445089
3903.35650846  1.03440750
3903.35789731  1.03462338
3903.35928615  1.03493392
3903.36067500  1.03455222
3903.36206384  1.03439748
3903.36345268  1.03428841
3903.36484153  1.03387773
3903.36623037  1.03381956
3903.36761922  1.03394222
3903.36900806  1.03461587
3903.37039690  1.03406501
3903.37178575  1.03387260
3903.37317459  1.03339756
3903.37456344  1.03340173
3903.37595228  1.03368342
3903.37734112  1.03324258
3903.37872997  1.03381467
3903.38011881  1.03340328
3903.38150766  1.03312647
3903.38289650  1.03313339
3903.38428534  1.03312635
3903.38567419  1.03281212
3903.38706303  1.03262961
3903.38845188  1.03295207
3903.38984072  1.03285336
3903.39122956  1.03215694
3903.39261841  1.03236794
3903.39400725  1.03284907
3903.39539609  1.03260493
3903.39678494  1.03314161
3903.39817378  1.03206241
3903.39956263  1.03245759
3903.40095147  1.03193212
3903.40234031  1.03201246
3903.40372916  1.03222489
3903.40511800  1.03256381
3903.40650685  1.03207445
3903.40789569  1.03169239
3903.40928453  1.03196967
3903.41067338  1.03149939
3903.41206222  1.03183997
3903.41345106  1.03178596
3903.41483991  1.03130031
3903.41622875  1.03155434
3903.41761760  1.03108358
3903.41900644  1.03078842
3903.42039528  1.03173602
3903.42178413  1.03079700
3903.42317297  1.03157187
3903.42456182  1.03105974
3903.42595066  1.03076458
3903.42733950  1.03086352
3903.42872835  1.03060877
3903.43011719  1.03088796
3903.43150603  1.03124833
3903.43289488  1.03032970
3903.43428372  1.03043032
3903.43567257  1.03017950
3903.43706141  1.03006887
3903.43845025  1.03001153
3903.43983910  1.02963126
3903.44122794  1.03032851
3903.44261678  1.02973616
3903.44400563  1.03009892
3903.44539447  1.03042948
3903.44678332  1.02940679
3903.44817216  1.03021884
3903.44956100  1.02979600
3903.45094985  1.02985013
3903.45233869  1.02966630
3903.45372753  1.02924335
3903.45511638  1.02931643
3903.45650522  1.02930188
3903.45789406  1.02897048
3903.45928291  1.02970529
3903.46067175  1.02871692
3903.46206060  1.02822757
3903.46344944  1.02858829
3903.46483828  1.02881992
3903.46622713  1.02799547
3903.46761597  1.02886844
3903.46900481  1.02805436
3903.47039366  1.02820957
3903.47178250  1.02783358
3903.47317134  1.02847421
3903.47456019  1.02796638
3903.47594903  1.02799571
3903.47733788  1.02817798
3903.47872672  1.02789128
3903.48011556  1.02832150
3903.48150441  1.02728391
3903.48289325  1.02778304
3903.48428209  1.02713859
3903.48567094  1.02720273
3903.48705978  1.02757740
3903.48844862  1.02706647
3903.48983747  1.02715254
3903.49122631  1.02695787
3903.49261515  1.02745438
3903.49400400  1.02711177
3903.49539284  1.02665389
3903.49678169  1.02651477
3903.49817053  1.02645493
3903.49955937  1.02642751
3903.50094822  1.02662838
3903.50233706  1.02661657
3903.50372590  1.02637768
3903.50511475  1.02631569
3903.50650359  1.02610230
3903.50789243  1.02594161
3903.50928128  1.02595520
3903.51067012  1.02617705
3903.51205896  1.02577651
3903.51344781  1.02552879
3903.51483665  1.02564728
3903.51622549  1.02515888
3903.51761434  1.02570081
3903.51900318  1.02564812
3903.52039203  1.02524877
3903.52178087  1.02533042
3903.52316971  1.02492142
3903.52455856  1.02477515
3903.52594740  1.02447963
3903.52733624  1.02457845
3903.52872509  1.02466822
3903.53011393  1.02517116
3903.53150277  1.02476668
3903.53289162  1.02397740
3903.53428046  1.02443862
3903.53566930  1.02378500
3903.53705815  1.02427435
3903.53844699  1.02441359
3903.53983583  1.02345753
3903.54122468  1.02335930
3903.54261352  1.02345121
3903.54400236  1.02395689
3903.54539121  1.02341485
3903.54678005  1.02316666
3903.54816889  1.02311802
3903.54955774  1.02312291
3903.55094658  1.02309954
3903.55233542  1.02306700
3903.55372427  1.02290487
3903.55511311  1.02251387
3903.55650195  1.02305818
3903.55789080  1.02320170
3903.55927964  1.02329826
3903.56066848  1.02331567
3903.56205733  1.02255702
3903.56344617  1.02266920
3903.56483501  1.02264977
3903.56622386  1.02277517
3903.56761270  1.02241492
3903.56900154  1.02390039
3903.57039039  1.02424657
3903.57177923  1.02357948
3903.57316807  1.02313089
3903.57455692  1.02334607
3903.57594576  1.02317536
3903.57733460  1.02272046
3903.57872345  1.02309239
3903.58011229  1.02250743
3903.58150113  1.02182651
3903.58288998  1.02203643
3903.58427882  1.02149010
3903.58566766  1.02131832
3903.58705651  1.02180481
3903.58844535  1.02117944
3903.58983419  1.02113914
3903.59122304  1.02079260
3903.59261188  1.02041996
3903.59400072  1.02001786
3903.59538957  1.02029324
3903.59677841  1.02087545
3903.59816725  1.02011585
3903.59955609  1.01995838
3903.60094494  1.02042961
3903.60233378  1.02026021
3903.60372262  1.01953673
3903.60511147  1.01915014
3903.60650031  1.01971447
3903.60788915  1.01978791
3903.60927800  1.01923978
3903.61066684  1.01873994
3903.61205568  1.01865673
3903.61344453  1.01907277
3903.61483337  1.01856136
3903.61622221  1.01795721
3903.61761106  1.01874959
3903.61899990  1.01829636
3903.62038874  1.01799285
3903.62177759  1.01855946
3903.62316643  1.01872623
3903.62455527  1.01845682
3903.62594411  1.01783943
3903.62733296  1.01770878
3903.62872180  1.01754713
3903.63011064  1.01739430
3903.63149949  1.01695633
3903.63288833  1.01715624
3903.63427717  1.01722097
3903.63566602  1.01710272
3903.63705486  1.01746345
3903.63844370  1.01645565
3903.63983255  1.01668739
3903.64122139  1.01612568
3903.64261023  1.01653588
3903.64399907  1.01643157
3903.64538792  1.01656628
3903.64677676  1.01559532
3903.64816560  1.01687634
3903.64955445  1.01769722
3903.65094329  1.01637936
3903.65233213  1.01605761
3903.65372098  1.01591480
3903.65510982  1.01570487
3903.65649866  1.01617980
3903.65788750  1.01583850
3903.65927635  1.01559305
3903.66066519  1.01502693
3903.66205403  1.01461279
3903.66344288  1.01510072
3903.66483172  1.01495242
3903.66622056  1.01519513
3903.66760941  1.01423156
3903.66899825  1.01451623
3903.67038709  1.01466203
3903.67177593  1.01468635
3903.67316478  1.01439786
3903.67455362  1.01354027
3903.67594246  1.01366878
3903.67733131  1.01376474
3903.67872015  1.01382899
3903.68010899  1.01358521
3903.68149783  1.01325786
3903.68288668  1.01310492
3903.68427552  1.01245058
3903.68566436  1.01346719
3903.68705321  1.01259089
3903.68844205  1.01250041
3903.68983089  1.01234615
3903.69121974  1.01254594
3903.69260858  1.01241565
3903.69399742  1.01260507
3903.69538626  1.01219285
3903.69677511  1.01211619
3903.69816395  1.01191103
3903.69955279  1.01243770
3903.70094164  1.01134229
3903.70233048  1.01180172
3903.70371932  1.01133943
3903.70510816  1.01106489
3903.70649701  1.01177347
3903.70788585  1.01099682
3903.70927469  1.01128960
3903.71066353  1.01128256
3903.71205238  1.01083577
3903.71344122  1.01144433
3903.71483006  1.00980270
3903.71621891  1.01024103
3903.71760775  1.01005518
3903.71899659  1.01060963
3903.72038543  1.01020944
3903.72177428  1.00991809
3903.72316312  1.00984645
3903.72455196  1.00956178
3903.72594081  1.00970006
3903.72732965  1.00938928
3903.72871849  1.00989270
3903.73010733  1.00929272
3903.73149618  1.00962496
3903.73288502  1.00925648
3903.73427386  1.00950253
3903.73566270  1.00890768
3903.73705155  1.00847936
3903.73844039  1.00929439
3903.73982923  1.00960541
3903.74121808  1.00966620
3903.74260692  1.00893795
3903.74399576  1.00911224
3903.74538460  1.00861740
3903.74677345  1.00928342
3903.74816229  1.00898802
3903.74955113  1.00876629
3903.75093997  1.00853443
3903.75232882  1.00793898
3903.75371766  1.00794733
3903.75510650  1.00761306
3903.75649534  1.00787795
3903.75788419  1.01166999
3903.75927303  1.01111567
3903.76066187  1.01060474
3903.76205072  1.00903869
3903.76343956  1.00944948
3903.76482840  1.00907326
3903.76621724  1.00890100
3903.76760609  1.00787497
3903.76899493  1.00782478
3903.77038377  1.00778413
3903.77177261  1.00709605
3903.77316146  1.00673282
3903.77455030  1.00713062
3903.77593914  1.00612950
3903.77732798  1.00678194
3903.77871683  1.00633383
3903.78010567  1.00583899
3903.78149451  1.00607431
3903.78288335  1.00581610
3903.78427220  1.00533712
3903.78566104  1.00503278
3903.78704988  1.00544274
3903.78843873  1.00532961
3903.78982757  1.00454676
3903.79121641  1.00462329
3903.79260525  1.00497830
3903.79399410  1.00471771
3903.79538294  1.00446022
3903.79677178  1.00461197
3903.79816062  1.00457335
3903.79954947  1.00386178
3903.80093831  1.00415170
3903.80232715  1.00372839
3903.80371599  1.00374353
3903.80510484  1.00347626
3903.80649368  1.00551760
3903.80927136  1.00651944
3903.81066021  1.00578964
3903.81204905  1.00489748
3903.81343789  1.00486588
3903.81482673  1.00403631
3903.81621558  1.00327873
3903.81760442  1.00419736
3903.81899326  1.00329351
3903.82038210  1.00262439
3903.82177094  1.00362372
3903.82315979  1.00332785
3903.82454863  1.00309503
3903.82593747  1.00292647
3903.82732631  1.00272834
3903.82871516  1.00239563
3903.83010400  1.00227165
3903.83149284  1.00240803
3903.83288168  1.00196946
3903.83427053  1.00100267
3903.83565937  1.00176895
3903.83704821  1.00128806
3903.83843705  1.00109744
3903.83982590  1.00106847
3903.84121474  1.00101483
3903.84260358  1.00062096
3903.84399242  1.00048804
3903.84538127  1.00087667
3903.84677011  1.00084317
3903.84815895  1.00033951
3903.84954779  1.00084090
3903.85093663  0.99957138
3903.85232548  0.99988312
3903.85371432  1.00002444
3903.85510316  1.00019765
3903.85649200  0.99930263
3903.85788085  0.99964166
3903.85926969  0.99934083
3903.86065853  0.99974346
3903.86204737  0.99924082
3903.86343622  0.99982047
3903.86482506  0.99937522
3903.86621390  0.99903303
3903.86760274  0.99882197
3903.86899158  0.99881989
3903.87038043  0.99927270
3903.87176927  0.99870777
3903.87315811  0.99928546
3903.87454695  0.99839425
3903.87593580  0.99814886
3903.87732464  0.99813163
3903.87871348  0.99714434
3903.88010232  0.99724591
3903.88149117  0.99728084
3903.88288001  0.99776596
3903.88426885  0.99844664
3903.88565769  0.99790251
3903.88704653  0.99804360
3903.88843538  0.99712944
3903.88982422  0.99728942
3903.89121306  0.99690479
3903.89260190  0.99753952
3903.89399075  0.99619234
3903.89537959  0.99630976
3903.89676843  0.99633753
3903.89815727  0.99617481
3903.89954611  0.99580580
3903.90093496  0.99635285
3903.90232380  0.99610931
3903.90371264  0.99560630
3903.90510148  0.99550050
3903.90649032  0.99546689
3903.90787917  0.99517703
3903.90926801  0.99508148
3903.91065685  0.99474555
3903.91204569  0.99487764
3903.91343454  0.99446338
3903.91482338  0.99490428
3903.91621222  0.99453640
3903.91760106  0.99382865
3903.91898990  0.99426991
3903.92037875  0.99416268
3903.92176759  0.99388039
3903.92315643  0.99374461
3903.92454527  0.99381787
3903.92593411  0.99349415
3903.92732296  0.99402487
3903.92871180  0.99311018
3903.93010064  0.99357790
3903.93148948  0.99337482
3903.93287832  0.99304479
3903.93426717  0.99305379
3903.93565601  0.99319810
3903.93704485  0.99312741
3903.93843369  0.99285364
3903.93982253  0.99231684
3903.94121138  0.99183315
3903.94260022  0.99197888
3903.94398906  0.99216908
3903.94537790  0.99207181
3903.94676675  0.99218762
3903.94815559  0.99131566
3903.94954443  0.99134892
3903.95093327  0.99159247
3903.95232211  0.99129677
3903.95371095  0.99094707
3903.95509980  0.99150127
3903.95648864  0.99059898
3903.95787748  0.99071878
3903.95926632  0.99143440
3903.96065516  0.99020779
3903.96204401  0.99046087
3903.96343285  0.99020010
3903.96482169  0.99018890
3903.96621053  0.99026406
3903.96759937  0.99009621
3903.96898822  0.99064130
3903.97037706  0.99014163
3903.97176590  0.98966509
3903.97315474  0.98951179
3903.97454358  0.99047011
3903.97593243  0.98951453
3903.97732127  0.98943031
3903.97871011  0.98913944
3903.98009895  0.98910028
3903.98148779  0.98879719
3903.98287664  0.98943520
3903.98426548  0.98924166
3903.98565432  0.98855609
3903.98704316  0.98855346
3903.98843200  0.98840058
3903.98982085  0.98804492
3903.99120969  0.98808634
3903.99259853  0.98847127
3903.99398737  0.98749918
3903.99537621  0.98763293
3903.99676505  0.98810142
3903.99815390  0.98758048
3903.99954274  0.98744982
3904.00093158  0.98728174
3904.00232042  0.98748475
3904.00370926  0.98718858
3904.00509811  0.98641533
3904.00648695  0.98651689
3904.00787579  0.98701054
3904.00926463  0.98710966
3904.01065347  0.98673558
3904.01204231  0.98665345
3904.01343116  0.98613626
3904.01482000  0.98596394
3904.01620884  0.98598075
3904.01759768  0.98586440
3904.01898652  0.98625588
3904.02037537  0.98611271
3904.02176421  0.98609018
3904.02315305  0.98568535
3904.02454189  0.98613346
3904.02593073  0.98547143
3904.02731957  0.98536319
3904.02870842  0.98509002
3904.03009726  0.98519337
3904.03148610  0.98455238
3904.03287494  0.98462588
3904.03426378  0.98444861
3904.03565262  0.98417038
3904.03704147  0.98488528
3904.03843031  0.98395473
3904.03981915  0.98337334
3904.04120799  0.98361790
3904.04259683  0.98356265
3904.04398567  0.98356152
3904.04537452  0.98412812
3904.04676336  0.98383182
3904.04815220  0.98368162
3904.04954104  0.98411399
3904.05092988  0.98326969
3904.05231872  0.98281080
3904.05370757  0.98294944
3904.05509641  0.98292178
3904.05648525  0.98349673
3904.05787409  0.98295254
3904.05926293  0.98319906
3904.06065177  0.98286426
3904.06204062  0.98238742
3904.06342946  0.98270667
3904.06481830  0.98231524
3904.06620714  0.98185611
3904.06759598  0.98232788
3904.06898482  0.98253071
3904.07037367  0.98226595
3904.07176251  0.98223943
3904.07315135  0.98207313
3904.07454019  0.98158813
3904.07592903  0.98190576
3904.07731787  0.98208523
3904.07870671  0.98100358
3904.08009556  0.98133504
3904.08148440  0.98043996
3904.08287324  0.98111039
3904.08426208  0.98049963
3904.08565092  0.98059541
3904.08703976  0.98042786
3904.08842861  0.97988349
3904.08981745  0.97994554
3904.09120629  0.97959566
3904.09259513  0.98057830
3904.09398397  0.97978228
3904.09537281  0.97988319
3904.09676165  0.98020065
3904.09815050  0.97948200
3904.09953934  0.97970766
3904.10092818  0.97949153
3904.10231702  0.97946203
3904.10370586  0.97886258
3904.10509470  0.97906119
3904.10648355  0.97939688
3904.10787239  0.97938287
3904.10926123  0.97888321
3904.11065007  0.97935003
3904.11203891  0.97919816
3904.11342775  0.97885245
3904.11481659  0.97898978
3904.11620544  0.97868609
3904.11759428  0.97833753
3904.11898312  0.97862846
3904.12037196  0.97831655
3904.12176080  0.97852689
3904.12314964  0.97810793
3904.12453848  0.97748786
3904.12592733  0.97791946
3904.12731617  0.97811896
3904.12870501  0.97788346
3904.13009385  0.97796786
3904.13148269  0.97681957
3904.13287153  0.97714806
3904.13426037  0.97738516
3904.13564922  0.97703326
3904.13703806  0.97735441
3904.13842690  0.97694480
3904.13981574  0.97680628
3904.14120458  0.97700220
3904.14259342  0.97708899
3904.14398226  0.97611988
3904.14537110  0.97681928
3904.14675995  0.97666872
3904.14814879  0.97713560
3904.14953763  0.97600591
3904.15092647  0.97575027
3904.15231531  0.97602677
3904.15370415  0.97596061
3904.15509299  0.97513402
3904.15648184  0.97504365
3904.15787068  0.97559750
3904.15925952  0.97532576
3904.16064836  0.97518522
3904.16203720  0.97525340
3904.16342604  0.97472340
3904.16481488  0.97517544
3904.16620372  0.97532409
3904.16759257  0.97487253
3904.16898141  0.97542489
3904.17037025  0.97438419
3904.17175909  0.97495198
3904.17314793  0.97460043
3904.17453677  0.97466046
3904.17592561  0.97431934
3904.17731445  0.97385013
3904.17870330  0.97351444
3904.18009214  0.97409701
3904.18148098  0.97418672
3904.18286982  0.97358727
3904.18425866  0.97419405
3904.18564750  0.97382170
3904.18703634  0.97377062
3904.18842518  0.97302711
3904.18981403  0.97346163
3904.19120287  0.97325659
3904.19259171  0.97404182
3904.19398055  0.97340488
3904.19536939  0.97394848
3904.19675823  0.97320807
3904.19814707  0.97338098
3904.19953591  0.97383016
3904.20092475  0.97303754
3904.20231360  0.97294110
3904.20370244  0.97365654
3904.20509128  0.97320098
3904.20648012  0.97277433
3904.20786896  0.97259432
3904.20925780  0.97282332
3904.21064664  0.97271550
3904.21203548  0.97240424
3904.21342432  0.97197878
3904.21481317  0.97263724
3904.21620201  0.97162163
3904.21759085  0.97206980
3904.21897969  0.97160077
3904.22036853  0.97175509
3904.22175737  0.97127962
3904.22314621  0.97173697
3904.22453505  0.97078097
3904.22592389  0.97174984
3904.22731274  0.97106063
3904.22870158  0.97163606
3904.23009042  0.97131783
3904.23147926  0.97134078
3904.23286810  0.97167826
3904.23425694  0.97064799
3904.23564578  0.97094518
3904.23703462  0.97055817
3904.23842346  0.97113740
3904.23981231  0.97105616
3904.24120115  0.97036016
3904.24258999  0.97052747
3904.24397883  0.97058141
3904.24536767  0.96998370
3904.24675651  0.97002059
3904.24814535  0.96920812
3904.24953419  0.97028321
3904.25092303  0.96998328
3904.25231187  0.96891516
3904.25370071  0.96934390
3904.25508956  0.96974486
3904.25647840  0.96989316
3904.25786724  0.97079885
3904.25925608  0.97048557
3904.26064492  0.97048604
3904.26203376  0.96951437
3904.26342260  0.96934974
3904.26481144  0.96872956
3904.26620028  0.96948510
3904.26758912  0.96877617
3904.26897797  0.96886843
3904.27036681  0.96870828
3904.27175565  0.96820015
3904.27314449  0.96865410
3904.27453333  0.96790332
3904.27592217  0.96802980
3904.27731101  0.96771437
3904.27869985  0.96814930
3904.28008869  0.96811211
3904.28147753  0.96755654
3904.28286637  0.96736026
3904.28425522  0.96755874
3904.28564406  0.96756274
3904.28703290  0.96734494
3904.28842174  0.96678281
3904.28981058  0.96685022
3904.29119942  0.96754044
3904.29258826  0.96767730
3904.29397710  0.96699715
3904.29536594  0.96668971
3904.29675478  0.96642137
3904.29814362  0.96618181
3904.29953246  0.96654791
3904.30092131  0.96609801
3904.30231015  0.96649688
3904.30369899  0.96641660
3904.30508783  0.96636474
3904.30647667  0.96604872
3904.30786551  0.96606982
3904.30925435  0.96625209
3904.31064319  0.96574801
3904.31203203  0.96541941
3904.31342087  0.96584260
3904.31480971  0.96511579
3904.31619855  0.96575934
3904.31758739  0.96562809
3904.31897624  0.96499503
3904.32036508  0.96567231
3904.32175392  0.96521538
3904.32314276  0.96480489
3904.32453160  0.96529812
3904.32592044  0.96526313
3904.32730928  0.96515864
3904.32869812  0.96496576
3904.33008696  0.96390027
3904.33147580  0.96512604
3904.33286464  0.96446639
3904.33425348  0.96463180
3904.33564232  0.96378082
3904.33703116  0.96465105
3904.33842001  0.96474469
3904.33980885  0.96390539
3904.34119769  0.96455592
3904.34258653  0.96462536
3904.34397537  0.96388549
3904.34536421  0.96477479
3904.34675305  0.96453977
3904.34814189  0.96340841
3904.34953073  0.96433568
3904.35091957  0.96370393
3904.35230841  0.96403879
3904.35369725  0.96374100
3904.35508609  0.96371800
3904.35647493  0.96340871
3904.35786377  0.96320850
3904.35925261  0.96325964
3904.36064146  0.96312147
3904.36203030  0.96310335
3904.36341914  0.96319562
3904.36480798  0.96364295
3904.36619682  0.96465111
3904.36758566  0.96390104
3904.36897450  0.96393257
3904.37036334  0.96392626
3904.37175218  0.96362698
3904.37314102  0.96368384
3904.37452986  0.96296471
3904.37591870  0.96237814
3904.37730754  0.96281260
3904.37869638  0.96276212
3904.38008522  0.96244287
3904.38147406  0.96221572
3904.38286290  0.96226424
3904.38425175  0.96205580
3904.38564059  0.96153301
3904.38702943  0.96139318
3904.38841827  0.96202582
3904.38980711  0.96156901
3904.39119595  0.96220475
3904.39258479  0.96244019
3904.39397363  0.96137965
3904.39536247  0.96183765
3904.39675131  0.96144879
3904.39814015  0.96191281
3904.39952899  0.96164572
3904.40091783  0.96112931
3904.40230667  0.96107346
3904.40369551  0.96121013
3904.40508435  0.96088988
3904.40647319  0.96180803
3904.40786203  0.96112996
3904.40925087  0.96057773
3904.41063971  0.96141237
3904.41202856  0.96030837
3904.41341740  0.96072465
3904.41480624  0.96167612
3904.41619508  0.96051264
3904.41758392  0.96102929
3904.41897276  0.96048748
3904.42036160  0.95980012
3904.42175044  0.96078038
3904.42313928  0.95980555
3904.42452812  0.96015835
3904.42591696  0.96010405
3904.42730580  0.96026754
3904.42869464  0.96046162
3904.43008348  0.95965677
3904.43147232  0.95953280
3904.43286116  0.95970309
3904.43425000  0.95963693
3904.43563884  0.95960349
3904.43702768  0.95981109
3904.43841652  0.95987660
3904.43980536  0.95888507
3904.44119420  0.95971084
3904.44258304  0.95923716
3904.44397188  0.95868337
3904.44536072  0.95931488
3904.44674956  0.95890617
3904.44813840  0.95907497
3904.44952725  0.95880127
3904.45091609  0.95921683
3904.45230493  0.95857859
3904.45369377  0.95886308
3904.45508261  0.95841974
3904.45647145  0.95838243
3904.45786029  0.95885086
3904.45924913  0.95844603
3904.46063797  0.95840126
3904.46202681  0.95823944
3904.46341565  0.95862675
3904.46480449  0.95827574
3904.46619333  0.95870614
3904.46758217  0.95900571
3904.46897101  0.95857292
3904.47035985  0.95815331
3904.47174869  0.95769626
3904.47313753  0.95821381
3904.47452637  0.95790333
3904.47591521  0.95824945
3904.47730405  0.95767605
3904.47869289  0.95802051
3904.48008173  0.95803475
3904.48147057  0.95813823
3904.48285941  0.95827830
3904.48424825  0.95714903
3904.48563709  0.95831871
3904.48702593  0.95726436
3904.48841477  0.95726758
3904.48980361  0.95735085
3904.49119245  0.95763421
3904.49258129  0.95766455
3904.49397013  0.95712900
3904.49535897  0.95766240
3904.49674781  0.95724279
3904.49813665  0.95707232
3904.49952549  0.95739257
3904.50091433  0.95744830
3904.50230317  0.95752919
3904.50369201  0.95697659
3904.50508085  0.95667368
3904.50646969  0.95708305
3904.50785853  0.95747858
3904.50924737  0.95699662
3904.51063621  0.95678991
3904.51202505  0.95634198
3904.51341389  0.95698649
3904.51480273  0.95728910
3904.51619157  0.96998674
3904.51758041  0.96693712
3904.51896925  0.96424949
3904.52035809  0.96226990
3904.52174694  0.96133614
3904.52313577  0.96050668
3904.52452462  0.96022367
3904.52591346  0.95950085
3904.52730230  0.95942867
3904.52869114  0.95844537
3904.53007998  0.95832682
3904.53146882  0.95783281
3904.53285766  0.95757216
3904.53424650  0.95763236
3904.53563534  0.95693654
3904.53702418  0.95719296
3904.53841302  0.95757294
3904.53980186  0.95720726
3904.54119070  0.95719516
3904.54257954  0.95716000
3904.54396838  0.95660961
3904.54535722  0.95664257
3904.54674606  0.95692998
3904.54813490  0.95606613
3904.54952374  0.95554781
3904.55091258  0.95648205
3904.55230142  0.95648521
3904.55369026  0.95559943
3904.55507910  0.95566916
3904.55646793  0.95606202
3904.55785678  0.95641434
3904.55924561  0.95568007
3904.56063445  0.95605779
3904.56202329  0.95535612
3904.56341213  0.95552295
3904.56480097  0.95596987
3904.56618981  0.95545459
3904.56757865  0.95539767
3904.56896749  0.95551378
3904.57035633  0.95955557
3904.57174517  0.95845926
3904.57313401  0.95836246
3904.57452285  0.95684028
3904.57591169  0.95680535
3904.57730053  0.95644212
3904.57868937  0.95609045
3904.58007821  0.95558536
3904.58146705  0.95574623
3904.58285589  0.95564044
3904.58424473  0.95598221
3904.58563357  0.95750082
3904.58702241  0.95575941
3904.58841125  0.95582360
3904.58980009  0.95477909
3904.59118893  0.95459992
3904.59257777  0.95448482
3904.59396661  0.95487767
3904.59535545  0.95512199
3904.59674429  0.95430398
3904.59813313  0.95461482
3904.59952197  0.95439804
3904.60091081  0.95427966
3904.60229965  0.95465875
3904.60368849  0.95491499
3904.60507733  0.95387763
3904.60646617  0.95362353
3904.60785501  0.95481998
3904.60924385  0.95367879
3904.61063269  0.95372999
3904.61202153  0.95406622
3904.61341037  0.95400763
3904.61479921  0.95369947
3904.61618805  0.95364147
3904.61757689  0.95373297
3904.61896573  0.95323688
3904.62035457  0.95345491
3904.62174341  0.95385844
3904.62313225  0.95385575
3904.62452109  0.95321679
3904.62590993  0.95334822
3904.62729877  0.95325565
3904.62868761  0.95324522
3904.63007645  0.95282096
3904.63146529  0.95345187
3904.63285413  0.95394719
3904.63424296  0.95248938
3904.63563180  0.95332688
3904.63702064  0.95317882
3904.63840948  0.95285356
3904.63979832  0.95259547
3904.64118716  0.95285702
3904.64257600  0.95272422
3904.64396484  0.95337111
3904.64535368  0.95262080
3904.64674252  0.95226055
3904.64813136  0.95249033
3904.64952020  0.95274079
3904.65090904  0.95248502
3904.65229788  0.95277208
3904.65368672  0.95195240
3904.65507556  0.95189947
3904.65646440  0.95255327
3904.65785324  0.95288032
3904.65924208  0.95272702
3904.66063092  0.95223892
3904.66201976  0.95235026
3904.66340860  0.95271039
3904.66479744  0.95284212
3904.66618628  0.95258349
3904.66757512  0.95276910
3904.66896396  0.95199823
3904.67035280  0.95244384
3904.67174163  0.95241797
3904.67313047  0.95213568
3904.67451931  0.95180011
3904.67590815  0.95255405
3904.67729699  0.95225579
3904.67868583  0.95223516
3904.68007467  0.95230895
3904.68146351  0.95159662
3904.68285235  0.95162517
3904.68424119  0.95174980
3904.68563003  0.95150870
3904.68701887  0.95194697
3904.68840771  0.95188916
3904.68979655  0.95189977
3904.69118539  0.95200527
3904.69257423  0.95130670
3904.69396307  0.95087165
3904.69535191  0.95141733
3904.69674075  0.95167124
3904.69812959  0.95150149
3904.69951842  0.95120943
3904.70090726  0.95118123
3904.70229610  0.95082635
3904.70368494  0.95083344
3904.70507378  0.95164204
3904.70646262  0.95069915
3904.70785146  0.95146620
3904.70924030  0.95191389
3904.71062914  0.95130956
3904.71201798  0.95042050
3904.71340682  0.95120776
3904.71479566  0.95122576
3904.71618450  0.95101750
3904.71757334  0.95100981
3904.71896218  0.95065683
3904.72035102  0.95076275
3904.72173986  0.95022744
3904.72312869  0.95050430
3904.72451753  0.95037568
3904.72590637  0.95065916
3904.72729521  0.95049208
3904.72868405  0.95103723
3904.73007289  0.95073074
3904.73146173  0.95037985
3904.73285057  0.95047331
3904.73423941  0.95125663
3904.73562825  0.95052654
3904.73701709  0.95071912
3904.73840593  0.95059425
3904.73979477  0.95078373
3904.74118361  0.95007747
3904.74257245  0.95052117
3904.74396129  0.95088208
3904.74535012  0.95005620
3904.74673896  0.95026034
3904.74812780  0.95056367
3904.74951664  0.95094103
3904.75090548  0.95081413
3904.75229432  0.95059699
3904.75368316  0.95193732
3904.75507200  0.95144010
3904.75646084  0.95052719
3904.75784968  0.95054191
3904.75923852  0.95086777
3904.76062736  0.95043129
3904.76201620  0.95061719
3904.76340504  0.95071733
3904.76479387  0.95109075
3904.76618271  0.95082033
3904.76757155  0.95118999
3904.76896039  0.95118225
3904.77034923  0.95090485
3904.77173807  0.95109034
3904.77312691  0.95064962
3904.77451575  0.95015562
3904.77590459  0.95078039
3904.77729343  0.95008349
3904.77868227  0.95070410
3904.78007111  0.95055115
3904.78145994  0.95111841
3904.78284878  0.95011044
3904.78423762  0.95092171
3904.78562646  0.95280629
3904.78701530  0.95542872
3904.78840414  0.95447427
3904.78979298  0.95346832
3904.79118182  0.95280105
3904.79257066  0.95178479
3904.79395950  0.95210373
3904.79534834  0.95193917
3904.79673718  0.95186293
3904.79812601  0.95174938
3904.79951485  0.95176947
3904.80090369  0.95153892
3904.80229253  0.95112163
3904.80368137  0.95126861
3904.80507021  0.95103979
3904.80645905  0.95140380
3904.80784789  0.95113862
3904.80923673  0.95064437
3904.81062557  0.95098275
3904.81201441  0.95129192
3904.81340325  0.94988286
3904.81479208  0.95112908
3904.81618092  0.95043850
3904.81756976  0.95063198
3904.81895860  0.95061767
3904.82034744  0.95047277
3904.82173628  0.95107996
3904.82312512  0.95073712
3904.82451396  0.95070666
3904.82590280  0.95072663
3904.82729164  0.95108354
3904.82868047  0.95081770
3904.83006931  0.95106202
3904.83145815  0.95025355
3904.83284699  0.95014721
3904.83423583  0.95081967
3904.83562467  0.94976622
3904.83701351  0.95055217
3904.83840235  0.95034301
3904.83979119  0.95031524
3904.84118003  0.95067936
3904.84256886  0.95065153
3904.84395770  0.95002532
3904.84534654  0.95052010
3904.84673538  0.95079947
3904.84812422  0.95039940
3904.84951306  0.95090652
3904.85090190  0.95057225
3904.85229074  0.95082247
3904.85367958  0.95057982
3904.85506842  0.95049143
3904.85645725  0.95048565
3904.85784609  0.94948417
3904.85923493  0.94997126
3904.86062377  0.94968438
3904.86201261  0.94990051
3904.86340145  0.95026463
3904.86479029  0.94991910
3904.86617913  0.95057714
3904.86756797  0.95033878
3904.86895680  0.94993949
3904.87034564  0.95016974
3904.87173448  0.95035100
3904.87312332  0.95056802
3904.87451216  0.94999045
3904.87590100  0.95008093
3904.87728984  0.95046103
3904.87867868  0.94958586
3904.88006752  0.95021027
3904.88145635  0.95007437
3904.88284519  0.95018947
3904.88423403  0.95060158
3904.88562287  0.94977486
3904.88701171  0.95031637
3904.88840055  0.95019394
3904.88978939  0.95002711
3904.89117823  0.95035332
3904.89256707  0.95020247
3904.89395590  0.94989246
3904.89534474  0.95095253
3904.89673358  0.95019346
3904.89812242  0.94962722
3904.89951126  0.95028841
3904.90090010  0.95023268
3904.90228894  0.95070732
3904.90367778  0.95019692
3904.90506661  0.94978929
3904.90645545  0.95022589
3904.90784429  0.95015264
3904.90923313  0.95026022
3904.91062197  0.95032990
3904.91201081  0.95029497
3904.91339965  0.95047867
3904.91478849  0.95123875
3904.91617732  0.95084810
3904.91756616  0.95132887
3904.91895500  0.95159185
3904.92034384  0.95113647
3904.92173268  0.95146632
3904.92312152  0.95106822
3904.92451036  0.95104623
3904.92589920  0.95113385
3904.92728803  0.95092726
3904.92867687  0.95057535
3904.93006571  0.95083070
3904.93145455  0.95030797
3904.93284339  0.95068669
3904.93423223  0.95063841
3904.93562107  0.95133811
3904.93700990  0.95035601
3904.93839874  0.95036131
3904.93978758  0.95038897
3904.94117642  0.95041597
3904.94256526  0.95063019
3904.94395410  0.95094556
3904.94534294  0.95077795
3904.94673178  0.94987100
3904.94812061  0.95025945
3904.94950945  0.95062852
3904.95089829  0.95025367
3904.95228713  0.95028043
3904.95367597  0.94967121
3904.95506481  0.95047987
3904.95645365  0.94996250
3904.95784248  0.95060790
3904.95923132  0.95003766
3904.96062016  0.95027953
3904.96200900  0.95034111
3904.96339784  0.95068038
3904.96478668  0.95123196
3904.96617552  0.95098341
3904.96756435  0.95116192
3904.96895319  0.95075965
3904.97034203  0.95078903
3904.97173087  0.95050752
3904.97311971  0.95094132
3904.97450855  0.95079416
3904.97589739  0.95097953
3904.97728622  0.95091879
3904.97867506  0.95072800
3904.98006390  0.95033938
3904.98145274  0.95076263
3904.98284158  0.95116603
3904.98423042  0.95088631
3904.98561926  0.95068645
3904.98700809  0.95129102
3904.98839693  0.95047069
3904.98978577  0.95115572
3904.99117461  0.95087606
3904.99256345  0.95080280
3904.99395229  0.95075083
3904.99534113  0.95082825
3904.99672996  0.95115983
3904.99811880  0.95106179
3904.99950764  0.95107323
3905.00089648  0.95131797
3905.00228532  0.95030981
3905.00367416  0.95071709
3905.00506299  0.95129937
3905.00645183  0.95109409
3905.00784067  0.95060068
3905.00922951  0.95141035
3905.01061835  0.95278531
3905.01200719  0.95206487
3905.01339602  0.95157218
3905.01478486  0.95233893
3905.01617370  0.95130336
3905.01756254  0.95210791
3905.01895138  0.95126784
3905.02034022  0.95181841
3905.02172906  0.95176113
3905.02311789  0.95205140
3905.02450673  0.95148206
3905.02589557  0.95147407
3905.02728441  0.95187300
3905.02867325  0.95241272
3905.03006209  0.95157373
3905.03145092  0.95117778
3905.03283976  0.95180964
3905.03422860  0.95166498
3905.03561744  0.95171273
3905.03700628  0.95147860
3905.03839512  0.95221817
3905.03978395  0.95175517
3905.04117279  0.95145309
3905.04256163  0.95185983
3905.04395047  0.95199805
3905.04533931  0.95160919
3905.04672815  0.95167124
3905.04811698  0.95192868
3905.04950582  0.95140922
3905.05089466  0.95172840
3905.05228350  0.95194274
3905.05367234  0.95137572
3905.05506118  0.95148271
3905.05645001  0.95202720
3905.05783885  0.95150661
3905.05922769  0.95179510
3905.06061653  0.95174426
3905.06200537  0.95170575
3905.06339420  0.95165378
3905.06478304  0.95186937
3905.06617188  0.95246160
3905.06756072  0.95252329
3905.06894956  0.95233428
3905.07033840  0.95183361
3905.07172723  0.95198560
3905.07311607  0.95204377
3905.07450491  0.95211983
3905.07589375  0.95182484
3905.07728259  0.95233071
3905.07867143  0.95215690
3905.08006026  0.95194697
3905.08144910  0.95243728
3905.08283794  0.95211416
3905.08422678  0.95215422
3905.08561562  0.95283294
3905.08700445  0.95214033
3905.08839329  0.95244527
3905.08978213  0.95206165
3905.09117097  0.95238334
3905.09255981  0.95239812
3905.09394864  0.95296216
3905.09533748  0.95246881
3905.09672632  0.95303738
3905.09811516  0.95298547
3905.09950400  0.95233673
3905.10089284  0.95307159
3905.10228167  0.95278084
3905.10367051  0.95259827
3905.10505935  0.95236599
3905.10644819  0.95238054
3905.10783703  0.95319867
3905.10922586  0.95287132
3905.11061470  0.95282495
3905.11200354  0.95270616
3905.11339238  0.95267171
3905.11478122  0.95337117
3905.11617005  0.95297647
3905.11755889  0.95347452
3905.11894773  0.95239311
3905.12033657  0.95309299
3905.12172541  0.95249468
3905.12311424  0.95257163
3905.12450308  0.95301306
3905.12589192  0.95258284
3905.12728076  0.95349705
3905.12866960  0.95324528
3905.13005844  0.95307058
3905.13144727  0.95284337
3905.13283611  0.95362973
3905.13422495  0.95245051
3905.13561379  0.95333558
3905.13700263  0.95317680
3905.13839146  0.95379311
3905.13978030  0.95298457
3905.14116914  0.95377791
3905.14255798  0.95378035
3905.14394682  0.95295125
3905.14533565  0.95270836
3905.14672449  0.95345992
3905.14811333  0.95259768
3905.14950217  0.95312810
3905.15089101  0.95350385
3905.15227984  0.95355135
3905.15366868  0.95468372
3905.15505752  0.95404088
3905.15644636  0.95361465
3905.15783519  0.95387119
3905.15922403  0.95402646
3905.16061287  0.95379514
3905.16200171  0.95415938
3905.16339055  0.95473272
3905.16477938  0.95421821
3905.16616822  0.95508051
3905.16755706  0.95443052
3905.16894590  0.95394099
3905.17033474  0.95429057
3905.17172357  0.95445764
3905.17311241  0.95434964
3905.17450125  0.95401961
3905.17589009  0.95403755
3905.17727893  0.95404822
3905.17866776  0.95432484
3905.18005660  0.95447606
3905.18144544  0.95428348
3905.18283428  0.95403028
3905.18422312  0.95419556
3905.18561195  0.95416903
3905.18700079  0.95454955
3905.18838963  0.95445353
3905.18977847  0.95463157
3905.19116730  0.95456755
3905.19255614  0.95377636
3905.19394498  0.95461905
3905.19533382  0.95444721
3905.19672266  0.95486426
3905.19811149  0.95447320
3905.19950033  0.95497668
3905.20088917  0.95469177
3905.20227801  0.95492488
3905.20366684  0.95470876
3905.20505568  0.95483959
3905.20644452  0.95507348
3905.20783336  0.95440012
3905.20922220  0.95505232
3905.21061103  0.95502597
3905.21199987  0.95489943
3905.21338871  0.95481420
3905.21477755  0.95479685
3905.21616638  0.95526099
3905.21755522  0.95500487
3905.21894406  0.95492196
3905.22033290  0.95511556
3905.22172174  0.95481294
3905.22311057  0.95561987
3905.22449941  0.95546836
3905.22588825  0.95592761
3905.22727709  0.95535803
3905.22866592  0.95549047
3905.23005476  0.95511425
3905.23144360  0.95500147
3905.23283244  0.95477647
3905.23422127  0.95509070
3905.23561011  0.95494229
3905.23699895  0.95567703
3905.23838779  0.95614761
3905.23977663  0.95515406
3905.24116546  0.95528799
3905.24255430  0.95532936
3905.24394314  0.95520949
3905.24533198  0.95570934
3905.24672081  0.95554793
3905.24810965  0.95673883
3905.24949849  0.95657152
3905.25088733  0.95610642
3905.25227616  0.95614183
3905.25366500  0.95677501
3905.25505384  0.95587498
3905.25644268  0.95668042
3905.25783151  0.95589828
3905.25922035  0.95599961
3905.26060919  0.95638984
3905.26199803  0.95618266
3905.26338686  0.95604795
3905.26477570  0.95596111
3905.26616454  0.95867062
3905.26755338  0.95733804
3905.26894222  0.95772827
3905.27033105  0.95812064
3905.27171989  0.95676059
3905.27310873  0.95681435
3905.27449757  0.95642871
3905.27588640  0.95681620
3905.27727524  0.95659018
3905.27866408  0.95650429
3905.28005292  0.95595443
3905.28144175  0.95690089
3905.28283059  0.95676947
3905.28421943  0.95674872
3905.28560827  0.95684254
3905.28699710  0.95655388
3905.28838594  0.95656312
3905.28977478  0.95618391
3905.29116362  0.95694065
3905.29255245  0.95731574
3905.29394129  0.95652437
3905.29533013  0.95725638
3905.29671897  0.95647866
3905.29810780  0.95667887
3905.29949664  0.95735139
3905.30088548  0.95700604
3905.30227432  0.95717955
3905.30366315  0.95709884
3905.30505199  0.95745248
3905.30644083  0.95697016
3905.30782967  0.95814627
3905.30921850  0.95728612
3905.31060734  0.95753765
3905.31199618  0.95711195
3905.31338502  0.95698994
3905.31477385  0.95736593
3905.31616269  0.95754528
3905.31755153  0.95693368
3905.31894037  0.95706177
3905.32032920  0.95802695
3905.32171804  0.95845437
3905.32310688  0.95792049
3905.32449571  0.95784771
3905.32588455  0.95745218
3905.32727339  0.95783949
3905.32866223  0.95708650
3905.33005106  0.95757037
3905.33143990  0.95814717
3905.33282874  0.95767450
3905.33421758  0.95816106
3905.33560641  0.95850652
3905.33699525  0.95755875
3905.33838409  0.95827717
3905.33977293  0.95831639
3905.34116176  0.95819306
3905.34255060  0.95789945
3905.34393944  0.96073234
3905.34532828  0.97192115
3905.34671711  0.97620946
3905.34810595  0.97493178
3905.34949479  0.97877699
3905.35088362  0.98448390
3905.35227246  0.98355097
3905.35366130  0.98231345
3905.35505014  0.97825211
3905.35643897  0.97700006
3905.35782781  0.97506630
3905.35921665  0.97378296
3905.36060549  0.97206956
3905.36199432  0.97117907
3905.36338316  0.97002071
3905.36477200  0.96964192
3905.36616083  0.96908188
3905.36754967  0.96832407
3905.36893851  0.96734554
3905.37032735  0.96634734
3905.37171618  0.96595395
3905.37310502  0.96663475
3905.37449386  0.96543843
3905.37588269  0.96481287
3905.37727153  0.96464801
3905.37866037  0.96425015
3905.38004921  0.96336490
3905.38143804  0.96349776
3905.38282688  0.96366239
3905.38421572  0.96330196
3905.38560456  0.96272594
3905.38699339  0.96331096
3905.38838223  0.96278065
3905.38977107  0.96283239
3905.39115990  0.96251947
3905.39254874  0.96281928
3905.39393758  0.96233594
3905.39532642  0.96265668
3905.39671525  0.96214759
3905.39810409  0.96198684
3905.39949293  0.96167004
3905.40088176  0.96211672
3905.40227060  0.96197498
3905.40365944  0.96195596
3905.40504828  0.96213937
3905.40643711  0.96160787
3905.40782595  0.96118790
3905.40921479  0.96213269
3905.41060362  0.96144813
3905.41199246  0.96163672
3905.41338130  0.96203291
3905.41477014  0.96197319
3905.41615897  0.96181387
3905.41754781  0.96118349
3905.41893665  0.96191955
3905.42032548  0.96203566
3905.42171432  0.96164584
3905.42310316  0.96213901
3905.42449199  0.96160400
3905.42588083  0.96169114
3905.42726967  0.96185893
3905.42865851  0.96190870
3905.43004734  0.96279776
3905.43143618  0.96362877
3905.43282502  0.96335447
3905.43421385  0.96311790
3905.43560269  0.96219933
3905.43699153  0.96336234
3905.43838037  0.96307039
3905.43976920  0.96293306
3905.44115804  0.96266776
3905.44254688  0.96265763
3905.44393571  0.96262068
3905.44532455  0.96273524
3905.44671339  0.96309167
3905.44810222  0.96292597
3905.44949106  0.96348333
3905.45087990  0.96304274
3905.45226874  0.96239138
3905.45365757  0.96334988
3905.45504641  0.96256006
3905.45643525  0.96258748
3905.45782408  0.96252769
3905.45921292  0.96239370
3905.46060176  0.96274424
3905.46199059  0.96235281
3905.46337943  0.96356684
3905.46476827  0.96276277
3905.46615711  0.96193558
3905.46754594  0.96246850
3905.46893478  0.96246594
3905.47032362  0.96329308
3905.47171245  0.96308196
3905.47310129  0.96345025
3905.47449013  0.96277821
3905.47587896  0.96305054
3905.47726780  0.96313530
3905.47865664  0.96308595
3905.48004547  0.96383446
3905.48143431  0.96335655
3905.48282315  0.96370155
3905.48421199  0.96345890
3905.48560082  0.96285957
3905.48698966  0.96361530
3905.48837850  0.96275377
3905.48976733  0.96343040
3905.49115617  0.96300280
3905.49254501  0.96337801
3905.49393384  0.96316874
3905.49532268  0.96341217
3905.49671152  0.96354097
3905.49810035  0.96376163
3905.49948919  0.96273446
3905.50087803  0.96355581
3905.50226686  0.96425742
3905.50365570  0.96294385
3905.50504454  0.96417427
3905.50643337  0.96414447
3905.50782221  0.96325743
3905.50921105  0.96376342
3905.51059989  0.96331507
3905.51198872  0.96391225
3905.51337756  0.96360046
3905.51476640  0.96423477
3905.51615523  0.96465611
3905.51754407  0.96418780
3905.51893291  0.96390003
3905.52032174  0.96446884
3905.52171058  0.96362007
3905.52309942  0.96468955
3905.52448825  0.96507263
3905.52587709  0.96429747
3905.52726593  0.96424729
3905.52865476  0.96478015
3905.53004360  0.96460485
3905.53143244  0.96399909
3905.53282127  0.96441203
3905.53421011  0.96471632
3905.53559895  0.96468890
3905.53698778  0.96410656
3905.53837662  0.96461171
3905.53976546  0.96486008
3905.54115429  0.96437508
3905.54254313  0.96425694
3905.54393197  0.96468341
3905.54532080  0.96449381
3905.54670964  0.96566641
3905.54809848  0.96534824
3905.54948731  0.96451914
3905.55087615  0.96489269
3905.55226499  0.96453202
3905.55365382  0.96491742
3905.55504266  0.96552753
3905.55643150  0.96458173
3905.55782033  0.96422929
3905.55920917  0.96484220
3905.56059801  0.96551543
3905.56198684  0.96539176
3905.56337568  0.96563679
3905.56476452  0.96550977
3905.56615335  0.96507883
3905.56754219  0.96600765
3905.56893103  0.96539724
3905.57031986  0.96508962
3905.57170870  0.96569538
3905.57309754  0.96623075
3905.57448637  0.96546835
3905.57587521  0.96589333
3905.57726405  0.96580958
3905.57865288  0.96552545
3905.58004172  0.96534294
3905.58143056  0.96571881
3905.58281939  0.96606290
3905.58420823  0.96598357
3905.58559707  0.96555388
3905.58698590  0.96554077
3905.58837474  0.96608204
3905.58976358  0.96618271
3905.59115241  0.96732229
3905.59254125  0.96588689
3905.59393008  0.96625572
3905.59531892  0.96656424
3905.59670776  0.96646148
3905.59809659  0.96625966
3905.59948543  0.96756732
3905.60087427  0.96721065
3905.60226310  0.96662176
3905.60365194  0.96717232
3905.60504078  0.96738982
3905.60642961  0.96675175
3905.60781845  0.96730435
3905.60920729  0.96718544
3905.61059612  0.96678823
3905.61198496  0.96716815
3905.61337380  0.96663928
3905.61476263  0.96711361
3905.61615147  0.96752548
3905.61754031  0.96626496
3905.61892914  0.96628261
3905.62031798  0.96707076
3905.62170681  0.96681744
3905.62309565  0.96691591
3905.62448449  0.96730143
3905.62587332  0.96810538
3905.62726216  0.96711737
3905.62865100  0.96725893
3905.63003983  0.96712196
3905.63142867  0.96758693
3905.63281751  0.96750772
3905.63420634  0.96787924
3905.63559518  0.96763700
3905.63698402  0.96714658
3905.63837285  0.96761960
3905.63976169  0.96842140
3905.64115052  0.96734208
3905.64253936  0.96771109
3905.64392820  0.96785039
3905.64531703  0.96753055
3905.64670587  0.96779609
3905.64809471  0.96740204
3905.64948354  0.96849811
3905.65087238  0.96803123
3905.65226122  0.96748227
3905.65365005  0.96777070
3905.65503889  0.96870834
3905.65642772  0.96805638
3905.65781656  0.96803766
3905.65920540  0.96795738
3905.66059423  0.96852452
3905.66198307  0.96852988
3905.66337191  0.96828467
3905.66476074  0.96868074
3905.66614958  0.96877432
3905.66753842  0.96851552
3905.66892725  0.96808106
3905.67031609  0.96834302
3905.67170492  0.96863157
3905.67309376  0.96832591
3905.67448260  0.96795064
3905.67587143  0.96838635
3905.67726027  0.96896547
3905.67864911  0.96887374
3905.68003794  0.96825498
3905.68142678  0.96900243
3905.68281561  0.96885365
3905.68420445  0.96909946
3905.68559329  0.96869701
3905.68698212  0.96942723
3905.68837096  0.96936351
3905.68975980  0.96972388
3905.69114863  0.96931279
3905.69253747  0.96922433
3905.69392630  0.96987414
3905.69531514  0.96879947
3905.69670398  0.96975350
3905.69809281  0.96926337
3905.69948165  0.97031498
3905.70087049  0.97024494
3905.70225932  0.97018266
3905.70364816  0.97006732
3905.70503699  0.97050810
3905.70642583  0.96987873
3905.70781467  0.96981812
3905.70920350  0.97098356
3905.71059234  0.97035027
3905.71198117  0.97039956
3905.71337001  0.97092998
3905.71475885  0.97000068
3905.71614768  0.97032851
3905.71753652  0.97064281
3905.71892536  0.97041047
3905.72031419  0.97063887
3905.72170303  0.97101855
3905.72309186  0.97065246
3905.72448070  0.97133327
3905.72586954  0.97108746
3905.72725837  0.97085667
3905.72864721  0.97116530
3905.73003605  0.97110432
3905.73142488  0.97111964
3905.73281372  0.97109723
3905.73420255  0.97202992
3905.73559139  0.97164893
3905.73698023  0.97175485
3905.73836906  0.97140354
3905.73975790  0.97112733
3905.74114673  0.97148299
3905.74253557  0.97141731
3905.74392441  0.97130460
3905.74531324  0.97140050
3905.74670208  0.97162896
3905.74809091  0.97200131
3905.74947975  0.97122371
3905.75086859  0.97148955
3905.75225742  0.97297484
3905.75364626  0.97326547
3905.75503509  0.97276258
3905.75642393  0.97278148
3905.75781277  0.97207320
3905.75920160  0.97230345
3905.76059044  0.97167605
3905.76197927  0.97249353
3905.76336811  0.97273427
3905.76475695  0.97196901
3905.76614578  0.97334540
3905.76753462  0.97248703
3905.76892345  0.97221386
3905.77031229  0.97294176
3905.77170113  0.97280997
3905.77308996  0.97227293
3905.77447880  0.97300047
3905.77586763  0.97261959
3905.77725647  0.97329056
3905.77864531  0.97275114
3905.78003414  0.97309613
3905.78142298  0.97346228
3905.78281181  0.97288090
3905.78420065  0.97356504
3905.78558949  0.97289234
3905.78697832  0.97308564
3905.78836716  0.97343785
3905.78975599  0.97333515
3905.79114483  0.97329676
3905.79253367  0.97377867
3905.79392250  0.97343463
3905.79531134  0.97443455
3905.79670017  0.97405237
3905.79808901  0.97363335
3905.79947785  0.97382259
3905.80086668  0.97403616
3905.80225552  0.97464430
3905.80364435  0.97452641
3905.80503319  0.97393870
3905.80642203  0.97414672
3905.80781086  0.97440708
3905.80919970  0.97489572
3905.81058853  0.97490549
3905.81197737  0.97401178
3905.81336620  0.97433209
3905.81475504  0.97429407
3905.81614388  0.97445321
3905.81753271  0.97469157
3905.81892155  0.97530377
3905.82031038  0.97519511
3905.82169922  0.97464859
3905.82308806  0.97507209
3905.82447689  0.97473484
3905.82586573  0.97477913
3905.82725456  0.97463197
3905.82864340  0.97485095
3905.83003223  0.97491580
3905.83142107  0.97564721
3905.83280991  0.97480512
3905.83419874  0.97563970
3905.83558758  0.97551638
3905.83697641  0.97527105
3905.83836525  0.97570217
3905.83975409  0.97560793
3905.84114292  0.97621667
3905.84253176  0.97578990
3905.84392059  0.97578323
3905.84530943  0.97541267
3905.84669826  0.97583038
3905.84808710  0.97524780
3905.84947594  0.97550327
3905.85086477  0.97642195
3905.85225361  0.97578299
3905.85364244  0.97612011
3905.85503128  0.97525626
3905.85642011  0.97550201
3905.85780895  0.97674108
3905.85919779  0.97593343
3905.86058662  0.97560394
3905.86197546  0.97578585
3905.86336429  0.97558540
3905.86475313  0.97573990
3905.86614196  0.97651362
3905.86753080  0.97594106
3905.86891964  0.97663486
3905.87030847  0.97639066
3905.87169731  0.97616863
3905.87308614  0.97669017
3905.87447498  0.97641587
3905.87586381  0.97607338
3905.87725265  0.97667396
3905.87864149  0.97635460
3905.88003032  0.97669369
3905.88141916  0.97684181
3905.88280799  0.97681040
3905.88419683  0.97690219
3905.88558566  0.97682458
3905.88697450  0.97707832
3905.88836334  0.97734296
3905.88975217  0.97837627
3905.89114101  0.97733790
3905.89252984  0.97747630
3905.89391868  0.97716326
3905.89530751  0.97873193
3905.89669635  0.97742671
3905.89808519  0.97795278
3905.89947402  0.97774905
3905.90086286  0.97767121
3905.90225169  0.97771573
3905.90364053  0.97801137
3905.90502936  0.97771955
3905.90641820  0.97763294
3905.90780703  0.97762704
3905.90919587  0.97723156
3905.91058471  0.97736943
3905.91197354  0.97763735
3905.91336238  0.97789389
3905.91475121  0.98071551
3905.91614005  0.98015159
3905.91752888  0.97981024
3905.91891772  0.97975206
3905.92030655  0.97972113
3905.92169539  0.97998577
3905.92308423  0.97924000
3905.92447306  0.98062158
3905.92586190  0.97905236
3905.92725073  0.97870672
3905.92863957  0.97932416
3905.93002840  0.97896236
3905.93141724  0.98007613
3905.93280608  0.98021042
3905.93419491  0.97890854
3905.93558375  0.97937185
3905.93697258  0.97926199
3905.93836142  0.97879183
3905.93975025  0.98015600
3905.94113909  0.97920501
3905.94252792  0.97967148
3905.94391676  0.97928286
3905.94530559  0.97931170
3905.94669443  0.97868520
3905.94808327  0.97949219
3905.94947210  0.97994137
3905.95086094  0.97973597
3905.95224977  0.98008043
3905.95363861  0.97967827
3905.95502744  0.97996432
3905.95641628  0.97920781
3905.95780511  0.98000330
3905.95919395  0.98003870
3905.96058278  0.98057961
3905.96197162  0.98044121
3905.96336046  0.97987640
3905.96474929  0.98034251
3905.96613813  0.98060918
3905.96752696  0.98051560
3905.96891580  0.98079020
3905.97030463  0.97933203
3905.97169347  0.98033321
3905.97308230  0.98066109
3905.97447114  0.97959542
3905.97585997  0.98107374
3905.97724881  0.98010606
3905.97863765  0.98142886
3905.98002648  0.98066258
3905.98141532  0.98099047
3905.98280415  0.98079020
3905.98419299  0.98137909
3905.98558182  0.98114425
3905.98697066  0.98124093
3905.98835949  0.98076183
3905.98974833  0.98093510
3905.99113716  0.98062539
3905.99252600  0.98042113
3905.99391483  0.98124778
3905.99530367  0.98134828
3905.99669251  0.98038238
3905.99808134  0.98092890
3905.99947018  0.98133969
3906.00085901  0.98096007
3906.00224785  0.98021001
3906.00363668  0.98073792
3906.00502552  0.98191494
3906.00641435  0.98110902
3906.00780319  0.98093098
3906.00919202  0.98143119
3906.01058086  0.98194206
3906.01196969  0.98145002
3906.01335853  0.98133129
3906.01474736  0.98175400
3906.01613620  0.98241901
3906.01752504  0.98150587
3906.01891387  0.98166621
3906.02030271  0.98223466
3906.02169154  0.98268276
3906.02308038  0.98201686
3906.02446921  0.98226553
3906.02585805  0.98166364
3906.02724688  0.98314160
3906.02863572  0.98303902
3906.03002455  0.98247254
3906.03141339  0.98263550
3906.03280222  0.98173547
3906.03419106  0.98247999
3906.03557989  0.98286796
3906.03696873  0.98293042
3906.03835756  0.98285085
3906.03974640  0.98286796
3906.04113523  0.98303092
3906.04252407  0.98237330
3906.04391291  0.98302960
3906.04530174  0.98318666
3906.04669058  0.98371625
3906.04807941  0.98285496
3906.04946825  0.98286861
3906.05085708  0.98312795
3906.05224592  0.98371649
3906.05363475  0.98340076
3906.05502359  0.98382795
3906.05641242  0.98350137
3906.05780126  0.98370707
3906.05919009  0.98397827
3906.06057893  0.98379433
3906.06196776  0.98363137
3906.06335660  0.98356974
3906.06474543  0.98384380
3906.06613427  0.98425347
3906.06752310  0.98432934
3906.06891194  0.98374093
3906.07030077  0.98403263
3906.07168961  0.98341566
3906.07307844  0.98389232
3906.07446728  0.98401332
3906.07585611  0.98460454
3906.07724495  0.98385835
3906.07863379  0.98399669
3906.08002262  0.98442483
3906.08141146  0.98500019
3906.08280029  0.98379785
3906.08418913  0.98415840
3906.08557796  0.98432738
3906.08696680  0.98409915
3906.08835563  0.98477882
3906.08974447  0.98524672
3906.09113330  0.98464799
3906.09252214  0.98517716
3906.09391097  0.98456168
3906.09529981  0.98517400
3906.09668864  0.98519909
3906.09807748  0.98638391
3906.09946631  0.98451662
3906.10085515  0.98583883
3906.10224398  0.98539394
3906.10363282  0.98612404
3906.10502165  0.98612046
3906.10641049  0.98505938
3906.10779932  0.98615187
3906.10918816  0.98549807
3906.11057699  0.98560029
3906.11196583  0.98633915
3906.11335466  0.98601234
3906.11474350  0.98476011
3906.11613233  0.98563069
3906.11752117  0.98614436
3906.11891000  0.98609781
3906.12029884  0.98597026
3906.12168767  0.98545665
3906.12307651  0.98585606
3906.12446534  0.98608631
3906.12585418  0.98617077
3906.12724301  0.98658949
3906.12863185  0.98622113
3906.13002068  0.98603845
3906.13140952  0.98599583
3906.13279835  0.98564869
3906.13418719  0.98652810
3906.13557602  0.98575294
3906.13696486  0.98733646
3906.13835369  0.98624849
3906.13974253  0.98695403
3906.14113136  0.98636305
3906.14252020  0.98712701
3906.14390903  0.98622084
3906.14529787  0.98672712
3906.14668670  0.98631364
3906.14807554  0.98738885
3906.14946437  0.98660767
3906.15085321  0.98647314
3906.15224204  0.98673290
3906.15363088  0.98698622
3906.15501971  0.98666221
3906.15640855  0.98691261
3906.15779738  0.98725975
3906.15918622  0.98676652
3906.16057505  0.98721355
3906.16196389  0.98703474
3906.16335272  0.98674887
3906.16474156  0.98747742
3906.16613039  0.98702222
3906.16751923  0.98695004
3906.16890806  0.98716873
3906.17029690  0.98776716
3906.17168573  0.98724765
3906.17307457  0.98711097
3906.17446340  0.98789847
3906.17585224  0.98841679
3906.17724107  0.98879832
3906.17862991  0.98912954
3906.18001874  0.98912346
3906.18140758  0.98958015
3906.18279641  0.98774838
3906.18418525  0.98832685
3906.18557408  0.98901832
3906.18696292  0.98810339
3906.18835175  0.98864913
3906.18974059  0.98774886
3906.19112942  0.98774731
3906.19251825  0.98809320
3906.19390709  0.98834610
3906.19529592  0.98852855
3906.19668476  0.98876560
3906.19807359  0.98861235
3906.19946243  0.98945862
3906.20085126  0.98838127
3906.20224010  0.98927432
3906.20362893  0.98897827
3906.20501777  0.98881000
3906.20640660  0.98874682
3906.20779544  0.98875713
3906.20918427  0.98907620
3906.21057311  0.98829824
3906.21196194  0.98833442
3906.21335078  0.98887867
3906.21473961  0.98898911
3906.21612845  0.98852003
3906.21751728  0.98968971
3906.21890612  0.99040693
3906.22029495  0.98931259
3906.22168379  0.98898613
3906.22307262  0.99029982
3906.22446146  0.98943871
3906.22585029  0.98998153
3906.22723913  0.98902321
3906.22862796  0.99029005
3906.23001679  0.98838425
3906.23140563  0.99036431
3906.23279446  0.99098504
3906.23418330  0.99079037
3906.23557213  0.99023986
3906.23696097  0.98963964
3906.23834980  0.99126327
3906.23973864  0.99088848
3906.24112747  0.99126977
3906.24251631  0.99139613
3906.24390514  0.99020082
3906.24529398  0.99055791
3906.24668281  0.98995638
3906.24807165  0.99046665
3906.24946048  0.99108928
3906.25084932  0.99024463
3906.25223815  0.99041623
3906.25362699  0.99063647
3906.25501582  0.99065924
3906.25640466  0.99087638
3906.25779349  0.99132806
3906.25918232  0.99067748
3906.26057116  0.99062896
3906.26195999  0.98994935
3906.26334883  0.99080080
3906.26473766  0.99091244
3906.26612650  0.99164122
3906.26751533  0.99075615
3906.26890417  0.99164331
3906.27029300  0.99074930
3906.27168184  0.99213123
3906.27307067  0.99118364
3906.27445951  0.99222100
3906.27584834  0.99129719
3906.27723718  0.99145520
3906.27862601  0.99262518
3906.28001484  0.99047101
3906.28140368  0.99149591
3906.28279251  0.99067366
3906.28418135  0.99109352
3906.28557018  0.99110973
3906.28695902  0.99186647
3906.28834785  0.99125648
3906.28973669  0.99130368
3906.29112552  0.99148047
3906.29251436  0.99086726
3906.29390319  0.99147338
3906.29529203  0.99176121
3906.29668086  0.99151981
3906.29806970  0.99201542
3906.29945853  0.99215394
3906.30084736  0.99157792
3906.30223620  0.99255979
3906.30362503  0.99232560
3906.30501387  0.99224967
3906.30640270  0.99235535
3906.30779154  0.99212325
3906.30918037  0.99272597
3906.31056921  0.99074364
3906.31195804  0.99271858
3906.31334688  0.99175280
3906.31473571  0.99198323
3906.31612454  0.99183649
3906.31751338  0.99173701
3906.31890221  0.99218625
3906.32029105  0.99229497
3906.32167988  0.99166119
3906.32306872  0.99228817
3906.32445755  0.99247080
3906.32584639  0.99251306
3906.32723522  0.99174112
3906.32862406  0.99234998
3906.33001289  0.99294978
3906.33140173  0.99250865
3906.33279056  0.99298006
3906.33417939  0.99389291
3906.33556823  0.99279302
3906.33695706  0.99353659
3906.33834590  0.99275708
3906.33973473  0.99290371
3906.34112357  0.99307543
3906.34251240  0.99279559
3906.34390124  0.99308068
3906.34529007  0.99432093
3906.34667890  0.99335861
3906.34806774  0.99379098
3906.34945657  0.99289119
3906.35084541  0.99353111
3906.35223424  0.99362749
3906.35362308  0.99406677
3906.35501191  0.99402535
3906.35640075  0.99319935
3906.35778958  0.99364913
3906.35917842  0.99397570
3906.36056725  0.99402499
3906.36195608  0.99437702
3906.36334492  0.99479663
3906.36473375  0.99397707
3906.36612259  0.99376702
3906.36751142  0.99494660
3906.36890026  0.99465096
3906.37028909  0.99457341
3906.37167793  0.99402404
3906.37306676  0.99399269
3906.37445560  0.99420959
3906.37584443  0.99479353
3906.37723326  0.99442673
3906.37862210  0.99497670
3906.38001093  0.99497533
3906.38139977  0.99660707
3906.38278860  0.99586463
3906.38417744  0.99586254
3906.38695511  0.99616814
3906.38834394  0.99653989
3906.38973277  0.99696571
3906.39112161  0.99604636
3906.39251044  0.99648947
3906.39389928  0.99619257
3906.39528811  0.99602479
3906.39667695  0.99606013
3906.39806578  0.99570668
3906.39945462  0.99686092
3906.40084345  0.99604034
3906.40223228  0.99594891
3906.40362112  0.99606133
3906.40500995  0.99622238
3906.40639879  0.99578047
3906.40778762  0.99580836
3906.40917646  0.99565428
3906.41056529  0.99635726
3906.41195412  0.99584311
3906.41334296  0.99622387
3906.41473179  0.99642122
3906.41612063  0.99623120
3906.41750946  0.99613273
3906.41889830  0.99589318
3906.42028713  0.99593401
3906.42167597  0.99609607
3906.42306480  0.99667710
3906.42445363  0.99697816
3906.42584247  0.99660504
3906.42723130  0.99739897
3906.42862014  0.99716932
3906.43000897  0.99778885
3906.43139781  0.99695116
3906.43278664  0.99755859
3906.43417547  0.99727464
3906.43556431  0.99769658
3906.43695314  0.99651802
3906.43834198  0.99678564
3906.43973081  0.99721557
3906.44111965  0.99690688
3906.44250848  0.99772310
3906.44389732  0.99680096
3906.44528615  0.99749011
3906.44667498  0.99763685
3906.44806382  0.99786222
3906.44945265  0.99694282
3906.45084149  0.99719638
3906.45223032  0.99672794
3906.45361916  0.99764419
3906.45500799  0.99738932
3906.45639682  0.99776375
3906.45778566  0.99797320
3906.45917449  0.99784559
3906.46056333  0.99781168
3906.46195216  0.99716288
3906.46334100  0.99672729
3906.46472983  0.99822754
3906.46611866  0.99781102
3906.46750750  0.99819767
3906.46889633  0.99771893
3906.47028517  0.99849260
3906.47167400  0.99857777
3906.47306284  0.99791348
3906.47445167  0.99842793
3906.47584050  0.99812794
3906.47722934  0.99812686
3906.47861817  0.99888545
3906.48000701  0.99817449
3906.48139584  0.99758404
3906.48278468  0.99751967
3906.48417351  0.99894476
3906.48556234  0.99860984
3906.48695118  0.99753761
3906.48834001  0.99897242
3906.48972885  0.99752873
3906.49111768  0.99836606
3906.49250652  0.99883795
3906.49528418  0.99985290
3906.49667302  0.99952680
3906.49806185  0.99901170
3906.49945069  0.99855947
3906.50083952  0.99881154
3906.50222836  0.99859089
3906.50361719  0.99865437
3906.50500602  0.99908841
3906.50639486  0.99955440
3906.50778369  1.00019908
3906.50917253  1.00006843
3906.51056136  0.99908030
3906.51195020  0.99965811
3906.51333903  1.00040579
3906.51472786  0.99920410
3906.51611670  1.00025940
3906.51750553  0.99937105
3906.51889437  0.99966866
3906.52028320  0.99926126
3906.52167204  0.99954408
3906.52306087  0.99990100
3906.52444970  1.00103831
3906.52583854  1.00117123
3906.52722737  1.00067163
3906.52861621  1.00009751
3906.53000504  0.99997216
3906.53139387  1.00067592
3906.53278271  1.00122058
3906.53417154  1.00000811
3906.53556038  1.00088286
3906.53694921  1.00031698
3906.53833805  1.00118589
3906.53972688  1.00088346
3906.54111571  1.00149846
3906.54250455  1.00151145
3906.54389338  1.00140464
3906.54528222  1.00197530
3906.54667105  1.00242805
3906.54805989  1.00131154
3906.54944872  1.00150168
3906.55083755  1.00339484
3906.55222639  1.00237143
3906.55361522  1.00282204
3906.55500406  1.00230408
3906.55639289  1.00164008
3906.55917056  1.00381613
3906.56055939  1.00336421
3906.56194823  1.00354731
3906.56333706  1.00367916
3906.56472590  1.00396454
3906.56611473  1.00376797
3906.56750356  1.00373507
3906.56889240  1.00339317
3906.57028123  1.00334072
3906.57167007  1.00401819
3906.57305890  1.00272596
3906.57444773  1.00333595
3906.57583657  1.00432396
3906.57722540  1.00390399
3906.57861424  1.00383151
3906.58000307  1.00423229
3906.58139191  1.00350785
3906.58278074  1.00512850
3906.58416957  1.00527382
3906.58555841  1.00346327
3906.58694724  1.00496960
3906.58833608  1.00326109
3906.58972491  1.00387192
3906.59111374  1.00483060
3906.59250258  1.00489700
3906.59389141  1.00400293
3906.59528025  1.00340998
3906.59666908  1.00353885
3906.59805792  1.00414121
3906.59944675  1.00343716
3906.60083558  1.00348604
3906.60222442  1.00384939
3906.60361325  1.00300646
3906.60500209  1.00325620
3906.60639092  1.00423753
3906.60777975  1.00321519
3906.60916859  1.00347006
3906.61055742  1.00319898
3906.61194626  1.00375032
3906.61333509  1.00461626
3906.61472392  1.00466073
3906.61611276  1.00361431
3906.61750159  1.00428665
3906.61889043  1.00473678
3906.62027926  1.00466788
3906.62166810  1.00486076
3906.62305693  1.00511789
3906.62583460  1.00543523
3906.62722343  1.00592434
3906.62861227  1.00638580
3906.63000110  1.00606441
3906.63138993  1.00590944
3906.63277877  1.00634205
3906.63416760  1.00541890
3906.63555644  1.00544667
3906.63694527  1.00688565
3906.63833410  1.00591445
3906.63972294  1.00524819
3906.64111177  1.00483370
3906.64250061  1.00518620
3906.64388944  1.00538456
3906.64527827  1.00559783
3906.64666711  1.00596440
3906.64805594  1.00556719
3906.64944478  1.00514829
3906.65083361  1.00464547
3906.65222245  1.00476468
3906.65361128  1.00541174
3906.65500011  1.00521088
3906.65638895  1.00526798
3906.65916662  1.00528717
3906.66055545  1.00544953
3906.66194428  1.00515759
3906.66333312  1.00567651
3906.66472195  1.00615466
3906.66611079  1.00500238
3906.66749962  1.00575924
3906.66888845  1.00559747
3906.67027729  1.00587070
3906.67166612  1.00689387
3906.67305496  1.00686312
3906.67444379  1.00618851
3906.67583262  1.00623012
3906.67861029  1.00702238
3906.67999913  1.00780404
3906.68138796  1.00710011
3906.68277680  1.00657487
3906.68416563  1.00745666
3906.68555446  1.00796235
3906.68694330  1.00656819
3906.68833213  1.00661194
3906.68972097  1.00687361
3906.69110980  1.00675678
3906.69249863  1.00703263
3906.69388747  1.00673795
3906.69527630  1.00698495
3906.69666514  1.00660646
3906.69805397  1.00685239
3906.69944280  1.00768292
3906.70222047  1.00781381
3906.70360931  1.00724173
3906.70499814  1.00706816
3906.70638697  1.00838220
3906.70777581  1.00797629
3906.70916464  1.00749004
3906.71055348  1.00876141
3906.71194231  1.00755703
3906.71333114  1.00758469
3906.71471998  1.00745928
3906.71610881  1.00780010
3906.71749765  1.00765264
3906.71888648  1.00768638
3906.72027531  1.00779295
3906.72166415  1.00792420
3906.72305298  1.00832582
3906.72444182  1.00778461
3906.72583065  1.00843072
3906.72721948  1.00746322
3906.72860832  1.00920153
3906.72999715  1.00798762
3906.73138599  1.00853825
3906.73277482  1.00801766
3906.73416365  1.00819361
3906.73555249  1.00773191
3906.73694132  1.00831878
3906.73833016  1.00890839
3906.73971899  1.00984037
3906.74110782  1.00840914
3906.74249666  1.00836134
3906.74388549  1.00869370
3906.74527433  1.00919926
3906.74666316  1.00896513
3906.74805200  1.00899422
3906.74944083  1.00872159
3906.75082966  1.00933087
3906.75221850  1.00879931
3906.75360733  1.00966668
3906.75499617  1.01075804
3906.75638500  1.01085484
3906.75777383  1.01003981
3906.75916267  1.01043367
3906.76055150  1.00992918
3906.76194034  1.01031613
3906.76332917  1.01048791
3906.76471800  1.01093221
3906.76610684  1.01066542
3906.76749567  1.01019275
3906.76888451  1.01050258
3906.77027334  1.01060092
3906.77166217  1.01127911
3906.77305101  1.01135755
3906.77443984  1.01092172
3906.77582868  1.01179874
3906.77721751  1.01129127
3906.77860634  1.01052153
3906.77999518  1.01136196
3906.78138401  1.01126003
3906.78277285  1.01141202
3906.78416168  1.01132822
3906.78555051  1.01187396
3906.78693935  1.01201749
3906.78832818  1.01233125
3906.79110585  1.01226282
3906.79388352  1.01227140
3906.79527235  1.01129544
3906.79666119  1.01265931
3906.80221652  1.01232243
3906.80360536  1.01211512
3906.80499419  1.01135254
3906.80777186  1.01220214
3906.80916069  1.01148868
3906.81054953  1.01253712
3906.81193836  1.01257086
3906.81332719  1.01229501
3906.81610486  1.01245356
3906.81749370  1.01332021
3906.82027136  1.01253319
3906.82166020  1.01291478
3906.82304903  1.01342487
3906.82443787  1.01326942
3906.82582670  1.01308501
3906.82721553  1.01353288
3906.82860437  1.01442504
3906.83138204  1.01338863
3906.83277087  1.01413965
3906.83554854  1.01321006
3906.83693737  1.01355708
3906.83832621  1.01454437
3906.83971504  1.01318753
3906.84249271  1.01453400
3906.84527038  1.01358199
3906.84665921  1.01406574
3906.84804805  1.01256943
3906.84943688  1.01413035
3906.85221455  1.01450324
3906.85360338  1.01485300
3906.85499222  1.01423967
3906.85638105  1.01547086
3906.85915872  1.01466131
3906.86054755  1.01495612
3906.86193639  1.01577187
3906.86332522  1.01533508
3906.86471405  1.01484895
3906.86610289  1.01484931
3906.86749172  1.01553798
3906.86888056  1.01521254
3906.87026939  1.01511729
3906.87304706  1.01658142
3906.87443589  1.01622474
3906.87582473  1.01570654
3906.87721356  1.01573634
3906.87860239  1.01628101
3906.87999123  1.01713932
3906.88138006  1.01714385
3906.88276890  1.01619434
3906.88415773  1.01617777
3906.88693540  1.01690865
3906.88832423  1.01578534
3906.88971307  1.01778495
3906.89110190  1.01658559
3906.89249073  1.01717186
3906.89526840  1.01677346
3906.89804607  1.01816964
3906.89943490  1.01678801
3906.90082374  1.01798701
3906.90221257  1.01779437
3906.90360141  1.01819444
3906.90499024  1.01833069
3906.90637908  1.01798487
3906.90776791  1.01852965
3906.90915674  1.01856029
3906.91193441  1.01904345
3906.91332325  1.01840281
3906.91471208  1.01849282
3906.91610091  1.01895583
3906.91748975  1.01795495
3906.92026742  1.01804602
3906.92165625  1.01817608
3906.92304508  1.01851571
3906.92443392  1.01807201
3906.92582275  1.01824296
3906.92721159  1.01887274
3906.92860042  1.01804566
3906.92998925  1.01868618
3906.93137809  1.01872349
3906.93276692  1.01860642
3906.93415576  1.01891255
3906.93554459  1.01971340
3906.93693342  1.01918840
3906.93832226  1.01887572
3906.94109993  1.01968622
3906.94387760  1.01896274
3906.94526643  1.02039695
3906.94665526  1.02042282
3906.94804410  1.01998234
3906.94943293  1.02073538
3906.95082177  1.02059388
3906.95221060  1.02100861
3906.95359943  1.01951241
3906.95498827  1.02113271
3906.95637710  1.02027023
3906.95776594  1.02174449
3906.95915477  1.02109337
3906.96054361  1.02078354
3906.96193244  1.02084899
3906.96332127  1.02148211
3906.96471011  1.02175224
3906.96609894  1.02171707
3906.96887661  1.02062917
3906.97026544  1.02101493
3906.97165428  1.02107632
3906.97443195  1.02149391
3906.97582078  1.02109885
3906.97720961  1.02086484
3906.97859845  1.02055573
3906.97998728  1.02000463
3906.98137612  1.02019799
3906.98276495  1.02154469
3906.98415379  1.02074325
3906.98554262  1.02028787
3906.98693145  1.02011359
3906.98970912  1.02211738
3906.99248679  1.02158356
3906.99526446  1.02225256
3906.99665329  1.02189100
3906.99804213  1.02288902
3906.99943096  1.02235758
3907.00220863  1.02252638
3907.00359746  1.02314365
3907.00498630  1.02241611
3907.00637513  1.02305305
3907.00776397  1.02225721
3907.00915280  1.02222133
3907.01054163  1.02254701
3907.01193047  1.02323675
3907.01331930  1.02284038
3907.01609697  1.02284217
3907.01748581  1.02390742
3907.01887464  1.02318490
3907.02026347  1.02396464
3907.02165231  1.02422810
3907.02304114  1.02346706
3907.02442998  1.02473640
3907.02581881  1.02275276
3907.02998531  1.02494037
3907.03137415  1.02507591
3907.03276298  1.02378213
3907.03554065  1.02484429
3907.03831832  1.02485049
3907.03970715  1.02540720
3907.04109599  1.02602255
3907.04387366  1.02559555
3907.04526249  1.02662289
3907.04665132  1.02537549
3907.04942899  1.02534437
3907.05081783  1.02548254
3907.05220666  1.02590787
3907.05359550  1.02471817
3907.05498433  1.02468419
3907.05637316  1.02430010
3907.05776200  1.02503037
3907.05915083  1.02409458
3907.06053967  1.02437997
3907.06192850  1.02482414
3907.06331734  1.02487302
3907.06470617  1.02392066
3907.06609500  1.02473366
3907.06748384  1.02438176
3907.07026151  1.02496088
3907.07165034  1.02373469
3907.07442801  1.02442229
3907.07581685  1.02458787
3907.07998335  1.02445996
3907.08137218  1.02451205
3907.08276102  1.02507174
3907.08414985  1.02587020
3907.08553869  1.02589369
3907.08692752  1.02515996
3907.08831635  1.02507150
3907.09248286  1.02474177
3907.09387169  1.02389169
3907.09526053  1.02440119
3907.09664936  1.02578747
3907.09803819  1.02461112
3907.10081586  1.02533495
3907.10359353  1.02505064
3907.10637120  1.02550888
3907.10776004  1.02539289
3907.11192654  1.02592885
3907.11470421  1.02691126
3907.11609304  1.02712667
3907.11748188  1.02669239
3907.12025955  1.02657509
3907.12303721  1.02622902
3907.12581488  1.02598774
3907.12720372  1.02569056
3907.12859255  1.02635407
3907.12998139  1.02673757
