# tempo_BTJD  residuo_normalizado
3883.00678689  0.99916067
3883.00817579  0.99967429
3883.00956469  0.99912872
3883.01095359  0.99905849
3883.01234249  0.99924093
3883.01373139  0.99929182
3883.01512028  0.99906072
3883.01650918  0.99960250
3883.01789808  0.99940648
3883.01928698  0.99896405
3883.02067588  0.99944964
3883.02206478  0.99943121
3883.02345368  0.99999603
3883.02484257  0.99967015
3883.02623147  0.99951532
3883.02762037  0.99969900
3883.02900927  0.99919331
3883.03039817  0.99949867
3883.03178707  0.99935481
3883.03317597  0.99965789
3883.03456486  0.99900674
3883.03595376  0.99918250
3883.03734266  0.99912077
3883.03873156  0.99932255
3883.04012046  0.99955203
3883.04150936  0.99969942
3883.04289825  0.99988152
3883.04428715  1.00024428
3883.04567605  0.99916319
3883.04706495  0.99943071
3883.04845385  0.99978804
3883.04984275  0.99985387
3883.05123165  0.99960142
3883.05262054  0.99975288
3883.05400944  0.99978818
3883.05539834  0.99977571
3883.05678724  0.99977638
3883.05817614  0.99970258
3883.05956504  0.99969297
3883.06095393  1.00023077
3883.06234283  0.99977096
3883.06373173  1.00011540
3883.06512063  0.99956359
3883.06650953  0.99968735
3883.06789843  0.99966567
3883.06928733  0.99976544
3883.07067622  0.99936502
3883.07206512  0.99974817
3883.07345402  0.99966922
3883.07484292  0.99986980
3883.07623182  0.99999873
3883.07762072  1.00018838
3883.07900961  1.00011159
3883.08039851  0.99996023
3883.08178741  0.99965756
3883.08317631  0.99971714
3883.08456521  1.00023241
3883.08595411  1.00021817
3883.08734301  0.99998600
3883.08873190  1.00002876
3883.09012080  1.00024376
3883.09150970  0.99999690
3883.09289860  1.00010294
3883.09428750  1.00026315
3883.09567640  1.00030448
3883.09706529  1.00010431
3883.09845419  1.00041045
3883.09984309  0.99987567
3883.10123199  1.00034343
3883.10262089  1.00004444
3883.10400979  1.00060740
3883.10539868  1.00013478
3883.10678758  0.99994606
3883.10817648  1.00027278
3883.10956538  1.00061639
3883.11095428  1.00030227
3883.11234318  0.99934382
3883.11373207  0.99954364
3883.11512097  1.00007567
3883.11650987  0.99995011
3883.11789877  1.00043356
3883.11928767  0.99991934
3883.12067657  1.00040107
3883.12206546  0.99943253
3883.12345436  0.99989634
3883.12484326  0.99984077
3883.12623216  1.00009183
3883.12762106  0.99994336
3883.12900996  1.00027353
3883.13039885  0.99979659
3883.13178775  0.99962616
3883.13317665  0.99954124
3883.13456555  0.99985653
3883.13595445  0.99991813
3883.13734335  1.00026749
3883.13873225  0.99988148
3883.14012114  1.00006178
3883.14151004  0.99973100
3883.14289894  1.00051441
3883.14428784  0.99995865
3883.14567674  1.00037936
3883.14706563  0.99983394
3883.14845453  0.99997105
3883.14984343  1.00030027
3883.15123233  0.99989473
3883.15262123  1.00053147
3883.15401013  1.00008783
3883.15539902  1.00055223
3883.15678792  1.00036430
3883.15817682  0.99998812
3883.15956572  1.00064620
3883.16095462  1.00053186
3883.16234352  0.99977451
3883.16373241  1.00093950
3883.16512131  0.99974813
3883.16651021  1.00026296
3883.16789911  0.99997132
3883.16928801  1.00035384
3883.17067691  0.99986797
3883.17206580  0.99938006
3883.17345470  0.99988769
3883.17484360  1.00018764
3883.17623250  0.99968620
3883.17762140  1.00001348
3883.17901030  0.99994864
3883.18039919  0.99941102
3883.18178809  0.99945178
3883.18317699  1.00022563
3883.18456589  1.00031049
3883.18595479  1.00024970
3883.18734368  1.00018125
3883.18873258  1.00084328
3883.19012148  1.00030232
3883.19151038  1.00026071
3883.19289928  0.99981810
3883.19428818  1.00014603
3883.19567707  1.00049756
3883.19706597  1.00093626
3883.19845487  1.00060738
3883.19984377  1.00072580
3883.20123267  1.00046123
3883.20262156  1.00025808
3883.20401046  1.00082112
3883.20539936  1.00029211
3883.20678826  1.00008118
3883.20817716  1.00023656
3883.20956606  1.00009117
3883.21095495  1.00046078
3883.21234385  1.00020904
3883.21373275  1.00040223
3883.21512165  1.00027293
3883.21651055  1.00008516
3883.21789944  1.00019242
3883.21928834  1.00021349
3883.22067724  1.00086034
3883.22206614  1.00041133
3883.22345504  1.00074199
3883.22484394  1.00036339
3883.22623283  1.00062212
3883.22762173  1.00016287
3883.22901063  1.00023717
3883.23039953  1.00023635
3883.23178843  1.00071314
3883.23317732  1.00055867
3883.23456622  1.00002922
3883.23595512  1.00016723
3883.23734402  1.00040541
3883.23873292  1.00020901
3883.24012181  0.99944177
3883.24151071  1.00028775
3883.24289961  1.00019411
3883.24428851  1.00027297
3883.24567741  1.02339881
3883.24706631  1.03250936
3883.24845520  1.02386597
3883.24984410  1.01634984
3883.25123300  1.01150831
3883.25262190  1.00808191
3883.25401080  1.00690709
3883.25539969  1.00603225
3883.25678859  1.00570715
3883.25817749  1.00455823
3883.25956639  1.00420188
3883.26095529  1.00419824
3883.26234418  1.00350546
3883.26373308  1.00348200
3883.26512198  1.00321019
3883.26651088  1.00292090
3883.26789978  1.00344614
3883.26928867  1.00328458
3883.27067757  1.00336311
3883.27206647  1.00279090
3883.27345537  1.00196289
3883.27484427  1.00218500
3883.27623316  1.00177770
3883.27762206  1.00213453
3883.27901096  1.00221207
3883.28039986  1.00184233
3883.28178876  1.00241217
3883.28317765  1.00229486
3883.28456655  1.00231781
3883.28595545  1.00240907
3883.28734435  1.00212801
3883.28873325  1.00150846
3883.29012214  1.00164531
3883.29151104  1.00144935
3883.29289994  1.00112800
3883.29428884  1.00126671
3883.29567774  1.00107219
3883.29706663  1.00106809
3883.29845553  1.00125452
3883.29984443  1.00102547
3883.30123333  1.00064409
3883.30262223  1.00101594
3883.30401112  1.00081874
3883.30540002  1.00047149
3883.30678892  1.00099357
3883.30817782  1.00084414
3883.30956672  1.00101127
3883.31095561  1.00103598
3883.31234451  1.00119987
3883.31373341  1.00068017
3883.31512231  1.00138849
3883.31651121  1.00093272
3883.31790010  1.00112212
3883.31928900  1.00066159
3883.32067790  1.00018965
3883.32206680  1.00048955
3883.32345569  1.00107488
3883.32484459  1.00064295
3883.32623349  1.00053469
3883.32762239  0.99984021
3883.32901129  1.00046532
3883.33040018  1.00148726
3883.33178908  1.00030038
3883.33317798  1.00019205
3883.33456688  1.00040448
3883.33595578  1.00033179
3883.33734467  1.00079625
3883.33873357  1.00088599
3883.34012247  1.00025231
3883.34151137  1.00023376
3883.34290026  1.00033265
3883.34428916  1.00047472
3883.34567806  1.00019030
3883.34706696  1.00036372
3883.34845586  1.00086420
3883.34984475  1.00097470
3883.35123365  1.00028895
3883.35262255  1.00042320
3883.35401145  1.00091654
3883.35540035  1.00056035
3883.35678924  0.99995216
3883.35817814  1.00044261
3883.35956704  1.00013986
3883.36095594  1.00011379
3883.36234483  1.00052451
3883.36373373  0.99987465
3883.36512263  1.00047186
3883.36651153  1.00034039
3883.36790043  1.00069968
3883.36928932  1.00031748
3883.37067822  0.99996871
3883.37206712  1.00030102
3883.37345602  1.00045467
3883.37484491  1.00031499
3883.37623381  1.00018769
3883.37762271  1.00027107
3883.37901161  1.00029944
3883.38040051  1.00014245
3883.38178940  1.00028260
3883.38317830  0.99971460
3883.38456720  1.00039068
3883.38595610  0.99984482
3883.38734499  1.00002454
3883.38873389  1.00030251
3883.39012279  1.00037822
3883.39151169  1.00002522
3883.39290058  1.00004918
3883.39428948  0.99998336
3883.39567838  1.00014701
3883.39706728  0.99994277
3883.39845618  1.00037810
3883.39984507  0.99977449
3883.40123397  0.99981055
3883.40262287  0.99989976
3883.40401177  1.00034426
3883.40540066  0.99973272
3883.40678956  1.00008910
3883.40817846  0.99946206
3883.40956736  0.99960403
3883.41095625  0.99940075
3883.41234515  0.99986944
3883.41373405  1.00019586
3883.41512295  0.99979973
3883.41651184  0.99987733
3883.41790074  0.99997683
3883.41928964  1.00081604
3883.42067854  1.00048443
3883.42206744  0.99958172
3883.42345633  0.99963873
3883.42484523  1.00032606
3883.42623413  0.99988089
3883.42762303  1.00035985
3883.42901192  1.00018869
3883.43040082  0.99990440
3883.43178972  1.00025051
3883.43317862  1.00018253
3883.43456751  1.00052462
3883.43595641  1.00005277
3883.43734531  1.00038675
3883.43873421  1.00011771
3883.44012310  1.00019900
3883.44151200  0.99984387
3883.44290090  1.00011297
3883.44428980  0.99979248
3883.44567869  1.00004340
3883.44706759  0.99996512
3883.44845649  1.00002106
3883.44984539  1.00023666
3883.45123428  1.00060102
3883.45262318  1.00064403
3883.45401208  1.00063539
3883.45540098  1.00138732
3883.45678987  1.00020950
3883.45817877  1.00016811
3883.45956767  1.00032567
3883.46095657  1.00067061
3883.46234546  1.00036757
3883.46373436  1.00013666
3883.46512326  1.00079268
3883.46651216  1.00026288
3883.46790105  1.00067246
3883.46928995  1.00052935
3883.47067885  1.00032530
3883.47206775  1.00032250
3883.47345664  1.00009289
3883.47484554  1.00046815
3883.47623444  1.00002598
3883.47762334  1.00014678
3883.47901223  1.00018941
3883.48040113  1.00013309
3883.48179003  1.00040427
3883.48317893  0.99930919
3883.48456782  1.00072597
3883.48595672  1.00029646
3883.48734562  0.99963301
3883.48873452  1.00025804
3883.49012341  0.99981124
3883.49151231  0.99986940
3883.49290121  1.00017660
3883.49429011  1.00006823
3883.49567900  1.00018415
3883.49706790  0.99982795
3883.49845680  1.00009274
3883.49984569  1.00015631
3883.50123459  0.99991591
3883.50262349  1.00072681
3883.50401239  1.00016422
3883.50540128  1.00019778
3883.50679018  1.00030692
3883.50817908  1.00035608
3883.50956798  1.00037590
3883.51095687  0.99970448
3883.51234577  1.00021949
3883.51373467  1.00048502
3883.51512357  1.00011595
3883.51651246  1.00030149
3883.51790136  1.00068138
3883.51929026  1.00038693
3883.52067916  0.99993665
3883.52206805  1.00032974
3883.52345695  1.00024649
3883.52484585  1.00088501
3883.52623474  1.00124747
3883.52762364  1.00039793
3883.52901254  1.00053019
3883.53040144  1.00111763
3883.53179033  1.00044456
3883.53317923  1.00101220
3883.53456813  1.00050258
3883.53595703  1.00073781
3883.53734592  1.00016078
3883.53873482  1.00031682
3883.54012372  1.00026481
3883.54151261  1.00061248
3883.54290151  1.00017967
3883.54429041  1.00043929
3883.54567931  1.00055627
3883.54706820  1.00063598
3883.54845710  1.00030309
3883.54984600  1.00028202
3883.55123489  0.99947960
3883.55262379  1.00018507
3883.55401269  1.00032065
3883.55540159  0.99994583
3883.55679048  0.99963686
3883.55817938  0.99993671
3883.55956828  0.99994297
3883.56095717  1.00013706
3883.56234607  0.99986694
3883.56373497  0.99979079
3883.56512387  1.00017042
3883.56651276  1.00009412
3883.56790166  1.00000643
3883.56929056  1.00005502
3883.57067945  1.00112907
3883.57206835  1.00018487
3883.57345725  1.00102196
3883.57484615  1.00076504
3883.57623504  1.00075755
3883.57762394  1.00081603
3883.57901284  1.00049031
3883.58040173  1.00094455
3883.58179063  0.99974845
3883.58317953  1.00032886
3883.58456843  1.00038259
3883.58595732  1.00048402
3883.58734622  1.00044386
3883.58873512  1.00053650
3883.59012401  0.99984867
3883.59151291  1.00073093
3883.59290181  1.00032698
3883.59429071  1.00051248
3883.59567960  1.00008470
3883.59706850  1.00024993
3883.59845740  1.00025037
3883.59984629  0.99944953
3883.60123519  1.00007389
3883.60262409  1.00016880
3883.60401299  0.99988047
3883.60540188  1.00064845
3883.60679078  1.00081694
3883.60817968  1.00053420
3883.60956857  1.00069286
3883.61095747  1.00032752
3883.61234637  1.00040485
3883.61373526  1.00052466
3883.61512416  1.00041779
3883.61651306  1.00057641
3883.61790196  0.99989096
3883.61929085  1.00013294
3883.62067975  1.00027508
3883.62206865  1.00038047
3883.62345754  0.99993195
3883.62484644  1.00050111
3883.62623534  1.00006021
3883.62762423  0.99972032
3883.62901313  0.99957185
3883.63040203  1.00096617
3883.63179092  0.99982712
3883.63317982  1.00040273
3883.63456872  1.00006554
3883.63595762  1.00036487
3883.63734651  1.00070624
3883.63873541  0.99971768
3883.64012431  1.00032088
3883.64151320  1.00025417
3883.64290210  1.00020584
3883.64429100  1.00006931
3883.64567989  0.99980884
3883.64706879  0.99982642
3883.64845769  1.00018225
3883.64984658  1.00028004
3883.65123548  0.99976007
3883.65262438  0.99972635
3883.65401328  1.00029452
3883.65540217  1.00060213
3883.65679107  1.00015457
3883.65817997  0.99987930
3883.65956886  1.00078630
3883.66095776  1.00089234
3883.66234666  0.99997430
3883.66373555  1.00021232
3883.66512445  1.00053075
3883.66651335  1.00007333
3883.66790224  1.00023404
3883.66929114  1.00015363
3883.67068004  1.00018685
3883.67206893  0.99927311
3883.67345783  1.00047178
3883.67484673  1.00068160
3883.67623562  1.00022976
3883.67762452  1.00031560
3883.67901342  1.00058558
3883.68040231  0.99988858
3883.68179121  1.00009330
3883.68318011  1.00036378
3883.68456900  1.00056647
3883.68595790  1.00000002
3883.68734680  1.00052060
3883.68873569  1.00039683
3883.69012459  1.00020795
3883.69151349  1.00030449
3883.69290239  1.00060961
3883.69429128  1.00045316
3883.69568018  0.99965147
3883.69706908  1.00060268
3883.69845797  1.00070307
3883.69984687  1.00029370
3883.70123577  1.00064078
3883.70262466  1.00008115
3883.70401356  1.00048242
3883.70540246  0.99967803
3883.70679135  1.00105996
3883.70818025  0.99958782
3883.70956915  1.00054029
3883.71095804  1.00059383
3883.71234694  0.99962557
3883.71373584  0.99985027
3883.71512473  0.99921961
3883.71651363  1.00022955
3883.71790253  1.00045661
3883.71929142  1.00019146
3883.72068032  1.00047917
3883.72206922  1.00035273
3883.72345811  1.00026024
3883.72484701  1.00009202
3883.72623591  0.99994111
3883.72762480  1.00091343
3883.72901370  0.99994695
3883.73040259  1.00030603
3883.73179149  1.00054321
3883.73318039  0.99993381
3883.73456928  1.00014424
3883.73595818  1.00046371
3883.73734708  0.99977289
3883.73873597  1.00019325
3883.74012487  1.00008965
3883.74151377  1.00061882
3883.74290266  1.00032165
3883.74429156  1.00020262
3883.74568046  1.00023836
3883.74706935  0.99980450
3883.74845825  1.00066058
3883.74984715  1.00018426
3883.75123604  0.99963227
3883.75262494  1.00018722
3883.75401384  0.99992667
3883.75540273  1.00023274
3883.75679163  0.99988699
3883.75818053  0.99998553
3883.75956942  1.00029384
3883.76095832  1.00016736
3883.76234722  1.00032646
3883.76373611  0.99972883
3883.76512501  1.00011134
3883.76651390  1.00004915
3883.76790280  0.99996164
3883.76929170  0.99977411
3883.77068059  0.99968618
3883.77206949  0.99974585
3883.77345839  0.99977448
3883.77484728  0.99975859
3883.77623618  0.99960154
3883.77762508  1.00034415
3883.77901397  1.00003430
3883.78040287  1.00008721
3883.78179177  1.00037734
3883.78318066  0.99951562
3883.78456956  1.00022554
3883.78595845  1.00010041
3883.78734735  0.99990936
3883.78873625  0.99997467
3883.79012514  1.00058511
3883.79151404  0.99993189
3883.79290294  1.00012533
3883.79429183  1.00021090
3883.79568073  1.00041267
3883.79706963  1.00030729
3883.79845852  1.00048274
3883.79984742  1.00031749
3883.80123631  1.00026204
3883.80262521  1.00028975
3883.80401411  0.99999271
3883.80540300  0.99974816
3883.80679190  1.00007197
3883.80818080  1.00008976
3883.80956969  0.99976899
3883.81095859  1.00016116
3883.81234748  1.00044004
3883.81373638  1.00003653
3883.81512528  0.99951563
3883.81651417  1.00015670
3883.81790307  1.00067409
3883.81929197  1.00016279
3883.82068086  1.00042570
3883.82206976  1.00063971
3883.82345865  0.99984072
3883.82484755  1.00079095
3883.82623645  0.99952413
3883.82762534  0.99982834
3883.82901424  0.99997374
3883.83040314  0.99989331
3883.83179203  0.99986917
3883.83318093  1.00006185
3883.83456982  1.00018294
3883.83595872  1.00017012
3883.83734762  0.99982924
3883.83873651  1.00033997
3883.84012541  1.00048120
3883.84151431  1.00000166
3883.84290320  1.00004520
3883.84429210  1.00027808
3883.84568099  0.99991288
3883.84706989  0.99994886
3883.84845879  0.99998595
3883.84984768  0.99998520
3883.85123658  0.99976129
3883.85262547  1.00035505
3883.85401437  0.99993152
3883.85540327  1.00030340
3883.85679216  1.00035319
3883.85818106  1.00057067
3883.85956996  1.00025608
3883.86095885  1.00063496
3883.86234775  0.99995956
3883.86373664  1.00059483
3883.86512554  1.00028476
3883.86651444  1.00059875
3883.86790333  1.00022014
3883.86929223  1.00094360
3883.87068112  1.00015392
3883.87207002  0.99985830
3883.87345892  1.00038910
3883.87484781  0.99988496
3883.87623671  0.99995052
3883.87762560  1.00015860
3883.87901450  1.00000441
3883.88040340  1.00033816
3883.88179229  1.00004036
3883.88318119  1.00026452
3883.88457009  1.00024788
3883.88595898  1.00008131
3883.88734788  1.00041811
3883.88873677  1.00028343
3883.89012567  0.99991414
3883.89151456  0.99979351
3883.89290346  0.99990448
3883.89429236  1.00019093
3883.89568125  0.99972630
3883.89707015  1.00046268
3883.89845905  1.00040589
3883.89984794  1.00063329
3883.90123684  0.99997819
3883.90262573  0.99980738
3883.90401463  0.99990897
3883.90540352  1.00034118
3883.90679242  1.00021116
3883.90818132  0.99990944
3883.90957021  1.00046634
3883.91095911  1.00012725
3883.91234800  1.00041012
3883.91373690  1.00008985
3883.91512580  1.00074988
3883.91651469  0.99981197
3883.91790359  1.00038852
3883.91929248  0.99965528
3883.92068138  0.99995249
3883.92207028  1.00024126
3883.92345917  1.00050559
3883.92484807  0.99973025
3883.92623696  1.00033595
3883.92762586  0.99997527
3883.92901476  0.99993454
3883.93040365  1.00044153
3883.93179255  0.99976662
3883.93318144  1.00045823
3883.93457034  1.00116300
3883.93595923  0.99988465
3883.93734813  1.00043844
3883.93873703  0.99943944
3883.94012592  1.00085395
3883.94151482  1.00020747
3883.94290371  1.00045930
3883.94568151  1.00249842
3883.94707040  1.00128560
3883.94845930  1.00171109
3883.94984819  1.00128656
3883.95123709  1.00152162
3883.95262598  1.00114161
3883.95401488  1.00139585
3883.95540378  1.00129325
3883.95679267  1.00071240
3883.95818157  1.00114355
3883.95957046  1.00062269
3883.96095936  1.00066094
3883.96234825  1.00076429
3883.96373715  0.99996317
3883.96512605  1.00135694
3883.96651494  1.00051487
3883.96790384  1.00053939
3883.96929273  1.00020468
3883.97068163  1.00039705
3883.97207052  1.00018956
3883.97345942  1.00026035
3883.97484832  1.00014115
3883.97623721  1.00077098
3883.97762611  1.00063851
3883.97901500  1.00017600
3883.98040390  1.00070326
3883.98179279  1.00002207
3883.98318169  0.99985944
3883.98457059  0.99986275
3883.98595948  1.00009185
3883.98734838  1.00045270
3883.98873727  0.99992631
3883.99012617  1.00102712
3883.99151506  1.00070425
3883.99290396  1.00118212
3883.99429285  1.00072913
3883.99568175  1.00025894
3883.99707065  0.99967636
3883.99845954  1.00060262
3883.99984844  1.00025356
3884.00123733  1.00019144
3884.00262623  1.00085746
3884.00401512  1.00089728
3884.00540402  1.00007076
3884.00679291  1.00052406
3884.00818181  1.00054331
3884.00957071  1.00059074
3884.01095960  1.00031564
3884.01234850  1.00020987
3884.01373739  1.00032597
3884.01512629  1.00038606
3884.01651518  1.00036872
3884.01790408  1.00065060
3884.01929298  1.00083645
3884.02068187  1.00066693
3884.02207077  1.00033668
3884.02345966  0.99996001
3884.02484856  0.99960459
3884.02623745  0.99985859
3884.02762635  1.00049423
3884.02901524  1.00107179
3884.03040414  1.00092337
3884.03179303  1.00053175
3884.03318193  1.00051553
3884.03457083  0.99978722
3884.03595972  1.00017496
3884.03734862  1.00014698
3884.03873751  1.00020079
3884.04012641  0.99983363
3884.04151530  1.00031591
3884.04290420  1.00003093
3884.04429309  0.99953816
3884.04568199  0.99994824
3884.04707088  1.00030260
3884.04845978  0.99974801
3884.04984868  1.00001130
3884.05123757  1.00021684
3884.05262647  0.99978900
3884.05401536  1.00041582
3884.05540426  1.00026524
3884.05679315  1.00019832
3884.05818205  0.99997025
3884.05957094  1.00032791
3884.06095984  1.00071491
3884.06234873  1.00017410
3884.06373763  0.99996318
3884.06512652  1.00013287
3884.06651542  1.00010361
3884.06790431  0.99984154
3884.06929321  0.99944204
3884.07068211  0.99983145
3884.07207100  0.99972638
3884.07345990  1.00026641
3884.07484879  0.99996300
3884.07623769  1.00002281
3884.07762658  1.00005261
3884.07901548  1.00027099
3884.08040437  0.99958786
3884.08179327  1.00027816
3884.08318216  1.00016194
3884.08457106  1.00036895
3884.08595995  1.00008738
3884.08734885  1.00002128
3884.08873774  0.99936387
3884.09012664  0.99944072
3884.09151553  0.99979028
3884.09290443  0.99973443
3884.09429333  0.99992549
3884.09568222  0.99957057
3884.09707112  1.00002122
3884.09846001  1.00010180
3884.09984891  1.00019860
3884.10123780  1.00019755
3884.10262670  1.00030770
3884.10401559  1.00011810
3884.10540449  1.00003571
3884.10679338  0.99964600
3884.10818228  0.99970869
3884.10957117  1.00040925
3884.11096007  0.99975750
3884.11234896  0.99994887
3884.11373786  1.00077240
3884.11512675  0.99971462
3884.11651565  1.00007063
3884.11790454  0.99950744
3884.11929344  1.00015608
3884.12068233  0.99996910
3884.12207123  1.00022455
3884.12346012  1.00024054
3884.12484902  1.00024837
3884.12623791  1.00051465
3884.12762681  1.00029878
3884.12901570  1.00019613
3884.13040460  1.00009123
3884.13179349  0.99971607
3884.13318239  1.00026525
3884.13457128  0.99991405
3884.13596018  0.99997782
3884.13734907  1.00037473
3884.13873797  1.00030720
3884.14012686  1.00011122
3884.14151576  0.99996318
3884.14290465  0.99951580
3884.14429355  0.99969758
3884.14568245  0.99998720
3884.14707134  1.00006637
3884.14846024  1.00035480
3884.14984913  1.00040446
3884.15123803  0.99951346
3884.15262692  0.99990008
3884.15401582  0.99976819
3884.15540471  0.99995329
3884.15679361  0.99937329
3884.15818250  1.00005003
3884.15957139  0.99975571
3884.16096029  0.99983964
3884.16234918  0.99936492
3884.16373808  1.00038576
3884.16512697  1.00007012
3884.16651587  0.99957966
3884.16790476  0.99963189
3884.16929366  0.99995892
3884.17068255  0.99986415
3884.17207145  0.99981716
3884.17346034  0.99985178
3884.17484924  0.99950539
3884.17623813  0.99937558
3884.17762703  0.99970057
3884.17901592  0.99968878
3884.18040482  1.00020056
3884.18179371  0.99960108
3884.18318261  0.99968388
3884.18457150  0.99984820
3884.18596040  0.99963289
3884.18734929  1.00039138
3884.18873819  1.00134548
3884.19012708  1.00070144
3884.19151598  1.00076301
3884.19290487  1.00033232
3884.19429377  1.00054227
3884.19568266  1.00013912
3884.19707156  0.99976521
3884.19846045  1.00105544
3884.19984935  0.99983246
3884.20123824  1.00020907
3884.20262714  1.00008611
3884.20401603  1.00023524
3884.20540493  0.99976660
3884.20679382  1.00009112
3884.20818272  1.00073605
3884.20957161  1.00097643
3884.21096051  1.00014107
3884.21234940  1.00049988
3884.21373830  1.00038513
3884.21512719  1.00070082
3884.21651608  1.00053193
3884.21790498  1.00087145
3884.21929387  1.00008239
3884.22068277  1.00023502
3884.22207166  1.00003960
3884.22346056  1.00023377
3884.22484945  1.00023578
3884.22623835  1.00028465
3884.22762724  1.00014247
3884.22901614  1.00062979
3884.23040503  1.00111049
3884.23179393  1.00119062
3884.23318282  1.00149913
3884.23457172  1.00132672
3884.23596061  1.00117860
3884.23734951  1.00182336
3884.23873840  1.00085509
3884.24012729  1.00096283
3884.24151619  1.00099078
3884.24290508  1.00012121
3884.24429398  1.00054253
3884.24568287  1.00019737
3884.24707177  1.00104707
3884.24846066  1.00058417
3884.24984956  1.00025056
3884.25123845  1.00014581
3884.25262735  1.00110882
3884.25401624  1.00134524
3884.25540514  1.00038148
3884.25679403  1.00071592
3884.25818293  1.00063437
3884.25957182  1.00026596
3884.26096071  1.00020673
3884.26234961  1.00059884
3884.26373850  1.00012470
3884.26512740  1.00038291
3884.26651629  1.00032374
3884.26790519  1.00034363
3884.26929408  0.99997285
3884.27068298  0.99974748
3884.27207187  0.99989058
3884.27346076  1.00002064
3884.27484966  1.00012938
3884.27623855  0.99958141
3884.27762745  0.99984585
3884.27901634  0.99975062
3884.28040524  1.00027835
3884.28179413  0.99981245
3884.28318303  1.00026364
3884.28457192  1.00025709
3884.28596082  1.00021473
3884.28734971  1.00008939
3884.28873860  0.99971432
3884.29012750  0.99971315
3884.29151639  0.99942840
3884.29290529  1.00054357
3884.29429418  1.00009503
3884.29568308  0.99965875
3884.29707197  1.00030724
3884.29846087  1.00036723
3884.29984976  1.00010831
3884.30123865  0.99919545
3884.30262755  1.00011652
3884.30401644  1.00004384
3884.30540534  1.00011615
3884.30679423  0.99946729
3884.30818313  0.99994620
3884.30957202  0.99958785
3884.31096092  0.99973308
3884.31234981  0.99978743
3884.31373870  0.99911898
3884.31512760  0.99987042
3884.31651649  1.00050089
3884.31790539  0.99980413
3884.31929428  1.00037293
3884.32068318  1.00057538
3884.32207207  1.00005569
3884.32346096  1.00029147
3884.32484986  0.99970395
3884.32623875  1.00042912
3884.32762765  1.00018354
3884.32901654  0.99998473
3884.33040544  1.00026725
3884.33179433  1.00011205
3884.33318323  1.00002869
3884.33457212  0.99962213
3884.33596101  1.00048731
3884.33734991  0.99963925
3884.33873880  1.00041538
3884.34012770  0.99992081
3884.34151659  0.99962447
3884.34290549  1.00027477
3884.34429438  0.99986510
3884.34568327  0.99981159
3884.34707217  0.99989072
3884.34846106  0.99968870
3884.34984996  0.99927503
3884.35123885  1.00015002
3884.35262774  1.00031950
3884.35401664  0.99947921
3884.35540553  1.00030756
3884.35679443  0.99976969
3884.35818332  0.99956170
3884.35957222  1.00080768
3884.36096111  0.99955449
3884.36235000  1.00002462
3884.36373890  0.99944934
3884.36512779  1.00045238
3884.36651669  0.99973982
3884.36790558  0.99965248
3884.36929448  1.00018130
3884.37068337  1.00066014
3884.37207226  0.99987402
3884.37346116  0.99943674
3884.37485005  1.00051166
3884.37623895  1.00022318
3884.37762784  0.99963833
3884.37901673  1.00015302
3884.38040563  1.00008152
3884.38179452  1.00011234
3884.38318342  1.00004796
3884.38457231  0.99965240
3884.38596120  1.00000410
3884.38735010  1.00015158
3884.38873899  0.99970235
3884.39012789  1.00004260
3884.39151678  0.99995421
3884.39290568  1.00038835
3884.39429457  1.00005726
3884.39568346  0.99965415
3884.39707236  1.00075851
3884.39846125  1.00042224
3884.39985015  0.99990080
3884.40123904  0.99999416
3884.40262793  1.00056286
3884.40401683  0.99965516
3884.40540572  1.00004682
3884.40679462  1.00025318
3884.40818351  1.00007107
3884.40957240  1.00003364
3884.41096130  1.00031819
3884.41235019  0.99961309
3884.41373909  0.99955311
3884.41512798  1.00032715
3884.41651687  0.99998027
3884.41790577  1.00003896
3884.41929466  1.00022935
3884.42068356  1.00008862
3884.42207245  0.99979843
3884.42346134  1.00000268
3884.42485024  0.99971896
3884.42623913  1.00024955
3884.42762803  0.99929514
3884.42901692  0.99968257
3884.43040581  1.00053625
3884.43179471  0.99969546
3884.43318360  1.00017053
3884.43457249  0.99969354
3884.43596139  0.99967411
3884.43735028  1.00017593
3884.43873918  0.99996271
3884.44012807  1.00001922
3884.44151696  1.00024436
3884.44290586  1.00071366
3884.44429475  1.00069664
3884.44568365  0.99988189
3884.44707254  0.99912366
3884.44846143  0.99977556
3884.44985033  1.00012870
3884.45123922  1.00045822
3884.45262812  0.99952771
3884.45401701  0.99936696
3884.45540590  1.00004544
3884.45679480  0.99986068
3884.45818369  0.99984969
3884.45957258  0.99959272
3884.46096148  0.99978127
3884.46235037  0.99943502
3884.46373927  1.00010171
3884.46512816  1.00095761
3884.46651705  0.99997162
3884.46790595  0.99992610
3884.46929484  0.99938033
3884.47068373  0.99945262
3884.47207263  0.99988387
3884.47346152  0.99987228
3884.47485042  0.99963310
3884.47623931  1.00033518
3884.47762820  0.99950208
3884.47901710  1.00021031
3884.48040599  0.99950928
3884.48179488  0.99994485
3884.48318378  0.99942073
3884.48457267  0.99985662
3884.48596157  1.00032107
3884.48735046  0.99964861
3884.48873935  0.99974667
3884.49012825  0.99999294
3884.49151714  1.00043517
3884.49290603  1.00048109
3884.49429493  0.99985782
3884.49568382  1.00000432
3884.49707272  0.99979732
3884.49846161  1.00002435
3884.49985050  1.00033204
3884.50123940  0.99972408
3884.50262829  1.00037890
3884.50401718  0.99972913
3884.50540608  1.00012469
3884.50679497  0.99962478
3884.50818386  0.99981462
3884.50957276  0.99986778
3884.51096165  0.99992002
3884.51235054  1.00036649
3884.51373944  0.99949339
3884.51512833  0.99941850
3884.51651723  1.00044449
3884.51790612  0.99959108
3884.51929501  1.00040746
3884.52068391  1.00018535
3884.52207280  1.00018788
3884.52346169  1.00030318
3884.52485059  0.99967338
3884.52623948  0.99991021
3884.52762837  1.00051002
3884.52901727  1.00041204
3884.53040616  1.00033480
3884.53179506  0.99905295
3884.53318395  1.00013353
3884.53457284  1.00013783
3884.53596174  0.99978099
3884.53735063  1.00024853
3884.53873952  1.00013451
3884.54012842  0.99958402
3884.54151731  1.00061465
3884.54290620  0.99994444
3884.54429510  0.99979007
3884.54568399  0.99997504
3884.54707288  0.99982353
3884.54846178  1.00010559
3884.54985067  1.00003375
3884.55123956  0.99914730
3884.55262846  0.99986509
3884.55401735  0.99984606
3884.55540624  0.99989022
3884.55679514  1.00045547
3884.55818403  0.99984192
3884.55957292  0.99993476
3884.56096182  1.00037695
3884.56235071  0.99980028
3884.56373960  1.00009064
3884.56512850  0.99962099
3884.56651739  0.99969443
3884.56790628  0.99942853
3884.56929518  0.99968470
3884.57068407  1.00006680
3884.57207296  0.99949187
3884.57346186  0.99936461
3884.57485075  0.99938431
3884.57623964  0.99976414
3884.57762854  0.99975843
3884.57901743  0.99959011
3884.58040633  0.99967349
3884.58179522  0.99952630
3884.58318411  1.00035164
3884.58457301  0.99898388
3884.58596190  0.99957678
3884.58735079  1.00010006
3884.58873969  0.99984672
3884.59012858  1.00002089
3884.59151747  1.00013447
3884.59290637  0.99926700
3884.59429526  1.00011343
3884.59568415  0.99972460
3884.59707304  0.99966826
3884.59846194  0.99973831
3884.59985083  0.99980940
3884.60123972  0.99969386
3884.60262862  0.99890794
3884.60401751  1.00010642
3884.60540640  0.99966825
3884.60679530  0.99981721
3884.60818419  1.00045282
3884.60957308  0.99963753
3884.61096198  1.00049385
3884.61235087  1.00006716
3884.61373976  0.99991390
3884.61512866  0.99958849
3884.61651755  0.99965834
3884.61790644  0.99994271
3884.61929534  1.00033422
3884.62068423  0.99966425
3884.62207312  1.00008470
3884.62346202  0.99984523
3884.62485091  0.99955072
3884.62623980  0.99896451
3884.62762870  0.99946590
3884.62901759  0.99944882
3884.63040648  0.99996788
3884.63179538  1.00012544
3884.63318427  0.99954724
3884.63457316  0.99940428
3884.63596205  0.99964834
3884.63735095  0.99930660
3884.63873984  0.99972028
3884.64012873  1.00008986
3884.64151763  0.99952316
3884.64290652  0.99907757
3884.64429541  0.99950807
3884.64568431  0.99950178
3884.64707320  0.99941929
3884.64846209  0.99967217
3884.64985099  0.99956138
3884.65123988  0.99936192
3884.65262877  0.99991420
3884.65401766  0.99920139
3884.65540656  1.00003247
3884.65679545  0.99875231
3884.65818434  0.99952622
3884.65957324  0.99961649
3884.66096213  0.99924797
3884.66235102  0.99994291
3884.66373992  0.99969495
3884.66512881  1.00021660
3884.66651770  1.00049180
3884.66790659  1.00062561
3884.66929549  1.00142346
3884.67068438  1.00056888
3884.67207327  1.00019060
3884.67346217  1.00028645
3884.67485106  1.00026462
3884.67623995  1.00056578
3884.67762885  1.00050074
3884.67901774  1.00000102
3884.68040663  1.00080503
3884.68179552  1.00081255
3884.68318442  1.00057714
3884.68457331  1.00024651
3884.68596220  1.00152429
3884.68735110  1.00035628
3884.68873999  1.00171852
3884.69012888  1.00055741
3884.69151777  1.00053243
3884.69290667  1.00011050
3884.69429556  1.00126421
3884.69568445  0.99988057
3884.69707335  1.00057173
3884.69846224  1.00003547
3884.69985113  1.00075648
3884.70124002  0.99997257
3884.70262892  1.00014987
3884.70401781  0.99954095
3884.70540670  0.99942475
3884.70679560  1.00015558
3884.70818449  0.99956355
3884.70957338  1.00065963
3884.71096227  0.99912142
3884.71235117  0.99946913
3884.71374006  1.00005390
3884.71512895  1.00045948
3884.71651785  0.99974842
3884.71790674  1.00020119
3884.71929563  0.99951099
3884.72068452  0.99939317
3884.72207342  0.99986769
3884.72346231  0.99914631
3884.72485120  1.00010507
3884.72624010  0.99957108
3884.72762899  0.99931467
3884.72901788  0.99949758
3884.73040677  0.99955920
3884.73179567  0.99985392
3884.73318456  0.99972162
3884.73457345  0.99923948
3884.73596234  0.99907762
3884.73735124  0.99950438
3884.73874013  0.99978635
3884.74012902  0.99970586
3884.74151792  0.99991998
3884.74290681  0.99911851
3884.74429570  1.00002712
3884.74568459  0.99978776
3884.74707349  0.99983198
3884.74846238  0.99984362
3884.74985127  0.99914216
3884.75124016  0.99923519
3884.75262906  0.99971651
3884.75401795  0.99900705
3884.75540684  0.99981584
3884.75679573  0.99968062
3884.75818463  1.00269854
3884.75957352  1.00551671
3884.76096241  1.00572488
3884.76235131  1.00608846
3884.76374020  1.00395918
3884.76512909  1.00320221
3884.76651798  1.00331364
3884.76790688  1.00393116
3884.76929577  1.00263676
3884.77068466  1.00346439
3884.77207355  1.00365166
3884.77346245  1.00282996
3884.77485134  1.00298775
3884.77624023  1.00340008
3884.77762912  1.00305982
3884.77901802  1.00327377
3884.78040691  1.00306095
3884.78179580  1.00293519
3884.78318469  1.00208501
3884.78457359  1.00258907
3884.78596248  1.00272758
3884.78735137  1.00214966
3884.78874026  1.00280999
3884.79012916  1.00312026
3884.79151805  1.00252921
3884.79290694  1.00254852
3884.79429583  1.00198911
3884.79568473  1.00179113
3884.79707362  1.00214158
3884.79846251  1.00224183
3884.79985140  1.00163792
3884.80124030  1.00229910
3884.80262919  1.00163851
3884.80401808  1.00191482
3884.80540697  1.00221296
3884.80679587  1.00163470
3884.80818476  1.00131291
3884.80957365  1.00158705
3884.81096254  1.00119896
3884.81235144  1.00179766
3884.81374033  1.00105711
3884.81512922  1.00126665
3884.81651811  1.00092079
3884.81790701  1.00128554
3884.81929590  1.00137937
3884.82068479  1.00086484
3884.82207368  1.00115829
3884.82346258  1.00062543
3884.82485147  1.00090562
3884.82624036  1.00128813
3884.82762925  1.00065901
3884.82901815  1.00071745
3884.83040704  1.00147565
3884.83179593  1.00099222
3884.83318482  1.00105613
3884.83457371  1.00078582
3884.83596261  1.00111991
3884.83735150  1.00042662
3884.83874039  1.00058307
3884.84012928  1.00049783
3884.84151818  1.00068835
3884.84290707  1.00052840
3884.84429596  0.99996149
3884.84568485  1.00008349
3884.84707375  1.00047558
3884.84846264  1.00050299
3884.84985153  1.00070860
3884.85124042  1.00106643
3884.85262931  1.00045336
3884.85401821  1.00002090
3884.85540710  1.00072288
3884.85679599  1.00064103
3884.85818488  1.00027008
3884.85957378  1.00017122
3884.86096267  0.99978844
3884.86235156  1.00015957
3884.86374045  0.99981930
3884.86512935  1.00005700
3884.86651824  0.99979929
3884.86790713  1.00027246
3884.86929602  1.00015680
3884.87068491  1.00069761
3884.87207381  0.99993506
3884.87346270  0.99983695
3884.87485159  1.00031607
3884.87624048  0.99949051
3884.87762938  1.00000422
3884.87901827  1.00009486
3884.88040716  1.00024260
3884.88179605  0.99995552
3884.88318494  0.99929197
3884.88457384  0.99968796
3884.88596273  0.99910863
3884.88735162  0.99948097
3884.88874051  0.99939737
3884.89012940  0.99955534
3884.89151830  0.99983154
3884.89290719  0.99952974
3884.89429608  0.99959845
3884.89568497  0.99908611
3884.89707386  0.99990602
3884.89846276  1.00008670
3884.89985165  0.99974558
3884.90124054  0.99947265
3884.90262943  0.99917860
3884.90401833  1.00016473
3884.90540722  0.99957624
3884.90679611  0.99937266
3884.90818500  0.99941923
3884.90957389  0.99952464
3884.91096279  0.99961302
3884.91235168  0.99994687
3884.91374057  0.99964534
3884.91512946  0.99937246
3884.91651835  1.00031136
3884.91790725  1.00014193
3884.91929614  1.00013631
3884.92068503  0.99992661
3884.92207392  0.99981089
3884.92346281  0.99967150
3884.92485171  0.99932881
3884.92624060  0.99974379
3884.92762949  0.99976262
3884.92901838  1.00013543
3884.93040727  0.99993446
3884.93179617  0.99926394
3884.93318506  0.99956991
3884.93457395  1.00041992
3884.93596284  0.99960388
3884.93735173  1.00005790
3884.93874063  0.99964618
3884.94012952  0.99960344
3884.94151841  0.99977170
3884.94290730  0.99991938
3884.94429619  0.99964283
3884.94568509  0.99989992
3884.94707398  1.00018889
3884.94846287  0.99932317
3884.94985176  0.99952964
3884.95124065  0.99942953
3884.95262954  0.99973590
3884.95401844  1.00028879
3884.95540733  1.00038823
3884.95679622  1.00029636
3884.95818511  0.99985710
3884.95957400  0.99990561
3884.96096290  0.99973148
3884.96235179  0.99974280
3884.96374068  0.99975733
3884.96512957  0.99934640
3884.96651846  1.00023469
3884.96790736  1.00023611
3884.96929625  0.99915181
3884.97068514  1.00009414
3884.97207403  0.99897598
3884.97346292  0.99991120
3884.97485181  1.00016502
3884.97624071  0.99918622
3884.97762960  1.00016269
3884.97901849  1.00017498
3884.98040738  0.99993291
3884.98179627  1.00041467
3884.98318516  0.99975663
3884.98457406  0.99994041
3884.98596295  0.99900082
3884.98735184  0.99946354
3884.98874073  0.99914172
3884.99012962  0.99899561
3884.99151852  0.99958688
3884.99290741  0.99891981
3884.99429630  0.99941483
3884.99568519  0.99891105
3884.99707408  0.99991644
3884.99846297  0.99987506
3884.99985187  0.99964756
3885.00124076  0.99997990
3885.00262965  0.99922540
3885.00401854  0.99946574
3885.00540743  1.00013566
3885.00679632  0.99977947
3885.00818522  0.99937753
3885.00957411  0.99935668
3885.01096300  0.99921302
3885.01235189  1.00001354
3885.01374078  0.99934420
3885.01512967  0.99958844
3885.01651857  0.99957028
3885.01790746  1.00017681
3885.01929635  0.99918047
3885.02068524  0.99952584
3885.02207413  0.99943662
3885.02346302  0.99915273
3885.02485192  0.99980694
3885.02624081  0.99915763
3885.02762970  0.99981608
3885.02901859  0.99947570
3885.03040748  1.01107777
3885.03179637  1.00929402
3885.03318527  1.00362013
3885.03457416  1.00268170
3885.03596305  1.00234399
3885.03735194  1.00191368
3885.03874083  1.00211925
3885.04012972  1.00138853
3885.04151861  1.00242175
3885.04290751  1.00258821
3885.04429640  1.00272517
3885.04568529  1.00211979
3885.04707418  1.00189550
3885.04846307  1.00196585
3885.04985196  1.00179341
3885.05124085  1.00215709
3885.05262975  1.00146700
3885.05401864  1.00148107
3885.05540753  1.00201398
3885.05679642  1.00152197
3885.05818531  1.00073810
3885.05957420  1.00097912
3885.06096310  1.00098020
3885.06235199  1.00111442
3885.06374088  1.00115125
3885.06512977  1.00075758
3885.06651866  1.00159940
3885.06790755  1.00083044
3885.06929644  1.00122467
3885.07068534  1.00109163
3885.07207423  1.00087250
3885.07346312  1.00161560
3885.07485201  1.00101268
3885.07624090  1.00156094
3885.07762979  1.00098089
3885.07901868  1.00135374
3885.08040758  1.00171357
3885.08179647  1.00100039
3885.08318536  1.00062708
3885.08457425  1.00036010
3885.08596314  1.00089373
3885.08735203  1.00068839
3885.08874092  1.00118912
3885.09012982  1.00002859
3885.09151871  1.00086870
3885.09290760  1.00015103
3885.09429649  1.00092477
3885.09568538  1.00044451
3885.09707427  0.99967224
3885.09846316  0.99952309
3885.09985205  1.00002163
3885.10124095  0.99995067
3885.10262984  0.99978547
3885.10401873  1.00057812
3885.10540762  1.00016394
3885.10679651  1.00096608
3885.10818540  1.00017264
3885.10957429  1.00057508
3885.11096318  0.99944775
3885.11235208  0.99971388
3885.11374097  0.99960401
3885.11512986  1.00066442
3885.11651875  1.00006363
3885.11790764  1.00033393
3885.11929653  1.00107868
3885.12068542  0.99966167
3885.12207431  1.00017568
3885.12346321  0.99975220
3885.12485210  0.99915237
3885.12624099  0.99979330
3885.12762988  0.99999494
3885.12901877  1.00019277
3885.13040766  0.99982793
3885.13179655  0.99943483
3885.13318544  0.99953542
3885.13457434  0.99920313
3885.13596323  0.99991154
3885.13735212  1.00036300
3885.13874101  0.99952461
3885.14012990  1.00009960
3885.14151879  0.99987855
3885.14290768  0.99944627
3885.14429657  0.99941848
3885.14568546  0.99987917
3885.14707436  1.00013320
3885.14846325  0.99966480
3885.14985214  1.00027658
3885.15124103  1.00006233
3885.15262992  1.00007201
3885.15401881  0.99946455
3885.15540770  0.99991958
3885.15679659  0.99991088
3885.15818548  1.00061353
3885.15957438  0.99980492
3885.16096327  1.00054961
3885.16235216  1.00001582
3885.16374105  0.99968982
3885.16512994  0.99970608
3885.16651883  0.99966187
3885.16790772  0.99961668
3885.16929661  0.99950994
3885.17068550  0.99992911
3885.17207440  0.99966421
3885.17346329  1.00019209
3885.17485218  0.99992387
3885.17624107  0.99962836
3885.17762996  1.00033830
3885.17901885  0.99905660
3885.18040774  1.00060307
3885.18179663  0.99952703
3885.18318552  1.00034350
3885.18457441  0.99969514
3885.18596331  0.99904813
3885.18735220  0.99950575
3885.18874109  0.99914994
3885.19012998  0.99954707
3885.19151887  0.99979327
3885.19290776  1.00020811
3885.19429665  0.99943052
3885.19568554  0.99930344
3885.19707443  0.99991493
3885.19846332  0.99915465
3885.19985222  0.99975626
3885.20124111  0.99955683
3885.20263000  0.99986919
3885.20401889  0.99946357
3885.20540778  0.99928436
3885.20679667  0.99983928
3885.20818556  1.00023353
3885.20957445  0.99984140
3885.21096334  1.00001809
3885.21235223  1.00041112
3885.21374112  1.00013237
3885.21513002  0.99988187
3885.21651891  0.99956499
3885.21790780  0.99979262
3885.21929669  1.00102948
3885.22068558  1.00038526
3885.22207447  0.99969932
3885.22346336  1.00038730
3885.22485225  1.00044028
3885.22624114  0.99964445
3885.22763003  0.99989291
3885.22901892  0.99983671
3885.23040781  1.00138244
3885.23179671  1.00070842
3885.23318560  0.99980585
3885.23457449  1.00004135
3885.23596338  1.00017261
3885.23735227  1.00055104
3885.23874116  1.00049974
3885.24013005  1.00026886
3885.24151894  1.00030967
3885.24290783  0.99959520
3885.24429672  1.00008558
3885.24568561  0.99972390
3885.24707450  0.99894347
3885.24846339  1.00024268
3885.24985229  0.99977840
3885.25124118  0.99985024
3885.25263007  0.99967290
3885.25401896  0.99947237
3885.25540785  0.99988607
3885.25679674  1.00033366
3885.25818563  0.99986785
3885.25957452  0.99969652
3885.26096341  0.99945458
3885.26235230  0.99925714
3885.26374119  0.99912546
3885.26513008  0.99938515
3885.26651897  0.99974083
3885.26790786  0.99938465
3885.26929676  0.99954741
3885.27068565  1.00004912
3885.27207454  0.99972325
3885.27346343  0.99912694
3885.27485232  0.99968230
3885.27624121  0.99933734
3885.27763010  0.99986664
3885.27901899  0.99948944
3885.28040788  1.00013790
3885.28179677  0.99979131
3885.28318566  1.00008737
3885.28457455  1.00004126
3885.28596344  0.99949353
3885.28735233  0.99952420
3885.28874122  0.99967690
3885.29013011  0.99993155
3885.29151901  0.99947729
3885.29290790  0.99958050
3885.29429679  0.99946086
3885.29568568  0.99957221
3885.29707457  0.99950026
3885.29846346  0.99994894
3885.29985235  0.99945820
3885.30124124  0.99907280
3885.30263013  0.99974500
3885.30401902  0.99992406
3885.30540791  1.00020252
3885.30679680  1.00054622
3885.30818569  0.99998671
3885.30957458  0.99988096
3885.31096347  0.99947294
3885.31235236  0.99987912
3885.31374125  0.99957404
3885.31513014  0.99922925
3885.31651903  0.99961820
3885.31790793  0.99961445
3885.31929682  0.99974487
3885.32068571  0.99943014
3885.32207460  0.99966955
3885.32346349  0.99995789
3885.32485238  1.00002935
3885.32624127  0.99988650
3885.32763016  1.00061976
3885.32901905  0.99951679
3885.33040794  0.99931102
3885.33179683  1.00005643
3885.33318572  0.99972437
3885.33457461  1.00013887
3885.33596350  0.99920279
3885.33735239  0.99961407
3885.33874128  1.00062747
3885.34013017  0.99997251
3885.34151906  0.99998791
3885.34290795  0.99961115
3885.34429684  1.00011322
3885.34568573  0.99980906
3885.34707462  1.00119820
3885.34846351  1.00003262
3885.34985240  1.00146031
3885.35124130  0.99988386
3885.35263019  1.00052945
3885.35401908  1.00009024
3885.35540797  1.00029021
3885.35679686  0.99993489
3885.35818575  1.00082998
3885.35957464  0.99993293
3885.36096353  1.00021844
3885.36235242  1.00001137
3885.36374131  0.99980354
3885.36513020  0.99963043
3885.36651909  0.99977211
3885.36790798  0.99969979
3885.36929687  1.00010330
3885.37068576  0.99986379
3885.37207465  0.99992016
3885.37346354  0.99998222
3885.37485243  0.99968246
3885.37624132  0.99984555
3885.37763021  1.00034627
3885.37901910  0.99955825
3885.38040799  0.99993164
3885.38179688  1.00005286
3885.38318577  1.00017745
3885.38457466  0.99955348
3885.38596355  0.99972704
3885.38735244  0.99986653
3885.38874133  0.99919772
3885.39013022  0.99924256
3885.39151911  0.99953682
3885.39290800  0.99943174
3885.39429689  0.99981951
3885.39568578  0.99972742
3885.39707467  0.99946722
3885.39846356  0.99982783
3885.39985245  1.00012283
3885.40124134  0.99986733
3885.40263023  1.00068248
3885.40401912  0.99986878
3885.40540801  0.99991834
3885.40679691  0.99959208
3885.40818580  0.99987406
3885.40957469  0.99980643
3885.41096358  0.99925243
3885.41235247  0.99978176
3885.41374136  0.99942514
3885.41513025  0.99959490
3885.41651914  0.99998633
3885.41790803  0.99988326
3885.41929692  1.00003714
3885.42068581  0.99971250
3885.42207470  0.99997597
3885.42346359  0.99920130
3885.42485248  1.00033031
3885.42624137  1.00015036
3885.42763026  0.99979072
3885.42901915  0.99969235
3885.43040804  0.99991910
3885.43179693  0.99934433
3885.43318582  0.99954086
3885.43457471  0.99993888
3885.43596360  0.99999653
3885.43735249  0.99990798
3885.43874138  1.00028823
3885.44013027  1.00007678
3885.44151916  0.99973704
3885.44290805  0.99936305
3885.44429694  0.99997088
3885.44568583  1.00009938
3885.44707472  0.99935903
3885.44846361  0.99950464
3885.44985250  0.99962776
3885.45124139  1.00001020
3885.45263028  1.00015961
3885.45401917  1.00026269
3885.45540806  1.00124171
3885.45679695  0.99958902
3885.45818584  0.99950437
3885.45957473  1.00000531
3885.46096362  1.00046449
3885.46235251  0.99991089
3885.46374140  1.00015800
3885.46513029  0.99997238
3885.46651918  0.99984346
3885.46790807  1.00016894
3885.46929696  1.00055584
3885.47068585  1.00008116
3885.47207474  1.00024083
3885.47346363  0.99996940
3885.47485252  1.00027489
3885.47624141  0.99990944
3885.47763030  1.00016617
3885.47901919  1.00068064
3885.48040808  0.99960375
3885.48179697  1.00027022
3885.48318585  0.99992113
3885.48457474  1.00013282
3885.48596363  1.00003978
3885.48735252  0.99944233
3885.48874141  0.99967102
3885.49013030  0.99935162
3885.49151919  0.99969328
3885.49290808  1.00051311
3885.49429697  0.99963787
3885.49568586  1.00003894
3885.49707475  0.99975764
3885.49846364  0.99996293
3885.49985253  1.00015857
3885.50124142  0.99954845
3885.50263031  1.00024961
3885.50401920  0.99959878
3885.50540809  1.00046267
3885.50679698  0.99988682
3885.50818587  0.99945521
3885.50957476  0.99945268
3885.51096365  0.99975285
3885.51235254  0.99986108
3885.51374143  0.99989960
3885.51513032  0.99946531
3885.51651921  0.99963833
3885.51790810  1.00011651
3885.51929699  0.99965345
3885.52068588  0.99958703
3885.52207477  0.99951966
3885.52346366  0.99912858
3885.52485255  0.99955246
3885.52624144  1.00002942
3885.52763033  0.99938592
3885.52901922  0.99995686
3885.53040811  0.99955482
3885.53179700  0.99966188
3885.53318589  0.99980916
3885.53457478  1.00029300
3885.53596367  0.99979711
3885.53735256  1.00049231
3885.53874144  0.99997715
3885.54013033  1.00008894
3885.54151922  1.00022484
3885.54290811  0.99976478
3885.54429700  0.99958449
3885.54568589  1.00013277
3885.54707478  0.99975361
3885.54846367  1.00059711
3885.54985256  0.99947755
3885.55124145  0.99979401
3885.55263034  1.00296278
3885.55540812  1.00724906
3885.55679701  1.00697780
3885.55818590  1.00643529
3885.55957479  1.00667723
3885.56096368  1.00582285
3885.56235257  1.00441838
3885.56374146  1.00355110
3885.56513035  1.00368529
3885.56651924  1.00285872
3885.56790813  1.00249068
3885.56929702  1.00223753
3885.57068591  1.00236039
3885.57207479  1.00199847
3885.57346368  1.00167391
3885.57485257  1.00131474
3885.57624146  1.00126508
3885.57763035  1.00122575
3885.57901924  1.00171698
3885.58040813  1.00009162
3885.58179702  1.00046752
3885.58318591  1.00043844
3885.58457480  1.00022211
3885.58596369  1.00090531
3885.58735258  1.00072462
3885.58874147  1.00011203
3885.59013036  1.00004241
3885.59151925  1.00008996
3885.59290814  1.00052118
3885.59429703  1.00048582
3885.59568592  1.00089213
3885.59707481  1.00099955
3885.59846369  1.00028712
3885.59985258  1.00021253
3885.60124147  1.00049397
3885.60263036  1.00214988
3885.60401925  1.00135553
3885.60540814  1.00133208
3885.60679703  1.00123406
3885.60818592  1.00155660
3885.60957481  1.00072293
3885.61096370  1.00079717
3885.61235259  1.00049333
3885.61374148  1.00061550
3885.61513037  1.00096160
3885.61651926  1.00075589
3885.61790815  1.00062731
3885.61929703  0.99964767
3885.62068592  1.00021373
3885.62207481  1.00011077
3885.62346370  1.00034047
3885.62485259  1.00018941
3885.62624148  1.00077637
3885.62763037  0.99997435
3885.62901926  0.99994152
3885.63040815  1.00002603
3885.63179704  0.99993616
3885.63318593  0.99985682
3885.63457482  0.99990285
3885.63596371  0.99961851
3885.63735260  1.00032211
3885.63874148  1.00032363
3885.64013037  1.00059361
3885.64151926  0.99988772
3885.64290815  0.99940407
3885.64429704  0.99951711
3885.64568593  0.99967093
3885.64707482  1.00023811
3885.64846371  1.00012396
3885.64985260  1.00010287
3885.65124149  1.00041483
3885.65263038  1.00019616
3885.65401927  0.99995080
3885.65540816  0.99974837
3885.65679704  0.99974335
3885.65818593  1.00012364
3885.65957482  0.99998020
3885.66096371  0.99938292
3885.66235260  0.99998986
3885.66374149  0.99999090
3885.66513038  0.99930984
3885.66651927  0.99983712
3885.66790816  0.99966989
3885.66929705  1.00073829
3885.67068594  0.99973899
3885.67207483  0.99991180
3885.67346372  0.99993352
3885.67485260  0.99984415
3885.67624149  0.99963891
3885.67763038  0.99993037
3885.67901927  0.99970757
3885.68040816  0.99977834
3885.68179705  0.99955168
3885.68318594  0.99945615
3885.68457483  0.99956622
3885.68596372  0.99957474
3885.68735261  0.99938500
3885.68874150  0.99944897
3885.69013038  0.99975143
3885.69151927  0.99991460
3885.69290816  0.99977463
3885.69429705  0.99956899
3885.69568594  0.99966509
3885.69707483  0.99949226
3885.69846372  0.99938190
3885.69985261  0.99949443
3885.70124150  0.99999006
3885.70263039  0.99941952
3885.70401927  0.99901711
3885.70540816  0.99917992
3885.70679705  0.99968581
3885.70818594  0.99915166
3885.70957483  0.99993361
3885.71096372  0.99985101
3885.71235261  0.99980706
3885.71374150  1.00044387
3885.71513039  0.99991012
3885.71651928  0.99932527
3885.71790816  0.99933542
3885.71929705  0.99993298
3885.72068594  0.99936573
3885.72207483  1.00003022
3885.72346372  0.99966021
3885.72485261  1.00059525
3885.72624150  0.99994187
3885.72763039  0.99988299
3885.72901928  0.99945203
3885.73040817  0.99964576
3885.73179705  1.00017912
3885.73318594  1.00037569
3885.73457483  0.99984240
3885.73596372  1.00018907
3885.73735261  0.99977070
3885.73874150  0.99993890
3885.74013039  1.00062577
3885.74151928  1.00114594
3885.74290817  1.00257362
3885.74429705  1.00179106
3885.74568594  1.00190268
3885.74707483  1.00148728
3885.74846372  1.00170823
3885.74985261  1.00194692
3885.75124150  1.00101742
3885.75263039  1.00128117
3885.75401928  1.00084672
3885.75540816  1.00041069
3885.75679705  1.00024428
3885.75818594  0.99979724
3885.75957483  1.00026995
3885.76096372  0.99994960
3885.76235261  1.00076832
3885.76374150  1.00090563
3885.76513039  0.99954587
3885.76651928  1.00082867
3885.76790816  1.00106530
3885.76929705  1.00000503
3885.77068594  1.00050631
3885.77207483  1.00022121
3885.77346372  1.00046845
3885.77485261  0.99989369
3885.77624150  1.00056702
3885.77763039  1.00026814
3885.77901927  1.00008858
3885.78040816  0.99998484
3885.78179705  1.00072230
3885.78318594  0.99954538
3885.78457483  0.99947024
3885.78596372  0.99995256
3885.78735261  0.99960168
3885.78874150  0.99967630
3885.79013038  0.99985134
3885.79151927  0.99979639
3885.79290816  0.99989470
3885.79429705  1.00001600
3885.79568594  0.99970398
3885.79707483  0.99984962
3885.79846372  1.00026460
3885.79985260  1.00046829
3885.80124149  1.00032132
3885.80263038  0.99986718
3885.80401927  0.99987898
3885.80540816  1.00018793
3885.80679705  1.00026068
3885.80818594  1.00014530
3885.80957483  0.99993953
3885.81096371  1.00016992
3885.81235260  0.99995630
3885.81374149  1.00086230
3885.81513038  0.99984532
3885.81651927  1.00031773
3885.81790816  0.99972298
3885.81929704  1.00013077
3885.82068593  1.00001330
3885.82207482  0.99995333
3885.82346371  0.99942288
3885.82485260  1.00014505
3885.82624149  1.00016973
3885.82763038  0.99961755
3885.82901927  0.99979673
3885.83040815  0.99943424
3885.83179704  1.00002917
3885.83318593  0.99934438
3885.83457482  0.99981115
3885.83596371  1.00014800
3885.83735260  1.00018458
3885.83874148  1.00024746
3885.84013037  0.99991533
3885.84151926  1.00056226
3885.84290815  0.99985618
3885.84429704  0.99973147
3885.84568593  1.00001525
3885.84707482  1.00010669
3885.84846370  0.99954550
3885.84985259  0.99992223
3885.85124148  0.99932280
3885.85263037  0.99962999
3885.85401926  1.00028976
3885.85540815  0.99993014
3885.85679703  0.99934601
3885.85818592  0.99967162
3885.85957481  0.99914275
3885.86096370  0.99995321
3885.86235259  0.99967115
3885.86374148  1.00023323
3885.86513037  0.99995739
3885.86651925  1.00012280
3885.86790814  0.99979509
3885.86929703  0.99992465
3885.87068592  0.99999277
3885.87207481  0.99962865
3885.87346370  1.00003123
3885.87485258  0.99940237
3885.87624147  1.00055982
3885.87763036  1.00053459
3885.87901925  1.00003829
3885.88040814  0.99971252
3885.88179703  0.99999264
3885.88318591  1.00006268
3885.88457480  1.00009257
3885.88596369  0.99993813
3885.88735258  0.99998789
3885.88874147  0.99976557
3885.89013036  0.99999602
3885.89151924  1.00056346
3885.89290813  0.99918656
3885.89429702  0.99984164
3885.89568591  1.00002036
3885.89707480  1.00015647
3885.89846369  1.00054194
3885.89985257  0.99961390
3885.90124146  0.99963935
3885.90263035  1.00007019
3885.90401924  0.99987088
3885.90540813  1.00052878
3885.90679702  1.00147228
3885.90818590  1.00056062
3885.90957479  1.00105276
3885.91096368  1.00158110
3885.91235257  1.00029628
3885.91374146  1.00036574
3885.91513035  1.00066968
3885.91651923  1.00003414
3885.91790812  1.00046655
3885.91929701  1.00027390
3885.92068590  1.00014633
3885.92207479  0.99998701
3885.92346367  1.00033972
3885.92485256  0.99973946
3885.92624145  1.00010313
3885.92763034  1.00021282
3885.92901923  0.99966125
3885.93040812  1.00008864
3885.93179700  0.99985907
3885.93318589  0.99989362
3885.93457478  0.99990323
3885.93596367  0.99995126
3885.93735256  1.00027152
3885.93874144  0.99976278
3885.94013033  0.99914844
3885.94151922  0.99988681
3885.94290811  1.00008825
3885.94429700  1.00063835
3885.94568589  1.00011468
3885.94707477  0.99943495
3885.94846366  0.99935841
3885.94985255  0.99947679
3885.95124144  0.99930612
3885.95263033  1.00008165
3885.95401921  0.99996163
3885.95540810  1.00016024
3885.95679699  1.00026405
3885.95818588  0.99980195
3885.95957477  1.00000801
3885.96096365  1.00012088
3885.96235254  1.00025843
3885.96374143  1.00020474
3885.96513032  1.00025614
3885.96651921  1.00041619
3885.96790809  0.99944587
3885.96929698  1.00006987
3885.97068587  0.99979050
3885.97207476  1.00024653
3885.97346365  1.00052649
3885.97485253  1.00017431
3885.97624142  1.00069145
3885.97763031  1.00089490
3885.97901920  1.00030900
3885.98040809  1.00036132
3885.98179697  1.00026894
3885.98318586  1.00031826
3885.98457475  1.00039611
3885.98596364  1.00001752
3885.98735253  1.00073247
3885.98874141  1.00003464
3885.99013030  0.99967664
3885.99151919  0.99996414
3885.99290808  0.99996945
3885.99429697  1.00006154
3885.99568585  0.99929982
3885.99707474  1.00010630
3885.99846363  0.99993973
3885.99985252  0.99930659
3886.00124141  0.99999364
3886.00263029  0.99973526
3886.00401918  0.99941551
3886.00540807  1.00087505
3886.00679696  0.99953605
3886.00818584  1.00010110
3886.00957473  1.00002403
3886.01096362  0.99992214
3886.01235251  1.00041485
3886.01374140  1.00023202
3886.01513028  1.00007444
3886.01651917  0.99984188
3886.01790806  1.00022985
3886.01929695  0.99968720
3886.02068584  0.99906047
3886.02207472  1.00034838
3886.02346361  1.00002307
3886.02485250  1.00025110
3886.02624139  0.99936783
3886.02763027  0.99992144
3886.02901916  0.99979641
3886.03040805  1.00019890
3886.03179694  0.99988385
3886.03318583  0.99998888
3886.03457471  1.00055909
3886.03596360  1.00032403
3886.03735249  0.99972734
3886.03874138  0.99971059
3886.04013026  0.99997066
3886.04151915  1.00054694
3886.04290804  1.00004590
3886.04429693  0.99956161
3886.04568582  1.00012061
3886.04707470  1.00049113
3886.04846359  1.00002760
3886.04985248  1.00067184
3886.05124137  0.99976111
3886.05263025  1.00002118
3886.05401914  0.99996971
3886.05540803  0.99973897
3886.05679692  1.00039053
3886.05818581  1.00077950
3886.05957469  0.99984809
3886.06096358  0.99961960
3886.06235247  0.99977276
3886.06374136  0.99972055
3886.06513024  1.00048422
3886.06651913  1.00012679
3886.06790802  1.00049739
3886.06929691  1.00008847
3886.07068579  1.00010007
3886.07207468  1.00030602
3886.07346357  1.00066008
3886.07485246  1.00003114
3886.07624135  1.00011875
3886.07763023  0.99967878
3886.07901912  1.00015839
3886.08040801  0.99923232
3886.08179690  1.00024993
3886.08318578  0.99977686
3886.08457467  1.00027425
3886.08596356  0.99962339
3886.08735245  0.99970077
3886.08874133  1.00020481
3886.09013022  1.00036094
3886.09151911  0.99962387
3886.09290800  0.99952689
3886.09429688  1.00045525
3886.09568577  1.00020868
3886.09707466  0.99966748
3886.09846355  0.99962690
3886.09985243  1.00011765
3886.10124132  0.99955319
3886.10263021  1.00069704
3886.10401910  1.00019039
3886.10540798  0.99997464
3886.10679687  0.99973722
3886.10818576  1.00003770
3886.10957465  0.99996450
3886.11096353  0.99904976
3886.11235242  1.00004166
3886.11374131  0.99948837
3886.11513020  0.99962322
3886.11651908  1.00010023
3886.11790797  1.00083634
3886.11929686  0.99973247
3886.12068575  0.99984938
3886.12207463  1.00002148
3886.12346352  0.99975379
3886.12485241  0.99997178
3886.12624130  0.99951668
3886.12763018  0.99963280
3886.12901907  0.99990642
3886.13040796  0.99943752
3886.13179685  0.99961646
3886.13318573  1.00031959
3886.13457462  0.99962085
3886.13596351  0.99996613
3886.13735240  1.00065947
3886.13874128  0.99940739
3886.14013017  0.99921300
3886.14151906  1.00063307
3886.14290795  0.99995671
3886.14429683  0.99957086
3886.14568572  0.99997155
3886.14707461  1.00034252
3886.14846349  0.99923779
3886.14985238  1.00006438
3886.15124127  0.99950325
3886.15263016  1.00075041
3886.15401904  1.00017049
3886.15540793  0.99947484
3886.15679682  1.00007712
3886.15818571  1.00028208
3886.15957459  1.00085951
3886.16096348  0.99911596
3886.16235237  0.99926113
3886.16374126  0.99963598
3886.16513014  1.00011314
3886.16651903  0.99997473
3886.16790792  1.00047952
3886.16929680  0.99940409
3886.17068569  0.99985694
3886.17207458  0.99958889
3886.17346347  0.99914525
3886.17485235  1.00016502
3886.17624124  0.99989505
3886.17763013  0.99999310
3886.17901902  0.99919903
3886.18040790  0.99950682
3886.18179679  0.99949404
3886.18318568  1.00029118
3886.18457456  1.00034049
3886.18596345  0.99993143
3886.18735234  0.99947261
3886.18874123  0.99997110
3886.19013011  0.99952580
3886.19151900  0.99982597
3886.19290789  0.99992936
3886.19429677  0.99951578
3886.19568566  0.99875253
3886.19707455  0.99872049
3886.19846344  0.99888707
3886.19985232  0.99851410
3886.20124121  0.99838484
3886.20263010  0.99881093
3886.20401899  0.99819227
3886.20540787  0.99887662
3886.20679676  0.99835442
3886.20818565  0.99816702
3886.20957453  0.99797551
3886.21096342  0.99783814
3886.21235231  0.99774355
3886.21374120  0.99756436
3886.21513008  0.99774947
3886.21651897  0.99697678
3886.21790786  0.99752136
3886.21929674  0.99749997
3886.22068563  0.99816936
3886.22207452  0.99756491
3886.22346341  0.99713533
3886.22485229  0.99689539
3886.22624118  0.99737285
3886.22763007  0.99746973
3886.22901895  0.99683861
3886.23040784  0.99742590
3886.23179673  0.99751184
3886.23318561  0.99642711
3886.23457450  0.99689456
3886.23596339  0.99774868
3886.23735228  0.99721741
3886.23874116  0.99762147
3886.24013005  0.99705771
3886.24151894  0.99751539
3886.24290782  0.99816478
3886.24429671  0.99847477
3886.24568560  0.99795259
3886.24707449  0.99767632
3886.24846337  0.99835045
3886.24985226  0.99797940
3886.25124115  0.99725882
3886.25263003  0.99711844
3886.25401892  0.99773248
3886.25540781  0.99719855
3886.25679669  0.99747895
3886.25818558  0.99630728
3886.25957447  0.99770926
3886.26096335  0.99739470
3886.26235224  0.99832502
3886.26374113  0.99723941
3886.26513002  0.99736687
3886.26651890  0.99739635
3886.26790779  0.99791437
3886.26929668  0.99742557
3886.27068556  0.99721917
3886.27207445  0.99744087
3886.27346334  0.99684530
3886.27485222  0.99805441
3886.27624111  0.99774343
3886.27763000  0.99807713
3886.27901888  0.99774124
3886.28040777  0.99738833
3886.28179666  0.99800091
3886.28318555  0.99806448
3886.28457443  0.99772332
3886.28596332  0.99745916
3886.28735221  0.99715363
3886.28874109  0.99740217
3886.29012998  0.99693146
3886.29151887  0.99674658
3886.29290775  0.99697774
3886.29429664  0.99700014
3886.29568553  0.99707582
3886.29707441  0.99695685
3886.29846330  0.99657954
3886.29985219  0.99703465
3886.30124107  0.99730745
3886.30262996  0.99686822
3886.30401885  0.99674269
3886.30540773  0.99745090
3886.30679662  0.99672270
3886.30818551  0.99723845
3886.30957439  0.99714723
3886.31096328  0.99723018
3886.31235217  0.99751398
3886.31374106  0.99703331
3886.31512994  0.99674974
3886.31651883  0.99751270
3886.31790772  0.99744247
3886.31929660  0.99759456
3886.32068549  0.99691474
3886.32207438  0.99739654
3886.32346326  0.99761297
3886.32485215  0.99769456
3886.32624104  0.99780588
3886.32762992  0.99815999
3886.32901881  0.99811760
3886.33040770  0.99824201
3886.33179658  0.99895285
3886.33318547  0.99915228
3886.33457436  0.99906790
3886.33596324  0.99916753
3886.33735213  0.99931699
3886.33874102  0.99931341
3886.34012990  0.99992472
3886.34151879  0.99940796
3886.34290768  0.99978216
3886.34429656  0.99889933
3886.34568545  0.99977098
3886.34707434  0.99956216
3886.34846322  1.00006539
3886.34985211  0.99968520
3886.35124100  0.99976072
3886.35262988  0.99932525
3886.35401877  1.00010484
3886.35540766  1.00073389
3886.35679654  1.00018936
3886.35818543  1.00020965
3886.35957432  1.00030940
3886.36096320  1.00056136
3886.36235209  1.00051957
3886.36374097  1.00026076
3886.36512986  1.00045076
3886.36651875  1.00021770
3886.36790763  1.00028429
3886.36929652  1.00013152
3886.37068541  1.00044033
3886.37207429  1.00012240
3886.37346318  1.00007943
3886.37485207  1.00033348
3886.37624095  0.99971566
3886.37762984  0.99966098
3886.37901873  1.00026146
3886.38040761  0.99956488
3886.38179650  0.99957269
3886.38318539  1.00008646
3886.38457427  0.99995418
3886.38596316  1.00017734
3886.38735205  1.00023597
3886.38874093  1.00027478
3886.39012982  1.00042985
3886.39151871  0.99994302
3886.39290759  0.99961789
3886.39429648  0.99990522
3886.39568536  1.00038605
3886.39707425  1.00037666
3886.39846314  0.99951355
3886.39985202  1.00009642
3886.40124091  1.00012255
3886.40262980  0.99982482
3886.40401868  0.99974593
3886.40540757  0.99980517
3886.40679646  1.00113501
3886.40818534  1.00041699
3886.40957423  1.00002091
3886.41096312  0.99943615
3886.41235200  1.00023638
3886.41374089  0.99969406
3886.41512977  0.99996712
3886.41651866  0.99942576
3886.41790755  0.99999530
3886.41929643  0.99972273
3886.42068532  0.99962671
3886.42207421  0.99977537
3886.42346309  0.99971007
3886.42485198  0.99940665
3886.42624087  0.99951588
3886.42762975  0.99994476
3886.42901864  0.99993738
3886.43040752  1.00002503
3886.43179641  1.00020964
3886.43318530  0.99978979
3886.43457418  0.99910358
3886.43596307  0.99932448
3886.43735196  1.00046125
3886.43874084  1.00059875
3886.44012973  1.00030193
3886.44151862  0.99962508
3886.44290750  1.00006491
3886.44429639  0.99954903
3886.44568527  1.00012202
3886.44707416  0.99998237
3886.44846305  0.99987428
3886.44985193  0.99977499
3886.45124082  0.99987139
3886.45262971  1.00066608
3886.45401859  0.99981624
3886.45540748  0.99949897
3886.45679636  0.99946571
3886.45818525  1.00015325
3886.45957414  1.00006915
3886.46096302  1.00027429
3886.46235191  0.99960477
3886.46512968  0.99926909
3886.46651857  1.00020075
3886.46790745  0.99936328
3886.46929634  1.00025655
3886.47068523  0.99990584
3886.47207411  1.00057449
3886.47346300  1.00022984
3886.47485188  1.00070769
3886.47624077  0.99943825
3886.47762966  0.99977569
3886.47901854  1.00031576
3886.48040743  1.00014103
3886.48179632  0.99987293
3886.48318520  0.99988312
3886.48457409  0.99994928
3886.48596297  0.99940502
3886.48735186  0.99978085
3886.48874075  0.99939457
3886.49012963  1.00003432
3886.49151852  1.00037201
3886.49290740  0.99999030
3886.49429629  0.99935225
3886.49568518  1.00008222
3886.49707406  0.99994868
3886.49846295  1.00031826
3886.49985184  1.00034011
3886.50124072  0.99974028
3886.50262961  1.00031302
3886.50401849  1.00029641
3886.50540738  1.00104097
3886.50679627  1.00057337
3886.50818515  1.00035847
3886.50957404  1.00066591
3886.51096292  1.00054358
3886.51235181  1.00001276
3886.51374070  1.00016116
3886.51512958  0.99992477
3886.51651847  1.00040038
3886.51790735  0.99956411
3886.51929624  0.99995429
3886.52068513  1.00034812
3886.52207401  1.00045622
3886.52346290  0.99984439
3886.52485178  1.00021214
3886.52624067  1.00025411
3886.52762956  0.99975565
3886.52901844  0.99947332
3886.53040733  0.99999354
3886.53179621  0.99998483
3886.53318510  0.99986726
3886.53457399  1.00041167
3886.53596287  0.99966365
3886.53735176  1.00032347
3886.53874064  1.00011156
3886.54012953  1.00005617
3886.54151842  1.00024442
3886.54290730  0.99984674
3886.54429619  0.99952862
3886.54568507  0.99978746
3886.54707396  0.99994073
3886.54846284  0.99943608
3886.54985173  0.99979667
3886.55124062  0.99995477
3886.55262950  0.99965049
3886.55401839  0.99980596
3886.55540727  0.99995922
3886.55679616  0.99984153
3886.55818505  1.00052116
3886.55957393  1.00037152
3886.56096282  1.00007013
3886.56235170  0.99971525
3886.56374059  1.00023084
3886.56512948  0.99942491
3886.56651836  1.00013157
3886.56790725  1.00000259
3886.56929613  1.00013812
3886.57068502  0.99983709
3886.57207390  0.99965560
3886.57346279  1.00011136
3886.57485168  1.00009349
3886.57624056  1.00022112
3886.57762945  0.99998931
3886.57901833  0.99995606
3886.58040722  0.99977192
3886.58179610  0.99920385
3886.58318499  1.00065143
3886.58457388  1.00044164
3886.58596276  0.99998935
3886.58735165  1.00072327
3886.58874053  1.00021479
3886.59012942  0.99961193
3886.59151831  1.00013999
3886.59290719  1.00031090
3886.59429608  1.00023085
3886.59568496  0.99975671
3886.59707385  1.00015547
3886.59846273  1.00042211
3886.59985162  1.00047029
3886.60124051  0.99962176
3886.60262939  0.99941522
3886.60401828  0.99995959
3886.60540716  0.99933002
3886.60679605  1.00020420
3886.60818493  0.99941737
3886.60957382  0.99947891
3886.61096271  0.99989877
3886.61235159  0.99920382
3886.61374048  0.99985344
3886.61512936  0.99984864
3886.61651825  0.99941240
3886.61790713  0.99972150
3886.61929602  0.99964247
3886.62068490  0.99948506
3886.62207379  0.99970771
3886.62346268  0.99893394
3886.62485156  1.00037532
3886.62624045  1.00070195
3886.62762933  1.00049556
3886.62901822  1.00033480
3886.63040710  1.00068890
3886.63179599  0.99985179
3886.63318488  1.00003015
3886.63457376  1.00060253
3886.63596265  0.99987483
3886.63735153  1.00004456
3886.63874042  0.99952539
3886.64012930  1.00047208
3886.64151819  1.00022728
3886.64290707  0.99991155
3886.64429596  1.00009275
3886.64568485  1.00007273
3886.64707373  1.00041476
3886.64846262  0.99905050
3886.64985150  0.99975636
3886.65124039  1.00075623
3886.65262927  1.00041537
3886.65401816  0.99994102
3886.65540704  0.99917126
3886.65679593  0.99991816
3886.65818482  1.00007102
3886.65957370  0.99996959
3886.66096259  0.99954519
3886.66235147  1.00025053
3886.66374036  0.99980631
3886.66512924  0.99976769
3886.66651813  1.00000100
3886.66929590  1.00206379
3886.67068478  1.00162890
3886.67207367  1.00054344
3886.67346256  1.00045416
3886.67485144  1.00040098
3886.67624033  1.00037590
3886.67762921  0.99934083
3886.67901810  1.00072165
3886.68040698  1.00012691
3886.68179587  1.00073186
3886.68318475  1.00025852
3886.68457364  1.00056351
3886.68596252  0.99970295
3886.68735141  0.99987503
3886.68874030  1.00088135
3886.69012918  1.00005640
3886.69151807  1.00048430
3886.69290695  1.00016108
3886.69429584  1.00030357
3886.69568472  0.99931780
3886.69707361  1.00008387
3886.69846249  1.00010984
3886.69985138  0.99941492
3886.70124026  0.99963534
3886.70262915  0.99939451
3886.70401803  0.99946299
3886.70540692  0.99990270
3886.70679581  1.00045849
3886.70818469  0.99961813
3886.70957358  0.99954699
3886.71096246  1.00010003
3886.71235135  0.99928700
3886.71374023  0.99971487
3886.71512912  0.99994757
3886.71651800  1.00001547
3886.71790689  0.99935914
3886.71929577  0.99978061
3886.72068466  1.00019902
3886.72207354  1.00066301
3886.72346243  1.00019638
3886.72485131  0.99940989
3886.72624020  0.99990599
3886.72762908  0.99994330
3886.72901797  0.99987764
3886.73040685  0.99962401
3886.73179574  1.00018961
3886.73318463  0.99935386
3886.73457351  1.00036308
3886.73596240  0.99962018
3886.73735128  1.00048805
3886.73874017  1.00037282
3886.74012905  1.00039363
3886.74151794  0.99988406
3886.74290682  1.00020070
3886.74429571  1.00010474
3886.74568459  0.99977204
3886.74707348  1.00021355
3886.74846236  1.00041499
3886.74985125  1.00011682
3886.75124013  0.99955332
3886.75262902  1.00078739
3886.75401790  1.00017056
3886.75540679  0.99967438
3886.75679567  0.99957095
3886.75818456  0.99986070
3886.75957344  1.00026402
3886.76096233  0.99969982
3886.76235121  1.00003783
3886.76374010  1.00012722
3886.76512898  0.99999280
3886.76651787  0.99992145
3886.76790675  1.00056555
3886.76929564  1.00056164
3886.77068452  1.00053851
3886.77207341  1.00025933
3886.77346230  1.00004002
3886.77485118  1.00031385
3886.77624007  0.99995780
3886.77762895  1.00001875
3886.77901784  1.00034391
3886.78040672  1.00009144
3886.78179561  0.99963688
3886.78318449  1.00023067
3886.78457338  0.99965931
3886.78596226  0.99959797
3886.78735115  0.99978646
3886.78874003  1.00033705
3886.79012892  0.99940095
3886.79151780  0.99963612
3886.79290669  0.99951963
3886.79429557  1.00005873
3886.79568446  1.00018535
3886.79707334  1.00009271
3886.79846223  1.00020464
3886.79985111  1.00013701
3886.80124000  0.99975848
3886.80262888  0.99989018
3886.80401777  1.00007298
3886.80540665  0.99994934
3886.80679554  0.99966463
3886.80818442  0.99933269
3886.80957331  1.00010832
3886.81096219  0.99972137
3886.81235108  1.00028253
3886.81373996  1.00001296
3886.81512885  1.00032706
3886.81651773  0.99954105
3886.81790662  0.99996374
3886.81929550  1.00055746
3886.82068439  0.99992941
3886.82207327  1.00039255
3886.82346216  0.99977260
3886.82485104  0.99989648
3886.82623992  1.00007749
3886.82762881  1.00065780
3886.82901769  0.99972309
3886.83040658  1.00027391
3886.83179546  1.00087019
3886.83318435  0.99999737
3886.83457323  1.00004029
3886.83596212  1.00054056
3886.83735100  0.99984160
3886.83873989  0.99976387
3886.84012877  0.99981877
3886.84151766  1.00038636
3886.84290654  0.99995906
3886.84429543  1.00060577
3886.84568431  1.00004308
3886.84707320  1.00021507
3886.84846208  0.99962772
3886.84985097  1.00013404
3886.85123985  0.99992314
3886.85262874  1.00025902
3886.85401762  0.99964539
3886.85540651  1.00008255
3886.85679539  0.99962286
3886.85818428  0.99968908
3886.85957316  1.00054927
3886.86096205  0.99922726
3886.86235093  1.00040901
3886.86373982  0.99998416
3886.86512870  0.99965616
3886.86651759  0.99973944
3886.86790647  0.99943958
3886.86929535  0.99955518
3886.87068424  0.99892327
3886.87207312  1.00010675
3886.87346201  1.00050773
3886.87485089  1.00028531
3886.87623978  0.99992176
3886.87762866  1.00038995
3886.87901755  0.99955593
3886.88040643  1.00044468
3886.88179532  0.99979309
3886.88318420  0.99956129
3886.88457309  0.99976087
3886.88596197  0.99995502
3886.88735086  0.99983910
3886.88873974  0.99984289
3886.89012863  1.00050555
3886.89151751  1.00009081
3886.89290639  0.99988296
3886.89429528  0.99979266
3886.89568416  0.99965613
3886.89707305  1.00086653
3886.89846193  1.00005350
3886.89985082  0.99960303
3886.90123970  1.00060242
3886.90262859  0.99992555
3886.90401747  0.99967053
3886.90540636  1.00032259
3886.90679524  1.00091417
3886.90818413  0.99956664
3886.90957301  1.00014207
3886.91096189  0.99940303
3886.91235078  0.99954566
3886.91373966  0.99969879
3886.91512855  1.00012730
3886.91651743  0.99973663
3886.91790632  0.99988101
3886.91929520  0.99996068
3886.92068409  0.99964162
3886.92207297  0.99979179
3886.92346186  0.99974637
3886.92485074  0.99991511
3886.92623963  0.99960250
3886.92762851  1.00074259
3886.92901739  1.00001778
3886.93040628  1.00041867
3886.93179516  0.99992021
3886.93318405  0.99944246
3886.93457293  1.00043514
3886.93596182  1.00013989
3886.93735070  1.00002465
3886.93873959  1.00030246
3886.94012847  1.00008443
3886.94151735  1.00057998
3886.94290624  1.00018002
3886.94429512  0.99998359
3886.94568401  0.99994717
3886.94707289  0.99963191
3886.94846178  1.00026290
3886.94985066  0.99989908
3886.95123955  0.99943112
3886.95262843  1.00063343
3886.95401731  0.99944663
3886.95540620  0.99955102
3886.95679508  0.99995928
3886.95818397  1.00028761
3886.95957285  0.99998463
3886.96096174  1.00037886
3886.96235062  0.99997457
3886.96373951  1.00027976
3886.96512839  0.99989389
3886.96651727  1.00030025
3886.96790616  1.00021300
3886.96929504  0.99990942
3886.97068393  0.99993397
3886.97207281  0.99991270
3886.97346170  1.00022459
3886.97485058  1.00046800
3886.97623947  0.99975589
3886.97762835  0.99976032
3886.98040612  1.00177569
3886.98179500  1.00159481
3886.98318389  1.00148669
3886.98457277  1.00030355
3886.98596166  1.00071473
3886.98735054  1.00049116
3886.98873942  1.00024574
3886.99012831  0.99985302
3886.99151719  0.99987700
3886.99290608  1.00036190
3886.99429496  0.99993814
3886.99568385  0.99985123
3886.99707273  1.00047043
3886.99846161  0.99967781
3886.99985050  1.00038409
3887.00123938  1.00032203
3887.00262827  0.99992078
3887.00401715  0.99964110
3887.00540604  0.99986886
3887.00679492  1.00029155
3887.00818380  1.00019144
3887.00957269  1.00026474
3887.01096157  0.99978046
3887.01235046  0.99990878
3887.01373934  0.99967948
3887.01512823  0.99971293
3887.01651711  1.00011214
3887.01790599  0.99973198
3887.01929488  1.00013646
3887.02068376  0.99985344
3887.02207265  1.00016796
3887.02346153  0.99929717
3887.02485041  1.00022628
3887.02623930  0.99962257
3887.02762818  0.99976337
3887.02901707  0.99968974
3887.03040595  1.00030217
3887.03179484  1.00057068
3887.03318372  0.99960555
3887.03457260  1.00054713
3887.03596149  0.99985799
3887.03735037  1.00031188
3887.03873926  0.99986092
3887.04012814  0.99979317
3887.04151702  1.00046018
3887.04290591  1.00025468
3887.04429479  0.99985876
3887.04568368  1.00005191
3887.04707256  1.00013940
3887.04846145  0.99939969
3887.04985033  0.99926154
3887.05123921  0.99990809
3887.05262810  1.00013491
3887.05401698  0.99994407
3887.05540587  1.00023923
3887.05679475  0.99978945
3887.05818363  1.00001624
3887.05957252  0.99960555
3887.06096140  0.99966279
3887.06235029  0.99967965
3887.06373917  0.99965026
3887.06512805  1.00000522
3887.06651694  1.00041559
3887.06790582  1.00006555
3887.06929471  0.99994282
3887.07068359  1.00012913
3887.07207247  1.00015905
3887.07346136  0.99998559
3887.07485024  0.99953810
3887.07623913  0.99997359
3887.07762801  1.00053066
3887.07901689  0.99990196
3887.08040578  1.00056438
3887.08179466  0.99965520
3887.08318355  0.99990685
3887.08457243  0.99993014
3887.08596131  1.00021516
3887.08735020  0.99947812
3887.08873908  1.00008918
3887.09012797  1.00003688
3887.09151685  0.99945720
3887.09290573  0.99939602
3887.09429462  0.99943251
3887.09568350  0.99942191
3887.09707239  1.00039183
3887.09846127  0.99929982
3887.09985015  0.99907657
3887.10123904  1.00021615
3887.10262792  0.99977071
3887.10401681  0.99981137
3887.10540569  1.00056994
3887.10679457  1.00119952
3887.10818346  0.99922214
3887.10957234  0.99984877
3887.11096123  0.99960384
3887.11235011  1.00005432
3887.11373899  0.99961090
3887.11512788  0.99969572
3887.11651676  0.99948634
3887.11790564  0.99990256
3887.11929453  0.99934231
3887.12068341  1.00015945
3887.12207230  0.99925638
3887.12346118  0.99981172
3887.12485006  0.99997337
3887.12623895  1.00071922
3887.12762783  0.99946291
3887.12901672  0.99923907
3887.13040560  1.00022281
3887.13179448  1.00017086
3887.13318337  1.00160387
3887.13457225  1.00036472
3887.13596113  1.00023493
3887.13735002  1.00046786
3887.13873890  1.00088957
3887.14012779  1.00005867
3887.14151667  1.00101964
3887.14290555  1.00019566
3887.14429444  0.99994609
3887.14568332  1.00043734
3887.14707220  1.00018928
3887.14846109  1.00112542
3887.14984997  1.00078333
3887.15123886  0.99958354
3887.15262774  0.99996544
3887.15401662  1.00019306
3887.15540551  1.00047721
3887.15679439  1.00008124
3887.15818327  1.00064724
3887.15957216  1.00032218
3887.16096104  1.00051490
3887.16234993  1.00043794
3887.16373881  1.00085431
3887.16512769  1.00116855
3887.16651658  1.00042969
3887.16790546  1.00029936
3887.16929434  1.00022176
3887.17068323  1.00073888
3887.17207211  1.00020096
3887.17346099  0.99998731
3887.17484988  1.00005033
3887.17623876  1.00017020
3887.17762765  0.99999310
3887.17901653  1.00046520
3887.18040541  1.00014415
3887.18179430  1.00030183
3887.18318318  1.00016745
3887.18457206  1.00046385
3887.18596095  0.99964634
3887.18734983  1.00056535
3887.18873872  1.00015237
3887.19012760  1.00031860
3887.19151648  0.99957451
3887.19290537  0.99947873
3887.19429425  0.99963347
3887.19568313  1.00043481
3887.19707202  0.99973839
3887.19846090  0.99938597
3887.19984978  0.99976179
3887.20123867  0.99947564
3887.20262755  0.99992357
3887.20401643  0.99950216
3887.20540532  0.99972215
3887.20679420  0.99999386
3887.20818309  1.00004895
3887.20957197  1.00043877
3887.21096085  0.99981047
3887.21234974  0.99997654
3887.21373862  0.99967155
3887.21512750  0.99995239
3887.21651639  0.99951914
3887.21790527  0.99984826
3887.21929415  1.00009432
3887.22068304  0.99940176
3887.22207192  0.99989828
3887.22346080  1.00004192
3887.22484969  0.99957740
3887.22623857  0.99936222
3887.22762745  0.99968938
3887.22901634  0.99998604
3887.23040522  1.00008045
3887.23179410  1.00044674
3887.23318299  0.99946039
3887.23457187  1.00013507
3887.23596075  1.00010619
3887.23734964  1.00003796
3887.23873852  0.99950039
3887.24012741  0.99990487
3887.24151629  1.00002190
3887.24290517  0.99940620
3887.24429406  0.99949718
3887.24568294  0.99972780
3887.24707182  0.99988894
3887.24846071  0.99998108
3887.24984959  0.99981279
3887.25123847  0.99944942
3887.25262736  0.99965119
3887.25401624  0.99994491
3887.25540512  1.00026110
3887.25679401  0.99956537
3887.25818289  0.99953091
3887.25957177  1.00041675
3887.26096066  0.99964054
3887.26234954  0.99976469
3887.26373842  1.00151245
3887.26651619  1.00324175
3887.26790507  1.00320551
3887.26929396  1.00303352
3887.27068284  1.00163530
3887.27207172  1.00068609
3887.27346061  1.00121473
3887.27484949  1.00007424
3887.27623837  1.00039820
3887.27762726  1.00130291
3887.27901614  1.00054890
3887.28040502  1.00046425
3887.28179391  1.00006918
3887.28318279  1.00058792
3887.28457167  0.99966713
3887.28596056  1.00084191
3887.28734944  0.99962194
3887.28873832  1.00085761
3887.29012721  1.00004390
3887.29151609  0.99949344
3887.29290497  0.99960439
3887.29429385  0.99979244
3887.29568274  1.00102108
3887.29707162  1.00027167
3887.29846050  0.99986871
3887.29984939  0.99968403
3887.30123827  0.99998126
3887.30262715  0.99944461
3887.30401604  0.99933521
3887.30540492  0.99963276
3887.30679380  0.99997316
3887.30818269  1.00004821
3887.30957157  1.00001845
3887.31096045  0.99966701
3887.31234934  0.99937588
3887.31373822  0.99952620
3887.31512710  0.99991397
3887.31651599  0.99931181
3887.31790487  0.99943477
3887.31929375  0.99986084
3887.32068264  0.99995233
3887.32207152  0.99974946
3887.32346040  0.99997272
3887.32484928  1.00004298
3887.32623817  0.99969571
3887.32762705  0.99967584
3887.32901593  0.99948839
3887.33040482  1.00009909
3887.33179370  0.99911258
3887.33318258  0.99999342
3887.33457147  0.99997199
3887.33596035  1.00004219
3887.33734923  1.00033377
3887.33873812  0.99983803
3887.34012700  0.99981090
3887.34151588  1.00045952
3887.34290477  1.00009540
3887.34429365  0.99936644
3887.34568253  0.99922998
3887.34707141  0.99964187
3887.34846030  0.99972681
3887.34984918  0.99915505
3887.35123806  1.00027439
3887.35262695  0.99987778
3887.35401583  0.99958175
3887.35540471  0.99980900
3887.35679360  0.99991219
3887.35818248  0.99929630
3887.35957136  1.00014551
3887.36096024  1.00039681
3887.36234913  0.99982901
3887.36373801  0.99962934
3887.36512689  0.99916819
3887.36651578  0.99986394
3887.36790466  1.00005978
3887.36929354  0.99948281
3887.37068243  0.99979863
3887.37207131  0.99971080
3887.37346019  0.99957160
3887.37484907  1.00009895
3887.37623796  1.00114877
3887.37762684  1.00020317
3887.37901572  1.00040127
3887.38040461  1.00070983
3887.38179349  1.00161173
3887.38318237  1.00116590
3887.38457125  1.00073786
3887.38596014  1.00076539
3887.38734902  1.00075422
3887.38873790  1.00064014
3887.39012679  1.00050294
3887.39151567  0.99969375
3887.39290455  0.99962677
3887.39429343  0.99978733
3887.39568232  1.00065053
3887.39707120  0.99996119
3887.39846008  0.99990151
3887.39984897  1.00000938
3887.40123785  1.00002267
3887.40262673  1.00038612
3887.40401561  1.00030599
3887.40540450  1.00043460
3887.40679338  0.99932241
3887.40818226  1.00066501
3887.40957115  0.99989676
3887.41096003  0.99949536
3887.41234891  0.99967256
3887.41373779  1.00018254
3887.41512668  0.99983828
3887.41651556  0.99956890
3887.41790444  1.00020847
3887.41929333  0.99968030
3887.42068221  1.00002252
3887.42207109  1.00011638
3887.42345997  0.99942780
3887.42484886  0.99979683
3887.42623774  0.99975607
3887.42762662  0.99994019
3887.42901551  1.00014194
3887.43040439  0.99945109
3887.43179327  0.99991333
3887.43318215  0.99945601
3887.43457104  0.99966077
3887.43595992  1.00006113
3887.43734880  0.99981918
3887.43873768  0.99999044
3887.44012657  0.99989090
3887.44151545  0.99986473
3887.44290433  0.99989828
3887.44429322  1.00058108
3887.44568210  1.00049924
3887.44707098  0.99968088
3887.44845986  0.99998321
3887.44984875  1.00016369
3887.45123763  1.00073299
3887.45262651  1.00063847
3887.45401539  1.00003410
3887.45540428  0.99979145
3887.45679316  0.99981002
3887.45818204  1.00062805
3887.45957092  1.00037839
3887.46095981  1.00015248
3887.46234869  0.99943715
3887.46373757  0.99980233
3887.46512646  1.00001650
3887.46651534  1.00004400
3887.46790422  0.99992865
3887.46929310  1.00067409
3887.47068199  1.00075164
3887.47207087  0.99973416
3887.47345975  1.00022842
3887.47484863  0.99999818
3887.47623752  1.00037688
3887.47762640  1.00033820
3887.47901528  1.00053236
3887.48040416  1.00051204
3887.48179305  0.99987506
3887.48318193  1.00054063
3887.48457081  0.99996829
3887.48595969  0.99968471
3887.48734858  0.99965383
3887.48873746  1.00022221
3887.49012634  0.99973815
3887.49151522  1.00020458
3887.49290411  0.99996502
3887.49429299  1.00000747
3887.49568187  0.99953867
3887.49707075  1.00056864
3887.49845964  0.99996236
3887.49984852  0.99993034
3887.50123740  1.00008504
3887.50262628  0.99946273
3887.50401517  0.99960321
3887.50540405  1.00018612
3887.50679293  0.99950017
3887.50818181  0.99959594
3887.50957070  0.99932414
3887.51095958  0.99950756
3887.51234846  1.00017106
3887.51373734  0.99896308
3887.51512623  0.99985947
3887.51651511  0.99980758
3887.51790399  0.99892282
3887.51929287  0.99977034
3887.52068176  0.99940845
3887.52207064  0.99919879
3887.52345952  1.00005639
3887.52484840  1.00047516
3887.52623729  1.00022951
3887.52762617  0.99974349
3887.52901505  0.99995080
3887.53040393  1.00045810
3887.53179282  1.00034596
3887.53318170  0.99962915
3887.53457058  0.99862168
3887.53595946  1.00004942
3887.53734835  0.99959346
3887.53873723  1.00025976
3887.54012611  0.99985374
3887.54151499  1.00053672
3887.54290387  1.00027840
3887.54429276  1.00083994
3887.54568164  1.00024038
3887.54707052  1.00020024
3887.54845940  1.00013717
3887.54984829  0.99960132
3887.55123717  1.00007855
3887.55262605  0.99966407
3887.55401493  1.00021599
3887.55540382  1.00010107
3887.55679270  0.99951987
3887.55818158  1.00025615
3887.55957046  0.99982689
3887.56095935  0.99920221
3887.56234823  1.00007233
3887.56373711  1.00018110
3887.56512599  0.99961643
3887.56651487  1.00050009
3887.56790376  1.00004982
3887.56929264  0.99956726
3887.57068152  1.00012924
3887.57207040  0.99924321
3887.57345929  0.99987836
3887.57484817  1.00008833
3887.57623705  0.99956947
3887.57762593  1.00022143
3887.57901481  0.99963860
3887.58040370  0.99949812
3887.58179258  0.99961948
3887.58318146  0.99976291
3887.58457034  0.99995887
3887.58595923  0.99993478
3887.58734811  0.99986908
3887.58873699  1.00005871
3887.59012587  1.00003663
3887.59151475  1.00043548
3887.59290364  0.99959130
3887.59429252  0.99976131
3887.59568140  0.99964575
3887.59707028  1.00032548
3887.59845917  0.99964964
3887.59984805  0.99995456
3887.60123693  0.99987221
3887.60262581  0.99921593
3887.60401469  1.00014041
3887.60540358  0.99973605
3887.60679246  0.99967965
3887.60818134  1.00122993
3887.60957022  1.00131150
3887.61095910  1.00120591
3887.61234799  1.00133838
3887.61373687  1.00111781
3887.61512575  1.00034552
3887.61651463  1.00093772
3887.61790351  1.00057723
3887.61929240  1.00063507
3887.62068128  1.00002987
3887.62207016  1.00032302
3887.62345904  0.99971296
3887.62484793  0.99982693
3887.62623681  0.99995732
3887.62762569  1.00031545
3887.62901457  0.99993164
3887.63040345  0.99985651
3887.63179234  1.00012805
3887.63318122  1.00065121
3887.63457010  0.99961659
3887.63595898  1.00075108
3887.63734786  1.00011497
3887.63873675  1.00022913
3887.64012563  0.99997252
3887.64151451  0.99988141
3887.64290339  1.00064024
3887.64429227  1.00050660
3887.64568116  1.00023752
3887.64707004  0.99995524
3887.64845892  1.00062026
3887.64984780  1.00057809
3887.65123668  1.00064723
3887.65262557  0.99980474
3887.65401445  1.00009628
3887.65540333  1.00055695
3887.65679221  0.99969499
3887.65818109  0.99978850
3887.65956998  1.00003346
3887.66095886  1.00043322
3887.66234774  1.00086722
3887.66373662  0.99954622
3887.66512550  0.99996225
3887.66651439  1.00037650
3887.66790327  1.00001200
3887.66929215  1.00010502
3887.67068103  0.99983611
3887.67206991  1.00038145
3887.67345879  0.99985719
3887.67484768  1.00018589
3887.67623656  1.00000791
3887.67762544  0.99962374
3887.67901432  0.99961525
3887.68040320  1.00006592
3887.68179209  0.99973131
3887.68318097  0.99990588
3887.68456985  0.99994126
3887.68595873  0.99977968
3887.68734761  0.99981228
3887.68873650  0.99970296
3887.69012538  0.99988317
3887.69151426  0.99971157
3887.69290314  1.00039970
3887.69429202  0.99977100
3887.69568090  0.99949782
3887.69706979  0.99972475
3887.69845867  0.99945035
3887.69984755  1.00016135
3887.70123643  0.99937878
3887.70262531  0.99968407
3887.70401420  1.00001088
3887.70540308  1.00016293
3887.70679196  1.00000670
3887.70818084  0.99934784
3887.70956972  1.00098314
3887.71095860  0.99952444
3887.71234749  0.99979733
3887.71373637  0.99968172
3887.71512525  0.99945004
3887.71651413  0.99988785
3887.71790301  1.00088098
3887.71929189  1.00009532
3887.72068078  0.99978724
3887.72206966  0.99957864
3887.72345854  1.00025012
3887.72484742  1.00007775
3887.72623630  1.00034093
3887.72762518  1.00020841
3887.72901407  1.00044005
3887.73040295  0.99940551
3887.73179183  1.00084876
3887.73318071  1.00066242
3887.73456959  1.00062322
3887.73595847  1.00033868
3887.73734736  1.00010299
3887.73873624  0.99998792
3887.74012512  1.00002178
3887.74151400  1.00039851
3887.74290288  1.00022364
3887.74429176  1.00021830
3887.74568065  1.00045916
3887.74706953  1.00045597
3887.74845841  1.00022209
3887.74984729  1.00030855
3887.75123617  1.00031288
3887.75262505  1.00085814
3887.75401394  1.00079396
3887.75540282  1.00034898
3887.75679170  1.00076001
3887.75818058  1.00080329
3887.75956946  1.00006706
3887.76095834  1.00009121
3887.76234723  0.99965169
3887.76373611  1.00010799
3887.76512499  1.00012051
3887.76651387  1.00021754
3887.76790275  0.99966609
3887.76929163  0.99999384
3887.77068052  0.99982468
3887.77206940  1.00020950
3887.77345828  1.00046477
3887.77484716  0.99962640
3887.77623604  1.00025740
3887.77762492  1.00053047
3887.77901380  0.99951179
3887.78040269  0.99995309
3887.78179157  1.00042414
3887.78318045  0.99957008
3887.78456933  1.00058031
3887.78595821  1.00009359
3887.78734709  1.00007411
3887.78873598  0.99965819
3887.79012486  0.99960091
3887.79151374  0.99977788
3887.79290262  1.00008573
3887.79429150  1.00007025
3887.79568038  1.00064732
3887.79706926  1.00058381
3887.79845815  1.00008526
3887.79984703  0.99958227
3887.80123591  1.00018762
3887.80262479  0.99990472
3887.80401367  1.00068416
3887.80540255  0.99979018
3887.80679143  0.99933799
3887.80818032  0.99997957
3887.80956920  0.99982440
3887.81095808  1.00034035
3887.81234696  1.00091779
3887.81373584  1.00033885
3887.81512472  1.00096990
3887.81651360  1.00040146
3887.81790249  1.00052622
3887.81929137  1.00006803
3887.82068025  1.00037923
3887.82206913  0.99964495
3887.82345801  1.00014451
3887.82484689  1.00060776
3887.82623577  1.00053280
3887.82762465  0.99987317
3887.82901354  0.99970424
3887.83040242  0.99975661
3887.83179130  1.00034561
3887.83318018  0.99987071
3887.83456906  1.00047204
3887.83595794  1.00121237
3887.83734682  1.00042891
3887.83873571  1.00086963
3887.84012459  1.00038016
3887.84151347  0.99958352
3887.84290235  1.00036287
3887.84429123  1.00033780
3887.84568011  0.99999990
3887.84706899  0.99975900
3887.84845787  1.00021644
3887.84984676  0.99964738
3887.85123564  1.00106729
3887.85262452  1.00020393
3887.85401340  0.99984715
3887.85540228  1.00089275
3887.85679116  0.99956614
3887.85818004  0.99975900
3887.85956892  1.00008763
3887.86095781  0.99975954
3887.86234669  1.00017110
3887.86373557  0.99975158
3887.86512445  0.99941703
3887.86651333  0.99981749
3887.86790221  0.99974467
3887.86929109  0.99921856
3887.87067997  0.99963761
3887.87206886  1.00052859
3887.87345774  0.99975058
3887.87484662  0.99980259
3887.87623550  1.00011837
3887.87762438  1.00026027
3887.87901326  0.99958552
3887.88040214  0.99988518
3887.88179102  0.99972074
3887.88317991  0.99970427
3887.88456879  0.99985218
3887.88595767  1.00002205
3887.88734655  0.99968360
3887.88873543  1.00002484
3887.89012431  1.00000571
3887.89151319  1.00007336
3887.89290207  1.00008347
3887.89429095  0.99960464
3887.89567984  0.99984611
3887.89706872  0.99987070
3887.89845760  0.99973337
3887.89984648  0.99969201
3887.90123536  1.00021901
3887.90262424  1.00044428
3887.90401312  0.99988707
3887.90540200  1.00067927
3887.90679088  0.99981542
3887.90817977  1.00030729
3887.90956865  1.00019883
3887.91095753  0.99990516
3887.91234641  0.99989160
3887.91373529  1.00040054
3887.91512417  1.00058513
3887.91651305  1.00023631
3887.91790193  1.00012772
3887.91929081  1.00062565
3887.92067969  1.00014408
3887.92206858  1.00053189
3887.92345746  1.00050934
3887.92484634  0.99989237
3887.92623522  0.99976937
3887.92762410  1.00069952
3887.92901298  1.00005320
3887.93040186  0.99975499
3887.93179074  0.99970986
3887.93317962  1.00005942
3887.93456850  1.00005162
3887.93595739  1.00009615
3887.93734627  1.00059217
3887.93873515  1.00045386
3887.94012403  0.99999790
3887.94151291  1.00056462
3887.94290179  1.00028079
3887.94429067  0.99972582
3887.94567955  1.00038446
3887.94706843  1.00041346
3887.94845731  1.00051428
3887.94984620  0.99972465
3887.95123508  0.99997534
3887.95262396  1.00024372
3887.95401284  1.00021767
3887.95540172  0.99944636
3887.95679060  0.99969165
3887.95817948  1.00025631
3887.95956836  1.00008289
3887.96095724  0.99990525
3887.96234612  1.00023933
3887.96373500  0.99919610
3887.96512389  0.99960225
3887.96651277  1.00038631
3887.96790165  1.00028503
3887.96929053  0.99974082
3887.97067941  1.00059364
3887.97206829  1.00011434
3887.97345717  1.00043869
3887.97484605  1.00019436
3887.97623493  1.00052196
3887.97762381  1.00041959
3887.97901269  1.00090167
3887.98040157  1.00011911
3887.98179046  1.00113593
3887.98317934  1.00091075
3887.98456822  1.00053538
3887.98595710  1.00083891
3887.98734598  1.00095777
3887.98873486  1.00022613
3887.99012374  1.00010580
3887.99151262  1.00024554
3887.99290150  1.00073983
3887.99429038  1.00098384
3887.99567926  1.00122221
3887.99706814  1.00033281
3887.99845703  1.00095496
3887.99984591  1.00068930
3888.00123479  1.00042492
3888.00262367  1.00002424
3888.00401255  1.00043141
3888.00540143  1.00001649
3888.00679031  0.99993522
3888.00817919  1.00031209
3888.00956807  1.00018135
3888.01095695  0.99976697
3888.01234583  0.99952541
3888.01373471  1.00052501
3888.01512359  1.00046918
3888.01651247  0.99967989
3888.01790136  1.00054902
3888.01929024  1.00024640
3888.02067912  1.00014457
3888.02206800  1.00077389
3888.02345688  1.00031313
3888.02484576  1.00041535
3888.02623464  1.00042161
3888.02762352  1.00085694
3888.02901240  1.00075071
3888.03040128  1.00082703
3888.03179016  1.00069599
3888.03317904  1.00073663
3888.03456792  1.00078909
3888.03595680  1.00110300
3888.03734568  1.00104254
3888.03873456  1.00042435
3888.04012345  1.00005793
3888.04151233  1.00042078
3888.04290121  1.00057527
3888.04429009  1.00000315
3888.04567897  1.00055968
3888.04706785  1.00023953
3888.04845673  1.00052959
3888.04984561  1.00040721
3888.05123449  1.00067866
3888.05262337  1.00059983
3888.05401225  1.00137275
3888.05540113  1.00077795
3888.05679001  1.00046137
3888.05817889  1.00000310
3888.05956777  1.00017847
3888.06095665  0.99986784
3888.06234553  1.00051473
3888.06373442  1.00092360
3888.06512330  0.99986310
3888.06651218  0.99999868
3888.06790106  1.00081326
3888.06928994  1.00024328
3888.07067882  1.00028550
3888.07206770  1.00019957
3888.07345658  1.00065489
3888.07484546  1.00058705
3888.07623434  1.00055371
3888.07762322  1.00026653
3888.07901210  1.00081169
3888.08040098  1.00019113
3888.08178986  1.00010235
3888.08317874  1.00040115
3888.08456762  1.00088148
3888.08595650  1.00021104
3888.08734538  1.00072369
3888.08873426  1.00096056
3888.09012314  1.00556993
3888.09151202  1.00444826
3888.09290091  1.00330879
3888.09428979  1.00283033
3888.09567867  1.00173257
3888.09706755  1.00144490
3888.09845643  1.00135032
3888.09984531  1.00127424
3888.10123419  1.00126469
3888.10262307  1.00204372
3888.10401195  1.00082051
3888.10540083  1.00086722
3888.10678971  1.00104783
3888.10817859  1.00020025
3888.10956747  1.00081659
3888.11095635  1.00007657
3888.11234523  1.00046721
3888.11373411  1.00024161
3888.11512299  1.00032349
3888.11651187  1.00003384
3888.11790075  1.00023974
3888.11928963  0.99964595
3888.12067851  1.00005841
3888.12206739  0.99969984
3888.12345627  1.00048591
3888.12484515  0.99949203
3888.12623403  0.99998864
3888.12762291  0.99934413
3888.12901180  0.99924582
3888.13040068  0.99957703
3888.13178956  0.99910906
3888.13317844  0.99940573
3888.13456732  0.99938078
3888.13595620  1.00031380
3888.13734508  0.99960110
3888.13873396  0.99943521
3888.14012284  0.99919998
3888.14151172  0.99995410
3888.14290060  1.00033729
3888.14428948  1.00041776
3888.14567836  1.00058826
3888.14706724  1.00031231
3888.14845612  0.99975365
3888.14984500  0.99998840
3888.15123388  1.00009113
3888.15262276  1.00034682
3888.15401164  1.00099178
3888.15540052  1.00037468
3888.15678940  0.99999448
3888.15817828  1.00025374
3888.15956716  1.00051484
3888.16095604  1.00158575
3888.16234492  1.00147784
3888.16373380  1.00083878
3888.16512268  1.00140020
3888.16651156  1.00174912
3888.16790044  1.00209672
3888.16928932  1.00123060
3888.17067820  1.00128149
3888.17206708  1.00177870
3888.17345596  1.00116210
3888.17484484  1.00097532
3888.17623372  1.00118256
3888.17762260  1.00079898
3888.17901148  1.00115661
3888.18040036  1.00158442
3888.18178924  1.00081666
3888.18317812  1.00117374
3888.18456700  1.00084269
3888.18595588  1.00072516
3888.18734476  1.00100297
3888.18873364  1.00094048
3888.19012252  1.00075969
3888.19151140  1.00105122
3888.19290028  1.00092539
3888.19428916  1.00106329
3888.19567804  1.00056202
3888.41234329  1.00027746
3888.41373217  1.00099251
3888.41512105  1.00085512
3888.41650992  1.00095497
3888.41789880  1.00099346
3888.41928768  1.00117841
3888.42067656  1.00081781
3888.42206544  1.00045103
3888.42345432  1.00182897
3888.42623208  1.00061414
3888.42762096  1.00132120
3888.42900984  1.00192370
3888.43039872  1.00089598
3888.43178760  1.00237696
3888.43317648  1.00101892
3888.43456536  1.00142725
3888.43595423  1.00089796
3888.43734311  1.00065691
3888.43873199  1.00024029
3888.44012087  1.00033376
3888.44150975  1.00086772
3888.44289863  1.00006605
3888.44428751  1.00061752
3888.44567639  1.00081152
3888.44706527  1.00063701
3888.44845415  1.00018852
3888.44984303  1.00027646
3888.45123191  1.00015676
3888.45262079  1.00052108
3888.45400966  1.00031057
3888.45539854  1.00023558
3888.45678742  1.00013475
3888.45817630  1.00015658
3888.45956518  1.00047382
3888.46095406  1.00025134
3888.46234294  1.00028092
3888.46373182  1.00060659
3888.46512070  0.99985003
3888.46650958  1.00037441
3888.46789846  1.00054304
3888.46928734  1.00030811
3888.47067621  1.00065315
3888.47206509  1.00050651
3888.47345397  0.99962778
3888.47484285  1.00074243
3888.47623173  1.00055682
3888.47762061  1.00039839
3888.47900949  1.00069285
3888.48039837  1.00055452
3888.48178725  1.00078783
3888.48317613  1.00103513
3888.48456501  1.00052697
3888.48595388  1.00175576
3888.48734276  1.00005852
3888.48873164  1.00006490
3888.49012052  0.99979559
3888.49150940  1.00095021
3888.49289828  1.00054226
3888.49428716  1.00053526
3888.49567604  1.00021484
3888.49706492  1.00039057
3888.49845380  1.00091299
3888.49984267  1.00016192
3888.50123155  1.00002635
3888.50262043  1.00053526
3888.50400931  1.00009308
3888.50539819  1.00043114
3888.50678707  0.99992567
3888.50817595  0.99992622
3888.50956483  0.99974626
3888.51095371  1.00000836
3888.51234259  0.99991658
3888.51373146  1.00012781
3888.51512034  1.00031218
3888.51650922  1.00013863
3888.51789810  1.00006202
3888.51928698  1.00005284
3888.52067586  0.99993269
3888.52206474  1.00067132
3888.52345362  0.99977572
3888.52484250  0.99981160
3888.52623138  0.99996186
3888.52762025  0.99969245
3888.52900913  1.00021096
3888.53039801  1.00013680
3888.53178689  0.99998330
3888.53317577  1.00066144
3888.53456465  0.99993623
3888.53595353  1.00038641
3888.53734241  1.00006226
3888.53873129  1.00035842
3888.54012016  1.00100506
3888.54150904  1.00016626
3888.54289792  0.99999989
3888.54428680  1.00032843
3888.54567568  1.00020632
3888.54706456  0.99970727
3888.54845344  0.99983061
3888.54984232  1.00005733
3888.55123120  0.99995577
3888.55262007  0.99981997
3888.55400895  0.99975401
3888.55539783  1.00035460
3888.55678671  1.00007614
3888.55817559  1.00042778
3888.55956447  0.99952007
3888.56095335  0.99965257
3888.56234223  0.99966336
3888.56373111  1.00003338
3888.56511998  1.00079542
3888.56650886  1.00039349
3888.56789774  1.00065536
3888.56928662  0.99988136
3888.57067550  1.00011092
3888.57206438  1.00007569
3888.57345326  1.00106595
3888.57484214  0.99953411
3888.57623101  0.99981532
3888.57761989  1.00025798
3888.57900877  1.00027484
3888.58039765  1.00011861
3888.58178653  1.00023668
3888.58317541  1.00060469
3888.58456429  1.00034290
3888.58595317  1.00014227
3888.58734204  1.00010621
3888.58873092  0.99998285
3888.59011980  1.00001714
3888.59150868  1.00092033
3888.59289756  1.00097399
3888.59428644  1.00021354
3888.59567532  1.00030263
3888.59706419  1.00065903
3888.59845307  1.00061351
3888.59984195  1.00083873
3888.60123083  1.00081407
3888.60261971  1.00051244
3888.60400859  1.00036442
3888.60539747  1.00018983
3888.60678635  1.00058743
3888.60817522  1.00059214
3888.60956410  1.00046557
3888.61095298  1.00012112
3888.61234186  1.00054760
3888.61373074  1.00002071
3888.61511962  1.00053007
3888.61650850  1.00015041
3888.61789737  1.00026673
3888.61928625  1.00043787
3888.62067513  1.00056396
3888.62206401  0.99956957
3888.62345289  1.00010510
3888.62484177  0.99996951
3888.62623065  1.00010678
3888.62761953  0.99990997
3888.62900840  0.99989494
3888.63039728  1.00035182
3888.63178616  0.99983724
3888.63317504  1.00007554
3888.63456392  1.00027359
3888.63595280  1.00020206
3888.63734167  1.00024196
3888.63873055  1.00033351
3888.64011943  1.00078612
3888.64150831  1.00029861
3888.64289719  1.00067687
3888.64428607  0.99999916
3888.64567495  1.00021144
3888.64706382  1.00042026
3888.64845270  1.00016573
3888.64984158  1.00060509
3888.65123046  1.00056253
3888.65261934  1.00037888
3888.65400822  1.00020271
3888.65539710  1.00052656
3888.65678597  1.00031356
3888.65817485  1.00034145
3888.65956373  1.00059335
3888.66095261  1.00005710
3888.66234149  1.00015005
3888.66373037  1.00034251
3888.66511924  1.00031071
3888.66650812  1.00021234
3888.66789700  1.00026395
3888.66928588  1.00140508
3888.67067476  1.00189440
3888.67206364  1.00096863
3888.67345252  1.00142451
3888.67484139  1.00094190
3888.67623027  1.00054331
3888.67761915  1.00071327
3888.67900803  1.00090251
3888.68039691  1.00033852
3888.68178579  1.00000481
3888.68317466  1.00045227
3888.68456354  1.00034318
3888.68595242  1.00058831
3888.68734130  1.00031322
3888.69011906  0.99968143
3888.69150793  0.99994076
3888.69289681  0.99964541
3888.69428569  0.99979097
3888.69567457  0.99940008
3888.69706345  1.00030973
3888.69845233  1.00009073
3888.69984120  0.99992797
3888.70123008  1.00003558
3888.70261896  1.00014354
3888.70400784  1.00035203
3888.70539672  1.00003150
3888.70678560  1.00040714
3888.70817448  1.00002023
3888.70956335  1.00006179
3888.71095223  1.00042903
3888.71234111  1.00004688
3888.71372999  0.99982362
3888.71511887  0.99971982
3888.71650774  0.99990837
3888.71789662  1.00000881
3888.71928550  1.00013434
3888.72067438  0.99982441
3888.72206326  0.99998234
3888.72345214  0.99961822
3888.72484101  0.99981922
3888.72622989  1.00035923
3888.72761877  1.00004750
3888.72900765  0.99996376
3888.73039653  0.99991107
3888.73178541  1.00064415
3888.73317428  1.00025398
3888.73456316  1.00002962
3888.73595204  1.00040538
3888.73734092  1.00022994
3888.73872980  0.99994900
3888.74011867  1.00018986
3888.74150755  0.99995014
3888.74289643  1.00075872
3888.74428531  1.00038726
3888.74567419  1.00019722
3888.74706307  1.00043106
3888.74845194  1.00049758
3888.74984082  1.00008181
3888.75122970  0.99978820
3888.75261858  1.00047183
3888.75400746  0.99984895
3888.75539633  0.99989594
3888.75678521  0.99988358
3888.75817409  1.00042057
3888.75956297  0.99980103
3888.76095185  1.00035008
3888.76234073  1.00029448
3888.76372960  1.00081667
3888.76511848  1.00051147
3888.76650736  0.99962700
3888.76789624  1.00036320
3888.76928512  1.00045107
3888.77067399  1.00033635
3888.77206287  1.00040473
3888.77345175  1.00018016
3888.77484063  0.99944754
3888.77622951  0.99969759
3888.77761838  1.00033143
3888.77900726  0.99988802
3888.78039614  1.00029806
3888.78178502  1.00004766
3888.78317390  1.00038199
3888.78456277  0.99980929
3888.78595165  1.00020359
3888.78734053  0.99989189
3888.78872941  1.00036912
3888.79011829  1.00039580
3888.79150716  1.00035498
3888.79289604  1.00083437
3888.79428492  1.00157668
3888.79567380  1.00256100
3888.79706268  1.00280344
3888.79845155  1.00217305
3888.79984043  1.00171355
3888.80122931  1.00140940
3888.80261819  1.00126389
3888.80400707  1.00038489
3888.80539594  1.00130342
3888.80678482  1.00078138
3888.80817370  1.00054639
3888.80956258  1.00062102
3888.81095146  1.00087793
3888.81234033  1.00096677
3888.81372921  1.00032084
3888.81511809  1.00047273
3888.81650697  0.99988017
3888.81789585  1.00054162
3888.81928472  1.00019028
3888.82067360  1.00025442
3888.82206248  0.99990150
3888.82345136  1.00070601
3888.82484024  0.99994379
3888.82622911  1.00003262
3888.82761799  1.00012459
3888.82900687  1.00063152
3888.83039575  1.00045843
3888.83178462  0.99967223
3888.83317350  1.00066946
3888.83456238  1.00011915
3888.83595126  1.00021781
3888.83734014  1.00013507
3888.83872901  0.99973646
3888.84011789  1.00008148
3888.84150677  0.99998868
3888.84289565  0.99986965
3888.84428453  1.00083310
3888.84567340  1.00015575
3888.84706228  0.99967669
3888.84845116  0.99978783
3888.84984004  1.00038472
3888.85122891  1.00032329
3888.85261779  1.00018615
3888.85400667  1.00063334
3888.85539555  1.00080906
3888.85678443  0.99983904
3888.85817330  1.00032140
3888.85956218  1.00052759
3888.86095106  1.00010400
3888.86233994  1.00008573
3888.86372881  0.99993064
3888.86511769  0.99982318
3888.86650657  1.00009171
3888.86789545  1.00020665
3888.86928433  0.99985102
3888.87067320  1.00009327
3888.87206208  1.00021348
3888.87345096  1.00075537
3888.87483984  1.00027814
3888.87622872  1.00018356
3888.87761759  0.99971894
3888.87900647  0.99978617
3888.88039535  1.00034290
3888.88178423  1.00011513
3888.88317310  1.00057495
3888.88456198  0.99987620
3888.88595086  0.99918369
3888.88733974  1.00059021
3888.88872861  1.00020619
3888.89011749  1.00018339
3888.89150637  1.00077061
3888.89289525  0.99984803
3888.89428412  1.00040773
3888.89567300  1.00081915
3888.89706188  1.00033624
3888.89845076  1.00034587
3888.89983964  1.00027223
3888.90122851  1.00050645
3888.90261739  1.00046862
3888.90400627  1.00014928
3888.90539515  1.00005500
3888.90678402  1.00001370
3888.90817290  1.00011798
3888.90956178  1.00012723
3888.91095066  1.00007647
3888.91233953  1.00003309
3888.91372841  1.00008266
3888.91511729  0.99963817
3888.91650617  1.00022329
3888.91789504  1.00030287
3888.91928392  1.00069999
3888.92067280  1.00008071
3888.92206168  0.99998726
3888.92345056  1.00052918
3888.92483943  1.00041905
3888.92622831  1.00023183
3888.92761719  0.99996715
3888.92900607  0.99980159
3888.93039494  1.00049565
3888.93178382  0.99968163
3888.93317270  1.00016032
3888.93456158  1.00014910
3888.93595045  1.00028161
3888.93733933  1.00033700
3888.93872821  1.00048302
3888.94011709  0.99979416
3888.94150596  1.00003794
3888.94289484  1.00017422
3888.94428372  0.99977071
3888.94567260  0.99954816
3888.94706147  1.00054809
3888.94845035  1.00032972
3888.94983923  0.99944707
3888.95122811  1.00021554
3888.95261698  1.00027522
3888.95400586  1.00047370
3888.95539474  1.00026522
3888.95678362  1.00029203
3888.95817249  1.00013302
3888.95956137  0.99985659
3888.96095025  0.99985253
3888.96233912  0.99999013
3888.96372800  0.99983628
3888.96511688  0.99978680
3888.96650576  1.00006193
3888.96789463  1.00001373
3888.96928351  0.99977940
3888.97067239  0.99984084
3888.97206127  1.00056521
3888.97345014  1.00060329
3888.97483902  0.99996897
3888.97622790  1.00001478
3888.97761678  0.99951446
3888.97900565  0.99971543
3888.98039453  1.00002268
3888.98178341  1.00043286
3888.98317229  0.99975949
3888.98456116  1.00032965
3888.98595004  1.00014992
3888.98733892  0.99969644
3888.98872779  1.00044690
3888.99011667  0.99977758
3888.99150555  1.00032757
3888.99289443  1.00054326
3888.99428330  0.99974798
3888.99567218  0.99986909
3888.99706106  1.00006378
3888.99844994  1.00036966
3888.99983881  1.00079869
3889.00122769  0.99997780
3889.00261657  1.00031986
3889.00400545  1.00008480
3889.00539432  0.99976527
3889.00678320  1.00011722
3889.00817208  1.00000314
3889.00956095  1.00006107
3889.01094983  0.99977382
3889.01233871  1.00023939
3889.01372759  1.00041088
3889.01511646  0.99992926
3889.01650534  1.00036675
3889.01789422  1.00021515
3889.01928310  1.00015682
3889.02067197  1.00002015
3889.02206085  1.00009719
3889.02344973  0.99982449
3889.02483860  0.99972221
3889.02622748  0.99986276
3889.02761636  0.99957830
3889.02900524  1.00005431
3889.03039411  0.99994230
3889.03178299  1.00016761
3889.03317187  0.99968442
3889.03456074  1.00038603
3889.03594962  0.99932099
3889.03733850  0.99973965
3889.03872738  0.99963784
3889.04011625  0.99973026
3889.04150513  1.00049583
3889.04289401  1.00016815
3889.04428288  0.99964104
3889.04567176  1.00016470
3889.04706064  1.00033302
3889.04844952  1.00090823
3889.04983839  1.00059559
3889.05122727  1.00035695
3889.05261615  0.99995973
3889.05400502  1.00052495
3889.05539390  1.00028276
3889.05678278  1.00002698
3889.05817166  0.99978574
3889.05956053  1.00006164
3889.06094941  1.00032898
3889.06233829  0.99978430
3889.06372716  1.00027463
3889.06511604  0.99991886
3889.06650492  0.99943931
3889.06789380  1.00027665
3889.06928267  1.00029119
3889.07067155  0.99997181
3889.07206043  0.99988153
3889.07344930  0.99998433
3889.07483818  1.00026843
3889.07622706  0.99978450
3889.07761593  1.00017501
3889.07900481  1.00008042
3889.08039369  1.00037206
3889.08178257  0.99964971
3889.08317144  0.99959436
3889.08456032  1.00004511
3889.08594920  1.00024362
3889.08733807  1.00028425
3889.08872695  1.00040694
3889.09011583  1.00033994
3889.09150471  0.99994808
3889.09289358  1.00023936
3889.09428246  0.99965025
3889.09567134  1.00021358
3889.09706021  1.00086927
3889.09844909  0.99956716
3889.09983797  0.99994974
3889.10122684  0.99975669
3889.10261572  1.00041449
3889.10400460  1.00025419
3889.10539347  0.99990364
3889.10678235  0.99988532
3889.10817123  0.99999842
3889.10956011  1.00044922
3889.11094898  0.99950142
3889.11233786  1.00008237
3889.11372674  1.00030960
3889.11511561  0.99996865
3889.11650449  0.99982776
3889.11789337  1.00055091
3889.11928224  1.00007966
3889.12067112  1.00046243
3889.12206000  0.99972770
3889.12344887  1.00000169
3889.12483775  1.00004864
3889.12622663  0.99960212
3889.12761550  1.00039993
3889.12900438  1.00053177
3889.13039326  0.99981999
3889.13178214  0.99998844
3889.13317101  0.99998150
3889.13455989  0.99982484
3889.13594877  1.00013430
3889.13733764  1.00044764
3889.13872652  0.99980882
3889.14011540  1.00029908
3889.14150427  1.00006044
3889.14289315  1.00002052
3889.14428203  0.99974152
3889.14567090  1.00010473
3889.14705978  0.99990796
3889.14844866  0.99973692
3889.14983753  1.00004447
3889.15122641  0.99983439
3889.15261529  0.99956442
3889.15400416  0.99988376
3889.15539304  1.00058455
3889.15678192  1.00037585
3889.15817080  0.99988160
3889.15955967  0.99974140
3889.16094855  0.99981323
3889.16233743  0.99953153
3889.16372630  1.00004486
3889.16511518  1.00022884
3889.16650406  1.00030594
3889.16789293  0.99970489
3889.16928181  1.00018789
3889.17067069  0.99995053
3889.17205956  1.00000733
3889.17344844  0.99955627
3889.17483732  0.99977298
3889.17622619  0.99960508
3889.17761507  1.00018966
3889.17900395  0.99958062
3889.18039282  0.99961613
3889.18178170  0.99931602
3889.18317058  1.00041025
3889.18455945  1.00170558
3889.18594833  1.00295708
3889.18733721  1.00231820
3889.18872608  1.00233927
3889.19011496  1.00169339
3889.19150384  1.00165671
3889.19289271  1.00117789
3889.19428159  1.00130442
3889.19567047  1.00102104
3889.19705934  1.00108964
3889.19844822  1.00133075
3889.19983710  1.00142646
3889.20122597  1.00134468
3889.20261485  1.00193930
3889.20400373  1.00140267
3889.20539260  1.00132370
3889.20678148  1.00180209
3889.20817035  1.00165127
3889.20955923  1.00076277
3889.21094811  1.00134312
3889.21233698  1.00194178
3889.21372586  1.00136088
3889.21511474  1.00132645
3889.21650361  1.00064811
3889.21789249  1.00150943
3889.21928137  1.00075689
3889.22067024  1.00231443
3889.22205912  1.00161097
3889.22344800  1.00177326
3889.22483687  1.00133266
3889.22622575  1.00131151
3889.22761463  1.00177482
3889.22900350  1.00084057
3889.23039238  1.00108793
3889.23178126  1.00091731
3889.23317013  1.00092823
3889.23455901  1.00106360
3889.23594789  1.00070912
3889.23733676  1.00082990
3889.23872564  1.00078350
3889.24011451  1.00023943
3889.24150339  1.00053780
3889.24289227  1.00039600
3889.24428114  1.00117225
3889.24567002  1.00085824
3889.24705890  1.00058233
3889.24844777  1.00068570
3889.24983665  1.00047034
3889.25122553  0.99958041
3889.25261440  1.00031433
3889.25400328  1.00059019
3889.25539216  1.00056761
3889.25678103  0.99996205
3889.25816991  1.00012379
3889.25955879  1.00019505
3889.26094766  0.99986386
3889.26233654  1.00052982
3889.26372541  1.00053295
3889.26511429  0.99985778
3889.26650317  0.99995290
3889.26789204  1.00026283
3889.26928092  0.99980994
3889.27066980  1.00030393
3889.27205867  0.99968160
3889.27344755  1.00051318
3889.27483643  0.99990929
3889.27622530  0.99990402
3889.27761418  1.00002147
3889.27900305  0.99988067
3889.28039193  1.00001031
3889.28178081  0.99977771
3889.28316968  0.99975013
3889.28455856  0.99986794
3889.28594744  1.00045076
3889.28733631  1.00022207
3889.28872519  0.99990756
3889.29011407  0.99950302
3889.29150294  0.99989552
3889.29289182  0.99955321
3889.29428069  1.00012775
3889.29566957  0.99991798
3889.29705845  0.99967519
3889.29844732  1.00026143
3889.29983620  0.99979612
3889.30122508  0.99979538
3889.30261395  1.00030353
3889.30400283  1.00048639
3889.30539170  1.00051443
3889.30678058  0.99973854
3889.30816946  1.00021991
3889.30955833  0.99980405
3889.31094721  0.99965234
3889.31233609  0.99930152
3889.31372496  0.99935882
3889.31511384  1.00009968
3889.31650271  0.99943085
3889.31789159  0.99997370
3889.31928047  0.99923340
3889.32066934  1.00017317
3889.32205822  0.99970159
3889.32344710  1.00172143
3889.32483597  1.00152510
3889.32622485  1.00047288
3889.32761372  1.00107482
3889.32900260  1.00076143
3889.33039148  1.00065552
3889.33178035  1.00074375
3889.33316923  1.00105111
3889.33455810  0.99994840
3889.33594698  1.00044625
3889.33733586  1.00046336
3889.33872473  1.00018545
3889.34011361  1.00008795
3889.34150248  1.00057255
3889.34289136  1.00082712
3889.34428024  1.00048900
3889.34566911  1.00011261
3889.34705799  1.00096054
3889.34844687  1.00036025
3889.34983574  1.00040125
3889.35122462  1.00031769
3889.35261349  1.00041711
3889.35400237  1.00030968
3889.35539125  1.00024842
3889.35678012  1.00070737
3889.35816900  0.99972018
3889.35955787  1.00001279
3889.36094675  1.00033782
3889.36233563  0.99989936
3889.36372450  0.99948611
3889.36511338  0.99958086
3889.36650225  1.00030643
3889.36789113  0.99986996
3889.36928001  0.99989950
3889.37066888  1.00004053
3889.37205776  0.99990517
3889.37344663  0.99960591
3889.37483551  1.00033014
3889.37622439  1.00022244
3889.37761326  0.99984090
3889.37900214  0.99964969
3889.38039101  0.99991645
3889.38177989  0.99956192
3889.38316877  0.99990284
3889.38455764  1.00017885
3889.38594652  0.99938445
3889.38733539  0.99986550
3889.38872427  0.99953079
3889.39011315  0.99960922
3889.39150202  0.99910171
3889.39289090  0.99948435
3889.39427977  0.99962291
3889.39566865  1.00009438
3889.39705753  1.00006861
3889.39844640  0.99976621
3889.39983528  0.99968314
3889.40122415  0.99996996
3889.40261303  0.99939815
3889.40400191  0.99926903
3889.40539078  1.00000947
3889.40677966  0.99965745
3889.40816853  0.99954197
3889.40955741  0.99910409
3889.41094629  1.00020504
3889.41233516  0.99991359
3889.41372404  1.00056345
3889.41511291  1.00010703
3889.41650179  0.99942134
3889.41789066  0.99979800
3889.41927954  1.00006104
3889.42066842  0.99960846
3889.42205729  1.00034901
3889.42344617  1.00015398
3889.42483504  0.99994090
3889.42622392  0.99987122
3889.42761280  0.99971477
3889.42900167  1.00012115
3889.43039055  0.99930755
3889.43177942  0.99988226
3889.43316830  0.99930203
3889.43455717  0.99994244
3889.43594605  0.99945716
3889.43733493  1.00017349
3889.43872380  0.99979545
3889.44011268  1.00000874
3889.44150155  0.99998534
3889.44289043  0.99969990
3889.44427931  1.00078932
3889.44566818  0.99938445
3889.44705706  0.99934869
3889.44844593  0.99929430
3889.44983481  0.99958381
3889.45122368  1.00035705
3889.45261256  0.99986806
3889.45400144  0.99913570
3889.45539031  0.99935635
3889.45677919  0.99956146
3889.45816806  0.99964578
3889.45955694  1.00004388
3889.46094581  0.99908365
3889.46233469  0.99981425
3889.46372357  0.99908788
3889.46511244  0.99959959
3889.46650132  0.99961087
3889.46789019  0.99984563
3889.46927907  0.99938824
3889.47066794  0.99942457
3889.47205682  0.99914123
3889.47344570  0.99975420
3889.47483457  0.99884150
3889.47622345  0.99982598
3889.47761232  1.00002056
3889.47900120  0.99925887
3889.48039007  0.99922611
3889.48177895  1.00050743
3889.48316782  1.00008279
3889.48455670  0.99914842
3889.48594558  1.00000476
3889.48733445  1.00044298
3889.48872333  0.99972420
3889.49011220  1.00053634
3889.49150108  1.00120156
3889.49288995  1.00083625
3889.49427883  1.00067883
3889.49566771  1.00135966
3889.49705658  1.00079371
3889.49844546  1.00111954
3889.49983433  1.00068659
3889.50122321  1.00063230
3889.50261208  1.00063182
3889.50400096  1.00082208
3889.50538983  1.00018631
3889.50677871  1.00023652
3889.50816759  1.00037841
3889.50955646  1.00087942
3889.51094534  1.00031738
3889.51233421  1.00085117
3889.51372309  1.00074560
3889.51511196  1.00033301
3889.51650084  1.00054139
3889.51788971  1.00026468
3889.51927859  1.00048014
3889.52066747  0.99981403
3889.52205634  1.00010468
3889.52344522  0.99987348
3889.52483409  1.00006154
3889.52622297  0.99983976
3889.52761184  1.00051356
3889.52900072  0.99993335
3889.53038959  1.00004875
3889.53177847  1.00045070
3889.53316734  0.99965628
3889.53455622  1.00083029
3889.53594510  1.00005421
3889.53733397  0.99980750
3889.53872285  0.99991202
3889.54011172  1.00012251
3889.54150060  0.99975734
3889.54288947  1.00001010
3889.54427835  0.99990714
3889.54566722  1.00017484
3889.54705610  1.00016369
3889.54844497  0.99975126
3889.54983385  0.99997665
3889.55122273  0.99971898
3889.55261160  0.99920732
3889.55400048  1.00003443
3889.55538935  0.99972445
3889.55677823  0.99984579
3889.55816710  0.99969177
3889.55955598  0.99949183
3889.56094485  0.99965617
3889.56233373  0.99905887
3889.56372260  0.99974510
3889.56511148  0.99925502
3889.56650035  1.00026721
3889.56788923  0.99952850
3889.56927811  0.99927123
3889.57066698  0.99958798
3889.57205586  0.99914752
3889.57344473  0.99927526
3889.57483361  0.99939395
3889.57622248  0.99954030
3889.57761136  0.99914189
3889.57900023  0.99940134
3889.58038911  0.99954039
3889.58177798  0.99962065
3889.58316686  1.00002221
3889.58455573  0.99968032
3889.58594461  0.99995123
3889.58733348  0.99984742
3889.58872236  0.99962389
3889.59011123  1.00002397
3889.59150011  1.00171906
3889.59288899  1.00100896
3889.59427786  1.00002443
3889.59566674  1.00103055
3889.59705561  1.00002763
3889.59844449  1.00068037
3889.59983336  1.00045128
3889.60122224  1.00003815
3889.60261111  1.00085532
3889.60399999  0.99996556
3889.60538886  1.00029000
3889.60677774  1.00018247
3889.60816661  1.00020084
3889.60955549  0.99950659
3889.61094436  0.99978568
3889.61233324  0.99970246
3889.61372211  0.99928622
3889.61511099  0.99965133
3889.61649986  0.99969737
3889.61788874  0.99994830
3889.61927761  0.99984462
3889.62066649  1.00020703
3889.62205536  0.99971259
3889.62344424  0.99964792
3889.62483311  0.99961057
3889.62622199  0.99987279
3889.62761087  0.99923895
3889.62899974  0.99959309
3889.63038862  0.99943274
3889.63177749  0.99963182
3889.63316637  1.00013667
3889.63455524  0.99970923
3889.63594412  1.00035783
3889.63733299  0.99944693
3889.63872187  0.99977916
3889.64011074  0.99971872
3889.64149962  0.99986571
3889.64288849  0.99995185
3889.64427737  1.00008163
3889.64566624  1.00001361
3889.64705512  0.99984829
3889.64844399  1.00026008
3889.64983287  1.00000081
3889.65122174  0.99988124
3889.65261062  0.99934410
3889.65399949  1.00045390
3889.65538837  0.99956147
3889.65677724  0.99969650
3889.65816612  1.00015080
3889.65955499  0.99981440
3889.66094387  1.00026038
3889.66233274  0.99958520
3889.66372162  0.99993875
3889.66511049  0.99980046
3889.66649937  0.99970741
3889.66788824  0.99963286
3889.66927712  0.99982580
3889.67066599  0.99982613
3889.67205487  0.99989418
3889.67344374  1.00005885
3889.67483262  0.99988413
3889.67622149  0.99947849
3889.67761037  0.99970774
3889.67899924  0.99965102
3889.68038812  0.99970057
3889.68177699  1.00019571
3889.68316587  0.99959254
3889.68455474  0.99972454
3889.68594362  1.00055898
3889.68733249  0.99974640
3889.68872137  1.00036361
3889.69011024  0.99950007
3889.69149912  0.99955553
3889.69288799  0.99955811
3889.69427687  1.00012730
3889.69566574  0.99976951
3889.69705462  1.00025426
3889.69844349  0.99999291
3889.69983237  0.99951740
3889.70122124  0.99969935
3889.70261012  0.99997062
3889.70399899  1.00055151
3889.70538787  1.00035355
3889.70677674  1.00036100
3889.70816562  1.00037081
3889.70955449  0.99986640
3889.71094337  0.99994833
3889.71233224  1.00050705
3889.71372111  0.99995189
3889.71510999  1.00056102
3889.71649886  1.00016008
3889.71788774  0.99998644
3889.71927661  1.00070061
3889.72066549  1.00005682
3889.72205436  1.00010478
3889.72344324  1.00008514
3889.72483211  0.99981577
3889.72622099  0.99980569
3889.72760986  0.99978928
3889.72899874  1.00024431
3889.73038761  1.00013410
3889.73177649  1.00009713
3889.73316536  0.99986874
3889.73455424  0.99948573
3889.73594311  0.99965457
3889.73733199  0.99987178
3889.73872086  1.00013434
3889.74010974  0.99975572
3889.74149861  0.99962240
3889.74288749  1.00006218
3889.74427636  0.99975787
3889.74566524  1.00013383
3889.74705411  0.99995256
3889.74844298  0.99980566
3889.74983186  0.99978520
3889.75122073  0.99963166
3889.75260961  0.99976668
3889.75399848  0.99998103
3889.75538736  0.99919722
3889.75677623  0.99947534
3889.75816511  1.00028491
3889.75955398  0.99986798
3889.76094286  0.99939674
3889.76233173  0.99952514
3889.76372061  0.99994686
3889.76510948  1.00018705
3889.76649836  1.00014938
3889.76788723  0.99947746
3889.76927610  0.99973347
3889.77066498  0.99971458
3889.77205385  0.99982130
3889.77344273  0.99980567
3889.77483160  0.99980279
3889.77622048  0.99961286
3889.77760935  0.99975360
3889.77899823  0.99965232
3889.78038710  0.99942025
3889.78177598  0.99991341
3889.78316485  0.99930100
3889.78455373  0.99936824
3889.78594260  0.99922441
3889.78733148  0.99961920
3889.78872035  0.99969685
3889.79010922  0.99959104
3889.79149810  0.99972729
3889.79288697  0.99985057
3889.79427585  0.99930868
3889.79566472  0.99989568
3889.79705360  0.99956321
3889.79844247  0.99994260
3889.79983135  0.99915715
3889.80122022  0.99971174
3889.80260910  0.99918307
3889.80399797  0.99955706
3889.80538684  0.99971656
3889.80677572  0.99929633
3889.80816459  0.99971729
3889.80955347  0.99964538
3889.81094234  0.99937860
3889.81233122  0.99963094
3889.81372009  0.99964140
3889.81510897  0.99981196
3889.81649784  0.99919048
3889.81788671  0.99948395
3889.81927559  0.99959641
3889.82066446  0.99931503
3889.82205334  0.99930920
3889.82344221  1.00020182
3889.82483109  0.99981604
3889.82621996  0.99953972
3889.82760884  0.99898287
3889.82899771  0.99919671
3889.83038659  0.99947670
3889.83177546  0.99966863
3889.83316433  0.99961653
3889.83455321  0.99944564
3889.83594208  0.99998469
3889.83871983  1.00264916
3889.84010871  1.00226660
3889.84149758  1.00287499
3889.84288645  1.00199984
3889.84427533  1.00130633
3889.84566420  1.00135784
3889.84705308  1.00090334
3889.84844195  1.00105446
3889.84983083  1.00068916
3889.85121970  0.99992470
3889.85260858  1.00073389
3889.85399745  1.00032890
3889.85538632  0.99980895
3889.85677520  0.99998464
3889.85816407  1.00041667
3889.85955295  0.99966017
3889.86094182  1.00037583
3889.86233070  1.00022829
3889.86371957  0.99971274
3889.86510844  1.00031488
3889.86649732  1.00054404
3889.86788619  1.00032631
3889.86927507  0.99984090
3889.87066394  1.00024465
3889.87205282  1.00025522
3889.87344169  1.00083115
3889.87483056  1.00080251
3889.87621944  1.00146767
3889.87760831  1.00092735
3889.87899719  1.00073442
3889.88038606  1.00147086
3889.88177494  1.00028523
3889.88316381  1.00092392
3889.88455268  1.00047343
3889.88594156  1.00011535
3889.88733043  1.00101853
3889.88871931  1.00018377
3889.89010818  1.00075580
3889.89149706  1.00043203
3889.89288593  0.99955576
3889.89427480  0.99971887
3889.89566368  0.99982999
3889.89705255  1.00028897
3889.89844143  0.99969812
3889.89983030  1.00010442
3889.90121918  1.00000050
3889.90260805  1.00049375
3889.90399692  0.99985450
3889.90538580  0.99971705
3889.90677467  1.00012290
3889.90816355  0.99967477
3889.90955242  0.99987439
3889.91094129  0.99949699
3889.91233017  1.00025224
3889.91371904  1.00008555
3889.91510792  0.99969516
3889.91649679  0.99904546
3889.91788567  0.99983909
3889.91927454  0.99902596
3889.92066341  0.99968665
3889.92205229  0.99934777
3889.92344116  0.99923845
3889.92483004  0.99987597
3889.92621891  0.99978289
3889.92760778  0.99930342
3889.92899666  0.99975584
3889.93038553  0.99955302
3889.93177441  1.00013817
3889.93316328  0.99941272
3889.93455215  1.00004962
3889.93594103  1.00010622
3889.93732990  0.99948034
3889.93871878  1.00003950
3889.94010765  0.99987118
3889.94149653  0.99938546
3889.94288540  1.00009806
3889.94427427  0.99997814
3889.94566315  0.99972119
3889.94705202  0.99935759
3889.94844090  1.00032906
3889.94982977  0.99980457
3889.95121864  0.99942914
3889.95260752  0.99973349
3889.95399639  0.99967258
3889.95538527  0.99974887
3889.95677414  0.99964322
3889.95816301  0.99969986
3889.95955189  0.99966266
3889.96094076  0.99970402
3889.96232964  1.00016071
3889.96371851  1.00036352
3889.96510738  0.99956292
3889.96649626  0.99949674
3889.96788513  0.99999050
3889.96927401  0.99981755
3889.97066288  0.99977016
3889.97205175  0.99981696
3889.97344063  0.99987258
3889.97482950  1.00027289
3889.97621838  0.99962611
3889.97760725  0.99983136
3889.97899612  1.00002809
3889.98038500  0.99970056
3889.98177387  1.00050222
3889.98316275  0.99944025
3889.98455162  0.99979998
3889.98594049  0.99928005
3889.98732937  0.99947898
3889.98871824  1.00040928
3889.99010711  0.99969737
3889.99149599  1.00077531
3889.99288486  1.00009515
3889.99427374  1.00006824
3889.99566261  0.99986582
3889.99705148  0.99974266
3889.99844036  0.99935404
3889.99982923  1.00008103
3890.00121811  0.99909522
3890.00260698  0.99934995
3890.00399585  0.99935196
3890.00538473  0.99919656
3890.00677360  0.99943967
3890.00816248  1.00063166
3890.00955135  0.99928106
3890.01094022  0.99946743
3890.01232910  0.99963579
3890.01371797  0.99939966
3890.01510684  0.99933955
3890.01649572  0.99923254
3890.01788459  0.99969755
3890.01927347  0.99907661
3890.02066234  1.00002486
3890.02205121  1.00047730
3890.02344009  0.99994780
3890.02482896  0.99966453
3890.02621783  1.00022675
3890.02760671  1.00044549
3890.02899558  0.99946582
3890.03038446  1.00026058
3890.03177333  0.99957845
3890.03316220  1.00066058
3890.03455108  1.00042261
3890.03593995  0.99950752
3890.03732882  1.00024913
3890.03871770  1.00006247
3890.04010657  0.99971143
3890.04149545  0.99970058
3890.04288432  0.99960411
3890.04427319  0.99999946
3890.04566207  0.99990660
3890.04705094  0.99985337
3890.04843981  1.00010581
3890.04982869  0.99990072
3890.05121756  0.99994492
3890.05260644  1.00041886
3890.05399531  0.99957468
3890.05538418  0.99918110
3890.05677306  0.99975933
3890.05816193  0.99983960
3890.05955080  0.99984605
3890.06093968  0.99987950
3890.06232855  1.00020619
3890.06371742  0.99962934
3890.06510630  0.99919443
3890.06649517  0.99968357
3890.06788405  1.00016655
3890.06927292  0.99966646
3890.07066179  0.99964003
3890.07205067  0.99968705
3890.07343954  0.99952205
3890.07482841  0.99986275
3890.07621729  1.00060407
3890.07760616  1.00074154
3890.07899503  1.00067631
3890.08038391  1.00022553
3890.08177278  1.00028493
3890.08316166  0.99973049
3890.08455053  1.00007637
3890.08593940  0.99959650
3890.08732828  0.99954075
3890.08871715  0.99962673
3890.09010602  1.00000423
3890.09149490  1.00026820
3890.09288377  0.99985508
3890.09427264  1.00035437
3890.09566152  0.99970206
3890.09705039  1.00003168
3890.09843926  1.00037554
3890.09982814  0.99982291
3890.10121701  0.99971366
3890.10260588  0.99934054
3890.10399476  0.99961286
3890.10538363  0.99975697
3890.10677251  0.99997728
3890.10816138  0.99994673
3890.10955025  0.99997026
3890.11093913  1.00005114
3890.11232800  0.99934230
3890.11371687  0.99946861
3890.11510575  0.99942400
3890.11649462  0.99936116
3890.11788349  0.99952101
3890.11927237  0.99979518
3890.12066124  0.99960197
3890.12205011  0.99927249
3890.12343899  1.00000626
3890.12482786  0.99911625
3890.12621673  1.00003925
3890.12760561  0.99967509
3890.12899448  0.99937736
3890.13038335  0.99945655
3890.13177223  0.99990289
3890.13316110  0.99939961
3890.13454997  0.99899081
3890.13593885  0.99950928
3890.13732772  0.99951452
3890.13871659  0.99977665
3890.14010547  0.99984168
3890.14149434  0.99941214
3890.14288321  0.99941234
3890.14427209  0.99976130
3890.14566096  0.99941754
3890.14704983  1.00058468
3890.14843871  0.99899105
3890.14982758  0.99935226
3890.15121645  0.99962125
3890.15260533  0.99993260
3890.15399420  0.99987422
3890.15538307  0.99851995
3890.15677195  0.99986070
3890.15816082  1.00011972
3890.15954969  0.99949740
3890.16093857  0.99982206
3890.16232744  1.00004881
3890.16371631  0.99961622
3890.16510519  0.99938291
3890.16649406  0.99977554
3890.16788293  0.99997258
3890.16927181  0.99956010
3890.17066068  0.99952357
3890.17204955  0.99963884
3890.17343843  0.99940909
3890.17482730  0.99887238
3890.17621617  0.99951479
3890.17760505  0.99968206
3890.17899392  0.99987854
3890.18038279  0.99957808
3890.18177167  0.99944764
3890.18316054  0.99950990
3890.18454941  0.99966168
3890.18593829  0.99941279
3890.18732716  0.99956697
3890.18871603  0.99977947
3890.19010491  0.99995181
3890.19149378  1.00010360
3890.19288265  1.00043679
3890.19427153  1.00004274
3890.19566040  0.99999891
3890.19704927  0.99990329
3890.19843815  1.00004042
3890.19982702  1.00006156
3890.20121589  1.00012504
3890.20260476  0.99980351
3890.20399364  1.00005935
3890.20538251  0.99949745
3890.20677138  1.00007860
3890.20816026  0.99985138
3890.20954913  0.99946293
3890.21093800  0.99960098
3890.21232688  0.99947788
3890.21371575  0.99952687
3890.21510462  0.99932245
3890.21649350  0.99938072
3890.21788237  0.99971796
3890.21927124  1.00044488
3890.22066012  1.00027590
3890.22204899  0.99977268
3890.22343786  0.99992752
3890.22482674  0.99959615
3890.22621561  1.00051690
3890.22760448  0.99981678
3890.22899335  0.99972549
3890.23038223  1.00023067
3890.23177110  1.00012577
3890.23315997  1.00070197
3890.23454885  1.00067551
3890.23593772  1.00094754
3890.23732659  1.00114228
3890.23871547  1.00024356
3890.24010434  1.00029083
3890.24149321  1.00091695
3890.24288208  1.00116219
3890.24427096  0.99977883
3890.24565983  1.00054224
3890.24704870  0.99996432
3890.24843758  1.00027507
3890.24982645  1.00029718
3890.25121532  0.99978064
3890.25260420  1.00024186
3890.25399307  0.99983276
3890.25538194  0.99958228
3890.25677081  0.99965213
3890.25815969  0.99963534
3890.25954856  0.99994042
3890.26093743  1.00016000
3890.26232631  0.99964334
3890.26371518  0.99970625
3890.26510405  1.00044219
3890.26649293  1.00149697
3890.26788180  1.00102719
3890.26927067  1.00064069
3890.27065954  1.00047404
3890.27204842  1.00035420
3890.27343729  0.99979050
3890.27482616  1.00030223
3890.27621504  1.00037775
3890.27760391  0.99968846
3890.27899278  1.00026114
3890.28038165  0.99986773
3890.28177053  0.99955701
3890.28315940  0.99996943
3890.28454827  0.99984888
3890.28593715  0.99931584
3890.28732602  0.99983860
3890.28871489  1.00012992
3890.29010376  1.00004945
3890.29149264  1.00024516
3890.29288151  0.99977987
3890.29427038  1.00016515
3890.29565926  1.00007756
3890.29704813  0.99977660
3890.29843700  0.99972840
3890.29982588  0.99986648
3890.30121475  0.99933786
3890.30260362  0.99922199
3890.30399249  0.99951769
3890.30538137  0.99963445
3890.30677024  0.99939385
3890.30815911  0.99978105
3890.30954798  0.99913313
3890.31093686  0.99996075
3890.31232573  0.99952483
3890.31371460  0.99970285
3890.31510348  0.99996442
3890.31649235  0.99993340
3890.31788122  0.99996220
3890.31927009  0.99997162
3890.32065897  0.99975593
3890.32204784  0.99902151
3890.32343671  0.99931786
3890.32482559  0.99943142
3890.32621446  0.99968737
3890.32760333  0.99965585
3890.32899220  1.00014389
3890.33038108  0.99993948
3890.33176995  1.00130318
3890.33315882  1.00254312
3890.33454769  1.00205473
3890.33593657  1.00171871
3890.33732544  1.00148662
3890.33871431  1.00112446
3890.34010318  1.00191946
3890.34149206  1.00120706
3890.34288093  1.00085183
3890.34426980  1.00070940
3890.34565868  1.00121823
3890.34704755  1.00132621
3890.34843642  1.00052006
3890.34982529  1.00076048
3890.35121417  1.00091083
3890.35260304  1.00005131
3890.35399191  1.00043583
3890.35538078  1.00050727
3890.35676966  1.00074238
3890.35815853  1.00079699
3890.35954740  1.00012890
3890.36093627  0.99989054
3890.36232515  1.00061740
3890.36371402  1.00059285
3890.36510289  1.00058981
3890.36649177  1.00034612
3890.36788064  1.00002104
3890.36926951  0.99995746
3890.37065838  1.00016681
3890.37204726  1.00024935
3890.37343613  0.99997437
3890.37482500  1.00027875
3890.37621387  0.99989177
3890.37760275  0.99955536
3890.37899162  0.99975408
3890.38038049  1.00035938
3890.38176936  1.00018591
3890.38315824  0.99950429
3890.38454711  0.99993953
3890.38593598  1.00047257
3890.38732485  1.00026490
3890.38871373  1.00034575
3890.39010260  0.99993205
3890.39149147  1.00004667
3890.39288034  1.00044234
3890.39426922  1.00020064
3890.39565809  0.99973201
3890.39704696  1.00004263
3890.39843583  0.99948762
3890.39982471  1.00031099
3890.40121358  0.99994272
3890.40260245  0.99961711
3890.40399132  0.99985121
3890.40538020  0.99958958
3890.40676907  1.00000140
3890.40815794  0.99972613
3890.40954681  0.99986545
3890.41093569  1.00003488
3890.41232456  1.00012469
3890.41371343  1.00025278
3890.41510230  1.00019021
3890.41649118  0.99968652
3890.41788005  0.99973731
3890.41926892  0.99958151
3890.42065779  0.99981963
3890.42204667  0.99990915
3890.42343554  1.00016022
3890.42482441  0.99954082
3890.42621328  0.99978289
3890.42760216  0.99965166
3890.42899103  0.99982389
3890.43037990  1.00008507
3890.43176877  1.00012138
3890.43315764  0.99979126
3890.43454652  1.00023081
3890.43593539  1.00013550
3890.43732426  0.99924963
3890.43871313  0.99974976
3890.44010201  0.99908676
3890.44149088  0.99986442
3890.44287975  0.99995215
3890.44426862  0.99948070
3890.44565750  1.00015513
3890.44704637  0.99923100
3890.44843524  0.99986485
3890.44982411  0.99957989
3890.45121298  0.99928291
3890.45260186  0.99929856
3890.45399073  0.99965611
3890.45537960  1.00030200
3890.45676847  0.99962359
3890.45815735  0.99965343
3890.45954622  0.99947039
3890.46093509  0.99974067
3890.46232396  0.99955918
3890.46371284  0.99952802
3890.46510171  0.99966573
3890.46649058  1.00005825
3890.46787945  0.99952338
3890.46926832  0.99997227
3890.47065720  1.00016590
3890.47204607  0.99968855
3890.47343494  0.99991864
3890.47482381  0.99957792
3890.47621269  0.99946346
3890.47760156  1.00007887
3890.47899043  0.99986712
3890.48037930  1.00006092
3890.48176817  1.00003088
3890.48315705  1.00054005
3890.48454592  1.00015223
3890.48593479  1.00029463
3890.48732366  0.99975479
3890.48871254  1.00001801
3890.49010141  0.99958192
3890.49149028  1.00021208
3890.49287915  0.99957187
3890.49426802  0.99962328
3890.49565690  0.99999791
3890.49704577  0.99916979
3890.49843464  1.00004756
3890.49982351  0.99962319
3890.50121239  0.99950281
3890.50260126  0.99963235
3890.50399013  0.99953047
3890.50537900  0.99992468
3890.50676787  1.00041110
3890.50815675  0.99950128
3890.50954562  0.99953112
3890.51093449  1.00025072
3890.51232336  1.00024040
3890.51371223  0.99939334
3890.51510111  1.00008934
3890.51648998  1.00000079
3890.51787885  0.99962096
3890.51926772  1.00019493
3890.52065659  1.00010186
3890.52204547  0.99972186
3890.52343434  1.00059281
3890.52482321  1.00057702
3890.52621208  1.00009727
3890.52760095  0.99954795
3890.52898983  1.00021793
3890.53037870  0.99998334
3890.53176757  1.00008365
3890.53315644  0.99993365
3890.53454532  1.00056390
3890.53593419  1.00104818
3890.53732306  1.00106490
3890.53871193  1.00019766
3890.54010080  1.00080559
3890.54148968  1.00095654
3890.54287855  1.00027805
3890.54426742  1.00031749
3890.54565629  1.00039767
3890.54704516  1.00032852
3890.54843404  1.00008317
3890.54982291  0.99970485
3890.55121178  1.00046545
3890.55260065  0.99991834
3890.55398952  1.00015332
3890.55537839  0.99983684
3890.55676727  0.99984353
3890.55815614  0.99983246
3890.55954501  0.99955053
3890.56093388  1.00009062
3890.56232275  0.99970924
3890.56371163  0.99917541
3890.56510050  1.00019706
3890.56648937  1.00006610
3890.56787824  0.99957122
3890.56926711  1.00020422
3890.57065599  0.99994171
3890.57204486  0.99963659
3890.57343373  1.00007526
3890.57482260  0.99961392
3890.57621147  0.99996985
3890.57760035  0.99985194
3890.57898922  0.99993940
3890.58037809  0.99925504
3890.58176696  0.99944767
3890.58315583  0.99982875
3890.58454470  0.99911928
3890.58593358  0.99996744
3890.58732245  1.00009321
3890.58871132  0.99954207
3890.59010019  0.99998826
3890.59148906  0.99907126
3890.59287794  0.99965159
3890.59426681  0.99963157
3890.59565568  0.99977405
3890.59704455  1.00056890
3890.59843342  0.99951540
3890.59982230  0.99977488
3890.60121117  0.99915168
3890.60260004  0.99948003
3890.60398891  0.99945405
3890.60537778  0.99944627
3890.60676665  0.99966328
3890.60815553  0.99992244
3890.60954440  0.99939663
3890.61093327  1.00029880
3890.61232214  1.00054172
3890.61371101  1.00053178
3890.61509988  1.00043901
3890.61648876  1.00000224
3890.61787763  0.99965841
3890.61926650  0.99996135
3890.62065537  0.99976346
3890.62204424  0.99987856
3890.62343311  0.99988461
3890.62482199  0.99982399
3890.62621086  0.99989779
3890.62759973  0.99950214
3890.62898860  0.99981999
3890.63037747  1.00025835
3890.63176634  1.00035441
3890.63315522  0.99998079
3890.63454409  1.00086769
3890.63593296  1.00056105
3890.63732183  1.00036874
3890.63871070  1.00003935
3890.64009958  1.00047689
3890.64148845  1.00045672
3890.64287732  1.00058358
3890.64426619  1.00041271
3890.64565506  0.99998932
3890.64704393  1.00025137
3890.64843280  1.00013812
3890.64982168  0.99992884
3890.65121055  1.00005916
3890.65259942  0.99964373
3890.65398829  0.99997200
3890.65537716  1.00005400
3890.65676603  0.99994914
3890.65815491  1.00040483
3890.65954378  1.00021874
3890.66093265  1.00036128
3890.66232152  0.99969826
3890.66371039  0.99943834
3890.66509926  0.99978387
3890.66648814  0.99983424
3890.66787701  0.99993202
3890.66926588  0.99952347
3890.67065475  1.00027095
3890.67204362  1.00011192
3890.67343249  1.00011254
3890.67482137  0.99968094
3890.67621024  1.00056711
3890.67759911  1.00007104
3890.67898798  1.00022697
3890.68037685  1.00055225
3890.68176572  0.99972313
3890.68315459  1.00029076
3890.68454347  0.99945265
3890.68593234  1.00028513
3890.68732121  0.99991124
3890.68871008  1.00006714
3890.69009895  0.99991682
3890.69148782  0.99963832
3890.69287669  1.00041580
3890.69426557  1.00014657
3890.69565444  1.00045029
3890.69704331  1.00021499
3890.69843218  1.00056270
3890.69982105  1.00083834
3890.70120992  0.99982794
3890.70259880  0.99992243
3890.70398767  1.00003626
3890.70537654  0.99977237
3890.70676541  0.99962148
3890.70815428  0.99951316
3890.70954315  0.99986091
3890.71093202  1.00030475
3890.71232089  0.99961335
3890.71370977  0.99993051
3890.71509864  0.99934509
3890.71648751  0.99936762
3890.71787638  0.99993427
3890.71926525  0.99986505
3890.72065412  0.99915240
3890.72204299  0.99983106
3890.72343187  0.99949258
3890.72482074  1.00029083
3890.72620961  0.99972337
3890.72759848  0.99952115
3890.72898735  1.00049880
3890.73037622  0.99981229
3890.73176509  0.99988199
3890.73315397  1.00006829
3890.73454284  1.00035701
3890.73593171  0.99979755
3890.73732058  0.99990315
3890.73870945  0.99953589
3890.74009832  0.99971207
3890.74148719  1.00016219
3890.74287606  0.99968013
3890.74426494  0.99993913
3890.74565381  0.99983283
3890.74704268  1.00005160
3890.74843155  0.99971946
3890.74982042  0.99945905
3890.75120929  0.99939107
3890.75259816  0.99988034
3890.75398704  1.00073032
3890.75537591  1.00008962
3890.75676478  0.99963188
3890.75815365  0.99986031
3890.75954252  1.00022064
3890.76093139  0.99988785
3890.76232026  0.99987803
3890.76370913  0.99998703
3890.76509801  1.00013095
3890.76648688  0.99969891
3890.76787575  0.99978008
3890.76926462  1.00006012
3890.77065349  0.99960510
3890.77204236  0.99926839
3890.77343123  1.00003583
3890.77482010  0.99929645
3890.77620898  0.99975339
3890.77759785  0.99879779
3890.77898672  1.00010746
3890.78037559  0.99936533
3890.78176446  0.99996535
3890.78315333  0.99978183
3890.78454220  0.99959973
3890.78593107  1.00002795
3890.78731994  0.99977867
3890.78870882  1.00063881
3890.79009769  0.99954526
3890.79148656  0.99971757
3890.79287543  0.99995524
3890.79426430  0.99991238
3890.79565317  0.99999452
3890.79704204  0.99986813
3890.79843091  0.99984736
3890.79981978  0.99992071
3890.80120866  1.00032105
3890.80259753  1.00014267
3890.80398640  0.99996411
3890.80537527  0.99941512
3890.80676414  1.00020983
3890.80815301  1.00021919
3890.80954188  1.00039537
3890.81093075  1.00058249
3890.81231962  0.99983382
3890.81370850  1.00018853
3890.81509737  1.00011937
3890.81648624  0.99909739
3890.81787511  1.00060028
3890.81926398  1.00010836
3890.82065285  1.00030195
3890.82204172  1.00060442
3890.82343059  1.00073761
3890.82481946  1.00017313
3890.82620833  1.00008256
3890.82759721  0.99957075
3890.82898608  0.99998190
3890.83037495  1.00020761
3890.83176382  0.99950523
3890.83315269  1.00001855
3890.83454156  1.00024508
3890.83593043  1.00085285
3890.83731930  1.00063938
3890.83870817  0.99976857
3890.84009704  1.00086020
3890.84148592  1.00076541
3890.84287479  1.00053862
3890.84426366  1.00048298
3890.84565253  0.99968254
3890.84704140  1.00041190
3890.84843027  0.99995306
3890.84981914  0.99984844
3890.85120801  1.00019974
3890.85259688  1.00029594
3890.85398575  0.99989509
3890.85537463  0.99974120
3890.85676350  0.99979076
3890.85815237  0.99941840
3890.85954124  1.00038221
3890.86093011  1.00045750
3890.86231898  1.00015631
3890.86370785  1.00022695
3890.86509672  1.00049566
3890.86648559  1.00035804
3890.86787446  1.00057643
3890.86926333  1.00054074
3890.87065221  1.00042659
3890.87204108  1.00026154
3890.87342995  0.99997373
3890.87481882  1.00052122
3890.87620769  1.00057575
3890.87759656  1.00033387
3890.87898543  1.00002423
3890.88037430  0.99995314
3890.88176317  1.00022041
3890.88315204  0.99994311
3890.88454091  0.99994369
3890.88592978  1.00060342
3890.88731865  1.00011361
3890.88870753  1.00031274
3890.89009640  0.99993927
3890.89148527  0.99995522
3890.89287414  1.00026775
3890.89426301  0.99985232
3890.89565188  1.00045450
3890.89704075  0.99935785
3890.89842962  1.00024845
3890.89981849  0.99969826
3890.90120736  0.99987169
3890.90259623  0.99973240
3890.90398510  0.99990555
3890.90537398  1.00002269
3890.90676285  0.99972421
3890.90815172  0.99988977
3890.90954059  0.99990350
3890.91092946  1.00027495
3890.91231833  0.99985528
3890.91370720  0.99996963
3890.91509607  0.99945782
3890.91648494  1.00038550
3890.91787381  1.00017899
3890.91926268  1.00009936
3890.92065155  0.99939226
3890.92204042  1.00041218
3890.92342929  1.00040811
3890.92481817  0.99979057
3890.92620704  0.99995030
3890.92759591  0.99995373
3890.92898478  0.99993925
3890.93037365  1.00034264
3890.93176252  1.00009979
3890.93315139  0.99998504
3890.93454026  0.99987857
3890.93592913  0.99978593
3890.93731800  1.00025581
3890.93870687  0.99981395
3890.94009574  1.00024918
3890.94148461  1.00000761
3890.94287348  0.99976162
3890.94426235  1.00048118
3890.94565123  0.99932565
3890.94704010  0.99985558
3890.94842897  0.99987360
3890.94981784  1.00015567
3890.95120671  0.99959348
3890.95259558  1.00046070
3890.95398445  0.99956757
3890.95537332  0.99959398
3890.95676219  0.99997607
3890.95815106  1.00046781
3890.95953993  1.00037754
3890.96092880  1.00047281
3890.96231767  1.00023306
3890.96370654  0.99948550
3890.96509541  1.00016044
3890.96648428  0.99948720
3890.96787315  1.00009074
3890.96926202  1.00028664
3890.97065090  0.99975211
3890.97203977  0.99938136
3890.97342864  0.99957402
3890.97481751  1.00002554
3890.97620638  0.99995236
3890.97759525  0.99955879
3890.97898412  0.99992689
3890.98037299  0.99998593
3890.98176186  1.00015149
3890.98315073  1.00020019
3890.98453960  1.00028803
3890.98592847  0.99993485
3890.98731734  0.99983661
3890.98870621  0.99979266
3890.99009508  0.99975764
3890.99148395  1.00001560
3890.99287282  1.00057966
3890.99426169  0.99977650
3890.99565056  0.99975257
3890.99703943  1.00021502
3890.99842830  0.99994855
3890.99981718  1.00016664
3891.00120605  1.00042625
3891.00259492  1.00029141
3891.00398379  0.99968647
3891.00537266  0.99975262
3891.00676153  1.00028760
3891.00815040  1.00048271
3891.00953927  1.00053223
3891.01092814  1.00078258
3891.01231701  1.00022452
3891.01370588  1.00036149
3891.01509475  1.00016442
3891.01648362  1.00348679
3891.01787249  1.00659475
3891.01926136  1.00441720
3891.02065023  1.00521701
3891.02203910  1.00299579
3891.02342797  1.00297059
3891.02481684  1.00223717
3891.02620571  1.00137465
3891.02759458  1.00180969
3891.02898345  1.00190760
3891.03037232  1.00161858
3891.03176119  1.00121538
3891.03315006  1.00140092
3891.03453893  1.00112872
3891.03592780  1.00077300
3891.03731667  1.00050211
3891.03870555  1.00056140
3891.04009442  1.00057051
3891.04148329  1.00029392
3891.04287216  1.00036694
3891.04426103  1.00025041
3891.04564990  1.00003206
3891.04703877  1.00047134
3891.04842764  1.00008042
3891.04981651  1.00035557
3891.05120538  1.00042073
3891.05259425  0.99978680
3891.05398312  1.00006419
3891.05537199  1.00025828
3891.05676086  0.99969146
3891.05814973  0.99988098
3891.05953860  1.00036156
3891.06092747  1.00016773
3891.06231634  1.00036606
3891.06370521  1.00048068
3891.06509408  0.99993991
3891.06648295  1.00090080
3891.06787182  1.00003958
3891.06926069  1.00071043
3891.07064956  0.99978847
3891.07203843  0.99988173
3891.07342730  0.99968896
3891.07481617  1.00080978
3891.07620504  1.00065636
3891.07759391  0.99968438
3891.07898278  1.00035048
3891.08037165  0.99961073
3891.08176052  0.99995837
3891.08314939  0.99974729
3891.08453826  0.99994790
3891.08592713  0.99952943
3891.08731600  1.00019616
3891.08870487  0.99948436
3891.09009374  0.99996664
3891.09148261  0.99978728
3891.09287148  0.99997256
3891.09426035  1.00038569
3891.09564922  1.00025187
3891.09703809  0.99940909
3891.09842696  1.00016026
3891.09981583  0.99999565
3891.10120470  0.99996816
3891.10259357  1.00074559
3891.10398244  1.00016742
3891.10537131  0.99949596
3891.10676018  0.99990467
3891.10814905  0.99983235
3891.10953792  0.99946967
3891.11092679  0.99992817
3891.11231566  0.99999472
3891.11370453  0.99979152
3891.11509340  0.99999226
3891.11648227  1.00031390
3891.11787114  0.99971655
3891.11926001  1.00021128
3891.12064888  1.00044896
3891.12203775  0.99979219
3891.12342662  1.00005600
3891.12481549  0.99974279
3891.12620436  0.99968663
3891.12759323  0.99980073
3891.12898210  0.99957636
3891.13037097  1.00011550
3891.13175984  0.99999856
3891.13314871  1.00051519
3891.13453758  0.99990900
3891.13592645  0.99984731
3891.13731532  0.99995185
3891.13870419  0.99969200
3891.14009306  0.99970803
3891.14148193  1.00033645
3891.14287080  0.99983733
3891.14425967  0.99938381
3891.14564854  0.99990120
3891.14703741  0.99921363
3891.14842628  0.99993545
3891.14981515  0.99966547
3891.15120402  0.99950690
3891.15259289  0.99992870
3891.15398176  0.99977886
3891.15537063  0.99933819
3891.15675950  0.99998098
3891.15814837  0.99993300
3891.15953724  0.99952580
3891.16092611  1.00058050
3891.16231498  0.99980949
3891.16370385  0.99998777
3891.16509272  0.99983981
3891.16648159  1.00012437
3891.16787046  0.99967111
3891.16925933  0.99998827
3891.17064820  0.99967739
3891.17203707  0.99972427
3891.17342594  1.00183582
3891.17481481  1.00163018
3891.17620368  1.00055911
3891.17759255  1.00116444
3891.17898142  1.00050189
3891.18037029  1.00070139
3891.18175916  1.00046876
3891.18314803  1.00085511
3891.18453690  1.00039818
3891.18592577  1.00011654
3891.18731464  1.00067281
3891.18870351  1.00098580
3891.19009238  1.00059648
3891.19148125  1.00018191
3891.19287012  1.00011485
3891.19425899  1.00037476
3891.19564786  1.00037862
3891.19703673  0.99963915
3891.19842560  1.00038717
3891.19981447  0.99981734
3891.20120334  1.00003682
3891.20259221  1.00042330
3891.20398108  0.99996840
3891.20536995  1.00118423
3891.20675882  0.99992561
3891.20814768  1.00033562
3891.20953655  1.00055042
3891.21092542  0.99995715
3891.21231429  0.99993865
3891.21370316  1.00043049
3891.21509203  0.99998518
3891.21648090  1.00003401
3891.21786977  1.00016727
3891.21925864  0.99977901
3891.22064751  0.99940636
3891.22203638  1.00010873
3891.22342525  0.99994955
3891.22481412  0.99970301
3891.22620299  0.99925705
3891.22759186  0.99954628
3891.22898073  1.00019004
3891.23036960  0.99952821
3891.23175847  0.99993582
3891.23314734  0.99990968
3891.23453621  0.99967595
3891.23592508  0.99976460
3891.23731395  0.99942306
3891.23870282  0.99938964
3891.24009169  0.99961772
3891.24148056  1.00041811
3891.24286943  0.99997161
3891.24425830  0.99959250
3891.24564716  0.99982064
3891.24703603  0.99935463
3891.24842490  1.00050847
3891.24981377  1.00040562
3891.25120264  0.99951818
3891.25259151  0.99985875
3891.25398038  0.99941294
3891.25536925  0.99881671
3891.25675812  0.99988414
3891.25814699  0.99959714
3891.25953586  0.99983554
3891.26092473  1.00039954
3891.26231360  0.99932497
3891.26370247  0.99984130
3891.26509134  0.99996601
3891.26648021  0.99992961
3891.26786908  0.99969466
3891.26925795  0.99990360
3891.27064682  0.99985887
3891.27203569  0.99994703
3891.27342456  0.99989254
3891.27481343  0.99937111
3891.27620229  0.99959063
3891.27759116  1.00027949
3891.27898003  0.99950254
3891.28036890  1.00068916
3891.28175777  1.00055840
3891.28314664  0.99993581
3891.28453551  0.99983579
3891.28592438  0.99955407
3891.28731325  0.99955584
3891.28870212  1.00003581
3891.29009099  0.99985232
3891.29147986  0.99982335
3891.29286873  0.99959471
3891.29425760  1.00002703
3891.29564647  0.99959826
3891.29703534  0.99992764
3891.29842421  0.99970939
3891.29981308  1.00046573
3891.30120194  1.00042561
3891.30259081  1.00027804
3891.30397968  1.00017077
3891.30536855  1.00023377
3891.30675742  1.00072078
3891.30814629  0.99993816
3891.30953516  1.00037040
3891.31092403  1.00027593
3891.31231290  1.00093097
3891.31370177  0.99997326
3891.31509064  1.00007025
3891.31647951  1.00069573
3891.31786838  1.00058441
3891.31925725  1.00032797
3891.32064612  1.00020368
3891.32203498  1.00059655
3891.32342385  1.00042799
3891.32481272  1.00037944
3891.32620159  0.99958544
3891.32759046  1.00021873
3891.32897933  1.00053844
3891.33036820  1.00056282
3891.33175707  0.99986208
3891.33314594  1.00035318
3891.33453481  1.00021588
3891.33592368  1.00072908
3891.33731255  1.00058541
3891.33870142  1.00006050
3891.34009029  1.00010233
3891.34147915  1.00005549
3891.34286802  1.00048666
3891.34425689  1.00037146
3891.34564576  1.00012948
3891.34703463  1.00038145
3891.34842350  1.00028067
3891.34981237  1.00035520
3891.35120124  1.00031293
3891.35259011  1.00003656
3891.35397898  1.00057503
3891.35536785  0.99986156
3891.35675672  1.00012818
3891.35814559  1.00083135
3891.35953445  1.00030454
3891.36092332  0.99985396
3891.36231219  1.00058286
3891.36370106  1.00004939
3891.36508993  1.00039571
3891.36647880  1.00021260
3891.36786767  0.99975766
3891.36925654  1.00047566
3891.37064541  1.00044653
3891.37203428  0.99984954
3891.37342315  0.99987095
3891.37481202  0.99942461
3891.37620088  0.99933500
3891.37758975  1.00022107
3891.37897862  1.00006474
3891.38036749  0.99985046
3891.38175636  0.99947215
3891.38314523  1.00010457
3891.38453410  0.99986449
3891.38592297  0.99995547
3891.38731184  0.99950611
3891.38870071  0.99975798
3891.39008958  0.99976920
3891.39147844  0.99956118
3891.39286731  0.99924941
3891.39425618  0.99922114
3891.39564505  0.99991401
3891.39703392  1.00070255
3891.39842279  1.00027178
3891.39981166  1.00000923
3891.40120053  1.00037641
3891.40258940  0.99980792
3891.40397827  1.00000636
3891.40536713  0.99914858
3891.40675600  1.00024610
3891.40814487  1.00032346
3891.40953374  0.99985570
3891.41092261  1.00050505
3891.41231148  1.00023619
3891.41370035  1.00027249
3891.41508922  1.00009949
3891.41647809  1.00025123
3891.41786696  0.99995461
3891.41925582  0.99984189
3891.42064469  0.99967546
3891.42203356  0.99981897
3891.42342243  0.99935579
3891.42481130  0.99965086
3891.42620017  1.00025280
3891.42758904  1.00044761
3891.42897791  1.00037397
3891.43036678  1.00021969
3891.43175565  0.99972428
3891.43314451  0.99981748
3891.43453338  0.99996126
3891.43592225  0.99954311
3891.43731112  0.99969033
3891.43869999  1.00035681
3891.44008886  0.99971498
3891.44147773  1.00058949
3891.44286660  0.99983858
3891.44425547  1.00028878
3891.44564433  0.99948912
3891.44703320  1.00015850
3891.44842207  1.00017863
3891.44981094  0.99993480
3891.45119981  0.99970869
3891.45258868  0.99993885
3891.45397755  1.00018730
3891.45536642  0.99969264
3891.45675529  1.00029416
3891.45814415  0.99992338
3891.45953302  1.00010409
3891.46092189  0.99991739
3891.46231076  1.00015653
3891.46369963  0.99997215
3891.46508850  0.99937505
3891.46647737  1.00012784
3891.46786624  1.00003387
3891.46925511  1.00019305
3891.47064397  0.99982841
3891.47203284  1.00010327
3891.47342171  0.99983029
3891.47481058  0.99997373
3891.47619945  1.00054594
3891.47758832  0.99987894
3891.47897719  1.00071503
3891.48036606  1.00030296
3891.48175492  0.99945470
3891.48314379  1.00045441
3891.48453266  1.00026146
3891.48592153  1.00049598
3891.48731040  1.00009760
3891.48869927  1.00047621
3891.49008814  1.00013220
3891.49147701  0.99976382
3891.49286587  0.99974235
3891.49425474  1.00045980
3891.49564361  0.99982743
3891.49703248  0.99998253
3891.49842135  0.99958075
3891.49981022  1.00055632
3891.50119909  1.00004399
3891.50258796  0.99979609
3891.50397682  1.00007919
3891.50536569  1.00028653
3891.50675456  0.99992107
3891.50814343  0.99976351
3891.50953230  1.00022546
3891.51092117  0.99981499
3891.51231004  0.99977683
3891.51369890  0.99944036
3891.51508777  1.00010482
3891.51647664  0.99981590
3891.51786551  0.99979536
3891.51925438  1.00017782
3891.52064325  0.99961914
3891.52203212  0.99988216
3891.52342099  0.99976227
3891.52480985  0.99961557
3891.52619872  1.00001669
3891.52758759  1.00060450
3891.52897646  1.00015592
3891.53036533  0.99977129
3891.53175420  0.99972274
3891.53314307  0.99995037
3891.53453193  0.99983766
3891.53592080  0.99968496
3891.53730967  1.00008600
3891.53869854  0.99968318
3891.54008741  1.00015000
3891.54147628  1.00018509
3891.54286515  1.00033941
3891.54425401  1.00010930
3891.54564288  0.99978491
3891.54703175  0.99952733
3891.54842062  1.00033957
3891.54980949  0.99982281
3891.55119836  1.00008793
3891.55258723  0.99951942
3891.55397609  1.00028897
3891.55536496  1.00000648
3891.55675383  1.00046684
3891.55814270  0.99987013
3891.55953157  0.99953653
3891.56092044  1.00018224
3891.56230931  0.99981506
3891.56369817  0.99991132
3891.56508704  0.99974475
3891.56647591  0.99979393
3891.56786478  0.99960436
3891.56925365  0.99978853
3891.57064252  0.99975116
3891.57203138  0.99949041
3891.57342025  1.00021621
3891.57480912  0.99996240
3891.57619799  0.99989960
3891.57758686  1.00040967
3891.57897573  0.99995079
3891.58036460  1.00058348
3891.58175346  1.00019228
3891.58314233  1.00043330
3891.58453120  1.00059304
3891.58592007  1.00011622
3891.58730894  1.00021932
3891.58869781  1.00044369
3891.59008667  0.99966046
3891.59147554  1.00007056
3891.59286441  1.00019102
3891.59425328  1.00007840
3891.59564215  1.00001912
3891.59703102  1.00013247
3891.59841988  1.00013126
3891.59980875  1.00007955
3891.60119762  0.99957877
3891.60258649  0.99996964
3891.60397536  1.00047367
3891.60536423  1.00028753
3891.60675309  0.99990830
3891.60814196  0.99981236
3891.60953083  1.00004805
3891.61091970  0.99900788
3891.61230857  0.99987958
3891.61369744  0.99972618
3891.61508630  1.00047243
3891.61647517  0.99946280
3891.61786404  0.99931294
3891.61925291  0.99966282
3891.62064178  1.00010565
3891.62203065  0.99999191
3891.62341951  1.00007371
3891.62480838  1.00021505
3891.62619725  1.00003903
3891.62758612  0.99968366
3891.62897499  0.99970939
3891.63036386  0.99984695
3891.63175272  1.00004692
3891.63314159  1.00035068
3891.63453046  0.99988471
3891.63591933  0.99973300
3891.63730820  0.99974738
3891.63869706  0.99974748
3891.64008593  1.00062921
3891.64147480  1.00004501
3891.64286367  0.99981240
3891.64425254  1.00003344
3891.64564141  0.99982753
3891.64703027  1.00011212
3891.64841914  0.99941689
3891.64980801  0.99958771
3891.65119688  0.99965047
3891.65258575  0.99957301
3891.65397461  0.99995404
3891.65536348  0.99933878
3891.65675235  1.00009324
3891.65814122  1.00022027
3891.65953009  1.00038437
3891.66091896  0.99990223
3891.66230782  0.99965156
3891.66369669  1.00049086
3891.66508556  1.00069750
3891.66647443  1.00027513
3891.66786330  1.00132509
3891.66925216  1.00060075
3891.67064103  1.00002723
3891.67202990  1.00027512
3891.67341877  1.00035683
3891.67480764  1.00005824
3891.67619651  0.99965177
3891.67758537  0.99951417
3891.67897424  1.00001895
3891.68036311  1.00022475
3891.68175198  1.00001372
3891.68314085  0.99998905
3891.68452971  1.00037938
3891.68591858  1.00010000
3891.68730745  0.99990452
3891.68869632  1.00043532
3891.69008519  0.99928267
3891.69147405  1.00023051
3891.69286292  0.99983989
3891.69425179  1.00019271
3891.69564066  0.99970964
3891.69702953  0.99989039
3891.69841839  0.99995029
3891.69980726  0.99985584
3891.70119613  0.99989890
3891.70258500  0.99950489
3891.70397387  1.00019960
3891.70536273  0.99992997
3891.70675160  0.99978856
3891.70814047  1.00013762
3891.70952934  0.99995248
3891.71091821  1.00018733
3891.71230707  0.99949744
3891.71369594  1.00016581
3891.71508481  0.99996252
3891.71647368  0.99952200
3891.71786255  0.99976051
3891.71925141  1.00059295
3891.72064028  1.00008695
3891.72202915  0.99976956
3891.72341802  0.99975973
3891.72480689  0.99990922
3891.72619575  0.99927556
3891.72758462  0.99988650
3891.72897349  1.00031577
3891.73036236  0.99977221
3891.73175123  0.99913347
3891.73314009  1.00005610
3891.73452896  0.99994762
3891.73591783  0.99985254
3891.73730670  0.99984526
3891.73869557  1.00000160
3891.74008443  0.99986131
3891.74147330  0.99984216
3891.74286217  1.00083678
3891.74425104  1.00352516
3891.74563990  1.00332797
3891.74702877  1.00311330
3891.74841764  1.00286530
3891.74980651  1.00312985
3891.75119538  1.00243134
3891.75258424  1.00200534
3891.75397311  1.00178810
3891.75536198  1.00116125
3891.75675085  1.00140007
3891.75813971  1.00130856
3891.75952858  1.00132411
3891.76091745  1.00097805
3891.76230632  1.00071379
3891.76369519  1.00090131
3891.76508405  1.00034450
3891.76647292  1.00086095
3891.76786179  1.00012222
3891.76925066  1.00075418
3891.77063953  0.99985908
3891.77202839  1.00063829
3891.77341726  1.00050220
3891.77480613  1.00012719
3891.77619500  0.99978168
3891.77758386  1.00025256
3891.77897273  1.00049277
3891.78036160  1.00008831
3891.78175047  1.00039895
3891.78313933  0.99990411
3891.78452820  0.99977219
3891.78591707  1.00046307
3891.78730594  1.00039174
3891.78869481  1.00015262
3891.79008367  1.00042049
3891.79147254  1.00013145
3891.79286141  0.99971864
3891.79425028  1.00011858
3891.79563914  0.99986531
3891.79702801  0.99978023
3891.79841688  1.00015027
3891.79980575  0.99994749
3891.80119461  1.00018800
3891.80258348  0.99998083
3891.80397235  0.99997491
3891.80536122  1.00034269
3891.80675009  0.99960587
3891.80813895  0.99937378
3891.80952782  0.99912950
3891.81091669  0.99954217
3891.81230556  0.99975372
3891.81369442  0.99949214
3891.81508329  0.99977593
3891.81647216  0.99965484
3891.81786103  1.00009218
3891.81924989  1.00006575
3891.82063876  1.00002779
3891.82202763  0.99989800
3891.82341650  1.00035015
3891.82480536  1.00032808
3891.82619423  0.99998710
3891.82758310  1.00038523
3891.82897197  1.00031475
3891.83036084  1.00043844
3891.83174970  1.00012546
3891.83313857  0.99992263
3891.83452744  1.00018395
3891.83591631  0.99998164
3891.83730517  0.99977748
3891.83869404  1.00006548
3891.84008291  1.00019608
3891.84147178  0.99971389
3891.84286064  0.99993086
3891.84424951  1.00012481
3891.84563838  1.00019109
3891.84702725  1.00161808
3891.84841611  1.01117914
3891.84980498  1.00698579
3891.85119385  1.00442241
3891.85258272  1.00368447
3891.85397158  1.00369235
3891.85536045  1.00228894
3891.85674932  1.00232795
3891.85813819  1.00195479
3891.85952705  1.00176381
3891.86091592  1.00133491
3891.86230479  1.00180869
3891.86369366  1.00129279
3891.86508252  1.00108133
3891.86647139  1.00100000
3891.86786026  1.00085768
3891.86924913  1.00163567
3891.87063799  1.00128641
3891.87202686  1.00033913
3891.87341573  1.00090583
3891.87480460  1.00096359
3891.87619346  1.00046733
3891.87758233  1.00084455
3891.87897120  1.00092053
3891.88036006  1.00134353
3891.88174893  1.00041606
3891.88313780  1.00128308
3891.88452667  1.00070899
3891.88591553  1.00092755
3891.88730440  1.00031107
3891.88869327  1.00015323
3891.89008214  1.00040932
3891.89147100  1.00029852
3891.89285987  1.00030140
3891.89424874  1.00051574
3891.89563761  1.00061320
3891.89702647  1.00006874
3891.89841534  0.99998300
3891.89980421  1.00048442
3891.90119308  1.00007120
3891.90258194  1.00041603
3891.90397081  1.00074029
3891.90535968  1.00034571
3891.90674854  1.00034493
3891.90813741  1.00045844
3891.90952628  1.00022095
3891.91091515  1.00046892
3891.91230401  1.00020916
3891.91369288  1.00023065
3891.91508175  0.99981966
3891.91647062  1.00017840
3891.91785948  1.00025333
3891.91924835  0.99987004
3891.92063722  0.99978126
3891.92202608  1.00002323
3891.92341495  0.99996553
3891.92480382  1.00038515
3891.92619269  0.99960762
3891.92758155  1.00038710
3891.92897042  1.00004298
3891.93035929  0.99979797
3891.93174816  0.99979035
3891.93313702  0.99993669
3891.93452589  1.00026963
3891.93591476  1.00016189
3891.93730362  1.00076283
3891.93869249  1.00027010
3891.94008136  0.99991460
3891.94147023  0.99954763
3891.94285909  1.00008743
3891.94424796  0.99951155
3891.94563683  1.00030029
3891.94702569  1.00002962
3891.94841456  0.99937721
3891.94980343  0.99947823
3891.95119230  1.00114938
3891.95258116  1.00488634
3891.95397003  1.00499102
3891.95535890  1.00548577
3891.95813663  1.00542144
3891.95952550  1.00482293
3891.96091437  1.00333427
3891.96230323  1.00299334
3891.96369210  1.00288792
3891.96508097  1.00191246
3891.96646983  1.00233951
3891.96785870  1.00244596
3891.96924757  1.00165901
3891.97063644  1.00282667
3891.97202530  1.00162190
3891.97341417  1.00149644
3891.97480304  1.00158325
3891.97619190  1.00132529
3891.97758077  1.00139267
3891.97896964  1.00064965
3891.98035851  1.00044337
3891.98174737  1.00079769
3891.98313624  1.00068043
3891.98452511  1.00034599
3891.98591397  1.00047143
3891.98730284  1.00031870
3891.98869171  1.00056573
3891.99008057  1.00056665
3891.99146944  1.00055113
3891.99285831  1.00076929
3891.99424718  1.00060858
3891.99563604  1.00049839
3891.99702491  1.00066579
3891.99841378  1.00003822
3891.99980264  1.00012669
3892.00119151  0.99946850
3892.00258038  0.99997165
3892.00396925  0.99970342
3892.00535811  1.00037662
3892.00674698  0.99975365
3892.00813585  1.00023287
3892.00952471  1.00038805
3892.01091358  0.99982480
3892.01230245  0.99996141
3892.01369131  1.00026747
3892.01508018  0.99979617
3892.01646905  0.99993156
3892.01785791  0.99946876
3892.01924678  0.99962032
3892.02063565  0.99984920
3892.02202452  0.99992897
3892.02341338  1.00017421
3892.02480225  1.00021814
3892.02619112  0.99981774
3892.02757998  1.00008089
3892.02896885  1.00007316
3892.03035772  1.00041617
3892.03174658  0.99983015
3892.03313545  1.00054381
3892.03452432  1.00081903
3892.03591318  0.99990447
3892.03730205  0.99992532
3892.03869092  0.99975163
3892.04007979  1.00003366
3892.04146865  1.00029816
3892.04285752  0.99978617
3892.04424639  1.00012978
3892.04563525  0.99983581
3892.04702412  0.99998545
3892.04841299  0.99964176
3892.04980185  0.99989449
3892.05119072  1.00009106
3892.05257959  0.99987399
3892.05396845  1.00001128
3892.05535732  1.00022076
3892.05674619  1.00014689
3892.05813505  0.99958926
3892.05952392  1.00032006
3892.06091279  1.00051395
3892.06230165  0.99962275
3892.06369052  1.00059999
3892.06507939  0.99994229
3892.06646825  0.99991379
3892.06785712  0.99963697
3892.06924599  1.00037276
3892.07063485  1.00013488
3892.07202372  0.99937381
3892.07341259  1.00000084
3892.07480145  0.99974615
3892.07619032  0.99983966
3892.07757919  0.99973728
3892.07896806  0.99997532
3892.08035692  0.99954092
3892.08174579  1.00000372
3892.08313466  1.00015582
3892.08452352  1.00012452
3892.08591239  0.99980432
3892.08730126  0.99944558
3892.08869012  1.00019968
3892.09007899  0.99981829
3892.09146786  1.00021151
3892.09285672  0.99973913
3892.09424559  1.00005220
3892.09563446  0.99967121
3892.09702332  0.99975819
3892.09841219  0.99951496
3892.09980106  0.99953571
3892.10118992  1.00022762
3892.10257879  1.00025729
3892.10396766  0.99939325
3892.10535652  1.00007631
3892.10674539  1.00026954
3892.10813426  0.99963691
3892.10952312  0.99994913
3892.11091199  0.99961509
3892.11230086  0.99967271
3892.11368972  1.00032183
3892.11507859  1.00037397
3892.11646746  0.99983575
3892.11785632  0.99989005
3892.11924519  0.99966571
3892.12063406  0.99969892
3892.12202292  1.00068270
3892.12341179  0.99945640
3892.12480065  1.00023705
3892.12618952  0.99961851
3892.12757839  0.99952816
3892.12896725  0.99945340
3892.13035612  0.99993940
3892.13174499  0.99954825
3892.13313385  1.00004426
3892.13452272  1.00003675
3892.13591159  1.00050624
3892.13730045  0.99976117
3892.13868932  0.99960223
3892.14007819  1.00033678
3892.14146705  0.99926656
3892.14285592  0.99972948
3892.14424479  1.00041978
3892.14563365  0.99977456
3892.14702252  1.00021529
3892.14841139  0.99974101
3892.14980025  0.99932440
3892.15118912  0.99955762
3892.15257799  0.99990903
3892.15396685  0.99971168
3892.15535572  1.00000021
3892.15674458  0.99942700
3892.15813345  0.99915042
3892.15952232  0.99971681
3892.16091118  0.99990738
3892.16230005  0.99971130
3892.16368892  0.99968502
3892.16507778  0.99976662
3892.16646665  0.99957597
3892.16785552  1.00009821
3892.16924438  0.99962374
3892.17063325  1.00017547
3892.17202212  0.99903075
3892.17341098  0.99945981
3892.17479985  0.99981951
3892.17618872  0.99965529
3892.17757758  0.99881494
3892.17896645  0.99938289
3892.18035531  1.00002929
3892.18174418  0.99994050
3892.18313305  0.99958811
3892.18452191  1.00050850
3892.18591078  1.00131641
3892.18729965  1.00099355
3892.18868851  1.00059573
3892.19007738  1.00069097
3892.19146625  1.00069124
3892.19285511  1.00079237
3892.19424398  1.00072340
3892.19563284  1.00118821
3892.19702171  1.00034940
3892.19841058  1.00086265
3892.19979944  1.00036364
3892.20118831  1.00010434
3892.20257718  1.00020341
3892.20396604  1.00126233
3892.20535491  1.00095806
3892.20674377  1.00054659
3892.20813264  1.00017034
3892.20952151  0.99996286
3892.21091037  1.00034105
3892.21229924  1.00015753
3892.21368811  0.99994441
3892.21507697  1.00000554
3892.21646584  0.99992442
3892.21785471  0.99995368
3892.21924357  0.99994624
3892.22063244  0.99978444
3892.22202130  0.99994472
3892.22341017  0.99989968
3892.22479904  1.00041396
3892.22618790  1.00040420
3892.22757677  1.00014622
3892.22896563  1.00005959
3892.23035450  0.99968137
3892.23174337  0.99964708
3892.23313223  1.00001799
3892.23452110  0.99975255
3892.23590997  0.99995091
3892.23729883  0.99973037
3892.23868770  1.00021813
3892.24007656  1.00009953
3892.24146543  0.99970541
3892.24285430  0.99937208
3892.24424316  0.99971848
3892.24563203  0.99955075
3892.24702090  1.00001138
3892.24840976  0.99950529
3892.24979863  1.00049229
3892.25118749  1.00008127
3892.25257636  1.00006252
3892.25396523  1.00024260
3892.25535409  0.99977657
3892.25674296  1.00037733
3892.25813182  1.00044147
3892.25952069  1.00041207
3892.26090956  1.00026123
3892.26229842  0.99986564
3892.26368729  1.00038087
3892.26507616  1.00005095
3892.26646502  0.99996605
3892.26785389  1.00009232
3892.26924275  0.99988108
3892.27063162  1.00018446
3892.27202049  1.00017352
3892.27340935  1.00016483
3892.27479822  1.00005406
3892.27618708  1.00062528
3892.27757595  0.99976944
3892.27896482  1.00013071
3892.28035368  1.00007525
3892.28174255  0.99995752
3892.28313141  0.99941351
3892.28452028  1.00032233
3892.28590915  0.99947991
3892.28729801  0.99961691
3892.28868688  0.99970304
3892.29007574  1.00007079
3892.29146461  0.99965977
3892.29285348  1.00044833
3892.29424234  0.99972637
3892.29563121  0.99989382
3892.29702007  0.99953676
3892.29840894  0.99994168
3892.29979781  0.99990503
3892.30118667  1.00045384
3892.30257554  1.00023352
3892.30396440  0.99986655
3892.30535327  1.00052010
3892.30674214  1.00035503
3892.30813100  0.99995364
3892.30951987  1.00018864
3892.31090873  0.99993376
3892.31229760  0.99984339
3892.31368647  1.00002704
3892.31507533  1.00033634
3892.31646420  0.99994504
3892.31785306  0.99990846
3892.31924193  0.99959217
3892.32063080  1.00009510
3892.32201966  1.00024661
3892.32340853  0.99936132
3892.32479739  0.99975175
3892.32618626  0.99973764
3892.32757513  1.00059493
3892.32896399  0.99976904
3892.33035286  0.99976171
3892.33174172  0.99928399
3892.33313059  0.99970874
3892.33451946  0.99954158
3892.33590832  0.99927220
3892.33729719  1.00022912
3892.33868605  1.00016005
3892.34007492  0.99992057
3892.34146378  0.99983256
3892.34285265  0.99977968
3892.34424152  0.99991589
3892.34563038  0.99966178
3892.34701925  0.99985116
3892.34840811  0.99996404
3892.34979698  0.99979825
3892.35118585  0.99988380
3892.35257471  0.99964287
3892.35396358  0.99974663
3892.35535244  1.00024404
3892.35674131  1.00010158
3892.35813017  0.99982426
3892.35951904  1.00005115
3892.36090791  0.99943510
3892.36229677  0.99985396
3892.36368564  1.00031757
3892.36507450  1.00013451
3892.36646337  0.99996883
3892.36785223  0.99972557
3892.36924110  1.00014043
3892.37062997  1.00013844
3892.37201883  1.00013679
3892.37340770  0.99952537
3892.37479656  1.00037106
3892.37618543  0.99943850
3892.37757430  0.99980729
3892.37896316  1.00009693
3892.38035203  1.00011999
3892.38174089  0.99986621
3892.38312976  1.00071899
3892.38451862  1.00026713
3892.38590749  0.99947015
3892.38729636  1.00042360
3892.38868522  0.99985320
3892.39007409  1.00013536
3892.39146295  0.99971246
3892.39285182  0.99963243
3892.39424068  1.00052214
3892.39562955  1.00029371
3892.39701842  0.99935085
3892.39840728  1.00046638
3892.39979615  1.00000560
3892.40118501  0.99952941
3892.40257388  1.00005644
3892.40396274  0.99986896
3892.40535161  0.99967341
3892.40674047  0.99992318
3892.40812934  0.99913502
3892.40951821  1.00028380
3892.41090707  1.00039395
3892.41229594  1.00004846
3892.41368480  0.99928731
3892.41507367  1.00000489
3892.41646253  0.99922952
3892.41785140  0.99949206
3892.41924026  1.00034397
3892.42062913  1.00018577
3892.42201800  0.99967085
3892.42340686  1.00051266
3892.42479573  1.00055172
3892.42618459  0.99961519
3892.42757346  0.99991372
3892.42896232  1.00024665
3892.43035119  1.00013182
3892.43174006  0.99995492
3892.43312892  1.00028082
3892.43451779  0.99939949
3892.43590665  0.99976237
3892.43729552  0.99976176
3892.43868438  1.00027160
3892.44007325  0.99960083
3892.44146211  0.99941030
3892.44285098  0.99902638
3892.44423985  0.99985875
3892.44562871  0.99948210
3892.44701758  0.99935374
3892.44840644  0.99946789
3892.44979531  0.99999287
3892.45118417  0.99926651
3892.45257304  1.00022731
3892.45396190  0.99961338
3892.45535077  0.99974755
3892.45673963  0.99933372
3892.45812850  0.99973449
3892.45951737  0.99950132
3892.46090623  0.99992803
3892.46229510  0.99947485
3892.46368396  0.99977015
3892.46507283  0.99934343
3892.46646169  0.99983631
3892.46785056  0.99946451
3892.46923942  0.99976809
3892.47062829  1.00023054
3892.47201715  1.00070468
3892.47340602  1.00022921
3892.47479489  0.99997626
3892.47618375  1.00030168
3892.47757262  1.00023284
3892.47896148  0.99999292
3892.48035035  1.00015960
3892.48173921  1.00004181
3892.48312808  1.00003012
3892.48451694  0.99961356
3892.48590581  0.99992370
3892.48729467  1.00022768
3892.48868354  1.00017775
3892.49007240  1.00055344
3892.49146127  1.00011857
3892.49285014  1.00073430
3892.49423900  1.00027391
3892.49562787  1.00039316
3892.49701673  1.00040734
3892.49840560  1.00095189
3892.49979446  1.00093353
3892.50118333  1.00054845
3892.50257219  1.00008473
3892.50396106  0.99998648
3892.50534992  1.00042961
3892.50673879  1.00063060
3892.50812765  1.00055634
3892.50951652  1.00063049
3892.51090538  0.99987280
3892.51229425  1.00016055
3892.51368312  1.00048109
3892.51507198  1.00079278
3892.51646085  1.00017420
3892.51784971  1.00052735
3892.51923858  1.00048165
3892.52062744  1.00070139
3892.52201631  1.00031153
3892.52340517  0.99998293
3892.52479404  1.00078252
3892.52618290  0.99991278
3892.52757177  0.99999595
3892.52896063  0.99998592
3892.53034950  0.99986281
3892.53173836  0.99977765
3892.53312723  1.00037699
3892.53451609  0.99990265
3892.53590496  1.00068579
3892.53729382  1.00068252
3892.53868269  1.00010910
3892.54007155  0.99959387
3892.54146042  0.99957667
3892.54284929  1.00010212
3892.54423815  1.00005924
3892.54562702  1.00024845
3892.54701588  0.99974820
3892.54840475  1.00004995
3892.54979361  0.99967299
3892.55118248  1.00046716
3892.55257134  1.00081916
3892.55396021  0.99984308
3892.55534907  1.00019550
3892.55673794  0.99998203
3892.55812680  0.99976112
3892.55951567  1.00023794
3892.56090453  1.00015776
3892.56229340  1.00029690
3892.56368226  0.99951163
3892.56507113  1.00002156
3892.56645999  1.00005749
3892.56784886  0.99992162
3892.56923772  0.99970623
3892.57062659  1.00003977
3892.57201545  0.99996834
3892.57340432  1.00033135
3892.57479318  1.00000736
3892.57618205  0.99994984
3892.57757091  0.99971711
3892.57895978  0.99964876
3892.58034864  1.00045232
3892.58173751  1.00003877
3892.58312637  1.00013345
3892.58451524  1.00022859
3892.58590410  1.00021568
3892.58729297  1.00011848
3892.58868183  1.00071456
3892.59007070  0.99977530
3892.59145956  1.00019630
3892.59284843  0.99967193
3892.59423729  0.99950325
3892.59562616  0.99933284
3892.59701502  0.99998088
3892.59840389  0.99993809
3892.59979275  0.99912291
3892.60118162  0.99920777
3892.60257048  0.99922576
3892.60395935  0.99977615
3892.60534821  0.99974886
3892.60673708  1.00044024
3892.60812594  0.99959204
3892.60951481  0.99960032
3892.61090367  0.99994006
3892.61229254  0.99977481
3892.61368140  1.00000154
3892.61507027  1.00039582
3892.61645913  0.99944159
3892.61784800  1.00038951
3892.61923686  1.00053889
3892.62062573  1.00021905
3892.62201459  1.00004293
3892.62340346  1.00041517
3892.62479232  0.99927470
3892.62618119  0.99999628
3892.62757005  1.00011475
3892.62895892  1.00011425
3892.63034778  1.00032147
3892.63173665  1.00044327
3892.63312551  1.00009290
3892.63451438  1.00052343
3892.63590324  1.00035889
3892.63729211  1.00474900
3892.63868097  1.00459304
3892.64006984  1.00329604
3892.64145870  1.00344122
3892.64284757  1.00241552
3892.64423643  1.00226420
3892.64562530  1.00175422
3892.64701416  1.00190357
3892.64840303  1.00219563
3892.64979189  1.00241818
3892.65118076  1.00123010
3892.65256962  1.00177056
3892.65395849  1.00166450
3892.65534735  1.00131099
3892.65673622  1.00115832
3892.65812508  1.00130834
3892.65951395  1.00130761
3892.66090281  1.00116518
3892.66229168  1.00079227
3892.66368054  1.00108994
3892.66506941  1.00070582
3892.66645827  1.00042710
3892.66784713  1.00052185
3892.66923600  1.00061133
3892.67062486  1.00107880
3892.67201373  1.00079487
3892.67340259  1.00042815
3892.67479146  1.00036740
3892.67618032  1.00029817
3892.67756919  1.00078009
3892.67895805  1.00061866
3892.68034692  1.00059683
3892.68173578  1.00093600
3892.68312465  1.00002683
3892.68451351  1.00089397
3892.68590238  1.00094097
3892.68729124  0.99985911
3892.68868011  1.00014547
3892.69006897  1.00028404
3892.69145784  0.99995663
3892.69284670  1.00028037
3892.69423557  1.00024809
3892.69562443  1.00031993
3892.69701329  0.99996919
3892.69840216  0.99966716
3892.69979102  0.99980118
3892.70117989  1.00000690
3892.70256875  0.99986727
3892.70395762  1.00029177
3892.70534648  1.00032034
3892.70673535  0.99990097
3892.70812421  1.00002297
3892.70951308  0.99984020
3892.71090194  1.00081434
3892.71229081  1.00008435
3892.71367967  1.00050844
3892.71506854  1.00007842
3892.71645740  0.99999455
3892.71784626  1.00026173
3892.71923513  0.99990316
3892.72062399  1.00038476
3892.72201286  0.99988540
3892.72340172  1.00054868
3892.72479059  1.00054534
3892.72617945  1.00024466
3892.72756832  1.00047637
3892.72895718  1.00080334
3892.73034605  0.99994921
3892.73173491  1.00018378
3892.73312378  0.99979717
3892.73451264  1.00005112
3892.73590150  1.00025506
3892.73729037  1.00060384
3892.73867923  1.00055679
3892.74006810  1.00039097
3892.74145696  1.00019570
3892.74284583  1.00064739
3892.74423469  1.00035359
3892.74562356  1.00014034
3892.74701242  1.00007802
3892.74840129  1.00022251
3892.74979015  1.00101696
3892.75117902  1.00033908
3892.75256788  1.00027806
3892.75395674  1.00002175
3892.75534561  0.99943818
3892.75673447  1.00038171
3892.75812334  1.00060830
3892.75951220  1.00040001
3892.76090107  0.99971620
3892.76228993  0.99990088
3892.76367880  1.00000216
3892.76506766  0.99986832
3892.76645652  1.00068782
3892.76784539  0.99990542
3892.76923425  1.00015517
3892.77062312  0.99989010
3892.77201198  1.00009723
3892.77340085  1.00012882
3892.77478971  1.00002398
3892.77617858  1.00085461
3892.77756744  0.99987130
3892.77895630  1.00006034
3892.78034517  1.00014708
3892.78173403  1.00038630
3892.78312290  0.99973109
3892.78451176  0.99970223
3892.78590063  0.99980160
3892.78728949  0.99978548
3892.78867836  1.00024715
3892.79006722  1.00053760
3892.79145608  1.00013978
3892.79284495  0.99950355
3892.79423381  1.00048784
3892.79562268  1.00023199
3892.79701154  1.00001834
3892.79840041  0.99981862
3892.79978927  1.00042366
3892.80117814  1.00055584
3892.80256700  0.99997685
3892.80395586  1.00045398
3892.80534473  1.00061317
3892.80673359  1.00021185
3892.80812246  1.00010837
3892.80951132  1.00007892
3892.81090019  1.00033910
3892.81228905  1.00007707
3892.81367791  1.00045780
3892.81506678  0.99993076
3892.81645564  1.00016070
3892.81784451  1.00019169
3892.81923337  1.00068219
3892.82062224  1.00166884
3892.82201110  1.00837630
3892.82339997  1.00844443
3892.82478883  1.00684980
3892.82617769  1.00454383
3892.82756656  1.00401702
3892.82895542  1.00410486
3892.83034429  1.00413683
3892.83173315  1.00342393
3892.83312202  1.00337973
3892.83451088  1.00246773
3892.83589974  1.00209712
3892.83728861  1.00180308
3892.83867747  1.00184971
3892.84006634  1.00182981
3892.84145520  1.00155106
3892.84284407  1.00130049
3892.84423293  1.00163589
3892.84562179  1.00124384
3892.84701066  1.00071725
3892.84839952  1.00156231
3892.84978839  1.00156814
3892.85117725  1.00075951
3892.85256611  1.00090885
3892.85395498  1.00047075
3892.85534384  1.00064818
3892.85673271  1.00092063
3892.85812157  1.00102760
3892.85951044  1.00055217
3892.86089930  1.00077693
3892.86228816  1.00063225
3892.86367703  1.00037508
3892.86506589  1.00032817
3892.86645476  1.00036803
3892.86784362  1.00009845
3892.86923249  1.00103072
3892.87062135  1.00019659
3892.87201021  1.00025317
3892.87339908  1.00038505
3892.87478794  1.00017906
3892.87617681  1.00028961
3892.87756567  1.00053509
3892.87895453  1.00072285
3892.88034340  1.00052633
3892.88173226  1.00069620
3892.88312113  1.00021620
3892.88450999  0.99948686
3892.88589885  0.99986288
3892.88728772  1.00047861
3892.88867658  1.00028276
3892.89006545  1.00036545
3892.89145431  1.00014907
3892.89284318  1.00016007
3892.89423204  1.00031113
3892.89562090  0.99985267
3892.89700977  0.99979629
3892.89839863  1.00011540
3892.89978750  0.99946714
3892.90117636  1.00043671
3892.90256522  0.99984281
3892.90395409  0.99976314
3892.90534295  1.00008736
3892.90673182  0.99978709
3892.90812068  0.99996653
3892.90950954  1.00024712
3892.91089841  1.00056607
3892.91228727  0.99991544
3892.91367614  1.00039313
3892.91506500  1.00026982
3892.91645386  1.00025579
3892.91784273  1.00047543
3892.91923159  1.00033584
3892.92062046  1.00015889
3892.92200932  1.00031435
3892.92339818  0.99998012
3892.92478705  1.00021993
3892.92617591  1.00068762
3892.92756478  1.00068944
3892.92895364  0.99995116
3892.93034250  1.00046661
3892.93173137  1.00095014
3892.93312023  1.00081761
3892.93450910  1.00058913
3892.93589796  1.00044375
3892.93728682  1.00062506
3892.93867569  1.00055811
3892.94006455  1.00004665
3892.94145342  0.99989248
3892.94284228  1.00047075
3892.94423114  1.00008816
3892.94562001  1.00024354
3892.94700887  1.00062738
3892.94839774  1.00012874
3892.94978660  1.00008247
3892.95117546  1.00064556
3892.95256433  0.99987718
3892.95395319  1.00012063
3892.95534206  0.99995581
3892.95673092  1.00029464
3892.95811978  1.00004982
3892.95950865  1.00002132
3892.96089751  1.00000573
3892.96228638  0.99989220
3892.96367524  1.00014941
3892.96506410  1.00053508
3892.96645297  0.99973290
3892.96784183  0.99967002
3892.96923070  1.00014108
3892.97061956  1.00063620
3892.97200842  1.00052148
3892.97339729  1.00015346
3892.97478615  1.00011592
3892.97617501  1.00010827
3892.97756388  1.00078225
3892.97895274  0.99974004
3892.98034161  1.00042639
3892.98173047  1.00037416
3892.98311933  1.00033172
3892.98450820  0.99987398
3892.98589706  1.00028659
3892.98728593  0.99997818
3892.98867479  1.00032177
3892.99006365  0.99971559
3892.99145252  1.00054915
3892.99284138  1.00041334
3892.99423024  1.00038883
3892.99561911  0.99950104
3892.99700797  0.99985830
3892.99839684  1.00021752
3892.99978570  1.00031301
3893.00117456  1.00029240
3893.00256343  0.99944443
3893.00395229  0.99965069
3893.00534115  1.00055165
3893.00673002  1.00018314
3893.00811888  0.99987021
3893.00950775  0.99991639
3893.01089661  1.00033178
3893.01228547  1.00027520
3893.01367434  0.99983907
3893.01506320  1.00039267
3893.01645206  1.00037317
3893.01784093  0.99983341
3893.01922979  0.99991677
3893.02061866  0.99991562
3893.02200752  1.00007797
3893.02339638  1.00399901
3893.02478525  1.00644205
3893.02617411  1.00419682
3893.02756297  1.00282815
3893.02895184  1.00199711
3893.03034070  1.00182280
3893.03172957  1.00179998
3893.03311843  1.00158960
3893.03450729  1.00086788
3893.03589616  1.00127500
3893.03728502  1.00094484
3893.03867388  1.00097932
3893.04006275  1.00090195
3893.04145161  1.00069607
3893.04284048  1.00075290
3893.04422934  1.00091934
3893.04561820  1.00072920
3893.04700707  1.00076049
3893.04839593  1.00099506
3893.04978479  1.00006103
3893.05117366  1.00051616
3893.05256252  1.00057088
3893.05395138  1.00021654
3893.05534025  1.00006844
3893.05672911  1.00021489
3893.05811798  1.00040414
3893.05950684  1.00003317
3893.06089570  1.00058402
3893.06228457  1.00062137
3893.06367343  1.00107298
3893.06506229  1.00131125
3893.06645116  1.00073324
3893.06784002  1.00091483
3893.06922888  1.00059953
3893.07061775  1.00096154
3893.07200661  1.00116652
3893.07339547  1.00109841
3893.07478434  1.00047881
3893.07617320  1.00062611
3893.07756207  1.00098757
3893.07895093  1.00091250
3893.08033979  1.00042782
3893.08172866  1.00102106
3893.08311752  1.00076274
3893.08450638  1.00086028
3893.08589525  1.00042218
3893.08728411  1.00038685
3893.08867297  1.00086761
3893.09006184  1.00082311
3893.09145070  1.00064244
3893.09283956  1.00037095
3893.09422843  1.00007969
3893.09561729  1.00002503
3893.09700616  0.99996781
3893.09839502  1.00035112
3893.09978388  1.00066364
3893.10117275  1.00079289
3893.10256161  0.99984103
3893.10395047  1.00034027
3893.10533934  1.00047726
3893.10672820  1.00057038
3893.10811706  1.00065813
3893.10950593  1.00010643
3893.11089479  0.99987285
3893.11228365  1.00009832
3893.11367252  1.00046597
3893.11506138  1.00012103
3893.11645024  1.00005082
3893.11783911  1.00044088
3893.11922797  1.00075443
3893.12061683  1.00080958
3893.12200570  1.00095455
3893.12339456  1.00006581
3893.12478342  1.00015574
3893.12617229  1.00021108
3893.12756115  0.99974638
3893.12895002  1.00035840
3893.13033888  1.00021374
3893.13172774  0.99993242
3893.13311661  1.00031085
3893.13450547  1.00067178
3893.13589433  0.99990790
3893.13728320  1.00027585
3893.13867206  1.00077404
3893.14006092  1.00052498
3893.14144979  1.00069980
3893.14283865  1.00003305
3893.14422751  1.00015176
3893.14561638  1.00035894
3893.14700524  1.00033708
3893.14839410  1.00037663
3893.14978297  1.00086073
3893.15117183  1.00102328
3893.15256069  1.00230258
3893.15394956  1.00095059
3893.15533842  1.00045829
3893.15672728  1.00110468
3893.15811615  1.00019295
3893.15950501  1.00111709
3893.16089387  1.00172867
3893.16228274  1.00151999
3893.16367160  1.00097877
3893.16506046  1.00048983
3893.16644933  1.00061220
3893.16783819  1.00058625
3893.16922705  1.00004001
3893.17061592  1.00033820
3893.17200478  0.99978262
3893.17339364  1.00051701
3893.17478251  1.00044725
3893.17617137  1.00032654
3893.17756023  0.99970935
3893.17894910  1.00035161
3893.18033796  1.00024262
3893.18172682  1.00002763
3893.18311569  1.00006877
3893.18450455  1.00037026
3893.18589341  1.00065391
3893.18728228  1.00042378
3893.18867114  1.00042645
3893.19006000  1.00010330
3893.19144887  1.00024037
3893.19283773  0.99995161
3893.19422659  0.99972943
3893.19561546  0.99934946
3893.19700432  0.99981299
3893.19839318  1.00001099
3893.19978205  1.00018272
3893.20117091  1.00007902
3893.20255977  1.00000820
3893.20394863  0.99992942
3893.20533750  1.00039912
3893.20672636  1.00003911
3893.20811522  1.00049947
3893.20950409  1.00020169
3893.21089295  1.00049094
3893.21228181  0.99972602
3893.21367068  1.00010309
3893.21505954  1.00003725
3893.21644840  1.00051100
3893.21783727  1.00088008
3893.21922613  0.99988897
3893.22061499  0.99969614
3893.22200386  0.99990649
3893.22339272  1.00084868
3893.22478158  1.00031521
3893.22617045  1.00055704
3893.22755931  1.00009418
3893.22894817  1.00023645
3893.23033704  0.99994115
3893.23172590  0.99977098
3893.23311476  0.99990980
3893.23450362  1.00043382
3893.23589249  1.00041208
3893.23728135  1.00012582
3893.23867021  0.99993307
3893.24005908  1.00006409
3893.24144794  0.99954491
3893.24283680  1.00070734
3893.24422567  1.00076415
3893.24561453  0.99990739
3893.24700339  1.00065363
3893.24839226  0.99977762
3893.24978112  1.00025752
3893.25116998  0.99995739
3893.25255885  1.00022475
3893.25394771  1.00084901
3893.25533657  1.00020265
3893.25672543  1.00050959
3893.25811430  0.99990634
3893.25950316  1.00036119
3893.26089202  0.99984382
3893.26228089  1.00051087
3893.26366975  1.00026065
3893.26505861  1.00030444
3893.26644748  1.00028872
3893.26783634  0.99985838
3893.26922520  1.00046414
3893.27061407  1.00056563
3893.27200293  0.99986791
3893.27339179  1.00038995
3893.27478065  1.00021826
3893.27616952  1.00046019
3893.27755838  0.99987762
3893.27894724  1.00000646
3893.28033611  1.00020905
3893.28172497  1.00068782
3893.28311383  1.00023204
3893.28450270  1.00054664
3893.28589156  0.99981140
3893.28728042  0.99988252
3893.28866929  1.00013038
3893.29005815  1.00000990
3893.29144701  1.00068296
3893.29283587  0.99983442
3893.29422474  1.00015497
3893.29561360  0.99957149
3893.29700246  1.00005426
3893.29839133  0.99973701
3893.29978019  0.99997458
3893.30116905  0.99994359
3893.30255792  1.00050148
3893.30394678  1.00026774
3893.30533564  1.00068958
3893.30672450  0.99973599
3893.30811337  0.99973188
3893.30950223  1.00017145
3893.31089109  0.99997982
3893.31227996  1.00021334
3893.31366882  1.00028618
3893.31505768  1.00050122
3893.31644654  1.00010732
3893.31783541  1.00035396
3893.31922427  1.00065642
3893.32061313  1.00015583
3893.32200200  1.00037378
3893.32339086  1.00093887
3893.32477972  0.99941813
3893.32616859  1.00055591
3893.32755745  1.00044354
3893.32894631  1.00026517
3893.33033517  1.00007043
3893.33172404  1.00034284
3893.33311290  0.99977177
3893.33450176  1.00014809
3893.33589063  1.00027330
3893.33727949  1.00048883
3893.33866835  1.00001328
3893.34005721  1.00029903
3893.34144608  1.00005193
3893.34283494  1.00023756
3893.34422380  1.00060064
3893.34561267  1.00067830
3893.34700153  1.00051355
3893.34839039  1.00001357
3893.34977925  1.00040916
3893.35116812  1.00018197
3893.35255698  0.99995935
3893.35394584  0.99982354
3893.35533471  1.00012908
3893.35672357  1.00040721
3893.35811243  1.00081443
3893.35950129  1.00114630
3893.36089016  1.00023985
3893.36227902  1.00040410
3893.36366788  1.00015101
3893.36505675  0.99994167
3893.36644561  0.99969509
3893.36783447  0.99982900
3893.36922333  0.99957252
3893.37061220  1.00011282
3893.37200106  1.00037757
3893.37338992  1.00041118
3893.37477879  1.00006278
3893.37616765  1.00024383
3893.37755651  1.00039150
3893.37894537  1.00069049
3893.38033424  0.99977030
3893.38172310  1.00037113
3893.38311196  1.00042857
3893.38450083  1.00077636
3893.38588969  1.00001569
3893.38727855  0.99998089
3893.38866741  1.00056832
3893.39005628  1.00034421
3893.39144514  1.00077038
3893.39283400  0.99964251
3893.39422286  0.99989892
3893.39561173  0.99999163
3893.39700059  1.00046321
3893.39838945  1.00000863
3893.39977832  1.00060954
3893.40116718  0.99983796
3893.40255604  1.00033213
3893.40394490  1.00028272
3893.40533377  1.00010649
3893.40672263  1.00042716
3893.40811149  1.00049492
3893.41088922  1.00333037
3893.41227808  1.00238231
3893.41366694  1.00191827
3893.41505581  1.00211197
3893.41644467  1.00144992
3893.41783353  1.00142225
3893.41922239  1.00105936
3893.42061126  1.00166892
3893.42200012  1.00122238
3893.42338898  1.00176399
3893.42477784  1.00046084
3893.42616671  1.00079757
3893.42755557  1.00166713
3893.42894443  1.00104664
3893.43033330  1.00191565
3893.43172216  1.00108244
3893.43311102  1.00114790
3893.43449988  1.00048897
3893.43588875  1.00135455
3893.43727761  1.00047646
3893.43866647  1.00115194
3893.44005533  1.00008329
3893.44144420  1.00040616
3893.44283306  1.00070272
3893.44422192  1.00060371
3893.44561078  1.00084271
3893.44699965  1.00111461
3893.44838851  1.00116561
3893.44977737  1.00072840
3893.45116624  1.00114282
3893.45255510  1.00166697
3893.45394396  1.00016396
3893.45533282  1.00120031
3893.45672169  1.00000747
3893.45811055  1.00055913
3893.45949941  1.00056119
3893.46088827  1.00043073
3893.46227714  1.00041980
3893.46366600  1.00065344
3893.46505486  1.00051069
3893.46644372  1.00025767
3893.46783259  1.00152610
3893.46922145  1.00047739
3893.47061031  1.00097966
3893.47199918  1.00181613
3893.47338804  1.00150626
3893.47477690  1.00149562
3893.47616576  1.00105970
3893.47755463  1.00180290
3893.47894349  1.00142837
3893.48033235  1.00125053
3893.48172121  1.00176230
3893.48311008  1.00152196
3893.48449894  1.00201125
3893.48588780  1.00197400
3893.48727666  1.00190950
3893.48866553  1.00174622
3893.49005439  1.00292317
3893.49144325  1.00198035
3893.49283211  1.00170687
3893.49422098  1.00211344
3893.49560984  1.00178559
3893.49699870  1.00188096
3893.49838756  1.00268769
3893.49977643  1.00183287
3893.50116529  1.00252076
3893.50255415  1.00249787
3893.50394301  1.00191079
3893.50533188  1.00254201
3893.50672074  1.00185632
3893.50810960  1.00207902
3893.50949846  1.00201319
3893.51088733  1.00155169
3893.51227619  1.00149066
3893.51366505  1.00174257
3893.51505391  1.00156494
3893.51644278  1.00086740
3893.51783164  1.00202011
3893.51922050  1.00148497
3893.52060936  1.00165621
3893.52199823  1.00146727
3893.52338709  1.00101713
3893.52477595  1.00095553
3893.52616481  1.00171112
3893.52755368  1.00160036
3893.52894254  1.00039871
3893.53033140  1.00035138
3893.53172026  1.00117050
3893.53310913  1.00082749
3893.53449799  1.00112948
3893.53588685  1.00117083
3893.53727571  1.00103502
3893.53866458  1.00085901
3893.54005344  1.00065435
3893.54144230  1.00088454
3893.54283116  1.00098393
3893.54422003  1.00071249
3893.54560889  1.00067406
3893.54699775  1.00060106
3893.54838661  1.00082293
3893.54977548  1.00026639
3893.55116434  1.00115468
3893.55255320  1.00048879
3893.55394206  0.99990288
3893.55533093  1.00045540
3893.55671979  1.00100674
3893.55810865  1.00030676
3893.55949751  1.00024506
3893.56088638  1.00112467
3893.56227524  1.00032811
3893.56366410  1.00083666
3893.56505296  1.00049745
3893.56644183  0.99988376
3893.56783069  1.00082424
3893.56921955  1.00060285
3893.57060841  1.00033334
3893.57199728  1.00008035
3893.57338614  1.00069190
3893.57477500  1.00029699
3893.57616386  0.99991022
3893.57755273  1.00039742
3893.57894159  1.00081503
3893.58033045  1.00033768
3893.58171931  1.00050829
3893.58310817  0.99994039
3893.58449704  0.99991608
3893.58588590  1.00004772
3893.58727476  0.99986527
3893.58866362  1.00006696
3893.59005249  1.00024692
3893.59144135  1.00036192
3893.59283021  1.00063168
3893.59421907  1.00085173
3893.59699680  1.00237905
3893.59977452  1.00247338
3893.60116339  1.00244157
3893.60255225  1.00068108
3893.60394111  1.00169380
3893.60532997  1.00140800
3893.60671883  1.00135971
3893.60810770  1.00049592
3893.60949656  1.00154000
3893.61088542  1.00157235
3893.61227428  1.00130610
3893.61366315  1.00032818
3893.61505201  1.00116186
3893.61644087  1.00061569
3893.61782973  1.00147306
3893.61921860  1.00064925
3893.62060746  1.00147255
3893.62199632  1.00080447
3893.62338518  1.00091236
3893.62477405  1.00057571
3893.62616291  1.00094445
3893.62755177  1.00126935
3893.62894063  1.00060561
3893.63032949  1.00135983
3893.63171836  1.00071873
3893.63310722  1.00088293
3893.63449608  0.99974207
3893.63588494  1.00092961
3893.63727381  1.00008964
3893.63866267  1.00129068
3893.64005153  1.00068286
3893.64144039  1.00046424
3893.64282926  1.00052111
3893.64421812  1.00015167
3893.64560698  1.00043484
3893.64699584  1.00062648
3893.64838470  1.00048648
3893.64977357  1.00127469
3893.65116243  0.99993588
3893.65255129  0.99993941
3893.65394015  0.99991494
3893.65532902  1.00050723
3893.65671788  1.00017539
3893.65810674  1.00046288
3893.65949560  1.00002315
3893.66088447  0.99986590
3893.66227333  1.00000706
3893.66366219  1.00038606
3893.66505105  1.00010448
3893.66643991  0.99894390
3893.66782878  1.00004836
3893.66921764  1.00023475
3893.67060650  0.99997193
3893.67199536  1.00069566
3893.67338423  1.00008934
3893.67477309  0.99997665
3893.67616195  1.00071415
3893.67755081  1.00019051
3893.67893967  1.00044329
3893.68032854  1.00048228
3893.68171740  0.99945865
3893.68310626  1.00081188
3893.68449512  1.00070463
3893.68588399  1.00105634
3893.68727285  1.00013085
3893.68866171  1.00094367
3893.69005057  1.00021022
3893.69143943  1.00039320
3893.69282830  1.00043631
3893.69421716  1.00032684
3893.69560602  1.00060474
3893.69699488  1.00066271
3893.69838375  1.00003083
3893.69977261  1.00064803
3893.70116147  1.00038710
3893.70255033  1.00092504
3893.70393919  1.00066728
3893.70532806  0.99930405
3893.70671692  0.99930787
3893.70810578  0.99971424
3893.70949464  1.00007326
3893.71088351  1.00032029
3893.71227237  0.99936863
3893.71366123  0.99937590
3893.71505009  1.00031244
3893.71643895  1.00015747
3893.71782782  0.99966495
3893.71921668  0.99980888
3893.72060554  0.99993042
3893.72199440  0.99981497
3893.72338327  1.00091559
3893.72477213  1.00022570
3893.72616099  1.00001628
3893.72754985  0.99996452
3893.72893871  0.99941055
3893.73032758  1.00030666
3893.73171644  0.99965029
3893.73310530  0.99947415
3893.73449416  1.00002249
3893.73588303  1.00042016
3893.73727189  0.99965016
3893.73866075  1.00042659
3893.74004961  1.00020439
3893.74143847  0.99997576
3893.74282734  1.00067970
3893.74421620  0.99993907
3893.74560506  1.00053329
3893.74699392  1.00016484
3893.74838279  1.00004040
3893.74977165  1.00091447
3893.75116051  0.99981323
3893.75254937  1.00009264
3893.75393823  0.99971188
3893.75532710  1.00052070
3893.75671596  1.00094322
3893.75810482  1.00102773
3893.75949368  1.00009926
3893.76088254  1.00080139
3893.76227141  1.00045133
3893.76366027  0.99921832
3893.76504913  0.99949726
3893.76643799  1.00014155
3893.76782686  0.99950608
3893.76921572  0.99989636
3893.77060458  1.00032226
3893.77199344  0.99981356
3893.77338230  0.99997977
3893.77477117  1.00043725
3893.77616003  1.00003893
3893.77754889  0.99982285
3893.77893775  1.00047363
3893.78032661  0.99977138
3893.78171548  0.99977095
3893.78310434  0.99971739
3893.78449320  1.00075848
3893.78588206  1.00001372
3893.78727093  1.00025651
3893.78865979  0.99937920
3893.79004865  1.00016144
3893.79143751  1.00058612
3893.79282637  1.00025292
3893.79421524  1.00029404
3893.79560410  1.00029106
3893.79699296  0.99985690
3893.79838182  1.00032658
3893.79977068  1.00086033
3893.80115955  1.00065623
3893.80254841  0.99997419
3893.80393727  0.99980611
3893.80532613  1.00024820
3893.80671499  0.99968328
3893.80810386  0.99996564
3893.80949272  1.00003560
3893.81088158  1.00000777
3893.81227044  1.00076263
3893.81365931  1.00033112
3893.81504817  0.99965133
3893.81643703  1.00082777
3893.81782589  1.00082886
3893.81921475  1.00011507
3893.82060362  1.00000839
3893.82199248  1.00022763
3893.82338134  1.00043124
3893.82477020  0.99965018
3893.82615906  1.00002192
3893.82754793  1.00021522
3893.82893679  1.00044047
3893.83032565  1.00144177
3893.83171451  1.00119490
3893.83310337  1.00018040
3893.83449224  1.00070707
3893.83588110  0.99977632
3893.83726996  0.99979089
3893.83865882  1.00088807
3893.84004769  1.00001295
3893.84143655  1.00018276
3893.84282541  1.00024214
3893.84421427  1.00025918
3893.84560313  0.99962280
3893.84699200  1.00068010
3893.84838086  1.00011582
3893.84976972  1.00052504
3893.85115858  0.99993112
3893.85254744  0.99991750
3893.85393631  1.00001882
3893.85532517  1.00035515
3893.85671403  1.00024109
3893.85810289  1.00003122
3893.85949175  0.99997813
3893.86088062  1.00054684
3893.86226948  0.99954202
3893.86365834  1.00037520
3893.86504720  1.00047757
3893.86643606  1.00016474
3893.86782493  1.00015691
3893.86921379  1.00058563
3893.87060265  1.00029494
3893.87199151  0.99975063
3893.87338038  1.00032173
3893.87476924  1.00018102
3893.87615810  1.00076513
3893.87754696  1.00032501
3893.87893582  1.00033275
3893.88032469  0.99957793
3893.88171355  0.99993273
3893.88310241  0.99953259
3893.88449127  1.00010512
3893.88588013  1.00026005
3893.88726900  1.00049559
3893.88865786  1.00007515
3893.89004672  1.00022034
3893.89143558  0.99993503
3893.89282444  0.99929189
3893.89421331  1.00041705
3893.89560217  0.99980225
3893.89699103  1.00001576
3893.89837989  1.00010708
3893.89976875  1.00081199
3893.90115762  0.99994732
3893.90254648  0.99971616
3893.90393534  1.00047181
3893.90532420  0.99976852
3893.90671307  0.99945749
3893.90810193  1.00026741
3893.90949079  1.00018778
3893.91087965  1.00017837
3893.91226851  1.00047388
3893.91365738  1.00103083
3893.91504624  1.00065859
3893.91643510  1.00026403
3893.91782396  1.00019515
3893.91921282  0.99990858
3893.92060169  0.99984283
3893.92199055  1.00005852
3893.92337941  0.99960776
3893.92476827  0.99962820
3893.92615713  0.99964057
3893.92754600  0.99957608
3893.92893486  0.99999075
3893.93032372  0.99956403
3893.93171258  0.99982841
3893.93310144  0.99995100
3893.93449031  0.99988124
3893.93587917  0.99931189
3893.93726803  1.00024776
3893.93865689  0.99959061
3893.94004575  0.99999495
3893.94143462  1.00008643
3893.94282348  0.99980008
3893.94421234  0.99976532
3893.94560120  0.99989516
3893.94699006  0.99951599
3893.94837893  1.00040196
3893.94976779  1.00093001
3893.95115665  0.99957023
3893.95254551  0.99956031
3893.95393437  0.99992255
3893.95532324  1.00039761
3893.95671210  0.99936320
3893.95810096  1.00035494
3893.95948982  0.99983149
3893.96087868  0.99983032
3893.96226755  1.00006823
3893.96365641  1.00012409
3893.96504527  0.99995331
3893.96643413  1.00052463
3893.96782300  0.99974721
3893.96921186  1.00063202
3893.97060072  1.00030543
3893.97198958  1.00088440
3893.97337844  1.00029948
3893.97476731  0.99952515
3893.97615617  1.00019203
3893.97754503  0.99977042
3893.97893389  0.99987984
3893.98032275  1.00040341
3893.98171162  0.99981236
3893.98310048  0.99961668
3893.98448934  0.99940170
3893.98587820  1.00003749
3893.98726706  1.00024618
3893.98865593  1.00032382
3893.99004479  1.00001594
3893.99143365  1.00047252
3893.99282251  1.00072882
3893.99421137  1.00066759
3893.99560024  1.00048554
3893.99698910  1.00026132
3893.99837796  1.00033759
3893.99976682  1.00048471
3894.00115568  1.00014173
3894.00254455  1.00036303
3894.00393341  1.00035695
3894.00532227  0.99985337
3894.00671113  0.99950354
3894.00810000  0.99992089
3894.01087772  0.99945807
3894.01226658  0.99986056
3894.01365544  0.99981584
3894.01504431  1.00007234
3894.01643317  1.00012873
3894.01782203  1.00017759
3894.01921089  0.99978545
3894.02059975  1.00020782
3894.02198862  1.00067382
3894.02337748  1.00034730
3894.02476634  1.00027328
3894.02615520  1.00010927
3894.02754406  1.00057136
3894.02893293  1.00014471
3894.03032179  1.00047410
3894.03171065  0.99993639
3894.03309951  1.00043617
3894.03448837  0.99981178
3894.03587724  1.00099989
3894.03726610  0.99959381
3894.03865496  0.99924390
3894.04004382  1.00066753
3894.04143268  0.99948318
3894.04282155  0.99949649
3894.04421041  0.99985192
3894.04559927  0.99976380
3894.04698813  0.99982181
3894.04837700  1.00002754
3894.04976586  1.00013377
3894.05115472  0.99967426
3894.05254358  0.99927510
3894.05393244  0.99924517
3894.05532131  1.00017043
3894.05671017  0.99981145
3894.05809903  1.00153923
3894.05948789  0.99993631
3894.06087675  1.00010905
3894.06226562  0.99947445
3894.06365448  0.99991102
3894.06504334  0.99957636
3894.06643220  1.00024319
3894.06782106  0.99918506
3894.06920993  0.99979795
3894.07059879  1.00004117
3894.07198765  1.00035065
3894.07337651  0.99936723
3894.07476538  0.99927513
3894.07615424  0.99972603
3894.07754310  1.00054648
3894.07893196  0.99952976
3894.08032082  1.00015297
3894.08170969  0.99891050
3894.08309855  0.99911798
3894.08448741  1.00024363
3894.08726513  0.99997244
3894.08865400  0.99963418
3894.09004286  0.99950528
3894.09143172  1.00010745
3894.09282058  0.99958815
3894.09420945  1.00014891
3894.09559831  0.99917590
3894.09698717  1.00005519
3894.09837603  1.00007216
3894.09976489  1.00016342
3894.10115376  0.99971095
3894.10254262  1.00004733
3894.10393148  1.00095245
3894.10532034  0.99941782
3894.10670920  0.99978766
3894.10809807  0.99969658
3894.10948693  1.00041548
3894.11087579  0.99995365
3894.11226465  1.00105076
3894.11365352  0.99949891
3894.11504238  0.99955625
3894.11643124  1.00016213
3894.11782010  1.00014259
3894.11920896  0.99974014
3894.12059783  1.00026238
3894.12198669  0.99995264
3894.12337555  0.99975237
3894.12476441  0.99994088
3894.12615327  0.99994623
3894.12754214  1.00036474
3894.12893100  1.00098390
3894.13031986  1.00020250
3894.13170872  0.99978023
3894.13309759  1.00031620
3894.13448645  1.00064017
3894.13587531  1.00025740
3894.13726417  1.00088671
3894.13865303  1.00119970
3894.14004190  1.00111474
3894.14143076  1.00061099
3894.14420848  1.00090420
3894.14559734  0.99984788
3894.14698621  1.00078670
3894.14837507  1.00000464
3894.14976393  0.99950146
3894.15115279  1.00049835
3894.15254166  0.99992026
3894.15393052  1.00055467
3894.15531938  1.00040542
3894.15670824  1.00057804
3894.15809710  0.99966059
3894.15948597  0.99998415
3894.16087483  1.00033688
3894.16226369  1.00032481
3894.16504142  0.99980054
3894.16643028  1.00060601
3894.16781914  1.00003310
3894.16920800  1.00048213
3894.17059686  1.00042566
3894.17198573  0.99936334
3894.17337459  0.99995443
3894.17476345  1.00050867
3894.17615231  0.99955375
3894.17754118  0.99984854
3894.17893004  0.99976999
3894.18031890  0.99952210
3894.18170776  0.99901279
3894.18309662  0.99991368
3894.18448549  0.99925605
3894.18587435  0.99943065
3894.18726321  0.99961363
3894.18865207  0.99902292
3894.19004094  0.99962949
3894.19142980  0.99918921
3894.19281866  1.00015805
3894.19420752  0.99945081
3894.19559639  1.00046781
3894.19698525  1.00013150
3894.19837411  1.00044475
3894.19976297  0.99966626
3894.20115183  0.99920094
3894.20254070  1.00023951
3894.20392956  0.99941787
3894.20531842  0.99960065
3894.20670728  0.99903802
3894.20809615  0.99949857
3894.21087387  0.99946132
3894.21226273  0.99959088
3894.21365160  0.99935874
3894.21504046  0.99940942
3894.21642932  0.99983715
3894.21781818  0.99873599
3894.21920704  0.99876494
3894.22059591  1.00006139
3894.22198477  0.99924475
3894.22337363  0.99844505
3894.22476249  0.99905910
3894.22615136  0.99856991
3894.22754022  0.99895364
3894.22892908  0.99913511
3894.23031794  0.99881694
3894.23170681  0.99960008
3894.23309567  0.99906269
3894.23448453  0.99842008
3894.23587339  0.99881316
3894.23726225  0.99860564
3894.23865112  0.99883609
3894.24003998  0.99841456
3894.24142884  0.99887657
3894.24281770  0.99834828
3894.24420657  0.99947237
3894.24559543  0.99940920
3894.24698429  0.99853879
3894.24837315  0.99859081
3894.24976202  0.99774218
3894.25115088  0.99841183
3896.46778297  1.00001757
3896.46917184  0.99974179
3896.47056071  0.99968850
3896.47194958  0.99984721
3896.47333845  0.99907841
3896.47472732  0.99976812
3896.47611618  0.99896264
3896.47750505  0.99932122
3896.47889392  0.99864073
3896.48028279  0.99874953
3896.48167166  0.99915180
3896.48306053  0.99928377
3896.48444939  0.99939494
3896.48583826  0.99893152
3896.48722713  0.99910459
3896.48861600  0.99869842
3896.49000487  0.99926928
3896.49139374  0.99906964
3896.49278260  0.99947478
3896.49417147  0.99943298
3896.49556034  0.99963929
3896.49694921  0.99924859
3896.49833808  0.99928572
3896.49972694  0.99942478
3896.50111581  0.99955966
3896.50250468  0.99926963
3896.50389355  0.99962115
3896.50528242  0.99894365
3896.50667129  0.99958960
3896.50806015  0.99949623
3896.50944902  0.99980107
3896.51083789  0.99953194
3896.51222676  0.99995237
3896.51361563  0.99973116
3896.51500449  0.99974676
3896.51639336  0.99960507
3896.51778223  0.99955043
3896.51917110  0.99953872
3896.52055997  0.99978669
3896.52194884  0.99930215
3896.52333770  0.99960171
3896.52472657  0.99939580
3896.52611544  0.99958910
3896.52750431  0.99949789
3896.52889318  0.99938709
3896.53028204  0.99924768
3896.53167091  0.99946881
3896.53305978  1.00029604
3896.53444865  0.99991464
3896.53583752  0.99939641
3896.53722638  0.99981425
3896.53861525  0.99985647
3896.54000412  1.00005777
3896.54139299  0.99991885
3896.54278186  0.99906890
3896.54417073  0.99948961
3896.54555959  0.99985102
3896.54694846  0.99953774
3896.54833733  1.00004559
3896.54972620  1.00000314
3896.55111507  0.99981257
3896.55250393  0.99964080
3896.55389280  1.00004950
3896.55528167  0.99983885
3896.55667054  0.99981492
3896.55805941  0.99981822
3896.55944827  0.99938793
3896.56083714  1.00007646
3896.56222601  0.99936798
3896.56361488  1.00009542
3896.56500375  0.99972107
3896.56639261  0.99933814
3896.56778148  0.99976941
3896.56917035  0.99905219
3896.57055922  0.99960796
3896.57194809  0.99965712
3896.57333695  0.99957379
3896.57472582  0.99957787
3896.57611469  0.99951524
3896.57750356  0.99965115
3896.57889243  0.99975345
3896.58028129  1.00002045
3896.58167016  1.00010905
3896.58305903  0.99982955
3896.58444790  0.99960693
3896.58583677  0.99988363
3896.58722563  0.99963139
3896.58861450  0.99916550
3896.59000337  0.99987948
3896.59139224  0.99938452
3896.59278110  1.00002884
3896.59416997  0.99960087
3896.59555884  0.99969707
3896.59694771  0.99951277
3896.59833658  1.00034560
3896.59972544  1.00039781
3896.60111431  0.99927947
3896.60250318  0.99950380
3896.60389205  1.00022417
3896.60528092  1.00003163
3896.60666978  0.99989359
3896.60805865  1.00011064
3896.60944752  1.00005816
3896.61083639  0.99941349
3896.61222526  0.99931531
3896.61361412  0.99981601
3896.61500299  0.99980736
3896.61639186  0.99960304
3896.61778073  0.99956824
3896.61916959  0.99997583
3896.62055846  0.99956465
3896.62194733  0.99959321
3896.62333620  0.99949315
3896.62472507  0.99960241
3896.62611393  0.99926889
3896.62750280  0.99923689
3896.62889167  0.99919438
3896.63028054  0.99986938
3896.63166940  1.00046687
3896.63305827  0.99962395
3896.63444714  1.00073189
3896.63583601  1.00087145
3896.63722488  1.00088406
3896.63861374  1.00081290
3896.64000261  1.00051873
3896.64139148  0.99986918
3896.64278035  1.00077090
3896.64416921  1.00007897
3896.64555808  1.00032204
3896.64694695  0.99990419
3896.64833582  0.99948700
3896.64972469  1.00008059
3896.65111355  0.99954642
3896.65250242  0.99956246
3896.65389129  1.00011548
3896.65528016  0.99993767
3896.65666902  0.99975644
3896.65805789  0.99990304
3896.65944676  1.00001529
3896.66083563  0.99974271
3896.66222449  0.99959023
3896.66361336  0.99980467
3896.66500223  1.00020625
3896.66639110  1.00012023
3896.66777997  1.00008693
3896.66916883  1.00021333
3896.67055770  0.99993337
3896.67194657  0.99954526
3896.67333544  0.99976550
3896.67472430  0.99983541
3896.67611317  0.99977433
3896.67750204  1.00052434
3896.67889091  0.99981123
3896.68027977  1.00016205
3896.68166864  1.00097179
3896.68305751  0.99987273
3896.68444638  0.99969534
3896.68583524  0.99921234
3896.68722411  0.99962544
3896.68861298  0.99978485
3896.69000185  0.99940246
3896.69139071  0.99990619
3896.69277958  0.99987324
3896.69416845  1.00023676
3896.69555732  1.01782447
3896.69694619  1.03998363
3896.69833505  1.03565955
3896.69972392  1.03512826
3896.70111279  1.03766912
3896.70250166  1.03794278
3896.70389052  1.03413734
3896.70527939  1.02799121
3896.70666826  1.02330650
3896.70805713  1.01921678
3896.70944599  1.01612526
3896.71083486  1.01356947
3896.71222373  1.01186365
3896.71361260  1.01025718
3896.71500146  1.00938175
3896.71639033  1.00858091
3896.71777920  1.00680932
3896.71916807  1.00650378
3896.72055693  1.00591127
3896.72194580  1.00534449
3896.72333467  1.00527712
3896.72472354  1.00478774
3896.72611240  1.00476613
3896.72750127  1.00434790
3896.72889014  1.00317692
3896.73027901  1.00313838
3896.73166787  1.00316111
3896.73305674  1.00340384
3896.73444561  1.00282013
3896.73583447  1.00236716
3896.73722334  1.00321491
3896.73861221  1.00321022
3896.74000108  1.00256522
3896.74138994  1.00254698
3896.74277881  1.00232231
3896.74416768  1.00223845
3896.74555655  1.00147870
3896.74694541  1.00242831
3896.74833428  1.00180854
3896.74972315  1.00211191
3896.75111202  1.00208441
3896.75250088  1.00150131
3896.75388975  1.00096193
3896.75527862  1.00142960
3896.75666749  1.00185873
3896.75805635  1.00150275
3896.75944522  1.00047725
3896.76083409  1.00092756
3896.76222296  1.00121825
3896.76361182  1.00093755
3896.76500069  1.00073569
3896.76638956  1.00126948
3896.76777842  1.00114199
3896.76916729  1.00104747
3896.77055616  1.00276689
3896.77194503  1.00336540
3896.77333389  1.00310336
3896.77472276  1.00301458
3896.77611163  1.00324089
3896.77750050  1.00295091
3896.77888936  1.00250096
3896.78027823  1.00285064
3896.78166710  1.00213368
3896.78305596  1.00162257
3896.78444483  1.00178503
3896.78583370  1.00204449
3896.78722257  1.00207404
3896.78861143  1.00204676
3896.79000030  1.00185669
3896.79138917  1.00123262
3896.79277804  1.00181423
3896.79416690  1.00070576
3896.79555577  1.00166406
3896.79694464  1.00089079
3896.79833350  1.00125734
3896.79972237  1.00092932
3896.80111124  1.00077020
3896.80250011  1.00065092
3896.80388897  1.00154412
3896.80527784  1.00109509
3896.80666671  1.00041840
3896.80805557  1.00009522
3896.80944444  1.00061894
3896.81083331  1.00013092
3896.81222218  1.00058117
3896.81361104  1.00028961
3896.81499991  1.00043320
3896.81638878  1.00040125
3896.81777764  0.99993944
3896.81916651  1.00052258
3896.82055538  1.00012800
3896.82194425  0.99992853
3896.82333311  1.00007205
3896.82472198  1.00042538
3896.82611085  1.00046197
3896.82749971  1.00048502
3896.82888858  0.99997404
3896.83027745  1.00039438
3896.83166632  1.00016559
3896.83305518  1.00065401
3896.83444405  1.00008745
3896.83583292  1.00045119
3896.83722178  1.00049972
3896.83861065  0.99975160
3896.83999952  1.00052662
3896.84138838  1.00020470
3896.84277725  1.00007771
3896.84416612  1.00054125
3896.84555499  0.99959947
3896.84694385  1.00023262
3896.84833272  1.00006776
3896.84972159  0.99938293
3896.85111045  0.99995414
3896.85249932  0.99988629
3896.85388819  0.99971475
3896.85527706  1.00016160
3896.85666592  1.00012578
3896.85805479  0.99976630
3896.85944366  1.00025760
3896.86083252  1.00004478
3896.86222139  1.00010383
3896.86361026  0.99970916
3896.86499912  1.00031779
3896.86638799  1.00029858
3896.86777686  0.99999839
3896.86916573  1.00016003
3896.87055459  1.00047156
3896.87194346  1.00027282
3896.87333233  0.99974332
3896.87472119  0.99945190
3896.87611006  1.00025602
3896.87749893  0.99989529
3896.87888779  0.99981208
3896.88027666  0.99993354
3896.88166553  1.00000629
3896.88305439  1.00046160
3896.88444326  0.99992779
3896.88583213  0.99980891
3896.88722100  0.99953598
3896.88860986  0.99986436
3896.88999873  0.99951904
3896.89138760  0.99986688
3896.89277646  1.00027073
3896.89416533  0.99968579
3896.89555420  0.99995371
3896.89694306  0.99931437
3896.89833193  0.99981440
3896.89972080  0.99959042
3896.90110966  0.99993180
3896.90249853  0.99927124
3896.90388740  0.99964370
3896.90527626  0.99990669
3896.90666513  1.00008544
3896.90805400  1.00024899
3896.90944286  0.99939638
3896.91083173  0.99997670
3896.91222060  0.99979932
3896.91360946  1.00086754
3896.91499833  1.00007290
3896.91638720  0.99998352
3896.91777607  1.00002697
3896.91916493  0.99944162
3896.92055380  0.99983325
3896.92194267  0.99999481
3896.92333153  0.99972348
3896.92472040  1.00086717
3896.92610927  1.00037889
3896.92749813  0.99952577
3896.92888700  1.00006364
3896.93027587  0.99974803
3896.93166473  0.99957564
3896.93305360  0.99982472
3896.93444247  0.99978614
3896.93583133  1.00019082
3896.93722020  0.99984896
3896.93860907  1.00033596
3896.93999793  0.99991354
3896.94138680  0.99949104
3896.94277567  0.99994310
3896.94416453  1.00025176
3896.94555340  0.99996304
3896.94694227  1.00119741
3896.94833113  1.00066058
3896.94972000  1.00006721
3896.95110887  1.00016959
3896.95249773  1.00033187
3896.95388660  0.99956257
3896.95527547  0.99970802
3896.95666433  0.99995439
3896.95805320  1.00055926
3896.95944207  0.99998272
3896.96083093  0.99908841
3896.96221980  0.99985059
3896.96360867  0.99943603
3896.96499753  0.99956505
3896.96638640  0.99997814
3896.96777527  1.00029716
3896.96916413  1.00038557
3896.97055300  1.00006842
3896.97194187  0.99946398
3896.97333073  0.99994548
3896.97471960  0.99986406
3896.97610847  1.00014604
3896.97749733  1.00005943
3896.97888620  0.99965880
3896.98027507  0.99953006
3896.98166393  0.99934992
3896.98305280  1.00018998
3896.98444166  0.99968227
3896.98583053  1.00003593
3896.98721940  0.99949516
3896.98860826  0.99976165
3896.98999713  0.99958857
3896.99138600  0.99966925
3896.99277486  0.99987786
3896.99416373  0.99958138
3896.99555260  1.00016203
3896.99694146  0.99987703
3896.99833033  1.00012187
3896.99971920  0.99953093
3897.00110806  0.99976356
3897.00249693  1.00039022
3897.00388580  0.99970566
3897.00527466  0.99925030
3897.00666353  0.99907655
3897.00805240  0.99989358
3897.00944126  0.99979630
3897.01083013  1.00018528
3897.01221899  0.99994378
3897.01360786  0.99956039
3897.01499673  0.99916044
3897.01638559  0.99979147
3897.01777446  0.99981047
3897.01916333  0.99943406
3897.02055219  1.00102351
3897.02194106  1.00079776
3897.02332993  1.00053891
3897.02471879  1.00014455
3897.02610766  1.00082084
3897.02749653  1.00010092
3897.02888539  1.00043349
3897.03027426  1.00056962
3897.03166312  1.00043567
3897.03305199  1.00016531
3897.03444086  1.00075563
3897.03582972  0.99995663
3897.03721859  1.00000254
3897.03860746  1.00083070
3897.03999632  1.00010096
3897.04138519  1.00036787
3897.04277405  1.00018377
3897.04416292  0.99966456
3897.04555179  0.99936573
3897.04694065  1.00057320
3897.04832952  0.99994206
3897.04971839  1.00030237
3897.05110725  1.00040348
3897.05249612  0.99975712
3897.05388498  1.00004867
3897.05527385  1.00004762
3897.05666272  0.99964418
3897.05805158  1.00026433
3897.05944045  1.00024773
3897.06082932  0.99973326
3897.06221818  1.00000661
3897.06360705  1.00018741
3897.06499592  1.00033305
3897.06638478  0.99995353
3897.06777365  0.99959819
3897.06916251  0.99996750
3897.07055138  0.99993992
3897.07194025  1.00020776
3897.07332911  0.99955688
3897.07471798  1.00007516
3897.07610684  1.00019142
3897.07749571  0.99961185
3897.07888458  1.00038309
3897.08027344  0.99986066
3897.08166231  0.99973812
3897.08305118  1.00024834
3897.08444004  1.00017861
3897.08582891  0.99985549
3897.08721777  0.99974468
3897.08860664  0.99956371
3897.08999551  0.99921633
3897.09138437  1.00048256
3897.09277324  1.00043468
3897.09416210  0.99976502
3897.09555097  0.99981098
3897.09693984  0.99955574
3897.09832870  1.00012375
3897.09971757  0.99984422
3897.10110644  1.00093992
3897.10249530  1.00016292
3897.10388417  1.00067897
3897.10527303  0.99977789
3897.10666190  1.00004418
3897.10805077  0.99983772
3897.10943963  1.00057740
3897.11082850  1.00023107
3897.11221736  0.99997960
3897.11360623  1.00075059
3897.11499510  1.00042289
3897.11638396  1.00035017
3897.11777283  0.99973300
3897.11916169  1.00082488
3897.12055056  0.99992484
3897.12193943  1.00047980
3897.12332829  1.00032317
3897.12471716  0.99976372
3897.12610602  1.00024610
3897.12749489  0.99947462
3897.12888376  0.99998984
3897.13027262  0.99956907
3897.13166149  1.00006185
3897.13305035  0.99948497
3897.13443922  1.00017137
3897.13582809  0.99952398
3897.13721695  0.99966171
3897.13860582  0.99985356
3897.13999468  1.00017213
3897.14138355  0.99959633
3897.14277242  1.00006441
3897.14416128  0.99975813
3897.14555015  0.99991638
3897.14693901  0.99931227
3897.14832788  0.99919444
3897.14971675  0.99955268
3897.15110561  0.99943200
3897.15249448  0.99985792
3897.15388334  0.99935578
3897.15527221  0.99923961
3897.15666108  0.99969592
3897.15804994  0.99924690
3897.15943881  0.99972462
3897.16082767  0.99967173
3897.16221654  0.99964838
3897.16360540  0.99970631
3897.16499427  0.99951306
3897.16638314  1.00008936
3897.16777200  0.99977819
3897.16916087  1.00009328
3897.17054973  1.00002683
3897.17193860  1.00002964
3897.17332747  0.99987552
3897.17471633  1.00007700
3897.17610520  0.99973437
3897.17749406  1.00018688
3897.17888293  0.99943507
3897.18027179  0.99938974
3897.18166066  0.99955864
3897.18304953  0.99987710
3897.18443839  1.00011315
3897.18582726  1.00005040
3897.18721612  0.99953068
3897.18860499  1.00039859
3897.18999386  0.99979822
3897.19138272  1.00016036
3897.19277159  1.00018656
3897.19416045  1.00021687
3897.19554932  0.99976267
3897.19693818  0.99934906
3897.19832705  0.99991652
3897.19971592  1.00023009
3897.20110478  0.99970200
3897.20249365  0.99962008
3897.20388251  1.00020729
3897.20527138  0.99909379
3897.20666024  0.99967537
3897.20804911  0.99936861
3897.20943798  0.99972614
3897.21082684  0.99935812
3897.21221571  1.00029391
3897.21360457  0.99990217
3897.21499344  0.99959771
3897.21638230  1.00004495
3897.21777117  1.00037196
3897.21916004  0.99950667
3897.22054890  0.99987437
3897.22193777  1.00004013
3897.22332663  0.99952789
3897.22471550  0.99979969
3897.22610436  0.99985461
3897.22749323  0.99942902
3897.22888209  1.00002131
3897.23027096  0.99988093
3897.23165983  0.99995260
3897.23304869  0.99966487
3897.23443756  0.99997491
3897.23582642  0.99970138
3897.23721529  0.99968816
3897.23860415  1.00013241
3897.23999302  1.00018783
3897.24138189  0.99952013
3897.24277075  1.00033289
3897.24415962  1.00016131
3897.24554848  1.00025719
3897.24693735  1.00028469
3897.24832621  1.00003663
3897.24971508  1.00002240
3897.25110394  1.00020072
3897.25249281  1.00044042
3897.25388168  1.00006708
3897.25527054  0.99975730
3897.25665941  0.99963071
3897.25804827  0.99984087
3897.25943714  1.00031513
3897.26082600  0.99990057
3897.26221487  1.00021479
3897.26360373  0.99997564
3897.26499260  0.99984262
3897.26638146  1.00006423
3897.26777033  0.99994497
3897.26915920  1.00004763
3897.27054806  1.00010487
3897.27193693  0.99970272
3897.27332579  1.00024629
3897.27471466  0.99981083
3897.27610352  1.00011688
3897.27749239  0.99999851
3897.27888125  0.99960875
3897.28027012  0.99969504
3897.28165898  0.99966522
3897.28304785  1.00003921
3897.28443672  1.00022085
3897.28582558  0.99996263
3897.28721445  1.00011528
3897.28860331  0.99996698
3897.28999218  1.00011614
3897.29138104  0.99992080
3897.29276991  0.99959149
3897.29415877  0.99940503
3897.29554764  1.00045805
3897.29693650  0.99977605
3897.29832537  1.00042080
3897.29971423  1.00001087
3897.30110310  1.00036754
3897.30249197  1.00038482
3897.30388083  0.99992309
3897.30526970  0.99998669
3897.30665856  1.00018646
3897.30804743  0.99985208
3897.30943629  1.00007674
3897.31082516  1.00023311
3897.31221402  1.00093927
3897.31360289  1.00039903
3897.31499175  0.99954518
3897.31638062  1.00004428
3897.31776948  0.99987177
3897.31915835  1.00014376
3897.32054721  1.00068315
3897.32193608  0.99967222
3897.32332495  1.00034974
3897.32471381  1.00026545
3897.32610268  0.99998582
3897.32749154  1.00037046
3897.32888041  0.99983595
3897.33026927  1.00002174
3897.33165814  1.00003179
3897.33304700  1.00033975
3897.33443587  1.00012174
3897.33582473  0.99985969
3897.33721360  1.00003717
3897.33860246  1.00030123
3897.33999133  1.00036605
3897.34138019  0.99951198
3897.34276906  1.00019334
3897.34415792  1.00026909
3897.34554679  0.99952751
3897.34693565  0.99974017
3897.34832452  1.00004924
3897.34971338  1.00008821
3897.35110225  1.00003034
3897.35249111  0.99971014
3897.35387998  1.00000494
3897.35526884  0.99999639
3897.35665771  0.99951779
3897.35804658  0.99996254
3897.35943544  1.00030857
3897.36082431  1.00040057
3897.36221317  0.99991203
3897.36360204  1.00034401
3897.36499090  0.99987082
3897.36637977  0.99949008
3897.36776863  1.00029430
3897.36915750  0.99952827
3897.37054636  0.99963486
3897.37193523  0.99956218
3897.37332409  0.99997350
3897.37471296  0.99929931
3897.37610182  1.00003436
3897.37749069  0.99989213
3897.37887955  1.00003532
3897.38026842  0.99989265
3897.38165728  0.99983474
3897.38304615  0.99993354
3897.38443501  0.99963992
3897.38582388  1.00001315
3897.38721274  0.99942203
3897.38860161  0.99963781
3897.38999047  0.99947218
3897.39137934  0.99981266
3897.39276820  0.99972982
3897.39415707  0.99998772
3897.39554593  0.99995952
3897.39693480  1.00011454
3897.39832366  0.99950314
3897.39971253  1.00018514
3897.40110139  1.00036599
3897.40249026  1.00027865
3897.40387912  0.99979248
3897.40526799  0.99996286
3897.40665685  0.99987254
3897.40804572  0.99998835
3897.40943458  1.00065830
3897.41082345  0.99983371
3897.41221231  0.99982412
3897.41360118  0.99981276
3897.41499004  1.00049843
3897.41637891  0.99971870
3897.41776777  0.99970567
3897.41915664  0.99988611
3897.42054550  0.99968605
3897.42193437  0.99987572
3897.42332323  1.00044053
3897.42471210  0.99913273
3897.42610096  1.00001484
3897.42748983  1.00037878
3897.42887869  0.99985133
3897.43026756  0.99983948
3897.43165642  1.00019105
3897.43304528  1.00067560
3897.43443415  0.99999612
3897.43582301  1.00044734
3897.43721188  1.00011100
3897.43860074  1.00046348
3897.43998961  1.00024860
3897.44137847  1.00027768
3897.44276734  0.99986763
3897.44415620  0.99991669
3897.44554507  1.00050948
3897.44693393  0.99991664
3897.44832280  1.00022507
3897.44971166  1.00000806
3897.45110053  1.00021936
3897.45248939  1.00063178
3897.45387826  0.99957518
3897.45526712  1.00009465
3897.45665599  1.00005928
3897.45804485  1.00005439
3897.45943372  0.99984298
3897.46082258  1.00026686
3897.46221145  1.00013088
3897.46360031  0.99951782
3897.46498918  0.99959149
3897.46637804  1.00019462
3897.46776690  0.99994267
3897.46915577  1.00025800
3897.47054463  1.00034477
3897.47193350  0.99973079
3897.47332236  1.00055562
3897.47471123  1.00020520
3897.47610009  0.99945349
3897.47748896  1.00026815
3897.47887782  0.99986189
3897.48026669  1.00058392
3897.48165555  0.99987930
3897.48304442  0.99995025
3897.48443328  1.00025586
3897.48582215  0.99998343
3897.48721101  1.00018819
3897.48859987  1.00008538
3897.48998874  0.99993513
3897.49137760  0.99990072
3897.49276647  0.99968764
3897.49415533  0.99966484
3897.49554420  1.00006139
3897.49693306  1.00041414
3897.49832193  1.00003699
3897.49971079  0.99965233
3897.50109966  1.00013164
3897.50248852  0.99987785
3897.50387739  0.99982290
3897.50526625  0.99984161
3897.50665511  0.99967761
3897.50804398  0.99950757
3897.50943284  0.99976824
3897.51082171  0.99944285
3897.51221057  0.99985836
3897.51359944  0.99972956
3897.51498830  0.99982613
3897.51637717  0.99951501
3897.51776603  0.99974217
3897.51915490  0.99981002
3897.52054376  0.99956102
3897.52193262  0.99995637
3897.52332149  0.99957789
3897.52471035  0.99998715
3897.52609922  0.99987787
3897.52748808  1.00012803
3897.52887695  0.99982352
3897.53026581  0.99942959
3897.53165468  0.99961059
3897.53304354  1.00006978
3897.53443240  1.00064919
3897.53582127  1.00032563
3897.53721013  1.00009598
3897.53859900  0.99944814
3897.53998786  1.00021009
3897.54137673  0.99984066
3897.54276559  0.99993607
3897.54415446  0.99985735
3897.54554332  0.99959452
3897.54693219  1.00008150
3897.54832105  0.99969431
3897.54970991  1.00020449
3897.55109878  0.99962350
3897.55248764  0.99964038
3897.55387651  0.99969554
3897.55526537  1.00035507
3897.55665424  1.00014475
3897.55804310  1.00009372
3897.55943196  1.00027234
3897.56082083  0.99996348
3897.56220969  1.00015346
3897.56359856  1.00066332
3897.56498742  1.00062450
3897.56637629  0.99987155
3897.56776515  1.00023700
3897.56915402  1.00064438
3897.57054288  1.00015214
3897.57193174  1.00065070
3897.57332061  1.00095554
3897.57470947  1.00136460
3897.57609834  1.00137512
3897.57748720  1.00172308
3897.57887607  1.00345426
3897.58026493  1.00471903
3897.58165379  1.00931826
3897.58304266  1.01771432
3897.58443152  1.02430295
3897.58582039  1.02130433
3897.58720925  1.02031379
3897.58859812  1.02125336
3897.58998698  1.02102168
3897.59137584  1.01759551
3897.59276471  1.01546117
3897.59415357  1.01358984
3897.59554244  1.01271743
3897.59693130  1.01347273
3897.59832017  1.01549246
3897.59970903  1.01610852
3897.60109789  1.01819345
3897.60248676  1.02210361
3897.60387562  1.02539557
3897.60526449  1.02398758
3897.60665335  1.02540973
3897.60804221  1.02452485
3897.60943108  1.02227178
3897.61081994  1.02061691
3897.61220881  1.02041701
3897.61359767  1.01898053
3897.61498654  1.01831730
3897.61637540  1.01802689
3897.61776426  1.01786722
3897.61915313  1.01644688
3897.62054199  1.01588213
3897.62193086  1.01492732
3897.62331972  1.01429678
3897.62470858  1.01347130
3897.62609745  1.01230983
3897.62748631  1.01135276
3897.62887518  1.01126822
3897.63026404  1.00986126
3897.63165291  1.00878185
3897.63304177  1.00842918
3897.63443063  1.00835478
3897.63581950  1.00794008
3897.63720836  1.00772674
3897.63859723  1.00730467
3897.63998609  1.00713394
3897.64137495  1.00694230
3897.64276382  1.00628592
3897.64415268  1.00583489
3897.64554155  1.00663989
3897.64693041  1.00542919
3897.64831927  1.00514567
3897.64970814  1.00504229
3897.65109700  1.00557584
3897.65248587  1.00430131
3897.65387473  1.00469187
3897.65526359  1.00381539
3897.65665246  1.00408317
3897.65804132  1.00406005
3897.65943019  1.00402438
3897.66081905  1.00414260
3897.66220791  1.00375108
3897.66359678  1.00366590
3897.66498564  1.00336454
3897.66637451  1.00351971
3897.66776337  1.00297011
3897.66915223  1.00360732
3897.67054110  1.00330745
3897.67192996  1.00316659
3897.67331883  1.00289566
3897.67470769  1.00261785
3897.67609655  1.00236190
3897.67748542  1.00237841
3897.67887428  1.00270640
3897.68026315  1.00239743
3897.68165201  1.00220445
3897.68304087  1.00191938
3897.68442974  1.00240914
3897.68581860  1.00256206
3897.68720746  1.00240932
3897.68859633  1.00266996
3897.68998519  1.00213076
3897.69137406  1.00206593
3897.69276292  1.00206734
3897.69415178  1.00191279
3897.69554065  1.00223125
3897.69692951  1.00225949
3897.69831838  1.00167275
3897.69970724  1.00201664
3897.70109610  1.00181355
3897.70248497  1.00259827
3897.70387383  1.00147066
3897.70526270  1.00187797
3897.70665156  1.00205692
3897.70804042  1.00158050
3897.70942929  1.00177739
3897.71081815  1.00212646
3897.71220701  1.00190006
3897.71359588  1.00164936
3897.71498474  1.00166832
3897.71637361  1.00157900
3897.71776247  1.00227541
3897.71915133  1.00150012
3897.72054020  1.00150769
3897.72192906  1.00136299
3897.72331792  1.00093431
3897.72470679  1.00186094
3897.72609565  1.00100933
3897.72748452  1.00118653
3897.72887338  1.00105601
3897.73026224  1.00075908
3897.73165111  1.00106600
3897.73303997  1.00029229
3897.73442883  1.00103086
3897.73581770  1.00105528
3897.73720656  1.00092053
3897.73859543  1.00098421
3897.73998429  1.00125613
3897.74137315  1.00103268
3897.74276202  1.00057239
3897.74415088  1.00087568
3897.74553974  1.00141491
3897.74692861  1.00064946
3897.74831747  1.00089338
3897.74970633  1.00160570
3897.75109520  1.00062016
3897.75248406  1.00076268
3897.75387293  1.00118885
3897.75526179  1.00073947
3897.75665065  1.00106159
3897.75803952  1.00030551
3897.75942838  1.00058976
3897.76081724  1.00060333
3897.76220611  1.00102622
3897.76359497  1.00055940
3897.76498383  1.00086184
3897.76637270  1.00029337
3897.76776156  1.00043382
3897.76915043  1.00075914
3897.77053929  0.99987353
3897.77192815  1.00036787
3897.77331702  1.00066699
3897.77470588  1.00016263
3897.77609474  1.00015744
3897.77748361  1.00048788
3897.77887247  0.99993139
3897.78026133  1.00041483
3897.78165020  1.00021900
3897.78303906  0.99987017
3897.78442792  1.00048957
3897.78581679  1.00014708
3897.78720565  0.99987061
3897.78859452  1.00049471
3897.78998338  0.99950805
3897.79137224  1.00032650
3897.79276111  1.00003169
3897.79414997  1.00025029
3897.79553883  1.00046479
3897.79692770  1.00054741
3897.79831656  1.00035600
3897.79970542  1.00055094
3897.80109429  1.00039965
3897.80248315  1.00032917
3897.80387201  1.00067522
3897.80526088  1.00018602
3897.80664974  0.99969198
3897.80803860  1.00021329
3897.80942747  1.00010098
3897.81081633  1.00076533
3897.81220519  0.99989128
3897.81359406  1.00058198
3897.81498292  0.99952806
3897.81637178  0.99989762
3897.81776065  0.99976242
3897.81914951  1.00054731
3897.82053837  1.00034758
3897.82192724  0.99989005
3897.82331610  1.00020282
3897.82470496  1.00021205
3897.82609383  1.00016632
3897.82748269  1.00061829
3897.82887155  1.00041819
3897.83026042  1.00051121
3897.83164928  1.00050562
3897.83303814  1.00041815
3897.83442701  1.00000419
3897.83581587  1.00011930
3897.83720473  1.00042865
3897.83859360  1.00050485
3897.83998246  1.00064360
3897.84137132  0.99980123
3897.84276019  0.99942542
3897.84414905  1.00026545
3897.84553791  0.99976512
3897.84692678  1.00031484
3897.84831564  0.99990712
3897.84970450  1.00025716
3897.85109337  1.00055404
3897.85248223  1.00031043
3897.85387109  1.00029391
3897.85525996  0.99999381
3897.85664882  1.00009308
3897.85803768  0.99977112
3897.85942655  0.99979871
3897.86081541  1.00010427
3897.86220427  0.99934435
3897.86359314  1.00047732
3897.86498200  1.00002161
3897.86637086  1.00087338
3897.86775973  1.00024616
3897.86914859  1.00015266
3897.87053745  1.00048699
3897.87192632  0.99975406
3897.87331518  1.00029839
3897.87470404  1.00022116
3897.87609291  0.99982452
3897.87748177  0.99973492
3897.87887063  0.99946215
3897.88025949  0.99985101
3897.88164836  0.99982044
3897.88303722  0.99940874
3897.88442608  0.99990192
3897.88581495  1.00031501
3897.88720381  1.00002657
3897.88859267  1.00010113
3897.88998154  0.99996054
3897.89137040  0.99982963
3897.89275926  0.99988196
3897.89414813  1.00043130
3897.89553699  1.00037702
3897.89692585  0.99999520
3897.89831472  0.99999056
3897.89970358  0.99998250
3897.90109244  1.00053311
3897.90248130  1.00028622
3897.90387017  1.00000826
3897.90525903  1.00040747
3897.90664789  1.00004751
3897.90803676  0.99992235
3897.90942562  0.99978500
3897.91081448  0.99999288
3897.91220335  0.99964977
3897.91359221  0.99983474
3897.91498107  0.99986485
3897.91636994  1.00000141
3897.91775880  0.99962530
3897.91914766  1.00003918
3897.92053652  1.00003524
3897.92192539  0.99978028
3897.92331425  1.00019506
3897.92470311  1.00042984
3897.92609198  1.00018105
3897.92748084  1.00053331
3897.92886970  1.00037481
3897.93025857  0.99976315
3897.93164743  1.00005887
3897.93303629  0.99992750
3897.93442515  1.00026034
3897.93581402  0.99993939
3897.93720288  0.99993853
3897.93859174  0.99966224
3897.93998061  0.99989577
3897.94136947  0.99998284
3897.94275833  0.99996078
3897.94414719  1.00056619
3897.94553606  1.00075791
3897.94692492  0.99946958
3897.94831378  1.00063112
3897.94970265  1.00014225
3897.95109151  1.00006290
3897.95248037  1.00064580
3897.95386924  0.99956770
3897.95525810  1.00023464
3897.95664696  1.00070189
3897.95803582  0.99992972
3897.95942469  0.99985504
3897.96081355  1.00034368
3897.96220241  0.99996208
3897.96359127  0.99966599
3897.96498014  0.99987415
3897.96636900  1.00074502
3897.96775786  1.00064660
3897.96914673  0.99975494
3897.97053559  1.00045946
3897.97192445  1.00070287
3897.97331331  1.00014385
3897.97470218  1.00015149
3897.97609104  1.00014633
3897.97747990  1.00044327
3897.97886877  1.00095039
3897.98025763  1.00032065
3897.98164649  1.00026050
3897.98303535  1.00013566
3897.98442422  1.00022373
3897.98581308  1.00041810
3897.98720194  0.99955213
3897.98859081  1.00005729
3897.98997967  1.00025715
3897.99136853  1.00048572
3897.99275739  0.99966571
3897.99414626  1.00025294
3897.99553512  0.99963599
3897.99692398  1.00032875
3897.99831284  0.99942547
3897.99970171  0.99917940
3898.00109057  1.00025926
3898.00247943  0.99998052
3898.00386830  1.00042367
3898.00525716  1.00013513
3898.00664602  0.99991444
3898.00803488  0.99951374
3898.00942375  0.99989724
3898.01081261  1.00013145
3898.01220147  0.99986955
3898.01359033  0.99944858
3898.01497920  1.00091382
3898.01636806  1.00001751
3898.01775692  0.99942801
3898.01914578  1.00034162
3898.02053465  1.00029919
3898.02192351  1.00007426
3898.02331237  1.00057094
3898.02470124  0.99991792
3898.02609010  1.00069664
3898.02747896  1.00013598
3898.02886782  1.00006283
3898.03025669  0.99987340
3898.03164555  1.00017797
3898.03303441  0.99969103
3898.03442327  1.00069049
3898.03581214  0.99996099
3898.03720100  1.00035213
3898.03858986  1.00045856
3898.03997872  1.00062135
3898.04136759  1.00005454
3898.04275645  0.99975235
3898.04414531  0.99991628
3898.04553417  1.00036154
3898.04692304  0.99986273
3898.04831190  0.99996744
3898.04970076  0.99957867
3898.05108962  0.99989167
3898.05247849  1.00005443
3898.05386735  0.99969552
3898.05525621  1.00017769
3898.05664507  1.00024135
3898.05803394  0.99965873
3898.05942280  1.00052411
3898.06081166  1.00050929
3898.06220052  0.99969308
3898.06358939  1.00034251
3898.06497825  1.00056845
3898.06636711  1.00000848
3898.06775597  0.99975614
3898.06914484  1.00053424
3898.07053370  1.00014400
3898.07192256  1.00024698
3898.07331142  1.00004226
3898.07470029  0.99981334
3898.07608915  1.00012860
3898.07747801  1.00019894
3898.07886687  1.00020836
3898.08025574  1.00041318
3898.08164460  1.00062850
3898.08303346  0.99969858
3898.08442232  1.00042356
3898.08581118  1.00065788
3898.08720005  1.00036754
3898.08858891  1.00009418
3898.08997777  1.00020708
3898.09136663  1.00021699
3898.09275550  1.00036046
3898.09414436  1.00007694
3898.09553322  1.00097449
3898.09692208  0.99941258
3898.09831095  1.00006902
3898.09969981  1.00025002
3898.10108867  1.00043221
3898.10247753  1.00066518
3898.10386640  1.00052255
3898.10525526  1.00044251
3898.10664412  1.00011071
3898.10803298  1.00031497
3898.10942185  1.00014156
3898.11081071  1.00036432
3898.11219957  1.00066764
3898.11358843  1.00021286
3898.11497729  1.00032631
3898.11636616  1.00042774
3898.11775502  1.00047551
3898.11914388  1.00061248
3898.12053274  1.00020830
3898.12192161  1.00046234
3898.12331047  0.99985538
3898.12469933  1.00045239
3898.12608819  1.00022841
3898.12747705  1.00029494
3898.12886592  0.99989694
3898.13025478  1.00017674
3898.13164364  1.00016273
3898.13303250  1.00032685
3898.13442137  1.00044340
3898.13581023  0.99991781
3898.13719909  1.00071309
3898.13858795  1.00056659
3898.13997681  0.99982079
3898.14136568  1.00012150
3898.14275454  1.00054835
3898.14414340  0.99950232
3898.14553226  1.00023795
3898.14692112  1.00017733
3898.14830999  1.00007833
3898.14969885  1.00090840
3898.15108771  0.99988722
3898.15247657  0.99990251
3898.15386544  0.99952386
3898.15525430  1.00059939
3898.15664316  0.99949782
3898.15803202  0.99997900
3898.15942088  0.99934614
3898.16080975  0.99983016
3898.16219861  0.99969664
3898.16358747  1.00028579
3898.16497633  0.99995666
3898.16636519  0.99965818
3898.16775406  1.00002960
3898.16914292  1.00001363
3898.17053178  0.99952809
3898.17192064  0.99986587
3898.17330951  0.99996896
3898.17469837  0.99998050
3898.17608723  0.99974003
3898.17747609  0.99973152
3898.17886495  0.99984769
3898.18025382  0.99962740
3898.18164268  0.99946657
3898.18303154  0.99995667
3898.18442040  0.99986699
3898.18580926  1.00005054
3898.18719813  1.00015393
3898.18858699  1.00038886
3898.18997585  0.99965983
3898.19136471  0.99942849
3898.19275357  0.99976374
3898.19414244  1.00006222
3898.19553130  1.00041249
3898.19692016  0.99993762
3898.19830902  1.00000877
3898.19969788  1.00054222
3898.20108675  1.00027452
3898.20247561  1.00061290
3898.20386447  1.00045416
3898.20525333  0.99972293
3898.20664219  1.00016591
3898.20803106  0.99996182
3898.20941992  1.00064934
3898.21080878  1.00097921
3898.21219764  1.00072723
3898.21358650  1.00043180
3898.21497536  1.00066622
3898.21636423  1.00010868
3898.21775309  0.99989791
3898.21914195  1.00010512
3898.22053081  1.00078271
3898.22191967  1.00052995
3898.22330854  1.00060422
3898.22469740  1.00001124
3898.22608626  0.99992716
3898.22747512  1.00027311
3898.22886398  1.00057158
3898.23025284  1.00036495
3898.23164171  1.00037812
3898.23303057  1.00060794
3898.23441943  0.99991859
3898.23580829  1.00035846
3898.23719715  1.00042008
3898.23858602  1.00082311
3898.23997488  1.00041522
3898.24136374  1.00101186
3898.24275260  1.00051421
3898.24414146  1.00041734
3898.24553033  0.99993313
3898.24691919  1.00023071
3898.24830805  1.00010722
3898.24969691  1.00059240
3898.25108577  1.00039763
3898.25247463  0.99995080
3898.25386350  1.00027165
3898.25525236  1.00059424
3898.25664122  1.00017580
3898.25803008  1.00026913
3898.25941894  1.00059623
3898.26080780  1.00056867
3898.26219667  1.00120923
3898.26358553  1.00062208
3898.26497439  1.00071261
3898.26636325  1.00029990
3898.26775211  1.00067686
3898.26914097  1.00035415
3898.27052984  0.99999925
3898.27191870  1.00025296
3898.27330756  0.99963965
3898.27469642  1.00085887
3898.27608528  1.00046256
3898.27747415  1.00063297
3898.27886301  1.00028169
3898.28025187  1.00043378
3898.28164073  1.00009788
3898.28302959  1.00093329
3898.28441845  0.99997893
3898.28580731  0.99986371
3898.28719618  1.00008749
3898.28858504  1.00010626
3898.28997390  1.00017252
3898.29136276  0.99965230
3898.29275162  1.00048721
3898.29414048  0.99957346
3898.29552935  1.00004458
3898.29691821  0.99993918
3898.29830707  0.99960196
3898.29969593  0.99968550
3898.30108479  1.00004267
3898.30247365  0.99961347
3898.30386252  1.00002054
3898.30525138  1.00017751
3898.30664024  1.00011983
3898.30802910  0.99988251
3898.30941796  1.00020987
3898.31080682  1.00030522
3898.31219568  0.99981606
3898.31358455  1.00004344
3898.31497341  1.00041329
3898.31636227  0.99904871
3898.31775113  1.00025450
3898.31913999  0.99931970
3898.32052885  1.00040741
3898.32191772  0.99961669
3898.32330658  1.00029583
3898.32469544  0.99983543
3898.32608430  0.99995324
3898.32747316  0.99955840
3898.32886202  1.00021793
3898.33025088  1.00001238
3898.33163975  0.99996955
3898.33302861  0.99996403
3898.33441747  0.99953085
3898.33580633  0.99980262
3898.33719519  1.00025260
3898.33858405  1.00037279
3898.33997291  1.00081994
3898.34136178  1.00087660
3898.34275064  1.00118062
3898.34413950  1.00141347
3898.34552836  1.00092414
3898.34691722  1.00089722
3898.34830608  1.00056904
3898.34969494  1.00118013
3898.35108381  1.00118894
3898.35247267  1.00068638
3898.35386153  1.00073893
3898.35525039  1.00043848
3898.35663925  0.99976041
3898.35802811  1.00009262
3898.35941697  1.00041731
3898.36080584  1.00007237
3898.36219470  1.00030982
3898.36358356  1.00037097
3898.36497242  1.00040628
3898.36636128  1.00070185
3898.36775014  1.00059191
3898.36913900  1.00009585
3898.37052786  1.00012551
3898.37191673  1.00005964
3898.37330559  1.00042649
3898.37469445  0.99965653
3898.37608331  0.99955570
3898.37747217  0.99997723
3898.37886103  1.00022398
3898.38024989  0.99990505
3898.38163876  1.00092827
3898.38302762  1.00045759
3898.38441648  1.00061051
3898.38580534  0.99973551
3898.38719420  1.00036815
3898.38858306  1.00012514
3898.38997192  1.00066215
3898.39136078  1.00012638
3898.39274965  1.00022943
3898.39413851  1.00008277
3898.39552737  1.00033301
3898.39691623  1.00013213
3898.39830509  0.99957763
3898.39969395  0.99981612
3898.40108281  0.99993906
3898.40247167  0.99923124
3898.40386054  0.99973010
3898.40524940  1.00044626
3898.40663826  0.99995289
3898.40802712  0.99976149
3898.40941598  0.99942030
3898.41080484  1.00024988
3898.41219370  1.00007186
3898.41358256  1.00010402
3898.41497142  1.00050075
3898.41636029  1.00053492
3898.41774915  0.99997473
3898.41913801  1.00044518
3898.42052687  1.00043186
3898.42191573  0.99981078
3898.42330459  0.99970448
3898.42469345  0.99998488
3898.42608231  1.00025735
3898.42747118  1.00018369
3898.42886004  0.99983571
3898.43024890  1.00048862
3898.43163776  0.99989534
3898.43302662  1.00056577
3898.43441548  1.00042301
3898.43580434  1.00008072
3898.43719320  1.00008494
3898.43858206  0.99964898
3898.43997092  1.00025047
3898.44135979  1.00029674
3898.44274865  1.00063046
3898.44413751  0.99983529
3898.44552637  1.00046172
3898.44691523  1.00010960
3898.44830409  0.99993536
3898.44969295  0.99976402
3898.45108181  1.00043583
3898.45247067  1.00040808
3898.45385954  0.99970350
3898.45524840  0.99946713
3898.45663726  1.00079954
3898.45802612  1.00033060
3898.45941498  1.00016351
3898.46080384  0.99987946
3898.46219270  0.99983199
3898.46358156  0.99996303
3898.46497042  0.99954668
3898.46635928  0.99961043
3898.46774815  1.00038594
3898.46913701  1.00018673
3898.47052587  1.00006636
3898.47191473  1.00002348
3898.47330359  0.99983107
3898.47469245  1.00034718
3898.47608131  1.00068787
3898.47747017  0.99995822
3898.47885903  1.00046927
3898.48024789  0.99948601
3898.48163675  1.00005070
3898.48302562  1.00030507
3898.48441448  1.00065061
3898.48580334  1.00037421
3898.48719220  1.00017316
3898.48858106  1.00002035
3898.48996992  1.00005274
3898.49135878  1.00017147
3898.49274764  1.00044947
3898.49413650  0.99987076
3898.49552536  1.00016058
3898.49691422  1.00076917
3898.49830308  1.00002775
3898.49969195  1.00013673
3898.50108081  0.99952974
3898.50246967  1.00039084
3898.50385853  1.00033401
3898.50524739  0.99965057
3898.50663625  1.00072014
3898.50802511  1.00130819
3898.50941397  0.99993171
3898.51080283  1.00038151
3898.51219169  1.00009644
3898.51358055  0.99999438
3898.51496941  0.99939697
3898.51635828  0.99988968
3898.51774714  1.00067600
3898.51913600  1.00023098
3898.52052486  1.00091159
3898.52191372  1.00038220
3898.52330258  1.00025717
3898.52469144  1.00002614
3898.52608030  1.00027341
3898.52746916  1.00064977
3898.52885802  1.00034659
3898.53024688  0.99972049
3898.53163574  0.99998638
3898.53302460  0.99983626
3898.53441347  0.99971321
3898.53580233  1.00033063
3898.53719119  1.00056140
3898.53858005  1.00040852
3898.53996891  1.00010148
3898.54135777  1.00076076
3898.54274663  0.99992475
3898.54413549  1.00015052
3898.54552435  1.00005570
3898.54691321  1.00033307
3898.54830207  1.00013017
3898.54969093  1.00025036
3898.55107979  0.99974919
3898.55246865  1.00039561
3898.55385751  1.00017557
3898.55524638  1.00089623
3898.55663524  1.00008242
3898.55802410  1.00020001
3898.55941296  0.99961028
3898.56080182  1.00066299
3898.56219068  1.00108911
3898.56357954  1.00001681
3898.56496840  1.00039709
3898.56635726  0.99968412
3898.56774612  0.99978346
3898.56913498  1.00044328
3898.57052384  1.00022608
3898.57191270  1.00012133
3898.57330156  1.00057349
3898.57469042  0.99972943
3898.57607928  0.99993652
3898.57746814  0.99969252
3898.57885701  1.00127872
3898.58024587  1.00030620
3898.58163473  1.00041417
3898.58302359  1.00029824
3898.58441245  0.99959293
3898.58580131  1.00062823
3898.58719017  0.99991988
3898.58857903  1.00019078
3898.58996789  0.99998768
3898.59135675  1.00004588
3898.59274561  0.99986962
3898.59413447  1.00057493
3898.59552333  1.00035026
3898.59691219  1.00039299
3898.59830105  1.00088252
3898.59968991  0.99991298
3898.60107877  1.00053904
3898.60246763  1.00058499
3898.60385649  1.00006898
3898.60524536  0.99980818
3898.60663422  1.00046343
3898.60802308  0.99994886
3898.60941194  1.00031087
3898.61080080  1.00009890
3898.61218966  1.00011139
3898.61357852  0.99968732
3898.61496738  0.99998274
3898.61635624  0.99974902
3898.61774510  1.00018700
3898.61913396  0.99981494
3898.62052282  1.00073536
3898.62191168  1.00019445
3898.62330054  0.99996256
3898.62468940  0.99976558
3898.62607826  0.99959331
3898.62746712  0.99990050
3898.62885598  1.00015193
3898.63024484  1.00009644
3898.63163370  0.99994255
3898.63302256  0.99993746
3898.63441142  1.00055498
3898.63580028  1.00029709
3898.63718914  0.99940007
3898.63857800  1.00001659
3898.63996687  0.99974318
3898.64135573  1.00120115
3898.64274459  1.00058732
3898.64413345  0.99940026
3898.64552231  1.00016922
3898.64691117  0.99970732
3898.64830003  1.00121670
3898.64968889  1.00049961
3898.65107775  0.99993731
3898.65246661  1.00083477
3898.65385547  1.00037073
3898.65524433  1.00098628
3898.65663319  1.00026836
3898.65802205  1.00029551
3898.65941091  1.00025104
3898.66079977  0.99995216
3898.66218863  0.99991784
3898.66357749  1.00023019
3898.66496635  1.00037529
3898.66635521  1.00022315
3898.66774407  0.99994641
3898.66913293  1.00008013
3898.67052179  0.99992257
3898.67191065  1.00018035
3898.67329951  0.99966760
3898.67468837  1.00038309
3898.67607723  0.99976834
3898.67746609  1.00028829
3898.67885495  1.00033109
3898.68024381  0.99991101
3898.68163267  0.99987693
3898.68302153  1.00027366
3898.68441039  0.99992709
3898.68579925  1.00028253
3898.68718811  1.00037931
3898.68857697  0.99987162
3898.68996583  1.00040106
3898.69135469  1.00046001
3898.69274355  0.99995948
3898.69413241  1.00021781
3898.69552127  1.00011435
3898.69691013  0.99994322
3898.69829899  0.99958289
3898.69968785  1.00021756
3898.70107671  1.00033109
3898.70246557  1.00020194
3898.70385443  1.00040094
3898.70524329  1.00007563
3898.70663215  1.00013505
3898.70802101  0.99991785
3898.70940988  1.00036515
3898.71079873  1.00022701
3898.71218760  0.99968759
3898.71357646  1.00009339
3898.71496532  1.00031734
3898.71635418  0.99983086
3898.71774304  1.00002847
3898.71913190  0.99987471
3898.72052076  0.99991985
3898.72190962  1.00026373
3898.72329848  1.00061385
3898.72468734  1.00025756
3898.72607620  0.99970205
3898.72746506  1.00048846
3898.72885392  0.99969022
3898.73024278  0.99984835
3898.73163164  0.99917550
3898.73302050  1.00069054
3898.73440936  1.00041345
3898.73579822  1.00003337
3898.73718708  1.00055332
3898.73857594  0.99984132
3898.73996480  1.00033397
3898.74135366  0.99938849
3898.74274252  1.00001474
3898.74413138  0.99926839
3898.74552024  0.99963367
3898.74690910  0.99978937
3898.74829796  1.00024124
3898.74968682  1.00040200
3898.75107567  1.00010562
3898.75246453  0.99975732
3898.75385339  1.00025544
3898.75524225  0.99956355
3898.75663111  1.00014017
3898.75801997  1.00015582
3898.75940883  1.00023955
3898.76079769  1.00049434
3898.76218655  0.99940172
3898.76357541  0.99959412
3898.76496427  1.00015166
3898.76635313  1.00017501
3898.76774199  1.00031131
3898.76913085  0.99992237
3898.77051971  1.00056885
3898.77190857  1.00044610
3898.77329743  1.00034200
3898.77468629  1.00100660
3898.77607515  1.00123646
3898.77746401  1.00032426
3898.77885287  0.99963986
3898.78024173  1.00004105
3898.78163059  1.00015554
3898.78301945  1.00017058
3898.78440831  0.99978000
3898.78579717  0.99980271
3898.78718603  0.99962975
3898.78857489  1.00039259
3898.78996375  0.99992509
3898.79135261  1.00007750
3898.79274147  0.99987766
3898.79413033  0.99988467
3898.79551919  0.99992316
3898.79690805  1.00021635
3898.79829691  0.99998945
3898.79968577  1.00023017
3898.80107463  0.99961470
3898.80246349  0.99981896
3898.80385235  1.00038566
3898.80524121  0.99978979
3898.80663007  1.00019902
3898.80801893  1.00031600
3898.80940779  1.00029828
3898.81079665  0.99995032
3898.81218551  1.00027729
3898.81357437  0.99995664
3898.81496323  0.99913822
3898.81635209  0.99975588
3898.81774095  0.99995839
3898.81912980  1.00018503
3898.82051866  1.00090647
3898.82190752  0.99971519
3898.82329638  1.00020235
3898.82468524  0.99980470
3898.82607410  1.00041487
3898.82746296  1.00003525
3898.82885182  0.99981224
3898.83024068  1.00000122
3898.83162954  1.00049546
3898.83301840  0.99997664
3898.83440726  0.99954325
3898.83579612  0.99944582
3898.83718498  0.99964866
3898.83857384  0.99974379
3898.83996270  0.99958576
3898.84135156  0.99961114
3898.84274042  0.99980068
3898.84412928  1.00011155
3898.84551814  0.99927863
3898.84690700  1.00005329
3898.84829586  1.00000945
3898.84968472  1.00034500
3898.85107358  0.99943600
3898.85246244  1.00009587
3898.85385130  0.99977350
3898.85524015  1.00049386
3898.85662901  1.00073685
3898.85801787  0.99948145
3898.85940673  1.00044912
3898.86079559  0.99973718
3898.86218445  0.99967581
3898.86357331  1.00013817
3898.86496217  1.00036384
3898.86635103  1.00079944
3898.86773989  1.00044309
3898.86912875  0.99950603
3898.87051761  0.99961943
3898.87190647  1.00063089
3898.87329533  0.99927361
3898.87468419  1.00001676
3898.87607305  0.99940643
3898.87746191  0.99967680
3898.87885077  0.99966874
3898.88023963  1.00034293
3898.88162849  1.00062969
3898.88301734  0.99988339
3898.88440620  0.99963437
3898.88579506  1.00038819
3898.88718392  0.99999279
3898.88857278  0.99983089
3898.88996164  1.00032122
3898.89135050  1.00023527
3898.89273936  0.99909567
3898.89412822  0.99915804
3898.89551708  0.99970010
3898.89690594  0.99996368
3898.89829480  0.99967039
3898.89968366  0.99927831
3898.90107252  0.99976439
3898.90246138  0.99970898
3898.90385024  1.00000104
3898.90523909  1.00091123
3898.90662795  1.00044353
3898.90801681  1.00035246
3898.90940567  0.99979940
3898.91079453  1.00013699
3898.91218339  1.00016462
3898.91357225  1.00010696
3898.91496111  1.00029525
3898.91634997  1.00125797
3898.91773883  1.00101057
3898.91912769  0.99983143
3898.92051655  1.00092055
3898.92190541  1.00011391
3898.92329427  1.00057813
3898.92468313  1.00051097
3898.92607198  0.99953710
3898.92746084  0.99958137
3898.92884970  1.00082361
3898.93023856  0.99941415
3898.93162742  1.00019059
3898.93301628  1.00017957
3898.93440514  0.99964676
3898.93579400  1.00115012
3898.93718286  1.00039166
3898.93857172  1.00054456
3898.93996058  0.99995179
3898.94134944  1.00040948
3898.94273830  1.00050763
3898.94412715  1.00024186
3898.94551601  1.00076435
3898.94690487  1.00021421
3898.94829373  0.99996190
3898.94968259  0.99996833
3898.95107145  1.00072057
3898.95246031  0.99989536
3898.95384917  0.99974536
3898.95523803  1.00026475
3898.95662689  1.00011515
3898.95801575  1.00062937
3898.95940461  1.00070205
3898.96079346  1.00034564
3898.96218232  0.99967924
3898.96357118  1.00025134
3898.96496004  0.99920010
3898.96634890  1.00010360
3898.96773776  0.99986266
3898.96912662  0.99975844
3898.97051548  0.99955855
3898.97190434  0.99970946
3898.97329320  0.99963384
3898.97468206  1.00014832
3898.97607092  1.00059458
3898.97745977  0.99986179
3898.97884863  1.00003320
3898.98023749  0.99981862
3898.98162635  1.00023565
3898.98301521  1.00039634
3898.98440407  1.00100782
3898.98579293  1.00035048
3898.98718179  1.00079295
3898.98857065  1.00016248
3898.98995951  0.99965335
3898.99134837  1.00037456
3898.99273722  0.99966878
3898.99412608  0.99954807
3898.99551494  1.00004453
3898.99690380  0.99918514
3898.99829266  1.00045350
3898.99968152  0.99977069
3899.00107038  0.99996576
3899.00245924  1.00035538
3899.00384810  1.00010843
3899.00523696  0.99964399
3899.00662581  1.00031835
3899.00801467  0.99942098
3899.00940353  1.00076488
3899.01079239  0.99999349
3899.01218125  1.00004691
3899.01357011  0.99989143
3899.01495897  1.00061165
3899.01634783  1.00075634
3899.01773669  0.99979359
3899.01912555  0.99965508
3899.02051440  0.99933879
3899.02190326  1.00022648
3899.02329212  0.99969915
3899.02468098  0.99936085
3899.02606984  0.99962050
3899.02745870  0.99970615
3899.02884756  1.00007713
3899.03023642  1.00013767
3899.03162528  0.99958438
3899.03301413  0.99986314
3899.03440299  1.00044085
3899.03579185  1.00009315
3899.03718071  1.00027488
3899.03856957  0.99992395
3899.03995843  1.00047534
3899.04134729  1.00010302
3899.04273615  1.00014839
3899.04412501  0.99993048
3899.04551386  1.00013620
3899.04690272  0.99948759
3899.04829158  0.99951159
3899.04968044  0.99956376
3899.05106930  1.00053476
3899.05245816  0.99955839
3899.05384702  0.99993890
3899.05523588  1.00074606
3899.05662474  0.99957267
3899.05801359  0.99995122
3899.05940245  0.99850520
3899.06079131  1.00041782
3899.06218017  0.99996278
3899.06356903  0.99968260
3899.06495789  0.99978507
3899.06634675  0.99970588
3899.06773561  0.99938874
3899.06912446  0.99943782
3899.07051332  0.99998966
3899.07190218  0.99929299
3899.07329104  0.99913376
3899.07467990  0.99981077
3899.07606876  0.99924180
3899.07745762  0.99915607
3899.07884648  0.99969897
3899.08023533  0.99905680
3899.08162419  0.99936533
3899.08301305  0.99948368
3899.08440191  1.00000109
3899.08579077  0.99923774
3899.08717963  1.00039218
3899.08856849  0.99932541
3899.08995735  1.00006225
3899.09134620  0.99941696
3899.09273506  1.00054674
3899.09412392  0.99985152
3899.09551278  1.00009658
3899.09690164  1.00003556
3899.09829050  0.99987112
3899.09967936  0.99951582
3899.10106821  1.00006016
3899.10245707  0.99997887
3899.10384593  1.00101925
3899.10523479  0.99999414
3899.10662365  1.00026829
3899.10801251  1.00010436
3899.10940137  0.99936083
3899.11079022  1.00015013
3899.11217908  0.99946222
3899.11356794  1.00037153
3899.11495680  1.00049673
3899.11634566  0.99965707
3899.11773452  1.00040294
3899.11912338  1.00050754
3899.12051223  1.00021547
3899.12190109  1.00054744
3899.12328995  0.99994590
3899.12467881  1.00040905
3899.12606767  1.00070886
3899.12745653  0.99978444
3899.12884539  1.00008411
3899.13023424  0.99949984
3899.13162310  0.99961453
3899.13301196  1.00013525
3899.13440082  0.99975452
3899.13578968  0.99991816
3899.13717854  0.99956900
3899.13856740  0.99979272
3899.13995625  0.99978074
3899.14134511  0.99936527
3899.14273397  1.00024172
3899.14412283  0.99986908
3899.14551169  1.00013786
3899.14828941  1.00042978
3899.14967826  1.00020536
3899.15106712  0.99995172
3899.15245598  0.99977723
3899.15384484  0.99947231
3899.15523370  0.99943658
3899.15662256  1.00120636
3899.15801141  1.00771216
3899.15940027  1.00896078
3899.16078913  1.00571086
3899.16217799  1.00442580
3899.16356685  1.00251417
3899.16495571  1.00212453
3899.16634457  1.00198442
3899.16773342  1.00167097
3899.16912228  1.00113551
3899.17051114  1.00170629
3899.17190000  1.00135719
3899.17328886  1.00142018
3899.17467772  1.00054521
3899.17606657  1.00041324
3899.17745543  1.00076294
3899.17884429  1.00062611
3899.18023315  1.00019803
3899.18162201  0.99992209
3899.18301087  0.99980335
3899.18439972  1.00082623
3899.18578858  1.00003778
3899.18717744  1.00084292
3899.18856630  1.00053015
3899.18995516  0.99994787
3899.19134402  0.99934784
3899.19273287  1.00036977
3899.19412173  0.99967464
3899.19551059  1.00022537
3899.19689945  0.99974464
3899.19828831  0.99968346
3899.19967717  0.99978371
3899.20106602  0.99953853
3899.20245488  0.99961779
3899.20384374  0.99986087
3899.20523260  0.99943597
3899.20662146  1.00109348
3899.20801032  0.99892162
3899.20939917  0.99955150
3899.21078803  0.99985623
3899.21217689  0.99944613
3899.21356575  1.00020750
3899.21495461  0.99954330
3899.21634346  0.99921548
3899.21773232  1.00003058
3899.21912118  1.00019161
3899.22051004  0.99978771
3899.22189890  0.99993611
3899.22328776  0.99948809
3899.22467661  0.99990480
3899.22606547  0.99913982
3899.22745433  1.00067414
3899.22884319  0.99927037
3899.23023205  0.99947944
3899.23162090  0.99950788
3899.23300976  0.99946444
3899.23439862  0.99988043
3899.23578748  1.00059737
3899.23717634  1.00038476
3899.23856520  1.00003118
3899.23995405  1.00051907
3899.24134291  1.00136692
3899.24273177  1.00035738
3899.24412063  1.00051740
3899.24550949  0.99970395
3899.24689834  1.00031215
3899.24828720  1.00002949
3899.24967606  1.00057731
3899.25106492  0.99997531
3899.25245378  1.00009917
3899.25384264  1.00037226
3899.25523149  1.00000262
3899.25800921  1.00013979
3899.25939807  1.00076388
3899.26078693  1.00065971
3899.26217578  1.00028410
3899.26356464  0.99997444
3899.26495350  0.99969247
3899.26634236  0.99912542
3899.26773122  1.00017498
3899.26912007  1.00015390
3899.27050893  0.99969847
3899.27189779  1.00017476
3899.27328665  1.00016958
3899.27467551  1.00017400
3899.27606436  0.99992912
3899.27745322  0.99909806
3899.27884208  0.99951276
3899.28023094  0.99890380
3899.28161980  0.99908325
3899.28300865  0.99944722
3899.28439751  0.99978873
3899.28578637  0.99888497
3899.28717523  0.99915784
3899.28856409  0.99987623
3899.28995294  0.99993987
3899.29134180  0.99961819
3899.29273066  0.99912767
3899.29411952  0.99976456
3899.29550838  1.00037610
3899.29689723  1.00001339
3899.29828609  1.00038139
3899.29967495  1.00046181
3899.30106381  0.99957735
3899.30245267  1.00084021
3899.30384152  1.00030881
3899.30523038  0.99909147
3899.30661924  0.99994596
3899.30800810  1.00019518
3899.30939696  0.99992210
3899.31078581  0.99991843
3899.31217467  0.99940550
3899.31356353  1.00021178
3899.31495239  0.99969008
3899.31634124  0.99965847
3899.31773010  1.00016439
3899.31911896  0.99893391
3899.32050782  0.99913226
3899.32189668  0.99927128
3899.32328553  0.99919078
3899.32467439  0.99942816
3899.32606325  0.99974880
3899.32745211  0.99949505
3899.32884097  0.99961439
3899.33022982  0.99972670
3899.33161868  0.99936927
3899.33300754  1.00038359
3899.33439640  0.99989725
3899.33578525  1.00060039
3899.33717411  0.99980889
3899.33856297  1.00044360
3899.33995183  1.00013941
3899.34134069  1.00111860
3899.34272954  1.00078453
3899.34411840  1.00065405
3899.34550726  1.00042273
3899.34689612  0.99999695
3899.34828497  1.00081757
3899.34967383  0.99926593
3899.35106269  1.00000593
3899.35245155  0.99997929
3899.35384041  1.00025419
3899.35522926  0.99967091
3899.35661812  1.00046724
3899.35800698  0.99998873
3899.35939584  0.99962977
3899.36078469  0.99976516
3899.36217355  0.99958924
3899.36356241  1.00031014
3899.36495127  0.99997248
3899.36634013  1.00006003
3899.36772898  0.99937212
3899.36911784  1.00004845
3899.37050670  0.99994327
3899.37189556  0.99998526
3899.37328441  1.00042328
3899.37467327  1.00005487
3899.37606213  1.00007623
3899.37745099  1.00000750
3899.38022870  0.99991504
3899.38161756  1.00067940
3899.38300642  1.00043508
3899.38439527  1.00034313
3899.38578413  0.99995508
3899.38717299  0.99991276
3899.38856185  0.99909900
3899.38995071  1.00019348
3899.39133956  0.99985276
3899.39272842  0.99931598
3899.39411728  1.00038610
3899.39550614  1.00026823
3899.39689499  1.00062023
3899.39828385  0.99959941
3899.39967271  0.99977844
3899.40106157  1.00047725
3899.40245042  0.99968066
3899.40383928  0.99991268
3899.40522814  0.99991116
3899.40661700  0.99881052
3899.40800585  1.00051815
3899.40939471  0.99887036
3899.41078357  0.99938955
3899.41217243  1.00009124
3899.41356128  0.99962974
3899.41495014  0.99971053
3899.41633900  0.99953767
3899.41772786  0.99926611
3899.41911671  0.99883800
3899.42050557  0.99954216
3899.42189443  0.99990244
3899.42328329  1.00056753
3899.42467214  0.99898295
3899.42606100  0.99969439
3899.42744986  0.99957979
3899.42883872  1.00032447
3899.43022757  0.99961817
3899.43161643  0.99919464
3899.43300529  0.99975226
3899.43439415  0.99952198
3899.43578300  1.00026570
3899.43717186  1.00001163
3899.43856072  0.99965394
3899.43994958  0.99948179
3899.44133843  0.99935176
3899.44272729  0.99916540
3899.44411615  0.99910385
3899.44550501  0.99957577
3899.44689386  1.00021586
3899.44828272  0.99889729
3899.44967158  1.00012862
3899.45106044  0.99947138
3899.45244929  1.00021201
3899.45383815  0.99944534
3899.45522701  0.99960905
3899.45661587  0.99873700
3899.45800472  0.99935681
3899.45939358  0.99938032
3899.46078244  0.99901851
3899.46356015  0.99950401
3899.46494901  0.99980795
3899.46633787  0.99916806
3899.46772672  0.99925899
3899.46911558  0.99951298
3899.47050444  0.99961405
3899.47189330  0.99965363
3899.47328215  0.99954476
3899.47467101  0.99915796
3899.47744872  0.99924243
3899.47883758  0.99968866
3899.48022644  0.99902462
3899.48161530  0.99938232
3899.48300415  0.99951415
3899.48439301  0.99941934
3899.48717073  0.99911760
3899.48855958  0.99991221
3899.48994844  1.00018479
3899.49133730  0.99958317
3899.49272616  1.00008643
3899.49411501  0.99926883
3899.49550387  0.99934026
3899.49689273  0.99985596
3899.49828158  0.99997877
3899.50105930  1.00195020
3899.50244816  1.00036023
3899.50383701  0.99981059
3899.50522587  0.99994595
3899.50661473  0.99955196
3899.50800358  0.99997300
3899.50939244  0.99978279
3899.51217016  0.99935364
3899.51355901  1.00169142
3899.51494787  1.00123554
3899.51633673  1.00083471
3899.51772558  1.00031349
3899.51911444  1.00074446
3899.52050330  1.00031316
3899.52189216  0.99978836
3899.52328101  1.00008847
3899.52466987  0.99973638
3899.52605873  0.99973519
3899.52744758  0.99954946
3899.53022530  0.99942670
3899.53161416  0.99994443
3899.53300301  0.99953289
3899.53439187  0.99981277
3899.53578073  1.00026153
3899.53716958  1.00059405
3899.53855844  1.00025212
3899.53994730  0.99981178
3899.54272501  1.00003607
3899.54411387  0.99987865
3899.54550273  1.00056146
3899.54689158  1.00007764
3899.54966930  1.00063790
3899.55105816  1.00211017
3899.55244701  1.00350015
3899.55383587  1.00334753
3899.55522473  1.00218405
3899.55661358  1.00256347
3899.55800244  1.00249121
3899.56078015  1.00279417
3899.56216901  1.00259327
3899.56355787  1.00201197
3899.56494673  1.00335956
3899.56633558  1.00242956
3899.56772444  1.00255255
3899.56911330  1.00188667
3899.57050215  1.00172232
3899.57189101  1.00170908
3899.57327987  1.00133101
3899.57466872  1.00221329
3899.57605758  1.00125078
3899.57744644  1.00120760
3899.57883529  1.00115376
3899.58022415  1.00020245
3899.58161301  1.00024373
3899.58300187  1.00026342
3899.58439072  0.99983686
3899.58577958  1.00050034
3899.58716844  0.99995184
3899.58855729  0.99972776
3899.58994615  1.00022349
3899.59133501  0.99942509
3899.59272386  0.99960971
3899.59550158  0.99972611
3899.59689043  0.99969294
3899.59827929  0.99966976
3899.59966815  0.99963837
3899.60105700  1.00007577
3899.60244586  1.00141040
3899.60383472  1.00052157
3899.60522358  1.00014875
3899.60800129  0.99994224
3899.60939015  1.00048234
3899.61077900  1.00070402
3899.61216786  1.00010367
3899.61355672  0.99985406
3899.61494557  0.99982424
3899.61633443  0.99937277
3899.61911214  0.99948095
3899.62050100  1.00005601
3899.62188986  0.99949773
3899.62327871  0.99962090
3899.62605643  0.99973100
3899.62744528  1.00055845
3899.63022300  1.00074178
3899.63161185  1.00093454
3899.63300071  1.00098621
3899.63438957  1.00054116
3899.63577842  1.00030763
3899.63855614  0.99971532
3899.63994500  1.00001292
3899.64133385  1.00077154
3899.64272271  1.00191144
3899.64411157  1.00093804
3899.64550042  1.00045703
3899.64688928  1.00088050
3899.64827814  1.00024690
3899.65105585  1.00027224
3899.65383356  1.00023792
3899.65522242  0.99966940
3899.65661128  1.00040138
3899.65800013  1.00030289
3899.65938899  0.99999311
3899.66077785  1.00070037
3899.66216670  1.00015751
3899.66355556  0.99930394
3899.66494442  1.00025550
3899.66633327  0.99904825
3899.66772213  0.99980685
3899.66911099  0.99909945
3899.67049984  0.99907141
3899.67188870  0.99935337
3899.67327756  0.99932908
3899.67466641  0.99917458
3899.67605527  1.00051076
3899.67744413  1.00039014
3899.67883298  0.99944569
3899.68022184  0.99977313
3899.68161069  0.99986975
3899.68299955  0.99916788
3899.68438841  0.99985835
3899.68577726  0.99977472
3899.68855498  1.00037746
3899.68994383  0.99910305
3899.69133269  0.99904226
3899.69272155  0.99960435
3899.69411040  0.99927137
3899.69549926  0.99874383
3899.69827697  0.99959202
3899.69966583  0.99949217
3899.70105469  0.99896862
3899.70244354  0.99950169
3899.70383240  1.00029655
3899.70522126  0.99973670
3899.70661011  0.99968771
3899.70799897  0.99919811
3899.70938783  1.00041430
3899.71077668  0.99992651
3899.71355439  0.99930514
3899.71494325  1.00028350
3899.71772096  1.00028843
3899.71910982  0.99993225
3899.72049868  1.00036514
3899.72188753  0.99990385
3899.72327639  0.99944281
3899.72605410  0.99991806
3899.72744296  1.00028192
3899.72883182  0.99964441
3899.73022067  0.99948582
3899.73160953  0.99994309
3899.73438724  0.99937337
3899.73577610  0.99919402
3899.73716495  1.00036394
3899.73994267  1.00043248
3899.74272038  0.99984931
3899.74410924  0.99966218
3899.74549809  1.00027120
3899.74688695  0.99999470
3899.74827580  1.00034423
3899.75105352  1.00024490
3899.75244237  1.00045360
3899.75383123  1.00064291
3899.75522009  1.00048335
3899.75660894  0.99997510
3899.75799780  1.00119882
3899.75938666  1.00177410
3899.76216437  1.00088705
3899.76494208  1.00056679
3899.76633094  1.00059584
3899.76771979  1.00119679
3899.76910865  1.00067113
3899.77188636  0.99989292
3899.77327522  0.99931189
3899.77605293  0.99913365
3899.77744179  0.99846190
3899.77883064  0.99922348
3899.78021950  0.99924152
3899.78299721  0.99903981
3899.78438607  0.99879556
3899.78577492  0.99938712
3899.78716378  0.99873249
3899.78855264  0.99953449
3899.78994149  0.99955826
3899.79133035  0.99905847
3899.79410806  0.99929955
3899.79549692  1.00101340
3899.79688577  1.00143265
3899.79827463  1.00074073
3899.79966349  0.99942922
3899.80105234  1.00028865
3899.80244120  1.00060352
3899.80383005  0.99964118
3899.80660777  0.99896439
3899.80799662  0.99850556
3899.81077433  0.99929869
3899.81355205  0.99794663
3899.81494090  0.99911103
3899.81632976  0.99960080
3899.81771862  0.99894101
3899.82049633  0.99944958
3899.82188518  1.00135619
3899.82327404  1.00345940
3899.82466290  1.00266746
3899.82605175  1.00270595
3899.82744061  1.00165912
3899.82882946  1.00222407
3899.83021832  1.00215198
3899.83160718  1.00137533
3899.83299603  1.00165543
3899.83438489  1.00284284
3899.83577374  1.00358857
3899.83716260  1.00216782
3899.83855146  1.00214782
3899.83994031  1.00160636
3899.84132917  1.00247650
3899.84271802  1.00269417
3899.84410688  1.00085881
3899.84549574  0.99988819
3899.84688459  1.00060217
3899.84827345  1.00043742
3899.84966230  0.99971326
3899.85105116  0.99998386
3899.85244002  0.99871605
3899.85382887  0.99971561
3899.85521773  1.00034047
3899.85660658  0.99940264
3899.85799544  0.99951705
3899.86077315  1.00084949
3899.86216201  1.00116657
3899.86355086  1.00049498
3899.86493972  0.99935451
3899.86632858  1.00017117
3899.86771743  1.00037765
3899.86910629  0.99955756
3899.87049514  0.99979492
3899.87188400  1.00030881
3899.87327286  1.00043171
3899.87466171  0.99885022
3899.87605057  0.99923549
3899.87882828  0.99957189
3899.88021713  1.00101616
3899.88160599  1.00005112
3899.88438370  1.00081834
3899.88577256  1.00163464
3899.88716141  0.99971456
3899.88855027  1.00097475
3899.88993913  0.99991017
3899.89271684  0.99971404
3899.89549455  0.99970940
3899.89688341  0.99935109
3899.89966112  0.99915719
3899.90104997  0.99868947
3899.90243883  0.99852756
3899.90382768  0.99942132
3899.90521654  0.99890802
3899.90660540  0.99885822
3899.90799425  1.00015802
3899.90938311  1.00037810
3899.91077196  0.99869022
3899.91216082  0.99864998
3899.91354967  0.99857192
3899.91493853  0.99836136
3899.91632739  0.99913491
3899.91771624  0.99959730
3899.91910510  0.99856178
3899.92049395  0.99877691
3899.92188281  1.00027587
3899.92327166  0.99967528
3899.92466052  0.99934790
3899.92743823  0.99999052
3899.92882709  0.99966533
3899.93021594  1.00047558
3899.93299365  1.00073865
3899.93438251  1.00011610
3899.93577137  0.99950447
3899.93716022  0.99995069
3899.93854908  0.99924135
3899.93993793  0.99977647
3899.94132679  0.99990964
3899.94271564  1.00055347
3899.94410450  0.99965014
3899.94549336  0.99882322
3899.94688221  0.99968059
3899.94827107  0.99981692
3899.95104878  0.99952479
3899.95243763  0.99978198
3899.95382649  0.99907711
3899.95521535  0.99916652
3899.95799306  1.00001701
3899.96077077  1.00035193
3899.96215962  1.00007150
3899.96354848  1.00047957
3899.96493733  1.00022050
3899.96632619  1.00048399
3899.96771505  1.00020629
3899.96910390  0.99990164
3899.97188161  1.00013385
3899.97327047  1.00019402
3899.97465932  1.00081775
3899.97743703  1.00001544
3899.97882589  0.99995106
3899.98021475  1.00216297
3899.98160360  1.00089421
3899.98299246  1.00173567
3899.98438131  1.00028502
3899.98715902  0.99977754
3899.98854788  0.99955379
3899.98993673  0.99966818
3899.99132559  0.99946410
3899.99271445  1.00006974
3899.99410330  0.99964645
3899.99549216  0.99901459
3899.99688101  0.99909970
3899.99826987  0.99950371
3899.99965872  0.99913542
3900.00104758  1.00084512
3900.00243643  0.99999877
3900.00382529  0.99906540
3900.00521414  1.00042507
3900.00660300  0.99991486
3900.00938071  0.99891931
3900.01076957  0.99988918
3900.01215842  0.99975527
3900.01354728  0.99980374
3900.01493613  0.99969672
3900.01632499  0.99960244
3900.01771384  1.00014934
3900.01910270  1.00101086
3900.02049155  1.00157836
3900.02188041  1.00098425
3900.02465812  1.00043144
3900.02604697  1.00175037
3900.02743583  1.00140381
3900.02882469  1.00075253
3900.03021354  0.99961114
3900.03160240  0.99927567
3900.03299125  0.99864602
3900.03438011  0.99948504
3900.03576896  0.99966511
3900.03715782  0.99962223
3900.03854667  0.99995422
3900.03993553  0.99904052
3900.04132438  0.99886666
3900.04271324  0.99919952
3900.04549095  0.99941969
3900.04687980  1.00014284
3900.04826866  0.99981304
3900.04965752  1.00034584
3900.05104637  1.00152771
3900.05243523  1.00010894
3900.05382408  1.00136561
3900.05660179  1.00060759
3900.05799065  1.00149993
3900.05937950  1.00128548
3900.06215721  1.00092628
3900.06354607  1.00324777
3900.06493492  1.00197086
3900.06632378  0.99923598
3900.06771263  0.99911317
3900.06910149  1.00006617
3900.07049034  0.99890189
3900.07187920  0.99815812
3900.07326805  0.99827070
3900.07465691  0.99833540
3900.07604577  0.99883416
3900.07743462  0.99827420
3900.07882348  0.99798776
3900.08021233  0.99827468
3900.08160119  0.99854468
3900.08299004  1.00012376
3900.08437890  0.99884901
3900.08576775  0.99820437
3900.08715661  0.99899046
3900.08854546  0.99982222
3900.08993432  0.99936017
3900.09271203  1.00031609
3900.09410088  0.99979168
3900.09687859  0.99961008
3900.09826745  1.00017070
3900.09965630  1.00069460
3900.10104516  0.99947043
3900.10243401  1.00172548
3900.10382287  1.00014878
3900.10521172  1.00039080
3900.10660058  1.00042508
3900.10798943  1.00085127
3900.10937829  1.00048566
3900.11076714  1.00048622
3900.11215600  1.00239787
3900.11354485  1.00022573
3900.11493371  0.99984622
3900.11632256  1.00072159
3900.11771142  0.99946659
3900.11910027  1.00072407
3900.12048913  1.00067385
3900.12187798  0.99995115
3900.12326684  0.99986879
3900.12465569  1.00090430
3900.12604455  1.00063474
3900.12743340  0.99854542
3900.12882226  0.99965580
3900.13021111  0.99914510
3900.13159997  0.99948146
3900.13298882  0.99923679
3900.13576653  0.99849437
3900.13715539  0.99856124
3900.13854424  1.00004037
3900.13993310  0.99738603
3900.14132195  0.99814190
3900.14271081  0.99971796
3900.14409966  0.99940594
3900.14687737  1.00099415
3900.14826623  1.00105073
3900.15104394  0.99986378
3900.15243279  0.99960618
3900.15382165  1.00024237
3900.15521050  1.00046112
3900.15659936  1.00094182
3900.15798821  0.99998968
3900.15937707  0.99952592
3900.16076592  0.99953464
3900.16354363  0.99896970
3900.16493249  1.00011908
3900.16771020  0.99936053
3900.16909905  0.99878482
3900.17048791  0.99850815
3900.17187676  0.99796681
3900.17326562  0.99839216
3900.17604333  0.99835074
3900.17743218  0.99738429
3900.17882104  0.99727388
3900.18020989  0.99750754
3900.18298760  0.99676314
3900.18437646  0.99704472
3900.18715416  0.99722727
3900.18854302  0.99798487
3900.18993187  0.99731114
3900.19132073  0.99727211
3900.19270958  0.99699665
3900.19409844  0.99879094
3900.19548729  0.99778568
3900.19687615  0.99623864
3900.19826500  0.99787819
3900.19965386  0.99668913
3900.20104271  0.99735450
3900.20382042  0.99659401
3900.20520928  0.99680342
3900.20659813  0.99658299
3900.20798699  0.99763470
3900.20937584  0.99719706
3900.21215355  0.99883231
3900.21354241  0.99952960
3900.21493126  0.99885175
3900.21632011  0.99969101
3900.21770897  1.00100015
3900.21909782  1.00108876
3900.22048668  0.99863296
3900.22187553  0.99983408
3900.22326439  1.00000907
3900.22465324  0.99932457
3900.22604210  1.00025732
3900.22881981  1.00018252
3900.23020866  0.99769602
3900.23159752  0.99729705
3900.23298637  0.99699440
3900.23437523  0.99703064
3900.23576408  0.99671067
3900.23715293  0.99936312
3900.23993064  0.99596273
3900.24270835  0.99582213
3900.24409721  0.99643827
3900.24548606  0.99717903
3900.24687492  0.99892807
3900.24826377  0.99606961
3900.24965263  0.99701556
3900.25104148  0.99711677
3900.25243034  0.99569163
3900.25520804  0.99732607
3900.25659690  0.99795143
3900.25798575  0.99612385
3900.25937461  0.99933936
3900.26076346  0.99951137
3900.26215232  1.00068382
3900.26354117  1.00362964
3900.26631888  1.01298660
3900.26770774  1.02449497
3900.26909659  1.03496948
3900.27048544  1.04549245
3900.27187430  1.04211841
3900.27326315  1.03853380
3900.27742972  1.03823630
3900.27881857  1.03366403
3900.28159628  1.03168621
3900.28298513  1.02893972
3900.28437399  1.02741698
3900.28576284  1.02634090
3900.28715170  1.02550676
3900.28854055  1.02526187
3900.28992941  1.02348878
3900.29131826  1.02033821
3900.29270712  1.01914546
3900.29409597  1.01912764
3900.29548482  1.01772046
3900.29687368  1.01694749
3900.29826253  1.01484333
3900.29965139  1.01247288
3900.30104024  1.01210987
3900.30242910  1.01294279
3900.30381795  1.01192285
3900.30520681  1.01022993
3900.30659566  1.00871749
3900.30798451  1.00766776
3900.30937337  1.00673947
3900.31076222  1.00852296
3900.31492879  1.00371653
3900.32048420  1.00283160
3900.32187306  1.00126989
3900.32465077  1.00087351
3900.32603962  1.00103043
3900.32881733  0.99948080
3900.33020618  0.99971615
3900.33159504  0.99931798
3900.33298389  0.99939888
3900.33576160  0.99916936
3900.33715046  0.99878644
3900.33992816  0.99805398
3900.34270587  0.99930534
3900.34409473  1.00050454
3900.34687243  0.99927726
3900.34826129  0.99840607
3900.34965014  0.99799996
3900.35103900  0.99933407
3900.35242785  0.99846429
3900.35381671  0.99841609
3900.35520556  0.99807116
3900.35659441  0.99872552
3900.36076098  0.99881300
3900.36353869  0.99897389
3900.36492754  0.99941923
3900.36770525  0.99923216
3900.37048296  0.99824416
3900.37187181  0.99737068
3900.37326066  0.99774723
3900.37464952  0.99877535
3900.37742723  1.00197413
3900.38020494  1.00023597
3900.38298264  0.99928977
3900.38576035  1.00029592
3900.38992691  0.99976912
3900.39131577  1.00042909
3900.39270462  1.00060136
3900.39409348  1.00161211
3900.39687118  1.00241609
3900.39826004  1.00181300
3900.39964889  0.99954248
3900.40103775  1.00093686
3900.40242660  1.00006450
3900.40520431  1.00025502
3900.40798202  0.99902548
3900.40937087  0.99807593
3900.41214858  0.99702517
3900.41353743  0.99662401
3900.41492629  0.99568494
3900.41770400  0.99568435
3900.41909285  0.99539216
3900.42048170  0.99828574
3900.42187056  0.99943925
3900.42325941  0.99949998
3900.42603712  0.99892756
3900.42742597  0.99932945
3900.42881483  1.00107401
3900.43020368  1.00111619
3900.43159254  1.00029501
3900.43575910  1.00045611
3900.43714795  1.00013976
3900.43853681  1.00022098
3900.44131451  1.00094446
3900.44270337  1.00072533
3900.44409222  1.00070762
3900.44548107  1.00051680
3900.44686993  1.00067364
3900.44825878  1.00120061
3900.44964764  0.99949826
3900.45103649  0.99826666
3900.45242534  1.00047381
3900.45381420  1.00022059
3900.45520305  1.00064204
3900.45659191  1.00020134
3900.45798076  0.99957784
3900.45936961  0.99787833
3900.46214732  0.99925637
3900.46492503  0.99956708
3900.46631388  0.99908376
3900.47048044  0.99786883
3900.47186930  0.99821417
3900.47325815  0.99926106
3900.47464701  0.99910204
3900.47603586  0.99775678
3900.47742471  0.99811019
3900.48020242  1.00214671
3900.48714669  1.00243991
3900.48992440  1.00158801
3900.49131325  0.99905990
3900.49270210  0.99785635
3900.49409096  0.99945753
3900.49964637  0.99834711
3900.50103523  0.99768764
3900.50242408  0.99804633
3900.50381293  0.99717937
3900.50520179  0.99844972
3900.50659064  0.99845865
3900.50936835  0.99712229
3900.51075720  0.99790780
3900.51214606  0.99698473
3900.51353491  1.00032858
3900.51492376  0.99875040
3900.51631262  0.99875788
3900.51909032  0.99790386
3900.52047918  0.99770184
3900.52603459  0.99741528
3900.52742345  0.99684766
3900.52881230  1.00023419
3900.53020115  1.00120154
3900.53159001  1.00038910
3900.53436771  0.99750899
3900.53575657  0.99643685
3900.53714542  0.99670660
3900.53853428  0.99942742
3900.54270084  0.99714917
3900.54408969  0.99706021
3900.54547854  0.99708524
3900.54825625  0.99709800
3900.54964510  0.99725244
3900.55103396  0.99702960
3900.55381166  0.99795463
3900.55658937  0.99987321
3900.55797822  0.99832245
3900.56214479  1.00055192
3900.56492249  1.00134232
3900.56770020  1.00076664
3900.56908905  0.99951552
3900.57186676  1.00140250
3900.57325561  1.00040431
3900.57464447  1.00018694
3900.58158873  0.99928568
3900.58575529  0.99713120
3900.58714415  0.99660567
3900.58992185  0.99832982
3900.59131071  0.99924474
3900.59269956  0.99692464
3900.59408841  0.99720686
3900.59547727  0.99775222
3900.59686612  0.99832852
3900.59825498  0.99973209
3900.60103268  0.99894435
3900.60242154  0.99833625
3900.60381039  0.99951565
3900.61075466  0.99790479
3900.61214351  0.99781677
3900.61353236  0.99938560
3900.61492122  0.99769601
3900.61631007  0.99728047
3900.61769892  0.99916211
3900.62047663  0.99819749
3900.62464319  0.99723665
3900.62603204  0.99835443
3900.62742089  0.99771171
3900.62880975  0.99756179
3900.63158745  0.99836857
3900.63436516  0.99706475
3900.63575401  0.99834807
3900.64269828  1.00075823
3900.64408713  1.00031198
3900.64686484  1.00043895
3900.64825369  1.00190362
3900.65658681  1.00060331
3900.65936452  1.00003211
3900.66075337  0.99863807
3900.66214223  0.99993642
3900.66491993  0.99784931
3900.66630878  0.99829034
3900.67325305  0.99747592
3900.67464190  0.99829111
3900.67603076  0.99888514
3900.67741961  0.99795252
3900.67880846  0.99863527
3900.68019732  0.99890306
3900.68158617  0.99824907
3900.68297502  0.99754838
3900.68436388  0.99900933
3900.68575273  1.01036866
3900.68714158  1.02417390
3900.68991929  1.03618679
3900.69964126  1.01584778
3900.70103011  1.01438779
3900.70241896  1.01199413
3900.70380782  1.01000491
3900.70936323  1.00785522
3900.71214094  1.00451782
3900.71352979  1.00403630
3900.72325176  1.00401840
3900.72464061  1.00301901
3900.72602947  1.00551267
3900.73575144  1.00366505
3900.73852914  1.00171865
3900.74269570  1.00044318
3900.74686226  1.00067338
3900.74825111  0.99859908
3900.74963996  1.00124987
3900.75102882  1.00055881
3900.75241767  1.00086970
3900.75519538  0.99950180
3900.75658423  0.99988961
3900.75797308  1.00002606
3900.75936193  0.99933206
3900.76075079  0.99934472
3900.76352849  0.99947266
3900.76630620  0.99964665
3900.76769505  1.00069540
3900.77325046  1.00158441
3900.77602817  1.00195427
3900.77741702  1.00190576
3900.78158358  1.00246834
3900.78575014  1.00376395
3900.78852784  1.00122274
3900.79130555  1.00127428
3900.79269440  1.00285667
3900.79408325  1.00150094
3900.79824981  1.00097318
3900.80102752  1.00198794
3900.80380522  1.00096439
3900.80658293  1.00207730
3900.81213834  1.00266423
3900.81491604  1.00382731
3900.81908260  1.00352632
3900.82463801  1.00183278
3900.82741572  1.00127798
3900.83019342  1.00178859
3900.83158227  1.00142227
3900.83297113  1.00125339
3900.83435998  1.00006119
3900.83852654  1.00040201
3900.83991539  1.00047737
3900.84269310  1.00054936
3900.84547080  1.00107625
3900.84685965  1.00100816
3900.85102621  1.00155501
3900.85519277  0.99974308
3900.85658162  1.00024533
3900.85935933  0.99940416
3900.86074818  1.00049399
3900.86352588  0.99955985
3900.86630359  0.99923803
3900.87185900  1.00061708
3900.87324785  1.00276968
3900.87463670  0.99898836
3900.87602555  0.99946085
3900.88019211  0.99952914
3900.88435867  0.99992678
3900.88713637  1.00049611
3900.89408064  1.00302938
3900.89546949  1.00151473
3900.90380260  1.00538346
3900.90519145  1.00524434
3900.90796916  1.00610873
3900.91352457  1.00656479
3900.93019080  1.00572061
3900.93296850  1.00285349
3900.93435735  1.00207202
3900.93574620  1.00150836
3900.93713506  1.00213036
3900.93991276  1.00106085
3900.94130161  1.00050986
3900.94269047  1.00118450
3900.94407932  1.00078040
3900.94546817  1.00029093
3900.94685702  1.00079404
3900.94824587  1.00082296
3900.95102358  1.00036369
3900.95241243  0.99987772
3900.95380128  1.00048945
3900.95519014  1.00008272
3900.95657899  0.99966199
3900.95796784  0.99982433
3900.95935669  0.99961531
3900.96074554  0.99927049
3900.96352325  0.99921104
3900.96491210  0.99912350
3900.96630095  0.99940245
3900.96768980  0.99883957
3900.96907866  0.99893801
3900.97046751  0.99916027
3900.97185636  0.99957630
3900.97324521  0.99929788
3900.97463406  0.99824805
3900.97602292  0.99814040
3900.97741177  0.99871758
3900.97880062  0.99913392
3900.98018947  0.99823426
3900.98157832  0.99907994
3900.98296718  0.99787592
3900.98435603  0.99893256
3900.98574488  0.99958486
3900.98713373  0.99895326
3900.98852259  0.99904488
3900.98991144  0.99868475
3900.99130029  0.99872385
3900.99268914  0.99852468
3900.99407799  0.99923153
3900.99546685  0.99900950
3900.99685570  0.99902590
3900.99824455  0.99882984
3900.99963340  0.99810225
3901.00102225  0.99972888
3901.00241111  0.99929938
3901.00379996  0.99920741
3901.00518881  0.99947457
3901.00657766  0.99873627
3901.00796651  0.99999960
3901.00935537  0.99978676
3901.01074422  0.99959325
3901.01213307  0.99977357
3901.01352192  0.99971212
3901.01491077  1.00027289
3901.01629962  1.00017736
3901.01768848  0.99907056
3901.01907733  1.00014257
3901.02046618  0.99906268
3901.02185503  1.00005203
3901.02324388  0.99942291
3901.02463274  0.99921734
3901.02602159  0.99907099
3901.02879929  0.99917739
3901.03018814  0.99951175
3901.03157700  0.99994931
3901.03296585  1.00029935
3901.03435470  0.99948325
3901.03574355  0.99966384
3901.03713240  0.99898873
3901.03852126  1.00020439
3901.03991011  0.99983601
3901.04129896  0.99960263
3901.04268781  1.00019126
3901.04407666  0.99993034
3901.04546551  0.99966107
3901.04685437  0.99995929
3901.04824322  1.00062839
3901.04963207  0.99927488
3901.05102092  0.99968021
3901.05240977  1.00011661
3901.05379863  0.99929725
3901.05518748  1.00009018
3901.05657633  0.99987051
3901.05796518  0.99965160
3901.05935403  1.00039779
3901.06074288  0.99980325
3901.06352059  1.00031096
3901.06490944  1.00062252
3901.06629829  0.99996113
3901.06768714  1.00010972
3901.06907600  1.00066546
3901.07046485  1.00084451
3901.07185370  0.99996176
3901.07324255  1.00030131
3901.07463140  1.00102594
3901.07602025  1.00108939
3901.07740911  1.00118533
3901.07879796  1.00059588
3901.08018681  1.00092569
3901.08157566  1.00117321
3901.08296451  1.00051235
3901.08435336  1.00110315
3901.08574222  1.00068129
3901.08713107  1.00008500
3901.08851992  1.00041039
3901.08990877  1.00142816
3901.09129762  1.00055400
3901.09268647  1.00071603
3901.09407533  1.00029991
3901.09546418  1.00007715
3901.09685303  1.00075853
3901.09824188  1.00016206
3901.09963073  0.99978365
3901.10101958  0.99982021
3901.10240844  1.00004607
3901.10379729  0.99999414
3901.10518614  1.00064672
3901.32184694  0.99972950
3901.32323579  1.00011535
3901.32462464  0.99927999
3901.32601349  0.99852808
3901.32879119  0.99997546
3901.33018005  1.00072998
3901.33156890  1.00003567
3901.33295775  1.00015817
3901.33434660  1.00007012
3901.33573545  1.00031634
3901.33712430  1.00061791
3901.33851315  1.00057721
3901.33990200  0.99988565
3901.34129085  0.99994996
3901.34267970  1.00037441
3901.34406855  0.99971301
3901.34545741  0.99941916
3901.34684626  0.99870901
3901.34823511  0.99884981
3901.34962396  0.99907609
3901.35101281  0.99956425
3901.35240166  0.99922880
3901.35379051  0.99914512
3901.35517936  0.99904657
3901.35656821  0.99910936
3901.35795706  0.99923118
3901.35934591  0.99875250
3901.36073476  0.99963241
3901.36212361  0.99902749
3901.36351247  0.99922563
3901.36490132  0.99899555
3901.36629017  0.99911466
3901.36767902  0.99962363
3901.36906787  0.99986675
3901.37045672  0.99884372
3901.37184557  0.99900369
3901.37323442  0.99960600
3901.37462327  0.99932011
3901.37601212  0.99965230
3901.37740097  0.99941325
3901.37878982  0.99954780
3901.38017867  0.99994284
3901.38156753  0.99951852
3901.38295638  0.99972768
3901.38434523  0.99911053
3901.38573408  0.99967846
3901.38712293  1.00036083
3901.38851178  0.99918230
3901.38990063  0.99937675
3901.39128948  0.99988506
3901.39267833  0.99953751
3901.39406718  0.99962455
3901.39545603  0.99966995
3901.39684488  0.99965719
3901.39823373  0.99982743
3901.39962258  1.00040939
3901.40101143  0.99903435
3901.40240028  0.99969613
3901.40378914  0.99939165
3901.40517799  1.00025306
3901.40656684  1.00005370
3901.40795569  0.99978174
3901.40934454  1.00008242
3901.41073339  0.99972921
3901.41212224  0.99909203
3901.41351109  0.99972357
3901.41489994  0.99963800
3901.41628879  0.99959000
3901.41767764  0.99933356
3901.41906649  1.00009089
3901.42045534  0.99993359
3901.42184419  1.00026815
3901.42323304  1.00004830
3901.42462189  1.00005825
3901.42601074  0.99971390
3901.42739960  1.00013948
3901.42878845  0.99968691
3901.43017730  0.99952087
3901.43156615  0.99997081
3901.43295500  0.99949473
3901.43434385  1.00030072
3901.43573270  0.99991572
3901.43712155  0.99988613
3901.43851040  0.99973018
3901.43989925  1.00007801
3901.44128810  0.99956973
3901.44267695  1.00052887
3901.44406580  1.00021240
3901.44545465  0.99999498
3901.44684350  1.00010900
3901.44823235  1.00006364
3901.44962120  1.00042186
3901.45101005  1.00057959
3901.45239890  0.99958705
3901.45378776  1.00030914
3901.45517661  1.00018113
3901.45656546  1.00043527
3901.45795431  1.00056369
3901.45934316  0.99957663
3901.46073201  1.00006767
3901.46212086  1.00050614
3901.46350971  0.99981489
3901.46489856  0.99967902
3901.46628741  1.00009176
3901.46767626  1.00012840
3901.46906511  1.00034928
3901.47045396  1.00020770
3901.47184281  0.99990085
3901.47323166  1.00021860
3901.47462051  0.99946634
3901.47600936  1.00009661
3901.47739821  0.99999169
3901.47878706  0.99962074
3901.48017591  1.00020122
3901.48156476  0.99978115
3901.48295361  1.00000602
3901.48434246  1.00043508
3901.48573131  0.99952868
3901.48712016  1.00019054
3901.48850902  0.99929174
3901.48989787  0.99988994
3901.49128672  1.00022270
3901.49267557  1.00005760
3901.49406442  1.00073426
3901.49545327  0.99918160
3901.49684212  0.99995263
3901.49823097  0.99999817
3901.49961982  0.99993671
3901.50100867  0.99979574
3901.50239752  0.99968243
3901.50378637  0.99942620
3901.50517522  0.99993969
3901.50656407  0.99985030
3901.50795292  1.00006065
3901.50934177  0.99983233
3901.51073062  1.00042831
3901.51211947  0.99956786
3901.51350832  0.99958459
3901.51489717  0.99986683
3901.51628602  1.00011946
3901.51767487  0.99965783
3901.51906372  1.00031965
3901.52045257  0.99986025
3901.52184142  0.99989604
3901.52323027  1.00016738
3901.52461912  0.99991850
3901.52600797  1.00073349
3901.52739682  1.00078330
3901.52878567  1.00041366
3901.53017452  1.00046302
3901.53156337  1.00014075
3901.53295222  1.00005354
3901.53434107  1.00048171
3901.53572992  1.00045898
3901.53711877  1.00024615
3901.53850762  1.00051135
3901.53989647  1.00064038
3901.54128532  1.00006712
3901.54267417  1.00044007
3901.54406302  1.00030760
3901.54545187  1.00003236
3901.54684073  1.00005778
3901.54822958  1.00004236
3901.54961843  0.99990100
3901.55100728  1.00041674
3901.55239613  1.00017834
3901.55378498  0.99941794
3901.55517383  0.99993704
3901.55656268  0.99983671
3901.55795153  0.99977268
3901.55934038  1.00043310
3901.56072923  0.99955906
3901.56211808  0.99922868
3901.56350693  0.99972921
3901.56489578  0.99983624
3901.56628463  0.99953988
3901.56767348  1.00009488
3901.56906233  0.99969032
3901.57045118  0.99982857
3901.57184003  1.00005001
3901.57322888  0.99938806
3901.57461773  0.99977046
3901.57600658  0.99964977
3901.57739543  0.99987543
3901.57878428  0.99973767
3901.58017313  0.99970530
3901.58156198  0.99958117
3901.58295083  1.00020213
3901.58433968  1.00001734
3901.58572853  0.99961924
3901.58711738  1.00011631
3901.58850623  0.99975754
3901.58989508  0.99959742
3901.59128393  0.99978363
3901.59267278  0.99903979
3901.59406163  1.00002593
3901.59545048  1.00026521
3901.59683933  0.99991039
3901.59822818  0.99927360
3901.59961703  1.00011163
3901.60100588  1.00010926
3901.60239473  0.99937959
3901.60378358  1.00028202
3901.60517243  0.99998143
3901.60656128  0.99992713
3901.60795013  0.99988380
3901.60933898  0.99998444
3901.61072783  0.99982726
3901.61211668  1.00054162
3901.61350553  1.00021792
3901.61489438  1.00042787
3901.61628323  1.00047552
3901.61767208  0.99993861
3901.61906093  1.00000013
3901.62044978  1.00003983
3901.62183863  0.99994326
3901.62322748  0.99980201
3901.62461633  0.99948159
3901.62600518  0.99993131
3901.62739403  1.00002221
3901.62878288  1.00000450
3901.63017173  1.00039777
3901.63156057  1.00048444
3901.63294942  1.00037329
3901.63433827  1.00097779
3901.63572712  1.00063425
3901.63711597  1.00054642
3901.63850482  1.00057838
3901.63989367  1.00068210
3901.64128252  1.00011973
3901.64267137  1.00036479
3901.64406022  1.00050139
3901.64544907  0.99993757
3901.64683792  1.00003265
3901.64822677  1.00027877
3901.64961562  0.99995030
3901.65100447  1.00019900
3901.65239332  1.00020370
3901.65378217  0.99947591
3901.65517102  0.99995830
3901.65655987  1.00001527
3901.65794872  0.99956884
3901.65933757  0.99993781
3901.66072642  0.99986368
3901.66211527  1.00033032
3901.66350412  1.00010170
3901.66489297  0.99911029
3901.66628182  0.99994912
3901.66767067  0.99996266
3901.66905952  0.99966378
3901.67044837  0.99969459
3901.67183722  0.99985108
3901.67322607  0.99983540
3901.67461492  1.00017484
3901.67600377  0.99987943
3901.67739262  1.00002374
3901.67878147  1.00011933
3901.68017032  0.99921051
3901.68155917  0.99979231
3901.68294802  0.99925244
3901.68433687  0.99947231
3901.68572572  0.99991004
3901.68711457  0.99924873
3901.68850341  1.00074087
3901.68989226  0.99939356
3901.69128111  0.99993093
3901.69266996  0.99898627
3901.69405881  0.99975096
3901.69544766  1.00008354
3901.69683651  0.99968484
3901.69822536  1.00022297
3901.69961421  1.00019338
3901.70100306  0.99996113
3901.70239191  0.99993504
3901.70378076  1.00030391
3901.70516961  0.99987077
3901.70655846  0.99955651
3901.70794731  0.99987183
3901.70933616  1.00001381
3901.71072501  1.00014223
3901.71211386  1.00014925
3901.71350271  0.99953747
3901.71489156  0.99945184
3901.71628041  1.00021779
3901.71766926  0.99934710
3901.71905811  1.00001177
3901.72044696  0.99993947
3901.72183581  0.99984186
3901.72322465  0.99933227
3901.72461350  0.99987047
3901.72600235  0.99985830
3901.72739120  1.00001915
3901.72878005  1.00020263
3901.73016890  1.00010267
3901.73155775  0.99985801
3901.73294660  1.00022549
3901.73433545  1.00014663
3901.73572430  1.00026133
3901.73711315  0.99972534
3901.73850200  0.99941873
3901.73989085  0.99989510
3901.74127970  1.00065685
3901.74266855  0.99992906
3901.74405740  1.00023491
3901.74544625  1.00117778
3901.74683510  1.00024700
3901.74822395  0.99990230
3901.74961280  1.00037108
3901.75100164  1.00037290
3901.75239049  0.99981357
3901.75377934  0.99957965
3901.75516819  0.99977816
3901.75655704  1.00020476
3901.75794589  1.00005485
3901.75933474  1.00024141
3901.76072359  0.99995206
3901.76211244  1.00016001
3901.76350129  0.99989223
3901.76489014  0.99995063
3901.76627899  1.00022969
3901.76766784  0.99960236
3901.76905669  0.99977655
3901.77044554  0.99993285
3901.77183439  1.00037506
3901.77322324  1.00021637
3901.77461208  0.99998771
3901.77600093  1.00177063
3901.77738978  1.00132949
3901.77877863  1.00068506
3901.78016748  1.00071701
3901.78155633  1.00063599
3901.78294518  1.00045472
3901.78433403  1.00022438
3901.78572288  0.99982318
3901.78711173  1.00019582
3901.78850058  0.99978691
3901.78988943  0.99962790
3901.79127828  0.99991598
3901.79266713  1.00035405
3901.79405598  1.00023963
3901.79544482  0.99950625
3901.79683367  0.99983021
3901.79822252  0.99973834
3901.79961137  1.00013431
3901.80100022  1.00093524
3901.80238907  0.99942752
3901.80377792  1.00013579
3901.80516677  0.99976290
3901.80655562  0.99980693
3901.80794447  0.99941241
3901.80933332  0.99940726
3901.81072217  1.00030036
3901.81211102  0.99965973
3901.81349986  0.99977789
3901.81488871  1.00030328
3901.81627756  0.99971719
3901.81766641  0.99934608
3901.81905526  0.99961583
3901.82044411  0.99991626
3901.82183296  0.99970082
3901.82322181  0.99969757
3901.82461066  0.99975546
3901.82599951  0.99978918
3901.82738836  1.00005302
3901.82877721  0.99964807
3901.83016606  1.00031652
3901.83155490  0.99997192
3901.83294375  0.99958673
3901.83433260  0.99942455
3901.83572145  0.99952514
3901.83711030  0.99945138
3901.83849915  0.99976438
3901.83988800  0.99968510
3901.84127685  0.99978540
3901.84266570  0.99955117
3901.84405455  0.99949132
3901.84544340  0.99963602
3901.84683225  0.99945596
3901.84822109  0.99925383
3901.84960994  0.99955149
3901.85099879  0.99940513
3901.85238764  0.99950152
3901.85377649  0.99943805
3901.85516534  0.99883375
3901.85655419  0.99951492
3901.85794304  1.00026580
3901.85933189  1.00081869
3901.86072074  1.00049785
3901.86210959  1.00077008
3901.86349843  1.00094121
3901.86488728  1.00062298
3901.86627613  1.00048745
3901.86766498  1.00088924
3901.86905383  1.00068842
3901.87044268  1.00156412
3901.87183153  1.00144989
3901.87322038  1.00162296
3901.87460923  1.00105820
3901.87599808  1.00142326
3901.87738693  1.00076333
3901.87877577  1.00111566
3901.88016462  1.00050816
3901.88155347  1.00068652
3901.88294232  1.00041591
3901.88433117  1.00008934
3901.88572002  1.00055401
3901.88710887  1.00070984
3901.88849772  1.00025606
3901.88988657  1.00017539
3901.89127542  1.00033540
3901.89266426  0.99992019
3901.89405311  1.00032173
3901.89544196  1.00030135
3901.89683081  1.00015037
3901.89821966  0.99992055
3901.89960851  1.00021499
3901.90099736  1.00063529
3901.90238621  1.00003679
3901.90377506  1.00025130
3901.90516390  1.00042688
3901.90655275  0.99977083
3901.90794160  0.99967788
3901.90933045  1.00005818
3901.91071930  1.00001978
3901.91210815  1.00018442
3901.91349700  0.99974424
3901.91488585  1.00007580
3901.91627470  0.99987755
3901.91766354  1.00008191
3901.91905239  0.99992225
3901.92044124  1.00014319
3901.92183009  0.99971593
3901.92321894  0.99959727
3901.92460779  0.99959938
3901.92599664  0.99983977
3901.92738549  0.99969147
3901.92877434  0.99988126
3901.93016318  0.99986574
3901.93155203  1.00017126
3901.93294088  1.00024894
3901.93432973  1.00026740
3901.93571858  0.99993444
3901.93710743  1.00002214
3901.93849628  1.00049208
3901.93988513  0.99985472
3901.94127397  0.99956496
3901.94266282  1.00024268
3901.94405167  0.99996160
3901.94544052  1.00039023
3901.94682937  0.99985524
3901.94821822  0.99989738
3901.94960707  0.99983052
3901.95099592  0.99978484
3901.95238476  1.00070677
3901.95377361  0.99960382
3901.95516246  1.00000714
3901.95655131  1.00039313
3901.95794016  0.99996392
3901.95932901  1.00042406
3901.96071786  0.99934543
3901.96210671  0.99981114
3901.96349556  0.99984698
3901.96488440  1.00019329
3901.96627325  1.00028827
3901.96766210  0.99945425
3901.96905095  0.99975200
3901.97043980  0.99981708
3901.97182865  0.99985977
3901.97321750  0.99969810
3901.97460634  0.99961064
3901.97599519  0.99956815
3901.97738404  0.99960325
3901.97877289  0.99967142
3901.98016174  1.00019251
3901.98155059  0.99960586
3901.98293944  0.99985784
3901.98432829  0.99960473
3901.98571713  0.99993465
3901.98710598  1.00002038
3901.98849483  0.99985054
3901.98988368  0.99971057
3901.99127253  1.00025597
3901.99266138  1.00003330
3901.99405023  1.00020434
3901.99543907  0.99971299
3901.99682792  1.00041611
3901.99821677  0.99965095
3901.99960562  0.99945488
3902.00099447  0.99962816
3902.00238332  0.99937345
3902.00377217  0.99984021
3902.00516101  0.99973444
3902.00654986  0.99988856
3902.00793871  1.00000156
3902.00932756  1.00007089
3902.01071641  0.99947629
3902.01210526  0.99952887
3902.01349411  0.99940669
3902.01488295  0.99989075
3902.01627180  0.99949753
3902.01766065  1.00001542
3902.01904950  0.99964028
3902.02043835  1.00028649
3902.02182720  1.00001168
3902.02321605  0.99958387
3902.02460489  1.00019674
3902.02599374  0.99974919
3902.02738259  0.99974180
3902.02877144  1.00018612
3902.03016029  0.99994912
3902.03154914  1.00021913
3902.03293799  1.00012273
3902.03432683  0.99989255
3902.03571568  0.99975024
3902.03710453  0.99941488
3902.03849338  1.00047478
3902.03988223  1.00024311
3902.04127108  1.00022071
3902.04265992  1.00018307
3902.04404877  1.00002099
3902.04543762  1.00022992
3902.04682647  0.99985145
3902.04821532  0.99956284
3902.04960417  0.99991221
3902.05099302  0.99914580
3902.05238186  1.00018702
3902.05377071  0.99988194
3902.05515956  1.00035901
3902.05654841  0.99990633
3902.05793726  1.00003803
3902.05932611  1.00007181
3902.06071495  1.00010974
3902.06210380  1.00012357
3902.06349265  1.00012609
3902.06488150  0.99971138
3902.06627035  0.99999800
3902.06765920  0.99985088
3902.06904804  0.99996136
3902.07043689  0.99984749
3902.07182574  1.00025769
3902.07321459  1.00006979
3902.07460344  0.99971145
3902.07599229  1.00010312
3902.07738113  0.99973471
3902.07876998  0.99952200
3902.08015883  0.99988615
3902.08154768  0.99911387
3902.08293653  1.00014323
3902.08432538  0.99948669
3902.08571422  1.00000132
3902.08710307  1.00006717
3902.08849192  1.00011569
3902.08988077  1.00004778
3902.09126962  0.99943686
3902.09265847  1.00011515
3902.09404731  1.00049695
3902.09543616  1.00212349
3902.09682501  1.00230855
3902.09821386  1.00203378
3902.09960271  1.00201376
3902.10099156  1.00178490
3902.10238040  1.00159417
3902.10376925  1.00196471
3902.10515810  1.00228842
3902.10654695  1.00150533
3902.10793580  1.00074556
3902.10932465  1.00159818
3902.11071349  1.00125264
3902.11210234  1.00087537
3902.11349119  1.00104475
3902.11488004  1.00129921
3902.11626889  1.00149965
3902.11765773  1.00070210
3902.11904658  1.00081562
3902.12043543  1.00100778
3902.12182428  1.00020309
3902.12321313  1.00052401
3902.12460198  1.00038312
3902.12599082  1.00024206
3902.12737967  0.99994403
3902.12876852  1.00012103
3902.13015737  1.00078664
3902.13154622  1.00001937
3902.13293506  1.00042874
3902.13432391  1.00014644
3902.13571276  0.99995549
3902.13710161  0.99965147
3902.13849046  0.99985871
3902.13987931  0.99969959
3902.14126815  0.99989927
3902.14265700  1.00018260
3902.14404585  0.99985917
3902.14543470  1.00029427
3902.14682355  1.00008481
3902.14821239  0.99948067
3902.14960124  1.00041417
3902.15099009  1.00017393
3902.15237894  0.99992344
3902.15376779  0.99976805
3902.15515663  1.00024689
3902.15654548  0.99945075
3902.15793433  1.00013631
3902.15932318  0.99986706
3902.16071203  1.00070108
3902.16210087  1.00039290
3902.16348972  0.99954999
3902.16487857  0.99927011
3902.16626742  1.00000708
3902.16765627  0.99983137
3902.16904511  0.99959984
3902.17043396  1.00009286
3902.17182281  0.99950337
3902.17321166  1.00040238
3902.17460051  0.99982077
3902.17598936  1.00012150
3902.17737820  1.00001803
3902.17876705  0.99933838
3902.18015590  1.00043833
3902.18154475  1.00000983
3902.18293360  0.99991520
3902.18432244  1.00040266
3902.18571129  1.00007022
3902.18710014  0.99935119
3902.18848899  0.99966602
3902.18987784  0.99971013
3902.19126668  0.99978923
3902.19265553  0.99973138
3902.19404438  0.99940371
3902.19543323  0.99980610
3902.19682207  0.99962595
3902.19821092  0.99974535
3902.19959977  0.99975067
3902.20098862  1.00030601
3902.20237747  0.99970323
3902.20376631  0.99951997
3902.20515516  0.99972529
3902.20654401  1.00020412
3902.20793286  1.00025167
3902.20932171  1.00016423
3902.21071055  0.99984249
3902.21209940  0.99989220
3902.21348825  0.99989732
3902.21487710  0.99954637
3902.21626595  1.00005712
3902.21765479  0.99997753
3902.21904364  0.99994268
3902.22043249  0.99977514
3902.22182134  0.99949288
3902.22321018  0.99983061
3902.22459903  0.99992670
3902.22598788  0.99986709
3902.22737673  1.00030176
3902.22876558  0.99998316
3902.23015442  1.00008190
3902.23154327  0.99974540
3902.23293212  0.99984805
3902.23432097  0.99976459
3902.23570982  1.00026095
3902.23709866  1.00055280
3902.23848751  1.00050469
3902.23987636  1.00032789
3902.24126521  0.99935073
3902.24265405  1.00005244
3902.24404290  1.00012087
3902.24543175  1.00003681
3902.24682060  0.99980098
3902.24820945  1.00019708
3902.24959829  1.00011182
3902.25098714  0.99975407
3902.25237599  0.99936424
3902.25376484  0.99987164
3902.25515368  0.99958927
3902.25654253  1.00018760
3902.25793138  0.99974575
3902.25932023  1.00004113
3902.26070907  1.00009480
3902.26209792  0.99982187
3902.26348677  1.00027683
3902.26487562  1.00005649
3902.26626447  1.00034523
3902.26765331  0.99974906
3902.26904216  1.00010289
3902.27043101  0.99946324
3902.27181986  0.99994809
3902.27320870  1.00013203
3902.27459755  0.99990471
3902.27598640  0.99968403
3902.27737525  1.00019559
3902.27876410  1.00005775
3902.28015294  1.00003471
3902.28154179  1.00047971
3902.28293064  0.99976544
3902.28431949  0.99995056
3902.28570833  1.00004886
3902.28709718  1.00024133
3902.28848603  0.99992562
3902.28987488  0.99987293
3902.29126372  1.00024061
3902.29265257  0.99963251
3902.29404142  1.00028126
3902.29543027  0.99984033
3902.29681911  0.99950903
3902.29820796  1.00014367
3902.29959681  1.00012993
3902.30098566  0.99994017
3902.30237450  1.00074859
3902.30376335  1.00011232
3902.30515220  1.00030167
3902.30654105  1.00064257
3902.30792989  1.00008401
3902.30931874  1.00027368
3902.31070759  1.00001492
3902.31209644  0.99991885
3902.31348528  1.00050497
3902.31487413  1.00002771
3902.31626298  1.00024024
3902.31765183  1.00031402
3902.31904067  1.00077658
3902.32042952  1.00027708
3902.32181837  0.99973519
3902.32320722  0.99998614
3902.32459606  0.99979508
3902.32598491  0.99983301
3902.32737376  0.99983819
3902.32876261  0.99964450
3902.33015145  0.99981646
3902.33154030  1.00006644
3902.33292915  0.99967270
3902.33431800  0.99931435
3902.33570684  0.99976724
3902.33709569  0.99962061
3902.33848454  1.00016716
3902.33987339  1.00012756
3902.34126223  0.99993721
3902.34265108  0.99964022
3902.34403993  0.99960204
3902.34542878  0.99974837
3902.34681762  0.99988598
3902.34820647  0.99932856
3902.34959532  1.00000289
3902.35098417  0.99968640
3902.35237301  1.00007507
3902.35376186  0.99971603
3902.35515071  0.99957230
3902.35653956  1.00001031
3902.35792840  0.99972793
3902.35931725  0.99967976
3902.36070610  0.99963550
3902.36209495  0.99991413
3902.36348379  1.00017432
3902.36487264  0.99950930
3902.36626149  0.99944198
3902.36765034  0.99965829
3902.36903918  0.99969466
3902.37042803  0.99994958
3902.37181688  0.99926209
3902.37320572  0.99984408
3902.37459457  1.00008144
3902.37598342  1.00011492
3902.37737227  1.00021272
3902.37876111  1.00007309
3902.38014996  0.99959426
3902.38153881  0.99961357
3902.38292766  1.00021669
3902.38431650  0.99979768
3902.38570535  0.99968244
3902.38709420  0.99948714
3902.38848305  1.00083722
3902.38987189  0.99972486
3902.39126074  0.99988235
3902.39264959  1.00028055
3902.39403843  0.99969416
3902.39542728  1.00004387
3902.39681613  0.99984348
3902.39820498  0.99994332
3902.39959382  0.99977542
3902.40098267  0.99946822
3902.40237152  1.00005627
3902.40376036  0.99997819
3902.40514921  0.99964267
3902.40653806  0.99973622
3902.40792691  0.99939713
3902.40931575  0.99986492
3902.41070460  1.00065348
3902.41209345  1.00044580
3902.41348230  1.00000289
3902.41487114  0.99998466
3902.41625999  0.99976336
3902.41764884  0.99966040
3902.41903768  0.99937645
3902.42042653  0.99975703
3902.42181538  1.00037856
3902.42320423  1.00318659
3902.42459307  1.00355304
3902.42598192  1.00238266
3902.42737077  1.00213540
3902.42875961  1.00108264
3902.43014846  1.00132189
3902.43153731  1.00157201
3902.43292616  1.00110242
3902.43431500  1.00136583
3902.43570385  1.00103191
3902.43709270  1.00123578
3902.43848154  1.00076555
3902.43987039  1.00045019
3902.44125924  1.00085562
3902.44264809  1.00098592
3902.44403693  1.00081053
3902.44542578  1.00096841
3902.44681463  1.00082377
3902.44820347  1.00039728
3902.44959232  1.00034649
3902.45098117  1.00071239
3902.45237002  1.00077437
3902.45375886  1.00072224
3902.45514771  1.00058847
3902.45653656  1.00031790
3902.45792540  1.00039563
3902.45931425  1.00079723
3902.46070310  1.00034441
3902.46209194  1.00067382
3902.46348079  1.00074057
3902.46486964  1.00102825
3902.46625849  1.00016641
3902.46764733  1.00070723
3902.46903618  1.00087594
3902.47042503  1.00059700
3902.47181387  1.00096767
3902.47320272  1.00065889
3902.47459157  1.00101825
3902.47598042  1.00112284
3902.47736926  1.00098431
3902.47875811  1.00046521
3902.48014696  1.00046528
3902.48153580  1.00055304
3902.48292465  1.00110505
3902.48431350  1.00084301
3902.48570234  1.00142459
3902.48709119  1.00055934
3902.48848004  1.00052871
3902.48986888  1.00050402
3902.49125773  1.00139733
3902.49264658  1.00073024
3902.49403543  1.00046206
3902.49542427  0.99989982
3902.49681312  1.00041231
3902.49820197  1.00020167
3902.49959081  1.00004599
3902.50097966  1.00079221
3902.50236851  1.00047312
3902.50375735  0.99977251
3902.50514620  1.00004898
3902.50653505  0.99971502
3902.50792389  1.00039172
3902.50931274  0.99988031
3902.51070159  1.00016576
3902.51209044  0.99975052
3902.51347928  0.99996698
3902.51486813  1.00052088
3902.51625698  1.00022209
3902.51764582  1.00063321
3902.51903467  1.00063437
3902.52042352  1.00034798
3902.52181236  1.00041916
3902.52320121  1.00095482
3902.52459006  1.00029856
3902.52597890  1.00120497
3902.52736775  1.00077738
3902.52875660  1.00099591
3902.53014544  1.00166032
3902.53153429  1.00014003
3902.53292314  1.00126082
3902.53431198  1.00016567
3902.53570083  1.00081385
3902.53708968  1.00053452
3902.53847853  1.00005411
3902.53986737  1.00032920
3902.54125622  1.00019486
3902.54264507  1.00055789
3902.54403391  1.00043165
3902.54542276  1.00030001
3902.54681161  1.00016024
3902.54820045  0.99984735
3902.54958930  1.00077953
3902.55097815  1.00082615
3902.55236699  1.00026407
3902.55375584  1.00003600
3902.55514469  1.00037037
3902.55653353  0.99999588
3902.55792238  1.00029614
3902.55931123  1.00005112
3902.56070007  0.99956355
3902.56208892  0.99999879
3902.56347777  0.99942208
3902.56486661  1.00003444
3902.56625546  1.00041085
3902.56764431  0.99999182
3902.56903315  0.99963803
3902.57042200  1.00101160
3902.57181085  1.00026253
3902.57319969  1.00048601
3902.57458854  1.00005043
3902.57597739  1.00027769
3902.57736623  1.00018370
3902.57875508  0.99995345
3902.58014393  0.99982160
3902.58153277  0.99999926
3902.58292162  1.00018600
3902.58431047  1.00022527
3902.58569931  1.00004442
3902.58708816  1.00078019
3902.58847701  1.00007971
3902.58986585  1.00017020
3902.59125470  1.00026049
3902.59264355  1.00110684
3902.59403239  1.00026886
3902.59542124  1.00019577
3902.59681009  1.00049566
3902.59819893  1.00001720
3902.59958778  1.00062417
3902.60097663  1.00085502
3902.60236547  1.00106151
3902.60375432  1.00089525
3902.60514316  1.00036336
3902.60653201  1.00085952
3902.60792086  1.00046620
3902.60930970  1.00051793
3902.61069855  1.00043369
3902.61208740  1.00052077
3902.61347624  1.00051351
3902.61486509  1.00029584
3902.61625394  1.00006983
3902.61764278  1.00035530
3902.61903163  1.00046340
3902.62042048  1.00056565
3902.62180932  1.00016138
3902.62319817  1.00050198
3902.62458702  1.00008568
3902.62597586  0.99968608
3902.62736471  1.00062220
3902.62875356  1.00013429
3902.63014240  0.99952062
3902.63153125  0.99953040
3902.63292010  1.00024885
3902.63430894  0.99960628
3902.63569779  0.99991983
3902.63708663  1.00021136
3902.63847548  1.00034758
3902.63986433  1.00010977
3902.64125317  1.00067010
3902.64264202  1.00055523
3902.64403087  1.00022806
3902.64541971  1.00032297
3902.64680856  1.00015917
3902.64819741  1.00012373
3902.64958625  0.99989896
3902.65097510  0.99995450
3902.65236395  1.00016167
3902.65375279  0.99974702
3902.65514164  0.99977800
3902.65653048  1.00009894
3902.65791933  1.00005881
3902.65930818  0.99959698
3902.66069702  1.00015937
3902.66208587  0.99994484
3902.66347472  0.99995707
3902.66486356  0.99938219
3902.66625241  0.99964682
3902.66764126  1.00007692
3902.66903010  1.00051997
3902.67041895  1.00001156
3902.67180779  0.99991639
3902.67319664  1.00016325
3902.67458549  1.00002696
3902.67597433  0.99976543
3902.67736318  1.00000788
3902.67875203  1.00029069
3902.68014087  1.00010002
3902.68152972  0.99972749
3902.68291856  1.00019006
3902.68430741  1.00022201
3902.68569626  0.99992385
3902.68708510  1.00048049
3902.68847395  0.99995690
3902.68986280  0.99971874
3902.69125164  0.99964082
3902.69264049  1.00019825
3902.69402933  0.99964359
3902.69541818  1.00035716
3902.69680703  0.99971457
3902.69819587  1.00049554
3902.69958472  0.99977953
3902.70097357  0.99995376
3902.70236241  0.99972696
3902.70375126  0.99976291
3902.70514010  0.99967024
3902.70652895  0.99948482
3902.70791780  1.00009475
3902.70930664  0.99981388
3902.71069549  1.00007449
3902.71208434  0.99982445
3902.71347318  1.00043089
3902.71486203  0.99976678
3902.71625087  0.99955450
3902.71763972  1.00000919
3902.71902857  0.99982832
3902.72041741  1.00004174
3902.72180626  1.00029494
3902.72319511  1.00024932
3902.72458395  0.99983838
3902.72597280  0.99992612
3902.72736164  1.00029079
3902.72875049  0.99974139
3902.73013934  0.99964387
3902.73152818  1.00018945
3902.73291703  1.00014360
3902.73430587  1.00014669
3902.73569472  1.00049733
3902.73708357  0.99953345
3902.73847241  0.99981907
3902.73986126  0.99966326
3902.74125010  0.99955915
3902.74263895  1.00085937
3902.74402780  1.00075345
3902.74541664  1.00056815
3902.74680549  1.00075444
3902.74819434  0.99998056
3902.74958318  1.00002353
3902.75097203  1.00037726
3902.75236087  1.00023435
3902.75374972  1.00036514
3902.75513857  1.00018159
3902.75652741  1.00003711
3902.75791626  1.00000583
3902.75930510  1.00035168
3902.76069395  1.00059479
3902.76208280  1.00043922
3902.76347164  1.00033662
3902.76486049  1.00059312
3902.76624933  1.00052348
3902.76763818  1.00038958
3902.76902703  1.00040959
3902.77041587  0.99977083
3902.77180472  1.00050474
3902.77319356  1.00014106
3902.77458241  1.00068267
3902.77597126  1.00007988
3902.77736010  1.00077074
3902.77874895  1.00014619
3902.78013779  1.00058913
3902.78152664  0.99985570
3902.78291549  0.99979887
3902.78430433  0.99981096
3902.78569318  1.00018523
3902.78708202  1.00020815
3902.78847087  0.99993034
3902.78985972  1.00028822
3902.79124856  1.00062801
3902.79263741  1.00017511
3902.79402625  0.99964475
3902.79541510  1.00005889
3902.79680395  1.00005579
3902.79819279  0.99976499
3902.79958164  1.00031819
3902.80097048  1.00039569
3902.80235933  0.99971343
3902.80374817  0.99998287
3902.80513702  0.99975576
3902.80652587  0.99977287
3902.80791471  1.00017462
3902.80930356  0.99982872
3902.81069240  1.00001392
3902.81208125  1.00039794
3902.81347010  0.99998258
3902.81485894  1.00059801
3902.81624779  1.00034045
3902.81763663  1.00104081
3902.81902548  0.99959937
3902.82041432  1.00012081
3902.82180317  0.99997092
3902.82319202  0.99969122
3902.82458086  0.99965090
3902.82596971  1.00013041
3902.82735855  0.99983651
3902.82874740  0.99988340
3902.83013625  0.99994990
3902.83152509  1.00028446
3902.83291394  1.00000622
3902.83430278  1.00011194
3902.83569163  0.99946368
3902.83708047  0.99965547
3902.83846932  1.00035382
3902.83985817  0.99969877
3902.84124701  0.99953923
3902.84263586  1.00059792
3902.84402470  1.00065640
3902.84541355  0.99991378
3902.84680239  1.00015530
3902.84819124  1.00041325
3902.84958009  1.00010931
3902.85096893  1.00001917
3902.85235778  1.00010248
3902.85374662  0.99961470
3902.85513547  1.00020718
3902.85652431  0.99966500
3902.85791316  1.00003647
3902.85930201  1.00040364
3902.86069085  1.00000275
3902.86207970  1.00046274
3902.86346854  1.00086727
3902.86485739  1.00030267
3902.86624623  0.99982335
3902.86763508  1.00005279
3902.86902393  1.00018873
3902.87041277  0.99975870
3902.87180162  1.00037637
3902.87319046  1.00031505
3902.87457931  0.99955459
3902.87596815  1.00020049
3902.87735700  1.00002911
3902.87874585  0.99998508
3902.88013469  1.00000801
3902.88152354  1.00011022
3902.88291238  0.99971158
3902.88430123  1.00080289
3902.88569007  1.00197551
3902.88707892  1.00181757
3902.88846776  1.00122375
3902.88985661  1.00145454
3902.89124546  1.00123544
3902.89263430  1.00127440
3902.89402315  1.00107779
3902.89541199  1.00064731
3902.89680084  1.00004474
3902.89818968  1.00082728
3902.89957853  1.00102316
3902.90096737  1.00079393
3902.90235622  1.00019109
3902.90374507  1.00019609
3902.90513391  1.00045371
3902.90652276  1.00045348
3902.90791160  1.00033087
3902.90930045  1.00031314
3902.91068929  1.00002437
3902.91207814  1.00021644
3902.91346698  0.99988935
3902.91485583  1.00000928
3902.91624468  1.00040045
3902.91763352  1.00053393
3902.91902237  0.99998537
3902.92041121  0.99954243
3902.92180006  1.00006897
3902.92318890  1.00010716
3902.92457775  1.00013979
3902.92596659  1.00033935
3902.92735544  1.00057699
3902.92874429  1.00012519
3902.93013313  1.00101394
3902.93152198  1.00049071
3902.93291082  1.00014401
3902.93429967  1.00043850
3902.93568851  1.00026599
3902.93707736  1.00054249
3902.93846620  1.00019874
3902.93985505  1.00029602
3902.94124389  1.00075146
3902.94263274  1.00032763
3902.94402159  1.00019113
3902.94541043  1.00007145
3902.94679928  0.99981866
3902.94818812  1.00082452
3902.94957697  1.00029135
3902.95096581  1.00016831
3902.95235466  1.00017516
3902.95374350  1.00085484
3902.95513235  1.00048884
3902.95652119  1.00043383
3902.95791004  0.99993134
3902.95929888  1.00045112
3902.96068773  1.00006422
3902.96207657  1.00058554
3902.96346542  1.00051427
3902.96485427  1.00038201
3902.96624311  1.00027993
3902.96763196  0.99989048
3902.96902080  0.99992870
3902.97040965  1.00008700
3902.97179849  1.00070670
3902.97318734  0.99974757
3902.97457618  1.00019009
3902.97596503  1.00030581
3902.97735387  1.00021538
3902.97874272  1.00053397
3902.98013156  1.00029440
3902.98152041  0.99993284
3902.98290925  1.00038451
3902.98429810  0.99993441
3902.98568694  0.99998908
3902.98707579  1.00032347
3902.98846464  1.00023333
3902.98985348  1.00031819
3902.99124233  1.00018614
3902.99263117  1.00021417
3902.99402002  0.99986232
3902.99540886  0.99991239
3902.99679771  1.00046105
3902.99818655  1.00032974
3902.99957540  1.00050453
3903.00096424  1.00020984
3903.00235309  0.99987215
3903.00374193  0.99980341
3903.00513078  1.00013655
3903.00651962  1.00014927
3903.00790847  1.00025146
3903.00929731  0.99969116
3903.01068616  0.99993273
3903.01207500  1.00031828
3903.01346385  0.99990338
3903.01485269  0.99962651
3903.01624154  1.00046305
3903.01763039  0.99998977
3903.01901923  1.00002754
3903.02040808  0.99999317
3903.02179692  0.99989896
3903.02318577  1.00024848
3903.02457461  1.00032509
3903.02596346  1.00011817
3903.02735230  1.00021056
3903.02874115  1.00028896
3903.03012999  1.00045005
3903.03151884  1.00173285
3903.03290768  1.00110852
3903.03429653  1.00156635
3903.03568537  1.00106624
3903.03707422  1.00177597
3903.03846306  1.00092993
3903.03985191  1.00132057
3903.04124075  1.00134074
3903.04262960  1.00111199
3903.04401844  1.00117685
3903.04540729  1.00156580
3903.04679613  1.00111740
3903.04818498  1.00170528
3903.04957382  1.00182308
3903.05096267  1.00114075
3903.05235151  1.00126754
3903.05374036  1.00113215
3903.05512920  1.00083538
3903.05651805  1.00115754
3903.05790689  1.00103153
3903.05929574  1.00113170
3903.06068458  1.00116963
3903.06207343  1.00032656
3903.06346227  1.00038738
3903.06485112  1.00100474
3903.06623996  1.00120877
3903.06762881  1.00099944
3903.06901765  1.00090493
3903.07040650  1.00120714
3903.07179534  1.00110632
3903.07318419  1.00110515
3903.07457303  1.00092745
3903.07596188  1.00126759
3903.07735072  1.00081816
3903.07873957  1.00092572
3903.08012841  1.00060045
3903.08151726  1.00070689
3903.08290610  1.00103742
3903.08429495  1.00125039
3903.08568379  1.00089961
3903.08707264  1.00061637
3903.08846148  1.00096755
3903.08985033  1.00114198
3903.09123917  1.00110480
3903.09262802  1.00067807
3903.09401686  1.00062865
3903.09540571  1.00070034
3903.09679455  1.00108031
3903.09818340  1.00155639
3903.09957224  1.00100349
3903.10096109  1.00072400
3903.10234993  1.00051281
3903.10373878  1.00119223
3903.10512762  1.00120093
3903.10651647  1.00119705
3903.10790531  1.00124536
3903.10929416  1.00080877
3903.11068300  1.00083391
3903.11207185  1.00109254
3903.11346069  1.00103611
3903.11484953  1.00051409
3903.11623838  1.00073528
3903.11762722  1.00084408
3903.11901607  1.00023578
3903.12040491  1.00009007
3903.12179376  0.99971028
3903.12318260  0.99954555
3903.12457145  0.99910670
3903.12596029  0.99897836
3903.12734914  0.99897331
3903.12873798  0.99895358
3903.13012683  0.99896421
3903.13151567  0.99864667
3903.13290452  0.99842941
3903.13429336  0.99877665
3903.13568221  0.99822706
3903.13707105  0.99859234
3903.13845990  0.99776862
3903.13984874  0.99799774
3903.14123759  0.99812385
3903.14262643  0.99883324
3903.14401528  0.99902275
3903.14540412  0.99939733
3903.14679296  0.99926725
3903.14818181  0.99988639
3903.14957065  0.99973773
3903.15095950  0.99919411
3903.15234834  0.99891354
3903.15373719  0.99929122
3903.15512603  0.99833960
3903.15651488  0.99797357
3903.15790372  0.99783916
3903.15929257  0.99749985
3903.16068141  0.99792237
3903.16207026  0.99842040
3903.16345910  0.99792181
3903.16484795  0.99784131
3903.16623679  0.99823230
3903.16762563  0.99785452
3903.16901448  0.99798899
3903.17040332  0.99819713
3903.17179217  0.99857395
3903.17318101  0.99809566
3903.17456986  0.99726853
3903.17595870  0.99788191
3903.17734755  0.99791454
3903.17873639  0.99774054
3903.18012524  0.99871222
3903.18151408  0.99824473
3903.18290293  0.99802677
3903.18429177  0.99828619
3903.18568062  0.99854224
3903.18706946  0.99845751
3903.18845830  0.99836734
3903.18984715  1.00088731
3903.19123599  1.00335694
3903.19262484  1.00311526
3903.19401368  1.00351480
3903.19540253  1.00292612
3903.19679137  1.00287983
3903.19818022  1.00228825
3903.19956906  1.00163174
3903.20095791  1.00180622
3903.20234675  1.00205724
3903.20373559  1.00155310
3903.20512444  1.00132061
3903.20651328  1.00167841
3903.20790213  1.00124441
3903.20929097  1.00047365
3903.21067982  1.00101784
3903.21206866  1.00057404
3903.21345751  1.00056832
3903.21484635  1.00097589
3903.21623519  1.00012193
3903.21762404  1.00010150
3903.21901288  0.99987611
3903.22040173  1.00035265
3903.22179057  1.00067301
3903.22317942  0.99984694
3903.22456826  0.99980600
3903.22595711  1.00020282
3903.22734595  1.00015870
3903.22873480  0.99959055
3903.23012364  0.99966585
3903.23151248  0.99951070
3903.23290133  0.99892599
3903.23429017  0.99905730
3903.23567902  0.99913034
3903.23706786  0.99919272
3903.23845671  0.99948088
3903.23984555  0.99935608
3903.24123440  0.99940647
3903.24262324  0.99874864
3903.24401208  0.99922176
3903.24540093  0.99931768
3903.24678977  0.99881443
3903.24817862  0.99883378
3903.24956746  0.99906962
3903.25095631  0.99911457
3903.25234515  0.99894875
3903.25373399  0.99900358
3903.25512284  0.99943842
3903.25651168  1.00031037
3903.25790053  1.00023133
3903.25928937  1.00099796
3903.26067822  1.00158463
3903.26206706  1.00105415
3903.26345590  1.00172789
3903.26484475  1.00140654
3903.26623359  1.00219459
3903.26762244  1.00080061
3903.26901128  1.00052189
3903.27040013  1.00106541
3903.27178897  1.00074834
3903.27317781  1.00061892
3903.27456666  1.00097319
3903.27595550  1.00098728
3903.27734435  1.00078556
3903.27873319  1.00076914
3903.28012204  1.00073817
3903.28151088  1.00069286
3903.28289972  0.99994122
3903.28428857  1.00132380
3903.28567741  1.00053532
3903.28706626  1.00019069
3903.28845510  1.00047651
3903.28984395  1.00017801
3903.29123279  1.00075564
3903.29262163  1.00060342
3903.29401048  1.00082054
3903.29539932  1.00034804
3903.29678817  1.00019225
3903.29817701  1.00029181
3903.29956586  1.00043778
3903.30095470  1.00036651
3903.30234354  1.00005693
3903.30373239  1.00024169
3903.30512123  1.00063444
3903.30651008  1.00037454
3903.30789892  1.00018057
3903.30928777  0.99944227
3903.31067661  1.00011428
3903.31206545  1.00015045
3903.31345430  1.00069937
3903.31484314  1.00054700
3903.31623199  1.00066445
3903.31762083  1.00058878
3903.31900967  1.00039210
3903.32039852  1.00019429
3903.32178736  1.00031858
3903.32317621  1.00032888
3903.32456505  1.00024900
3903.32595389  1.00024659
3903.32734274  0.99996682
3903.32873158  1.00042028
3903.33012043  1.00033670
3903.33150927  1.00008253
3903.33289812  0.99978333
3903.33428696  0.99983309
3903.33567580  1.00036393
3903.33706465  0.99979772
3903.33845349  1.00082544
3903.33984234  0.99988712
3903.34123118  1.00000354
3903.34262002  1.00016282
3903.34400887  0.99981083
3903.34539771  1.00019798
3903.34678656  0.99917791
3903.34817540  1.00032877
3903.34956424  1.00029675
3903.35095309  1.00034273
3903.35234193  0.99985634
3903.35373078  1.00013183
3903.35511962  1.00004120
3903.35650846  1.00006453
3903.35789731  1.00033876
3903.35928615  1.00070476
3903.36067500  1.00040161
3903.36206384  1.00031813
3903.36345268  1.00027899
3903.36484153  0.99994835
3903.36623037  0.99995882
3903.36761922  1.00014442
3903.36900806  1.00086324
3903.37039690  1.00039771
3903.37178575  1.00027912
3903.37317459  0.99988722
3903.37456344  0.99995917
3903.37595228  1.00029987
3903.37734112  0.99994156
3903.37872997  1.00056373
3903.38011881  1.00023426
3903.38150766  1.00003520
3903.38289650  1.00011094
3903.38428534  1.00017336
3903.38567419  0.99993855
3903.38706303  0.99983141
3903.38845188  1.00021340
3903.38984072  1.00018776
3903.39122956  0.99958342
3903.39261841  0.99985800
3903.39400725  1.00039440
3903.39539609  1.00022847
3903.39678494  1.00081900
3903.39817378  0.99984423
3903.39956263  1.00029779
3903.40095147  0.99985937
3903.40234031  1.00000789
3903.40372916  1.00028436
3903.40511800  1.00068339
3903.40650685  1.00027967
3903.40789569  0.99997984
3903.40928453  1.00031907
3903.41067338  0.99993368
3903.41206222  1.00033437
3903.41345106  1.00035263
3903.41483991  0.99995245
3903.41622875  1.00026961
3903.41761760  0.99988414
3903.41900644  0.99966911
3903.42039528  1.00065963
3903.42178413  0.99982066
3903.42317297  1.00064439
3903.42456182  1.00022011
3903.42595066  1.00000665
3903.42733950  1.00017593
3903.42872835  1.00000247
3903.43011719  1.00034751
3903.43150603  1.00077177
3903.43289488  0.99995516
3903.43428372  1.00012801
3903.43567257  0.99996006
3903.43706141  0.99992841
3903.43845025  0.99994872
3903.43983910  0.99965570
3903.44122794  1.00040909
3903.44261678  0.99991053
3903.44400563  1.00033959
3903.44539447  1.00073764
3903.44678332  0.99982158
3903.44817216  1.00068771
3903.44956100  1.00035458
3903.45094985  1.00048494
3903.45233869  1.00038433
3903.45372753  1.00005154
3903.45511638  1.00020087
3903.45650522  1.00026526
3903.45789406  1.00002190
3903.45928291  1.00081498
3903.46067175  0.99993340
3903.46206060  0.99953695
3903.46344944  0.99996704
3903.46483828  1.00027185
3903.46622713  0.99955004
3903.46761597  1.00047887
3903.46900481  0.99976739
3903.47039366  0.99999866
3903.47178250  0.99971349
3903.47317134  1.00041732
3903.47456019  1.00000422
3903.47594903  1.00011380
3903.47733788  1.00037238
3903.47872672  1.00017484
3903.48011556  1.00067509
3903.48150441  0.99974710
3903.48289325  1.00031479
3903.48428209  0.99976962
3903.48567094  0.99991429
3903.48705978  1.00036147
3903.48844862  0.99994666
3903.48983747  1.00011323
3903.49122631  1.00000662
3903.49261515  1.00057325
3903.49400400  1.00032291
3903.49539284  0.99996040
3903.49678169  0.99990850
3903.49817053  0.99993398
3903.49955937  0.99999121
3903.50094822  1.00027103
3903.50233706  1.00034384
3903.50372590  1.00019552
3903.50511475  1.00021975
3903.50650359  1.00009659
3903.50789243  1.00002492
3903.50928128  1.00012330
3903.51067012  1.00042489
3903.51205896  1.00011987
3903.51344781  0.99996397
3903.51483665  1.00016533
3903.51622549  0.99977501
3903.51761434  1.00038969
3903.51900318  1.00042465
3903.52039203  1.00012163
3903.52178087  1.00028798
3903.52316971  0.99997580
3903.52455856  0.99992011
3903.52594740  0.99971894
3903.52733624  0.99990275
3903.52872509  1.00007792
3903.53011393  1.00065661
3903.53150277  1.00034977
3903.53289162  0.99966738
3903.53428046  1.00020598
3903.53566930  0.99965628
3903.53705815  1.00022280
3903.53844699  1.00044769
3903.53983583  0.99960303
3903.54122468  0.99959633
3903.54261352  0.99977555
3903.54400236  1.00035925
3903.54539121  0.99991957
3903.54678005  0.99976713
3903.54816889  0.99980988
3903.54955774  0.99990515
3903.55094658  0.99997303
3903.55233542  1.00003215
3903.55372427  0.99996481
3903.55511311  0.99967390
3903.55650195  1.00029766
3903.55789080  1.00052984
3903.55927964  1.00071635
3903.56066848  1.00082570
3903.56205733  1.00017622
3903.56344617  1.00037868
3903.56483501  1.00045265
3903.56622386  1.00066856
3903.56761270  1.00040954
3903.56900154  1.00195686
3903.57039039  1.00238973
3903.57177923  1.00183116
3903.57316807  1.00148661
3903.57455692  1.00179201
3903.57594576  1.00171991
3903.57733460  1.00136978
3903.57872345  1.00182946
3903.58011229  1.00135238
3903.58150113  1.00078147
3903.58288998  1.00108327
3903.58427882  1.00064454
3903.58566766  1.00057292
3903.58705651  1.00114649
3903.58844535  1.00063092
3903.58983419  1.00068885
3903.59122304  1.00044690
3903.59261188  1.00017954
3903.59400072  0.99988352
3903.59538957  1.00025183
3903.59677841  1.00092131
3903.59816725  1.00027543
3903.59955609  1.00022014
3903.60094494  1.00078168
3903.60233378  1.00071520
3903.60372262  1.00010543
3903.60511147  0.99982626
3903.60650031  1.00048026
3903.60788915  1.00065293
3903.60927800  1.00021590
3903.61066684  0.99982640
3903.61205568  0.99984598
3903.61344453  1.00035586
3903.61483337  0.99995555
3903.61622221  0.99946431
3903.61761106  1.00034449
3903.61899990  1.00000182
3903.62038874  0.99980633
3903.62177759  1.00046566
3903.62316643  1.00073255
3903.62455527  1.00057116
3903.62594411  1.00006803
3903.62733296  1.00004327
3903.62872180  0.99998822
3903.63011064  0.99994200
3903.63149949  0.99961566
3903.63288833  0.99991649
3903.63427717  1.00008464
3903.63566602  1.00007306
3903.63705486  1.00053264
3903.63844370  0.99964658
3903.63983255  0.99997963
3903.64122139  0.99953240
3903.64261023  1.00004134
3903.64399907  1.00004429
3903.64538792  1.00028256
3903.64677676  0.99943291
3903.64816560  1.00079958
3903.64955445  1.00171371
3903.65094329  1.00052277
3903.65233213  1.00031235
3903.65372098  1.00027815
3903.65510982  1.00017793
3903.65649866  1.00075222
3903.65788750  1.00052279
3903.65927635  1.00038777
3903.66066519  0.99993688
3903.66205403  0.99963568
3903.66344288  1.00022331
3903.66483172  1.00018413
3903.66622056  1.00053034
3903.66760941  0.99968768
3903.66899825  1.00007533
3903.67038709  1.00032616
3903.67177593  1.00045730
3903.67316478  1.00028001
3903.67455362  0.99954145
3903.67594246  0.99977532
3903.67733131  0.99997712
3903.67872015  1.00014768
3903.68010899  1.00001435
3903.68149783  0.99979851
3903.68288668  0.99975471
3903.68427552  0.99921603
3903.68566436  1.00032650
3903.68705321  0.99956859
3903.68844205  0.99958629
3903.68983089  0.99954098
3903.69121974  0.99984523
3903.69260858  0.99982351
3903.69399742  1.00011751
3903.69538626  0.99981724
3903.69677511  0.99984836
3903.69816395  0.99975247
3903.69955279  1.00037963
3903.70094164  0.99940393
3903.70233048  0.99996462
3903.70371932  0.99961434
3903.70510816  0.99944953
3903.70649701  1.00025655
3903.70788585  0.99959521
3903.70927469  0.99999115
3903.71066353  1.00009062
3903.71205238  0.99975512
3903.71344122  1.00046340
3903.71483006  0.99894577
3903.71621891  0.99948559
3903.71760775  0.99940788
3903.71899659  1.00006267
3903.72038543  0.99977280
3903.72177428  0.99959054
3903.72316312  0.99962569
3903.72455196  0.99944991
3903.72594081  0.99969283
3903.72732965  0.99949112
3903.72871849  1.00009563
3903.73010733  0.99960743
3903.73149618  1.00004248
3903.73288502  0.99978348
3903.73427386  1.00013322
3903.73566270  0.99964985
3903.73705155  0.99933140
3903.73844039  1.00024509
3903.73982923  1.00065943
3903.74121808  1.00082584
3903.74260692  1.00021008
3903.74399576  1.00048903
3903.74538460  1.00010458
3903.74677345  1.00087126
3903.74816229  1.00068463
3903.74955113  1.00057107
3903.75093997  1.00044747
3903.75232882  0.99996318
3903.75371766  1.00007791
3903.75510650  0.99985276
3903.75649534  1.00022221
3903.75788419  1.00409255
3903.75927303  1.00364951
3903.76066187  1.00324952
3903.76205072  1.00180197
3903.76343956  1.00231708
3903.76482840  1.00205083
3903.76621724  1.00198719
3903.76760609  1.00107561
3903.76899493  1.00113330
3903.77038377  1.00120057
3903.77177261  1.00062470
3903.77316146  1.00037160
3903.77455030  1.00087486
3903.77593914  0.99998797
3903.77732798  1.00074463
3903.77871683  1.00040752
3903.78010567  1.00002400
3903.78149451  1.00036653
3903.78288335  1.00021849
3903.78427220  0.99985098
3903.78566104  0.99965724
3903.78704988  1.00017414
3903.78843873  1.00017090
3903.78982757  0.99950144
3903.79121641  0.99968713
3903.79260525  1.00015015
3903.79399410  1.00000071
3903.79538294  0.99985447
3903.79677178  1.00011577
3903.79816062  1.00018772
3903.79954947  0.99958978
3903.80093831  0.99998918
3903.80232715  0.99967847
3903.80371599  0.99980458
3903.80510484  0.99964955
3903.80649368  1.00179470
3903.80927136  1.00290473
3903.81066021  1.00228955
3903.81204905  1.00151258
3903.81343789  1.00159337
3903.81482673  1.00087887
3903.81621558  1.00023614
3903.81760442  1.00126474
3903.81899326  1.00047638
3903.82038210  0.99992210
3903.82177094  1.00103200
3903.82315979  1.00085030
3903.82454863  1.00073164
3903.82593747  1.00067723
3903.82732631  1.00059346
3903.82871516  1.00037552
3903.83010400  1.00036603
3903.83149284  1.00061658
3903.83288168  1.00029337
3903.83427053  0.99944285
3903.83565937  1.00032285
3903.83704821  0.99995770
3903.83843705  0.99988254
3903.83982590  0.99996899
3903.84121474  1.00003096
3903.84260358  0.99975316
3903.84399242  0.99973620
3903.84538127  1.00024059
3903.84677011  1.00032335
3903.84815895  0.99993629
3903.84954779  1.00055406
3903.85093663  0.99940149
3903.85232548  0.99982996
3903.85371432  1.00008824
3903.85510316  1.00037861
3903.85649200  0.99960063
3903.85788085  1.00005716
3903.85926969  0.99987372
3903.86065853  1.00039428
3903.86204737  1.00000910
3903.86343622  1.00070721
3903.86482506  1.00037967
3903.86621390  1.00015534
3903.86760274  1.00006235
3903.86899158  1.00017870
3903.87038043  1.00075075
3903.87176927  1.00030366
3903.87315811  1.00100114
3903.87454695  1.00022728
3903.87593580  1.00010041
3903.87732464  1.00020222
3903.87871348  0.99933194
3903.88010232  0.99955290
3903.88149117  0.99970719
3903.88288001  1.00031292
3903.88426885  1.00111494
3903.88565769  1.00068898
3903.88704653  1.00095019
3903.88843538  1.00015306
3903.88982422  1.00043331
3903.89121306  1.00016728
3903.89260190  1.00092404
3903.89399075  0.99969214
3903.89537959  0.99992990
3903.89676843  1.00007775
3903.89815727  1.00003443
3903.89954611  0.99978400
3903.90093496  1.00045335
3903.90232380  1.00032893
3903.90371264  0.99994389
3903.90510148  0.99995774
3903.90649032  1.00004411
3903.90787917  0.99987303
3903.90926801  0.99989715
3903.91065685  0.99967968
3903.91204569  0.99993253
3903.91343454  0.99963624
3903.91482338  1.00019954
3903.91621222  0.99994977
3903.91760106  0.99935814
3903.91898990  0.99992186
3903.92037875  0.99993400
3903.92176759  0.99976999
3903.92315643  0.99975329
3903.92454527  0.99994685
3903.92593411  0.99974093
3903.92732296  1.00039481
3903.92871180  0.99959393
3903.93010064  1.00018439
3903.93148948  1.00009959
3903.93287832  0.99988686
3903.93426717  1.00001540
3903.93565601  1.00028016
3903.93704485  1.00032835
3903.93843369  1.00017189
3903.93982253  0.99975029
3903.94121138  0.99938202
3903.94260022  0.99964785
3903.94398906  0.99995846
3903.94537790  0.99997929
3903.94676675  1.00021482
3903.94815559  0.99945443
3903.94954443  0.99960651
3903.95093327  0.99997059
3903.95232211  0.99979077
3903.95371095  0.99955633
3903.95509980  1.00023358
3903.95648864  0.99944138
3903.95787748  0.99968022
3903.95926632  1.00052026
3903.96065516  0.99940014
3903.96204401  0.99977323
3903.96343285  0.99962753
3903.96482169  0.99973366
3903.96621053  0.99992689
3903.96759937  0.99987463
3903.96898822  1.00054229
3903.97037706  1.00015466
3903.97176590  0.99979017
3903.97315474  0.99975205
3903.97454358  1.00083705
3903.97593243  0.99998801
3903.97732127  1.00001932
3903.97871011  0.99984163
3903.98009895  0.99991822
3903.98148779  0.99972785
3903.98287664  1.00048891
3903.98426548  1.00040908
3903.98565432  0.99983145
3903.98704316  0.99994436
3903.98843200  0.99990515
3903.98982085  0.99966063
3903.99120969  0.99981772
3903.99259853  1.00032232
3903.99398737  0.99945346
3903.99537621  0.99970361
3903.99676505  1.00029254
3903.99815390  0.99987971
3903.99954274  0.99986184
3904.00093158  0.99980591
3904.00232042  1.00012568
3904.00370926  0.99993973
3904.00509811  0.99927031
3904.00648695  0.99948690
3904.00787579  1.00010068
3904.00926463  1.00031464
3904.01065347  1.00004893
3904.01204231  1.00007892
3904.01343116  0.99966774
3904.01482000  0.99960597
3904.01620884  0.99973579
3904.01759768  0.99973047
3904.01898652  1.00024002
3904.02037537  1.00020724
3904.02176421  1.00029667
3904.02315305  0.99999812
3904.02454189  1.00056477
3904.02593073  1.00000488
3904.02731957  1.00000673
3904.02870842  0.99984102
3904.03009726  1.00005732
3904.03148610  0.99951786
3904.03287494  0.99970354
3904.03426378  0.99963448
3904.03565262  0.99946270
3904.03704147  1.00029939
3904.03843031  0.99946473
3904.03981915  0.99898442
3904.04120799  0.99934299
3904.04259683  0.99939684
3904.04398567  0.99950553
3904.04537452  1.00019108
3904.04676336  0.99999953
3904.04815220  0.99995628
3904.04954104  1.00050513
3904.05092988  0.99975585
3904.05231872  0.99939815
3904.05370757  0.99964789
3904.05509641  0.99972838
3904.05648525  1.00042168
3904.05787409  0.99997644
3904.05926293  1.00033542
3904.06065177  1.00010279
3904.06204062  0.99972539
3904.06342946  1.00015794
3904.06481830  0.99986705
3904.06620714  0.99950699
3904.06759598  1.00009441
3904.06898482  1.00040795
3904.07037367  1.00024521
3904.07176251  1.00032489
3904.07315135  1.00026205
3904.07454019  0.99987436
3904.07592903  1.00030409
3904.07731787  1.00059295
3904.07870671  0.99959668
3904.08009556  1.00004004
3904.08148440  0.99923326
3904.08287324  1.00002181
3904.08426208  0.99950431
3904.08565092  0.99970683
3904.08703976  0.99964071
3904.08842861  0.99919015
3904.08981745  0.99935773
3904.09120629  0.99910502
3904.09259513  1.00021126
3904.09398397  0.99950308
3904.09537281  0.99970964
3904.09676165  1.00013699
3904.09815050  0.99950694
3904.09953934  0.99984029
3904.10092818  0.99972259
3904.10231702  0.99979517
3904.10370586  0.99928573
3904.10509470  0.99959078
3904.10648355  1.00003566
3904.10787239  1.00012333
3904.10926123  0.99971482
3904.11065007  1.00029318
3904.11203891  1.00023947
3904.11342775  0.99998752
3904.11481659  1.00022884
3904.11620544  1.00001937
3904.11759428  0.99976379
3904.11898312  1.00016152
3904.12037196  0.99994296
3904.12176080  1.00025800
3904.12314964  0.99992956
3904.12453848  0.99939523
3904.12592733  0.99993593
3904.12731617  1.00023918
3904.12870501  1.00009741
3904.13009385  1.00028260
3904.13148269  0.99920669
3904.13287153  0.99964112
3904.13426037  0.99998195
3904.13564922  0.99971994
3904.13703806  1.00014643
3904.13842690  0.99982494
3904.13981574  0.99978063
3904.14120458  1.00007846
3904.14259342  1.00026442
3904.14398226  0.99936916
3904.14537110  1.00018196
3904.14675995  1.00012434
3904.14814879  1.00069885
3904.14953763  0.99963804
3904.15092647  0.99947213
3904.15231531  0.99985114
3904.15370415  0.99987896
3904.15509299  0.99912746
3904.15648184  0.99913005
3904.15787068  0.99979264
3904.15925952  0.99960904
3904.16064836  0.99955970
3904.16203720  0.99972415
3904.16342604  0.99927519
3904.16481488  0.99983286
3904.16620372  1.00007939
3904.16759257  0.99971028
3904.16898141  1.00037054
3904.17037025  0.99939682
3904.17175909  1.00007270
3904.17314793  0.99980544
3904.17453677  0.99996024
3904.17592561  0.99970333
3904.17731445  0.99931480
3904.17870330  0.99906309
3904.18009214  0.99975365
3904.18148098  0.99993831
3904.18286982  0.99941546
3904.18425866  1.00013072
3904.18564750  0.99984072
3904.18703634  0.99988043
3904.18842518  0.99920899
3904.18981403  0.99974717
3904.19120287  0.99962845
3904.19259171  1.00052682
3904.19398055  0.99996429
3904.19536939  1.00061443
3904.19675823  0.99994532
3904.19814707  1.00021451
3904.19953591  1.00076759
3904.20092475  1.00004443
3904.20231360  1.00003664
3904.20370244  1.00086335
3904.20509128  1.00048632
3904.20648012  1.00013890
3904.20786896  1.00004496
3904.20925780  1.00037154
3904.21064664  1.00035175
3904.21203548  1.00012267
3904.21342432  0.99977605
3904.21481317  1.00054433
3904.21620201  0.99959047
3904.21759085  1.00014245
3904.21897969  0.99975072
3904.22036853  1.00000035
3904.22175737  0.99960184
3904.22314621  1.00016334
3904.22453505  0.99927008
3904.22592389  1.00035817
3904.22731274  0.99973937
3904.22870158  1.00042254
3904.23009042  1.00018558
3904.23147926  1.00029990
3904.23286810  1.00073816
3904.23425694  0.99976768
3904.23564578  1.00016439
3904.23703462  0.99985628
3904.23842346  1.00054359
3904.23981231  1.00055045
3904.24120115  0.99992377
3904.24258999  1.00018662
3904.24397883  1.00033264
3904.24536767  0.99980693
3904.24675651  0.99993526
3904.24814535  0.99918792
3904.24953419  1.00038650
3904.25092303  1.00016742
3904.25231187  0.99915608
3904.25370071  0.99968818
3904.25508956  1.00019166
3904.25647840  1.00043452
3904.25786724  1.00145866
3904.25925608  1.00122530
3904.26064492  1.00131552
3904.26203376  1.00040253
3904.26342260  1.00032210
3904.26481144  0.99977138
3904.26620028  1.00064039
3904.26758912  0.99999774
3904.26897797  1.00018195
3904.27036681  1.00010545
3904.27175565  0.99966950
3904.27314449  1.00022677
3904.27453333  0.99953987
3904.27592217  0.99975870
3904.27731101  0.99952097
3904.27869985  1.00005813
3904.28008869  1.00010746
3904.28147753  0.99962106
3904.28286637  0.99950562
3904.28425522  0.99979789
3904.28564406  0.99988901
3904.28703290  0.99975072
3904.28842174  0.99925630
3904.28981058  0.99941232
3904.29119942  1.00021199
3904.29258826  1.00043946
3904.29397710  0.99982201
3904.29536594  0.99958961
3904.29675478  0.99939737
3904.29814362  0.99923463
3904.29953246  0.99969803
3904.30092131  0.99931721
3904.30231015  0.99981411
3904.30369899  0.99981511
3904.30508783  0.99984528
3904.30647667  0.99960185
3904.30786551  0.99970698
3904.30925435  0.99997866
3904.31064319  0.99953976
3904.31203203  0.99928216
3904.31342087  0.99980247
3904.31480971  0.99913206
3904.31619855  0.99988005
3904.31758739  0.99982566
3904.31897624  0.99925136
3904.32036508  1.00003367
3904.32175392  0.99964118
3904.32314276  0.99929644
3904.32453160  0.99988749
3904.32592044  0.99993118
3904.32730928  0.99990261
3904.32869812  0.99978220
3904.33008696  0.99875733
3904.33147580  1.00010635
3904.33286464  0.99950143
3904.33425348  0.99975123
3904.33564232  0.99894736
3904.33703116  0.99992726
3904.33842001  1.00010201
3904.33980885  0.99930934
3904.34119769  1.00006097
3904.34258653  1.00020995
3904.34397537  0.99951948
3904.34536421  1.00051820
3904.34675305  1.00035078
3904.34814189  0.99925342
3904.34953073  1.00029106
3904.35091957  0.99971135
3904.35230841  1.00013414
3904.35369725  0.99990039
3904.35508609  0.99995151
3904.35647493  0.99970535
3904.35786377  0.99957214
3904.35925261  0.99969957
3904.36064146  0.99963034
3904.36203030  0.99968549
3904.36341914  0.99985505
3904.36480798  1.00039304
3904.36619682  1.00151317
3904.36758566  1.00080773
3904.36897450  1.00091358
3904.37036334  1.00097995
3904.37175218  1.00074190
3904.37314102  1.00087352
3904.37452986  1.00019897
3904.37591870  0.99966183
3904.37730754  1.00018510
3904.37869638  1.00020446
3904.38008522  0.99994441
3904.38147406  0.99977982
3904.38286290  0.99990149
3904.38425175  0.99975596
3904.38564059  0.99928353
3904.38702943  0.99920888
3904.38841827  0.99993695
3904.38980711  0.99953247
3904.39119595  1.00026352
3904.39258479  1.00057831
3904.39397363  0.99954552
3904.39536247  1.00009135
3904.39675131  0.99975645
3904.39814015  1.00030824
3904.39952899  1.00009955
3904.40091783  0.99963133
3904.40230667  0.99964189
3904.40369551  0.99985251
3904.40508435  0.99958761
3904.40647319  1.00061084
3904.40786203  0.99997327
3904.40925087  0.99946632
3904.41063971  1.00040220
3904.41202856  0.99932058
3904.41341740  0.99982074
3904.41480624  1.00087773
3904.41619508  0.99973332
3904.41758392  1.00033737
3904.41897276  0.99983944
3904.42036160  0.99918967
3904.42175044  1.00027573
3904.42313928  0.99932609
3904.42452812  0.99975846
3904.42591696  0.99976670
3904.42730580  1.00000150
3904.42869464  1.00026790
3904.43008348  0.99949368
3904.43147232  0.99942826
3904.43286116  0.99966908
3904.43425000  0.99966334
3904.43563884  0.99969140
3904.43702768  0.99997031
3904.43841652  1.00010091
3904.43980536  0.99912985
3904.44119420  1.00005204
3904.44258304  0.99961991
3904.44397188  0.99910395
3904.44536072  0.99982296
3904.44674956  0.99945755
3904.44813840  0.99969377
3904.44952725  0.99946843
3904.45091609  0.99996130
3904.45230493  0.99935529
3904.45369377  0.99971095
3904.45508261  0.99930746
3904.45647145  0.99932698
3904.45786029  0.99987359
3904.45924913  0.99950926
3904.46063797  0.99952011
3904.46202681  0.99940856
3904.46341565  0.99986945
3904.46480449  0.99955996
3904.46619333  1.00006525
3904.46758217  1.00043382
3904.46897101  1.00003809
3904.47035985  0.99965575
3904.47174869  0.99923402
3904.47313753  0.99982886
3904.47452637  0.99955945
3904.47591521  0.99997491
3904.47730405  0.99943052
3904.47869289  0.99984370
3904.48008173  0.99991201
3904.48147057  1.00007318
3904.48285941  1.00027229
3904.48424825  0.99914612
3904.48563709  1.00041951
3904.48702593  0.99937092
3904.48841477  0.99942611
3904.48980361  0.99956462
3904.49119245  0.99991183
3904.49258129  0.99999462
3904.49397013  0.99948625
3904.49535897  1.00009390
3904.49674781  0.99970610
3904.49813665  0.99957824
3904.49952549  0.99996269
3904.50091433  1.00007066
3904.50230317  1.00020471
3904.50369201  0.99967682
3904.50508085  0.99940952
3904.50646969  0.99988613
3904.50785853  1.00034815
3904.50924737  0.99989319
3904.51063621  0.99972562
3904.51202505  0.99930581
3904.51341389  1.00002735
3904.51480273  1.00039151
3904.51619157  1.01370928
3904.51758041  1.01057032
3904.51896925  1.00780924
3904.52035809  1.00578782
3904.52174694  1.00485925
3904.52313577  1.00403949
3904.52452462  1.00379078
3904.52591346  1.00308212
3904.52730230  1.00305350
3904.52869114  1.00207218
3904.53007998  1.00199481
3904.53146882  1.00152475
3904.53285766  1.00129855
3904.53424650  1.00140775
3904.53563534  1.00072625
3904.53702418  1.00104046
3904.53841302  1.00148384
3904.53980186  1.00114730
3904.54119070  1.00118047
3904.54257954  1.00118944
3904.54396838  1.00065939
3904.54535722  1.00073946
3904.54674606  1.00108567
3904.54813490  1.00022741
3904.54952374  0.99973051
3904.55091258  1.00075331
3904.55230142  1.00080192
3904.55369026  0.99992031
3904.55507910  1.00003845
3904.55646793  1.00049469
3904.55785678  1.00090850
3904.55924561  1.00018511
3904.56063445  1.00062543
3904.56202329  0.99993600
3904.56341213  1.00015552
3904.56480097  1.00066820
3904.56618981  1.00017366
3904.56757865  1.00015886
3904.56896749  1.00032516
3904.57035633  1.00460141
3904.57174517  1.00349845
3904.57313401  1.00344188
3904.57452285  1.00189276
3904.57591169  1.00190082
3904.57730053  1.00156504
3904.57868937  1.00124130
3904.58007821  1.00075681
3904.58146705  1.00096971
3904.58285589  1.00090328
3904.58424473  1.00130559
3904.58563357  1.00294057
3904.58702241  1.00116077
3904.58841125  1.00127222
3904.58980009  1.00022215
3904.59118893  1.00007850
3904.59257777  1.00000190
3904.59396661  1.00045745
3904.59535545  1.00075733
3904.59674429  0.99994405
3904.59813313  1.00031351
3904.59952197  1.00013005
3904.60091081  1.00004962
3904.60229965  1.00049045
3904.60368849  1.00080250
3904.60507733  0.99975868
3904.60646617  0.99953566
3904.60785501  1.00083298
3904.60924385  0.99967993
3904.61063269  0.99977665
3904.61202153  1.00017209
3904.61341037  1.00015355
3904.61479921  0.99987327
3904.61618805  0.99985514
3904.61757689  0.99999364
3904.61896573  0.99951594
3904.62035457  0.99978691
3904.62174341  1.00025229
3904.62313225  1.00029162
3904.62452109  0.99966354
3904.62590993  0.99984324
3904.62729877  0.99978790
3904.62868761  0.99981857
3904.63007645  0.99941502
3904.63146529  1.00011813
3904.63285413  1.00067890
3904.63424296  0.99919068
3904.63563180  1.00011013
3904.63702064  0.99999553
3904.63840948  0.99969485
3904.63979832  0.99946444
3904.64118716  0.99977907
3904.64257600  0.99967977
3904.64396484  1.00039842
3904.64535368  0.99965078
3904.64674252  0.99931220
3904.64813136  0.99959261
3904.64952020  0.99989455
3904.65090904  0.99966501
3904.65229788  1.00000497
3904.65368672  0.99918309
3904.65507556  0.99916575
3904.65646440  0.99989004
3904.65785324  1.00027115
3904.65924208  1.00014778
3904.66063092  0.99967269
3904.66201976  0.99982665
3904.66340860  1.00024156
3904.66479744  1.00041643
3904.66618628  1.00018120
3904.66757512  1.00041212
3904.66896396  0.99963845
3904.67035280  1.00014184
3904.67174163  1.00014987
3904.67313047  0.99988834
3904.67451931  0.99957053
3904.67590815  1.00039663
3904.67729699  1.00011739
3904.67868583  1.00012942
3904.68007467  1.00024031
3904.68146351  0.99952515
3904.68285235  0.99958785
3904.68424119  0.99975114
3904.68563003  0.99952991
3904.68701887  1.00002201
3904.68840771  0.99999263
3904.68979655  1.00003478
3904.69118539  1.00017627
3904.69257423  0.99947262
3904.69396307  0.99904543
3904.69535191  0.99964829
3904.69674075  0.99994424
3904.69812959  0.99979466
3904.69951842  0.99951617
3904.70090726  0.99951455
3904.70229610  0.99916924
3904.70368494  0.99920391
3904.70507378  1.00008049
3904.70646262  0.99911603
3904.70785146  0.99994819
3904.70924030  1.00044434
3904.71062914  0.99983443
3904.71201798  0.99892483
3904.71340682  0.99977668
3904.71479566  0.99981961
3904.71618450  0.99962431
3904.71757334  0.99963941
3904.71896218  0.99929115
3904.72035102  0.99942485
3904.72173986  0.99888408
3904.72312869  0.99919666
3904.72451753  0.99908258
3904.72590637  0.99940132
3904.72729521  0.99924600
3904.72868405  0.99983905
3904.73007289  0.99953636
3904.73146173  0.99918658
3904.73285057  0.99930358
3904.73423941  1.00014550
3904.73562825  0.99939584
3904.73701709  0.99961590
3904.73840593  0.99950180
3904.73979477  0.99971786
3904.74118361  0.99899169
3904.74257245  0.99947432
3904.74396129  0.99986954
3904.74535012  0.99901647
3904.74673896  0.99924615
3904.74812780  0.99957980
3904.74951664  0.99999096
3904.75090548  0.99987152
3904.75229432  0.99965686
3904.75368316  1.00107975
3904.75507200  1.00056991
3904.75646084  0.99962261
3904.75784968  0.99965054
3904.75923852  1.00000538
3904.76062736  0.99955821
3904.76201620  0.99976531
3904.76340504  0.99988195
3904.76479387  1.00028574
3904.76618271  1.00001212
3904.76757155  1.00041146
3904.76896039  1.00041362
3904.77034923  1.00013193
3904.77173807  1.00033687
3904.77312691  0.99988295
3904.77451575  0.99937276
3904.77590459  1.00003909
3904.77729343  0.99931507
3904.77868227  0.99997663
3904.78007111  0.99982437
3904.78145994  1.00042946
3904.78284878  0.99937747
3904.78423762  1.00023889
3904.78562646  1.00222914
3904.78701530  1.00499539
3904.78840414  1.00399906
3904.78979298  1.00294839
3904.79118182  1.00225381
3904.79257066  1.00119198
3904.79395950  1.00153453
3904.79534834  1.00136833
3904.79673718  1.00129492
3904.79812601  1.00118213
3904.79951485  1.00120980
3904.80090369  1.00097370
3904.80229253  1.00054104
3904.80368137  1.00070186
3904.80507021  1.00046723
3904.80645905  1.00085614
3904.80784789  1.00058305
3904.80923673  1.00006889
3904.81062557  1.00043053
3904.81201441  1.00076135
3904.81340325  0.99928449
3904.81479208  1.00060090
3904.81618092  0.99987968
3904.81756976  1.00008840
3904.81895860  1.00007843
3904.82034744  0.99993098
3904.82173628  1.00057465
3904.82312512  1.00021875
3904.82451396  1.00019139
3904.82590280  1.00021698
3904.82729164  1.00059695
3904.82868047  1.00032165
3904.83006931  1.00058296
3904.83145815  0.99973655
3904.83284699  0.99962873
3904.83423583  1.00034015
3904.83562467  0.99923565
3904.83701351  1.00006624
3904.83840235  0.99984978
3904.83979119  0.99982403
3904.84118003  1.00021047
3904.84256886  1.00018441
3904.84395770  0.99952866
3904.84534654  1.00005219
3904.84673538  1.00034894
3904.84812422  0.99993072
3904.84951306  1.00046682
3904.85090190  1.00011755
3904.85229074  1.00038308
3904.85367958  1.00012990
3904.85506842  1.00003888
3904.85645725  1.00003462
3904.85784609  0.99898260
3904.85923493  0.99949659
3904.86062377  0.99919610
3904.86201261  0.99942468
3904.86340145  0.99980881
3904.86479029  0.99944612
3904.86617913  1.00013915
3904.86756797  0.99988887
3904.86895680  0.99946911
3904.87034564  0.99971153
3904.87173448  0.99990224
3904.87312332  1.00013039
3904.87451216  0.99952234
3904.87590100  0.99961700
3904.87728984  1.00001619
3904.87867868  0.99909448
3904.88006752  0.99975037
3904.88145635  0.99960611
3904.88284519  0.99972575
3904.88423403  1.00015770
3904.88562287  0.99928605
3904.88701171  0.99985377
3904.88840055  0.99972275
3904.88978939  0.99954483
3904.89117823  0.99988546
3904.89256707  0.99972397
3904.89395590  0.99939485
3904.89534474  1.00050701
3904.89673358  0.99970505
3904.89812242  0.99910577
3904.89951126  0.99979770
3904.90090010  0.99973516
3904.90228894  1.00023042
3904.90367778  0.99968915
3904.90506661  0.99925581
3904.90645545  0.99971049
3904.90784429  0.99962858
3904.90923313  0.99973673
3904.91062197  0.99980481
3904.91201081  0.99976265
3904.91339965  0.99995032
3904.91478849  1.00074417
3904.91617732  1.00032721
3904.91756616  1.00082684
3904.91895500  1.00109715
3904.92034384  1.00061155
3904.92173268  1.00095183
3904.92312152  1.00052613
3904.92451036  1.00049590
3904.92589920  1.00058080
3904.92728803  1.00035600
3904.92867687  0.99997816
3904.93006571  1.00023895
3904.93145455  0.99968104
3904.93284339  1.00007124
3904.93423223  1.00001207
3904.93562107  1.00073953
3904.93700990  0.99969767
3904.93839874  0.99969431
3904.93978758  0.99971428
3904.94117642  0.99973337
3904.94256526  0.99994920
3904.94395410  1.00027124
3904.94534294  1.00008507
3904.94673178  0.99912104
3904.94812061  0.99951938
3904.94950945  0.99989715
3904.95089829  0.99949225
3904.95228713  0.99950960
3904.95367597  0.99885783
3904.95506481  0.99969719
3904.95645365  0.99914167
3904.95784248  0.99980892
3904.95923132  0.99919743
3904.96062016  0.99943990
3904.96200900  0.99949254
3904.96339784  0.99983705
3904.96478668  1.00040465
3904.96617552  1.00013057
3904.96756435  1.00030544
3904.96895319  0.99986933
3904.97034203  0.99988700
3904.97173087  0.99957753
3904.97311971  1.00002013
3904.97450855  0.99985159
3904.97589739  1.00003257
3904.97728622  0.99995455
3904.97867506  0.99973960
3904.98006390  0.99931646
3904.98145274  0.99974685
3904.98284158  1.00015618
3904.98423042  0.99984702
3904.98561926  0.99962168
3904.98700809  1.00024199
3904.98839693  0.99936391
3904.98978577  1.00006847
3904.99117461  0.99975855
3904.99256345  0.99966549
3904.99395229  0.99959465
3904.99534113  0.99965970
3904.99672996  0.99999178
3904.99811880  0.99987202
3904.99950764  0.99986722
3905.00089648  1.00010752
3905.00228532  0.99903054
3905.00367416  0.99944142
3905.00506299  1.00003610
3905.00645183  0.99980273
3905.00784067  0.99926633
3905.00922951  1.00009958
3905.01061835  1.00152686
3905.01200719  1.00075140
3905.01339602  1.00021522
3905.01478486  1.00100273
3905.01617370  0.99989569
3905.01756254  1.00072263
3905.01895138  0.99982085
3905.02034022  1.00038057
3905.02172906  1.00030128
3905.02311789  1.00058716
3905.02450673  0.99996947
3905.02589557  0.99994163
3905.02728441  1.00034132
3905.02867325  1.00088882
3905.03006209  0.99998732
3905.03145092  0.99955130
3905.03283976  1.00019526
3905.03422860  1.00002309
3905.03561744  1.00005298
3905.03700628  0.99978658
3905.03839512  1.00054319
3905.03978395  1.00003606
3905.04117279  0.99969794
3905.04256163  1.00010446
3905.04395047  1.00022872
3905.04533931  0.99979910
3905.04672815  0.99984311
3905.04811698  1.00009228
3905.04950582  0.99952514
3905.05089466  0.99983895
3905.05228350  1.00004249
3905.05367234  0.99942508
3905.05506118  0.99951562
3905.05645001  1.00006562
3905.05783885  0.99949669
3905.05922769  0.99977753
3905.06061653  0.99970181
3905.06200537  0.99963894
3905.06339420  0.99956181
3905.06478304  0.99976559
3905.06617188  1.00036483
3905.06756072  1.00040672
3905.06894956  1.00018519
3905.07033840  0.99963622
3905.07172723  0.99977259
3905.07311607  0.99981031
3905.07450491  0.99986669
3905.07589375  0.99953330
3905.07728259  1.00004078
3905.07867143  0.99983440
3905.08006026  0.99958998
3905.08144910  1.00008071
3905.08283794  0.99971719
3905.08422678  0.99973489
3905.08561562  1.00042302
3905.08700445  0.99967121
3905.08839329  0.99996662
3905.08978213  0.99953900
3905.09117097  0.99985173
3905.09255981  0.99984212
3905.09394864  1.00040899
3905.09533748  0.99986569
3905.09672632  1.00043702
3905.09811516  1.00035687
3905.09950400  0.99965011
3905.10089284  1.00039556
3905.10228167  1.00006433
3905.10367051  0.99984653
3905.10505935  0.99957644
3905.10644819  0.99956529
3905.10783703  1.00039738
3905.10922586  1.00002714
3905.11061470  0.99995165
3905.11200354  0.99980004
3905.11339238  0.99973682
3905.11478122  1.00044362
3905.11617005  1.00000209
3905.11755889  1.00049725
3905.11894773  0.99933494
3905.12033657  1.00004160
3905.12172541  0.99938599
3905.12311424  0.99943878
3905.12450308  0.99987385
3905.12589192  0.99939428
3905.12728076  1.00032507
3905.12866960  1.00003248
3905.13005844  0.99982064
3905.13144727  0.99955360
3905.13283611  1.00034969
3905.13422495  0.99908380
3905.13561379  0.99998316
3905.13700263  0.99978745
3905.13839146  1.00040461
3905.13978030  0.99952719
3905.14116914  1.00032976
3905.14255798  1.00030270
3905.14394682  0.99940345
3905.14533565  0.99911892
3905.14672449  0.99987715
3905.14811333  0.99894292
3905.14950217  0.99946902
3905.15089101  0.99983279
3905.15227984  0.99985225
3905.15366868  1.00100912
3905.15505752  1.00030453
3905.15644636  0.99982699
3905.15783519  1.00006521
3905.15922403  1.00019715
3905.16061287  0.99992370
3905.16200171  1.00027451
3905.16339055  1.00084441
3905.16477938  1.00027383
3905.16616822  1.00114640
3905.16755706  1.00043365
3905.16894590  0.99988904
3905.17033474  1.00022388
3905.17172357  1.00036733
3905.17311241  1.00022239
3905.17450125  0.99984467
3905.17589009  0.99983157
3905.17727893  0.99981077
3905.17866776  1.00006859
3905.18005660  1.00019489
3905.18144544  0.99996086
3905.18283428  0.99966323
3905.18422312  0.99980404
3905.18561195  0.99974378
3905.18700079  1.00010992
3905.18838963  0.99997669
3905.18977847  1.00013052
3905.19116730  1.00003067
3905.19255614  0.99916897
3905.19394498  1.00001884
3905.19533382  0.99980583
3905.19672266  1.00020962
3905.19811149  0.99976684
3905.19950033  1.00026098
3905.20088917  0.99992926
3905.20227801  1.00014005
3905.20366684  0.99988024
3905.20505568  0.99998375
3905.20644452  1.00019509
3905.20783336  0.99945628
3905.20922220  1.00010552
3905.21061103  1.00004411
3905.21199987  0.99987773
3905.21338871  0.99975453
3905.21477755  0.99970235
3905.21616638  1.00015421
3905.21755522  0.99985189
3905.21894406  0.99973084
3905.22033290  0.99989920
3905.22172174  0.99954801
3905.22311057  1.00035825
3905.22449941  1.00016508
3905.22588825  1.00061117
3905.22727709  0.99998026
3905.22866592  1.00008410
3905.23005476  0.99965547
3905.23144360  0.99950252
3905.23283244  0.99923203
3905.23422127  0.99952581
3905.23561011  0.99933533
3905.23699895  1.00006896
3905.23838779  1.00052602
3905.23977663  0.99945094
3905.24116546  0.99955557
3905.24255430  0.99956325
3905.24394314  0.99940216
3905.24533198  0.99988934
3905.24672081  0.99968460
3905.24810965  1.00089450
3905.24949849  1.00068337
3905.25088733  1.00016065
3905.25227616  1.00016142
3905.25366500  1.00078736
3905.25505384  0.99980946
3905.25644268  1.00061533
3905.25783151  0.99976061
3905.25922035  0.99982981
3905.26060919  1.00020103
3905.26199803  0.99994735
3905.26338686  0.99976937
3905.26477570  0.99964133
3905.26616454  1.00243720
3905.26755338  1.00100628
3905.26894222  1.00137666
3905.27033105  1.00174914
3905.27171989  1.00028929
3905.27310873  1.00030752
3905.27449757  0.99986624
3905.27588640  1.00023308
3905.27727524  0.99995843
3905.27866408  0.99983014
3905.28005292  0.99921676
3905.28144175  1.00016725
3905.28283059  0.99999093
3905.28421943  0.99993016
3905.28560827  0.99998897
3905.28699710  0.99964791
3905.28838594  0.99961803
3905.28977478  0.99918209
3905.29116362  0.99993300
3905.29255245  1.00028492
3905.29394129  0.99941787
3905.29533013  1.00014236
3905.29671897  0.99928932
3905.29810780  0.99945785
3905.29949664  1.00011960
3905.30088548  0.99971783
3905.30227432  0.99985793
3905.30366315  0.99973230
3905.30505199  1.00006018
3905.30644083  0.99951474
3905.30782967  1.00070127
3905.30921850  0.99976091
3905.31060734  0.99998141
3905.31199618  0.99949451
3905.31338502  0.99932460
3905.31477385  0.99967454
3905.31616269  0.99981896
3905.31755153  0.99913736
3905.31894037  0.99922794
3905.32032920  1.00019227
3905.32171804  1.00059496
3905.32310688  0.99999392
3905.32449571  0.99987410
3905.32588455  0.99941723
3905.32727339  0.99977736
3905.32866223  0.99894714
3905.33005106  0.99940773
3905.33143990  0.99996511
3905.33282874  0.99942708
3905.33421758  0.99988995
3905.33560641  1.00020541
3905.33699525  0.99917125
3905.33838409  0.99987557
3905.33977293  0.99987105
3905.34116176  0.99969681
3905.34255060  0.99934481
3905.34393944  1.00225434
3905.34532828  1.01388014
3905.34671711  1.01830669
3905.34810595  1.01692697
3905.34949479  1.02089059
3905.35088362  1.02679544
3905.35227246  1.02577476
3905.35366130  1.02443644
3905.35505014  1.02015337
3905.35643897  1.01880009
3905.35782781  1.01673602
3905.35921665  1.01535024
3905.36060549  1.01351613
3905.36199432  1.01254008
3905.36338316  1.01128479
3905.36477200  1.01084226
3905.36616083  1.01021076
3905.36754967  1.00937312
3905.36893851  1.00830546
3905.37032735  1.00721735
3905.37171618  1.00675967
3905.37310502  1.00742153
3905.37449386  1.00612704
3905.37588269  1.00542746
3905.37727153  1.00520799
3905.37866037  1.00474573
3905.38004921  1.00377568
3905.38143804  1.00386647
3905.38282688  1.00399035
3905.38421572  1.00356721
3905.38560456  1.00291953
3905.38699339  1.00348137
3905.38838223  1.00288139
3905.38977107  1.00288773
3905.39115990  1.00251427
3905.39254874  1.00277903
3905.39393758  1.00222817
3905.39532642  1.00251475
3905.39671525  1.00193720
3905.39810409  1.00172246
3905.39949293  1.00134528
3905.40088176  1.00176311
3905.40227060  1.00156830
3905.40365944  1.00150133
3905.40504828  1.00164513
3905.40643711  1.00104474
3905.40782595  1.00056055
3905.40921479  1.00149705
3905.41060362  1.00073758
3905.41199246  1.00088703
3905.41338130  1.00125257
3905.41477014  1.00114366
3905.41615897  1.00093116
3905.41754781  1.00022855
3905.41893665  1.00094793
3905.42032548  1.00102224
3905.42171432  1.00057020
3905.42310316  1.00103695
3905.42449199  1.00043402
3905.42588083  1.00047845
3905.42726967  1.00060684
3905.42865851  1.00061251
3905.43004734  1.00149128
3905.43143618  1.00230964
3905.43282502  1.00197838
3905.43421385  1.00168645
3905.43560269  1.00068534
3905.43699153  1.00184913
3905.43838037  1.00149987
3905.43976920  1.00131149
3905.44115804  1.00099013
3905.44254688  1.00093418
3905.44393571  1.00085042
3905.44532455  1.00092427
3905.44671339  1.00124963
3905.44810222  1.00103223
3905.44949106  1.00156657
3905.45087990  1.00106357
3905.45226874  1.00034161
3905.45365757  1.00129306
3905.45504641  1.00042738
3905.45643525  1.00041121
3905.45782408  1.00030448
3905.45921292  1.00012071
3905.46060176  1.00044053
3905.46199059  0.99998941
3905.46337943  1.00120657
3905.46476827  1.00032685
3905.46615711  0.99942324
3905.46754594  0.99993285
3905.46893478  0.99988616
3905.47032362  1.00070146
3905.47171245  1.00043823
3905.47310129  1.00077695
3905.47449013  1.00003510
3905.47587896  1.00027426
3905.47726780  1.00031864
3905.47865664  1.00022380
3905.48004547  1.00095762
3905.48143431  1.00041783
3905.48282315  1.00073266
3905.48421199  1.00043733
3905.48560082  0.99977173
3905.48698966  1.00051317
3905.48837850  0.99957550
3905.48976733  1.00023488
3905.49115617  0.99974788
3905.49254501  1.00009439
3905.49393384  0.99983418
3905.49532268  1.00004394
3905.49671152  1.00013476
3905.49810035  1.00032094
3905.49948919  0.99921205
3905.50087803  1.00002176
3905.50226686  1.00070717
3905.50365570  0.99930130
3905.50504454  1.00053550
3905.50643337  1.00046194
3905.50782221  0.99949893
3905.50921105  0.99998139
3905.51059989  0.99947369
3905.51198872  1.00005078
3905.51337756  0.99968484
3905.51476640  1.00030043
3905.51615523  1.00069507
3905.51754407  1.00016683
3905.51893291  0.99982592
3905.52032174  1.00037352
3905.52171058  0.99945079
3905.52309942  1.00051765
3905.52448825  1.00087255
3905.52587709  1.00002628
3905.52726593  0.99993188
3905.52865476  1.00044209
3905.53004360  1.00021795
3905.53143244  0.99954748
3905.53282127  0.99993328
3905.53421011  1.00020639
3905.53559895  1.00013558
3905.53698778  0.99948947
3905.53837662  0.99997076
3905.53976546  1.00018580
3905.54115429  0.99964062
3905.54254313  0.99947574
3905.54393197  0.99987532
3905.54532080  0.99963632
3905.54670964  1.00080910
3905.54809848  1.00043679
3905.54948731  0.99953500
3905.55087615  0.99987952
3905.55226499  0.99946317
3905.55365382  0.99981989
3905.55504266  1.00040937
3905.55643150  0.99938670
3905.55782033  0.99897884
3905.55920917  0.99957107
3905.56059801  1.00022571
3905.56198684  1.00005472
3905.56337568  1.00026565
3905.56476452  1.00009113
3905.56615335  0.99960179
3905.56754219  1.00052080
3905.56893103  0.99984552
3905.57031986  0.99948385
3905.57170870  1.00006804
3905.57309754  1.00057925
3905.57448637  0.99974651
3905.57587521  1.00014328
3905.57726405  1.00001323
3905.57865288  0.99967566
3905.58004172  0.99944328
3905.58143056  0.99978894
3905.58281939  1.00010163
3905.58420823  0.99997591
3905.58559707  0.99948747
3905.58698590  0.99943022
3905.58837474  0.99994672
3905.58976358  1.00000710
3905.59115241  1.00114264
3905.59254125  0.99961312
3905.59393008  0.99995083
3905.59531892  1.00022601
3905.59670776  1.00007553
3905.59809659  0.99982249
3905.59948543  1.00113125
3905.60087427  1.00071782
3905.60226310  1.00006410
3905.60365194  1.00058920
3905.60504078  1.00076960
3905.60642961  1.00006486
3905.60781845  1.00059174
3905.60920729  1.00042390
3905.61059612  0.99996813
3905.61198496  1.00031608
3905.61337380  0.99972401
3905.61476263  1.00016938
3905.61615147  1.00055002
3905.61754031  0.99920113
3905.61892914  0.99917392
3905.62031798  0.99994331
3905.62170681  0.99963570
3905.62309565  0.99969172
3905.62448449  1.00004438
3905.62587332  1.00082946
3905.62726216  0.99976191
3905.62865100  0.99986197
3905.63003983  0.99967399
3905.63142867  1.00010807
3905.63281751  0.99997952
3905.63420634  1.00031668
3905.63559518  1.00001937
3905.63698402  0.99946546
3905.63837285  0.99990706
3905.63976169  1.00068819
3905.64115052  0.99952539
3905.64253936  0.99985900
3905.64392820  0.99995507
3905.64531703  0.99957663
3905.64670587  0.99980281
3905.64809471  0.99934742
3905.64948354  1.00043116
3905.65087238  0.99990022
3905.65226122  0.99928438
3905.65365005  0.99953329
3905.65503889  1.00045249
3905.65642772  0.99972981
3905.65781656  0.99966094
3905.65920540  0.99952832
3905.66059423  1.00006404
3905.66198307  1.00001947
3905.66337191  0.99971602
3905.66476074  1.00007447
3905.66614958  1.00012043
3905.66753842  0.99980242
3905.66892725  0.99930293
3905.67031609  0.99952216
3905.67170492  0.99976861
3905.67309376  0.99940157
3905.67448260  0.99896254
3905.67587143  0.99936029
3905.67726027  0.99990580
3905.67864911  0.99975883
3905.68003794  0.99906790
3905.68142678  0.99978646
3905.68281561  0.99958012
3905.68420445  0.99978071
3905.68559329  0.99931235
3905.68698212  1.00001226
3905.68837096  0.99989299
3905.68975980  1.00021098
3905.69114863  0.99973310
3905.69253747  0.99958786
3905.69392630  1.00020381
3905.69531514  0.99904124
3905.69670398  0.99997055
3905.69809281  0.99941052
3905.69948165  1.00044002
3905.70087049  1.00031285
3905.70225932  1.00019355
3905.70364816  1.00001943
3905.70503699  1.00041846
3905.70642583  0.99971425
3905.70781467  0.99959620
3905.70920350  1.00074170
3905.71059234  1.00003317
3905.71198117  1.00002805
3905.71337001  1.00051861
3905.71475885  0.99950489
3905.71614768  0.99978647
3905.71753652  1.00005399
3905.71892536  0.99975822
3905.72031419  0.99993705
3905.72170303  1.00027161
3905.72309186  0.99983785
3905.72448070  1.00048239
3905.72586954  1.00017242
3905.72725837  0.99987789
3905.72864721  1.00013885
3905.73003605  1.00001911
3905.73142488  0.99997790
3905.73281372  0.99989779
3905.73420255  1.00080103
3905.73559139  1.00035163
3905.73698023  1.00040352
3905.73836906  0.99998468
3905.73975790  0.99964318
3905.74114673  0.99995208
3905.74253557  0.99982726
3905.74392441  0.99965403
3905.74531324  0.99969551
3905.74670208  0.99987340
3905.74809091  1.00019932
3905.74947975  0.99934195
3905.75086859  0.99955828
3905.75225742  1.00102920
3905.75364626  1.00127094
3905.75503509  1.00069636
3905.75642393  1.00065859
3905.75781277  0.99987288
3905.75920160  1.00005261
3905.76059044  0.99935026
3905.76197927  1.00013397
3905.76336811  1.00032453
3905.76475695  0.99948063
3905.76614578  1.00083901
3905.76753462  0.99989953
3905.76892345  0.99956186
3905.77031229  1.00025344
3905.77170113  1.00006124
3905.77308996  0.99945254
3905.77447880  1.00014380
3905.77586763  0.99969579
3905.77725647  1.00032895
3905.77864531  0.99971816
3905.78003414  1.00001638
3905.78142298  1.00033638
3905.78281181  0.99968278
3905.78420065  1.00032964
3905.78558949  0.99958244
3905.78697832  0.99972511
3905.78836716  1.00003108
3905.78975599  0.99986979
3905.79114483  0.99977467
3905.79253367  1.00021404
3905.79392250  0.99980513
3905.79531134  1.00077665
3905.79670017  1.00032874
3905.79808901  0.99984314
3905.79947785  0.99998228
3905.80086668  1.00014647
3905.80225552  1.00071586
3905.80364435  1.00053985
3905.80503319  0.99988162
3905.80642203  1.00004043
3905.80781086  1.00025302
3905.80919970  1.00070000
3905.81058853  1.00065551
3905.81197737  0.99968380
3905.81336620  0.99995823
3905.81475504  0.99986497
3905.81614388  0.99997413
3905.81753271  1.00016464
3905.81892155  1.00073879
3905.82031038  1.00057334
3905.82169922  0.99995876
3905.82308806  1.00033945
3905.82447689  0.99993976
3905.82586573  0.99993156
3905.82725456  0.99972704
3905.82864340  0.99989816
3905.83003223  0.99991123
3905.83142107  1.00060797
3905.83280991  0.99969101
3905.83419874  1.00049359
3905.83558758  1.00031387
3905.83697641  1.00000911
3905.83836525  1.00039800
3905.83975409  1.00024827
3905.84114292  1.00081927
3905.84253176  1.00032870
3905.84392059  1.00026884
3905.84530943  0.99983602
3905.84669826  1.00021122
3905.84808710  0.99956119
3905.84947594  0.99977012
3905.85086477  1.00065873
3905.85225361  0.99995103
3905.85364244  1.00024361
3905.85503128  0.99930558
3905.85642011  0.99950454
3905.85780895  1.00072119
3905.85919779  0.99984085
3905.86058662  0.99945043
3905.86197546  0.99958392
3905.86336429  0.99932572
3905.86475313  0.99943109
3905.86614196  1.00017066
3905.86753080  0.99953130
3905.86891964  1.00018888
3905.87030847  0.99988581
3905.87169731  0.99960544
3905.87308614  1.00008645
3905.87447498  0.99975253
3905.87586381  0.99934879
3905.87725265  0.99991056
3905.87864149  0.99953047
3905.88003032  0.99982443
3905.88141916  0.99992284
3905.88280799  0.99983744
3905.88419683  0.99987812
3905.88558566  0.99974539
3905.88697450  0.99995174
3905.88836334  1.00016919
3905.88975217  1.00117316
3905.89114101  1.00005715
3905.89252984  1.00014529
3905.89391868  0.99977150
3905.89530751  1.00132288
3905.89669635  0.99993399
3905.89808519  1.00041858
3905.89947402  1.00015657
3905.90086286  1.00002332
3905.90225169  1.00001523
3905.90364053  1.00026395
3905.90502936  0.99991183
3905.90641820  0.99976959
3905.90780703  0.99970989
3905.90919587  0.99925182
3905.91058471  0.99933913
3905.91197354  0.99955939
3905.91336238  0.99976799
3905.91475121  1.00259888
3905.91614005  1.00196857
3905.91752888  1.00156584
3905.91891772  1.00145261
3905.92030655  1.00136725
3905.92169539  1.00158400
3905.92308423  1.00076811
3905.92447306  1.00212632
3905.92586190  1.00046907
3905.92725073  1.00006228
3905.92863957  1.00063961
3905.93002840  1.00021640
3905.93141724  1.00130079
3905.93280608  1.00138445
3905.93419491  1.00000101
3905.93558375  1.00042089
3905.93697258  1.00025531
3905.93836142  0.99972176
3905.93975025  1.00106177
3905.94113909  1.00003725
3905.94252792  1.00046042
3905.94391676  1.00001040
3905.94530559  0.99998675
3905.94669443  0.99929399
3905.94808327  1.00006495
3905.94947210  1.00047057
3905.95086094  1.00020793
3905.95224977  1.00050667
3905.95363861  1.00004329
3905.95502744  1.00028247
3905.95641628  0.99945756
3905.95780511  1.00021677
3905.95919395  1.00020023
3905.96058278  1.00069961
3905.96197162  1.00050575
3905.96336046  0.99987684
3905.96474929  1.00029994
3905.96613813  1.00051954
3905.96752696  1.00037160
3905.96891580  1.00059933
3905.97030463  0.99905939
3905.97169347  1.00002839
3905.97308230  1.00031053
3905.97447114  0.99917126
3905.97585997  1.00062681
3905.97724881  0.99958762
3905.97863765  1.00088445
3905.98002648  1.00005077
3905.98141532  1.00033293
3905.98280415  1.00007652
3905.98419299  1.00062479
3905.98558182  1.00033317
3905.98697066  1.00037956
3905.98835949  0.99983897
3905.98974833  0.99996347
3905.99113716  0.99959563
3905.99252600  0.99933529
3905.99391483  1.00012573
3905.99530367  1.00017598
3905.99669251  0.99913943
3905.99808134  0.99964424
3905.99947018  1.00001068
3906.00085901  0.99957165
3906.00224785  0.99875520
3906.00363668  0.99924091
3906.00502552  1.00038786
3906.00641435  0.99951454
3906.00780319  0.99928091
3906.00919202  0.99973817
3906.01058086  1.00020623
3906.01196969  0.99965271
3906.01335853  0.99947943
3906.01474736  0.99985758
3906.01613620  1.00048241
3906.01752504  0.99950006
3906.01891387  0.99961090
3906.02030271  1.00013725
3906.02169154  1.00054100
3906.02308038  0.99981049
3906.02446921  1.00001112
3906.02585805  0.99934584
3906.02724688  1.00079780
3906.02863572  1.00064075
3906.03002455  1.00001152
3906.03141339  1.00012476
3906.03280222  0.99915613
3906.03419106  0.99986123
3906.03557989  1.00020340
3906.03696873  1.00021430
3906.03835756  1.00008066
3906.03974640  1.00004540
3906.04113523  1.00015853
3906.04252407  0.99943683
3906.04391291  1.00005187
3906.04530174  1.00015899
3906.04669058  1.00064504
3906.04807941  0.99971632
3906.04946825  0.99967760
3906.05085708  0.99988878
3906.05224592  1.00043474
3906.05363475  1.00006108
3906.05502359  1.00044294
3906.05641242  1.00005833
3906.05780126  1.00021500
3906.05919009  1.00043827
3906.06057893  1.00019882
3906.06196776  0.99998076
3906.06335660  0.99986577
3906.06474543  1.00009206
3906.06613427  1.00045620
3906.06752310  1.00048108
3906.06891194  0.99983085
3906.07030077  1.00007520
3906.07168961  0.99939614
3906.07307844  0.99982853
3906.07446728  0.99989954
3906.07585611  1.00044838
3906.07724495  0.99963836
3906.07863379  0.99972716
3906.08002262  1.00011042
3906.08141146  1.00064327
3906.08280029  0.99937027
3906.08418913  0.99968503
3906.08557796  0.99980523
3906.08696680  0.99952205
3906.08835563  1.00016105
3906.08974447  1.00058498
3906.09113330  0.99992576
3906.09252214  1.00041202
3906.09391097  0.99973601
3906.09529981  1.00030679
3906.09668864  1.00028137
3906.09807748  1.00143345
3906.09946631  0.99948695
3906.10085515  1.00077856
3906.10224398  1.00027632
3906.10363282  1.00096688
3906.10502165  1.00091275
3906.10641049  0.99978538
3906.10779932  1.00084385
3906.10918816  1.00013005
3906.11057699  1.00018361
3906.11196583  1.00088324
3906.11335466  1.00050154
3906.11474350  0.99918096
3906.11613233  1.00001438
3906.11752117  1.00048567
3906.11891000  1.00038862
3906.12029884  1.00020947
3906.12168767  0.99963877
3906.12307651  0.99999430
3906.12446534  1.00017827
3906.12585418  1.00021440
3906.12724301  1.00058958
3906.12863185  1.00016656
3906.13002068  0.99993191
3906.13140952  0.99983936
3906.13279835  0.99943808
3906.13418719  1.00028052
3906.13557602  0.99944536
3906.13696486  1.00100165
3906.13835369  0.99984948
3906.13974253  1.00051561
3906.14113136  0.99986743
3906.14252020  1.00059276
3906.14390903  0.99962522
3906.14529787  1.00008937
3906.14668670  0.99962133
3906.14807554  1.00066206
3906.14946437  0.99982145
3906.15085321  0.99963621
3906.15224204  0.99985054
3906.15363088  1.00005833
3906.15501971  0.99968117
3906.15640855  0.99988601
3906.15779738  1.00018885
3906.15918622  0.99964034
3906.16057505  1.00004438
3906.16196389  0.99981443
3906.16335272  0.99947607
3906.16474156  1.00016520
3906.16613039  0.99965537
3906.16751923  0.99953349
3906.16890806  0.99970620
3906.17029690  1.00026343
3906.17168573  0.99968858
3906.17307457  0.99950144
3906.17446340  1.00025005
3906.17585224  1.00072606
3906.17724107  1.00106354
3906.17862991  1.00135006
3906.18001874  1.00129511
3906.18140758  1.00170861
3906.18279641  0.99980568
3906.18418525  1.00034248
3906.18557408  1.00099362
3906.18696292  1.00001892
3906.18835175  1.00052255
3906.18974059  0.99956283
3906.19112942  0.99951264
3906.19251825  0.99981403
3906.19390709  1.00002133
3906.19529592  1.00015734
3906.19668476  1.00034860
3906.19807359  1.00014502
3906.19946243  1.00095260
3906.20085126  0.99981425
3906.20224010  1.00066915
3906.20362893  1.00032124
3906.20501777  1.00010265
3906.20640660  0.99999039
3906.20779544  0.99995250
3906.20918427  1.00022689
3906.21057311  0.99939195
3906.21196194  0.99938037
3906.21335078  0.99988255
3906.21473961  0.99994612
3906.21612845  0.99942380
3906.21751728  1.00055835
3906.21890612  1.00123543
3906.22029495  1.00008121
3906.22168379  0.99970335
3906.22307262  1.00098342
3906.22446146  1.00006527
3906.22585029  1.00056620
3906.22723913  0.99955002
3906.22862796  1.00078272
3906.23001679  0.99880927
3906.23140563  1.00076272
3906.23279446  1.00134249
3906.23418330  1.00109839
3906.23557213  1.00049485
3906.23696097  0.99984120
3906.23834980  1.00143433
3906.23973864  1.00100853
3906.24112747  1.00134660
3906.24251631  1.00142718
3906.24390514  1.00017282
3906.24529398  1.00048659
3906.24668281  0.99983220
3906.24807165  1.00030076
3906.24946048  1.00088279
3906.25084932  0.99998309
3906.25223815  1.00010971
3906.25362699  1.00028548
3906.25501582  1.00026188
3906.25640466  1.00043456
3906.25779349  1.00084404
3906.25918232  1.00014072
3906.26057116  1.00004527
3906.26195999  0.99931279
3906.26334883  1.00012586
3906.26473766  1.00019212
3906.26612650  1.00088129
3906.26751533  0.99994157
3906.26890417  1.00079051
3906.27029300  0.99984185
3906.27168184  1.00118999
3906.27307067  1.00018730
3906.27445951  1.00118756
3906.27584834  1.00020891
3906.27723718  1.00032181
3906.27862601  1.00145563
3906.28001484  0.99923574
3906.28140368  1.00022305
3906.28279251  0.99934690
3906.28418135  0.99972369
3906.28557018  0.99969324
3906.28695902  1.00040962
3906.28834785  0.99974742
3906.28973669  0.99974800
3906.29112552  0.99987917
3906.29251436  0.99921358
3906.29390319  0.99977750
3906.29529203  1.00002032
3906.29668086  0.99972939
3906.29806970  1.00018146
3906.29945853  1.00027336
3906.30084736  0.99964477
3906.30223620  1.00058660
3906.30362503  1.00030238
3906.30501387  1.00017757
3906.30640270  1.00023569
3906.30779154  0.99995322
3906.30918037  1.00051200
3906.31056921  0.99846538
3906.31195804  1.00040672
3906.31334688  0.99938437
3906.31473571  0.99956732
3906.31612454  0.99937005
3906.31751338  0.99922027
3906.31890221  0.99962317
3906.32029105  0.99968281
3906.32167988  0.99899431
3906.32306872  0.99957572
3906.32445755  0.99970932
3906.32584639  0.99970136
3906.32723522  0.99887318
3906.32862406  0.99943559
3906.33001289  0.99998865
3906.33140173  0.99949324
3906.33279056  0.99991664
3906.33417939  1.00078434
3906.33556823  0.99962521
3906.33695706  1.00032210
3906.33834590  0.99948537
3906.33973473  0.99958095
3906.34112357  0.99970165
3906.34251240  0.99936764
3906.34390124  0.99960217
3906.34529007  1.00079794
3906.34667890  0.99977667
3906.34806774  1.00015900
3906.34945657  0.99920056
3906.35084541  0.99979152
3906.35223424  0.99983538
3906.35362308  1.00022417
3906.35501191  1.00012917
3906.35640075  0.99924474
3906.35778958  0.99964381
3906.35917842  0.99991881
3906.36056725  0.99991481
3906.36195608  1.00021525
3906.36334492  1.00058358
3906.36473375  0.99970551
3906.36612259  0.99944049
3906.36751142  1.00057295
3906.36890026  1.00022177
3906.37028909  1.00008992
3906.37167793  0.99948364
3906.37306676  0.99939826
3906.37445560  0.99956248
3906.37584443  1.00009568
3906.37723326  0.99967307
3906.37862210  1.00017208
3906.38001093  1.00011686
3906.38139977  1.00170314
3906.38278860  1.00090309
3906.38417744  1.00084722
3906.38695511  1.00110060
3906.38834394  1.00142049
3906.38973277  1.00179471
3906.39112161  1.00081735
3906.39251044  1.00120904
3906.39389928  1.00085730
3906.39528811  1.00063536
3906.39667695  1.00061757
3906.39806578  1.00020930
3906.39945462  1.00131558
3906.40084345  1.00043827
3906.40223228  1.00029346
3906.40362112  1.00035347
3906.40500995  1.00046240
3906.40639879  0.99996589
3906.40778762  0.99994127
3906.40917646  0.99973402
3906.41056529  1.00038738
3906.41195412  0.99981876
3906.41334296  1.00014872
3906.41473179  1.00029459
3906.41612063  1.00005167
3906.41750946  0.99990074
3906.41889830  0.99960828
3906.42028713  0.99959733
3906.42167597  0.99970812
3906.42306480  1.00023942
3906.42445363  1.00048976
3906.42584247  1.00006361
3906.42723130  1.00080860
3906.42862014  1.00052651
3906.43000897  1.00109649
3906.43139781  1.00020448
3906.43278664  1.00076234
3906.43417547  1.00042595
3906.43556431  1.00079772
3906.43695314  0.99956405
3906.43834198  0.99978105
3906.43973081  1.00016081
3906.44111965  0.99979975
3906.44250848  1.00056684
3906.44389732  0.99959060
3906.44528615  1.00023014
3906.44667498  1.00032571
3906.44806382  1.00050006
3906.44945265  0.99952660
3906.45084149  0.99972913
3906.45223032  0.99920779
3906.45361916  1.00007448
3906.45500799  0.99976710
3906.45639682  1.00009044
3906.45778566  1.00024829
3906.45917449  1.00006821
3906.46056333  0.99998195
3906.46195216  0.99927940
3906.46334100  0.99879045
3906.46472983  1.00024117
3906.46611866  0.99977108
3906.46750750  1.00010562
3906.46889633  0.99957297
3906.47028517  1.00029490
3906.47167400  1.00032691
3906.47306284  0.99960801
3906.47445167  1.00006972
3906.47584050  0.99971547
3906.47722934  0.99966047
3906.47861817  1.00036610
3906.48000701  0.99959982
3906.48139584  0.99895413
3906.48278468  0.99883510
3906.48417351  1.00020725
3906.48556234  0.99981692
3906.48695118  0.99868829
3906.48834001  1.00006938
3906.48972885  0.99856864
3906.49111768  0.99935114
3906.49250652  0.99976759
3906.49528418  1.00072734
3906.49667302  1.00034464
3906.49806185  0.99977265
3906.49945069  0.99926346
3906.50083952  0.99945889
3906.50222836  0.99918111
3906.50361719  0.99918746
3906.50500602  0.99956438
3906.50639486  0.99997304
3906.50778369  1.00056024
3906.50917253  1.00037162
3906.51056136  0.99932518
3906.51195020  0.99984493
3906.51333903  1.00053435
3906.51472786  0.99927403
3906.51611670  1.00027073
3906.51750553  0.99932361
3906.51889437  0.99956230
3906.52028320  0.99909593
3906.52167204  0.99931957
3906.52306087  0.99961712
3906.52444970  1.00069466
3906.52583854  1.00076797
3906.52722737  1.00020894
3906.52861621  0.99957541
3906.53000504  0.99939037
3906.53139387  1.00003384
3906.53278271  1.00051818
3906.53417154  0.99924659
3906.53556038  1.00006061
3906.53694921  0.99943511
3906.53833805  1.00024309
3906.53972688  0.99988075
3906.54111571  1.00043489
3906.54250455  1.00038759
3906.54389338  1.00022062
3906.54528222  1.00073029
3906.54667105  1.00112214
3906.54805989  0.99994681
3906.54944872  1.00007643
3906.55083755  1.00190655
3906.55222639  1.00082440
3906.55361522  1.00121406
3906.55500406  1.00063675
3906.55639289  0.99991377
3906.55917056  1.00202589
3906.56055939  1.00151469
3906.56194823  1.00163743
3906.56333706  1.00170905
3906.56472590  1.00193397
3906.56611473  1.00167797
3906.56750356  1.00158541
3906.56889240  1.00118463
3906.57028123  1.00107277
3906.57167007  1.00168924
3906.57305890  1.00034073
3906.57444773  1.00089005
3906.57583657  1.00181649
3906.57722540  1.00133853
3906.57861424  1.00120732
3906.58000307  1.00154824
3906.58139191  1.00076709
3906.58278074  1.00232469
3906.58416957  1.00241110
3906.58555841  1.00054742
3906.58694724  1.00199114
3906.58833608  1.00022968
3906.58972491  1.00078074
3906.59111374  1.00167862
3906.59250258  1.00168709
3906.59389141  1.00073834
3906.59528025  1.00008994
3906.59666908  1.00016113
3906.59805792  1.00070430
3906.59944675  0.99994566
3906.60083558  0.99993750
3906.60222442  1.00024279
3906.60361325  0.99934628
3906.60500209  0.99953862
3906.60639092  1.00045988
3906.60777975  0.99938513
3906.60916859  0.99958286
3906.61055742  0.99925680
3906.61194626  0.99975002
3906.61333509  1.00055661
3906.61472392  1.00054509
3906.61611276  0.99944730
3906.61750159  1.00006125
3906.61889043  1.00045396
3906.62027926  1.00032990
3906.62166810  1.00046656
3906.62305693  1.00066725
3906.62583460  1.00092791
3906.62722343  1.00135960
3906.62861227  1.00176377
3906.63000110  1.00138873
3906.63138993  1.00117941
3906.63277877  1.00155494
3906.63416760  1.00058122
3906.63555644  1.00055393
3906.63694527  1.00193092
3906.63833410  1.00090960
3906.63972294  1.00019179
3906.64111177  0.99972456
3906.64250061  1.00002042
3906.64388944  1.00016289
3906.64527827  1.00032016
3906.64666711  1.00062987
3906.64805594  1.00017983
3906.64944478  0.99970822
3906.65083361  0.99915316
3906.65222245  0.99921670
3906.65361128  0.99980510
3906.65500011  0.99955020
3906.65638895  0.99955177
3906.65916662  0.99951556
3906.66055545  0.99962160
3906.66194428  0.99927589
3906.66333312  0.99973619
3906.66472195  1.00015580
3906.66611079  0.99895464
3906.66749962  0.99965103
3906.66888845  0.99943421
3906.67027729  0.99964958
3906.67166612  1.00061004
3906.67305496  1.00052295
3906.67444379  0.99979595
3906.67583262  0.99978049
3906.67861029  1.00051066
3906.67999913  1.00123003
3906.68138796  1.00047332
3906.68277680  0.99989401
3906.68416563  1.00071219
3906.68555446  1.00115650
3906.68694330  0.99971364
3906.68833213  0.99969877
3906.68972097  0.99990007
3906.69110980  0.99972528
3906.69249863  0.99994017
3906.69388747  0.99958832
3906.69527630  0.99977407
3906.69666514  0.99933856
3906.69805397  0.99952273
3906.69944280  1.00028692
3906.70222047  1.00035628
3906.70360931  0.99972763
3906.70499814  0.99949431
3906.70638697  1.00073707
3906.70777581  1.00027258
3906.70916464  0.99972814
3906.71055348  1.00092746
3906.71194231  0.99966997
3906.71333114  0.99963465
3906.71471998  0.99944718
3906.71610881  0.99972194
3906.71749765  0.99951201
3906.71888648  0.99948154
3906.72027531  0.99952299
3906.72166415  0.99958861
3906.72305298  0.99992202
3906.72444182  0.99932017
3906.72583065  0.99989536
3906.72721948  0.99887031
3906.72860832  1.00052764
3906.72999715  0.99925779
3906.73138599  0.99973693
3906.73277482  0.99915391
3906.73416365  0.99926103
3906.73555249  0.99873587
3906.73694132  0.99924961
3906.73833016  0.99976569
3906.73971899  1.00062064
3906.74110782  0.99913370
3906.74249666  0.99901728
3906.74388549  0.99927719
3906.74527433  0.99970835
3906.74666316  0.99940649
3906.74805200  0.99936508
3906.74944083  0.99902459
3906.75082966  0.99955725
3906.75221850  0.99895985
3906.75360733  0.99974745
3906.75499617  1.00075645
3906.75638500  1.00078040
3906.75777383  0.99990142
3906.75916267  1.00021900
3906.76055150  0.99964707
3906.76194034  0.99995730
3906.76332917  1.00005430
3906.76471800  1.00042075
3906.76610684  1.00008328
3906.76749567  0.99954195
3906.76888451  0.99977468
3906.77027334  0.99979796
3906.77166217  1.00039465
3906.77305101  1.00039782
3906.77443984  0.99989216
3906.77582868  1.00068484
3906.77721751  1.00010804
3906.77860634  0.99927184
3906.77999518  1.00002773
3906.78138401  0.99985165
3906.78277285  0.99992650
3906.78416168  0.99976811
3906.78555051  1.00023192
3906.78693935  1.00029800
3906.78832818  1.00053222
3906.79110585  1.00038861
3906.79388352  1.00032103
3906.79527235  0.99928053
3906.79666119  1.00055198
3906.80221652  1.00014287
3906.80360536  0.99986179
3906.80499419  0.99903219
3906.80777186  0.99979510
3906.80916069  0.99901406
3906.81054953  0.99997318
3906.81193836  0.99993009
3906.81332719  0.99958130
3906.81610486  0.99966147
3906.81749370  1.00044075
3906.82027136  0.99958739
3906.82166020  0.99988777
3906.82304903  1.00031498
3906.82443787  1.00008529
3906.82582670  0.99982708
3906.82721553  1.00019294
3906.82860437  1.00099722
3906.83138204  0.99989856
3906.83277087  1.00056364
3906.83554854  0.99957072
3906.83693737  0.99983738
3906.83832621  1.00073567
3906.83971504  0.99932189
3906.84249271  1.00057456
3906.84527038  0.99956049
3906.84665921  0.99996250
3906.84804805  0.99841222
3906.84943688  0.99987660
3906.85221455  1.00016966
3906.85360338  1.00044006
3906.85499222  0.99976125
3906.85638105  1.00090080
3906.85915872  1.00002905
3906.86054755  1.00024598
3906.86193639  1.00097645
3906.86332522  1.00047283
3906.86471405  0.99992088
3906.86610289  0.99984855
3906.86749172  1.00045457
3906.86888056  1.00006177
3906.87026939  0.99989603
3906.87304706  1.00126646
3906.87443589  1.00084373
3906.87582473  1.00026226
3906.87721356  1.00022079
3906.87860239  1.00068659
3906.87999123  1.00146143
3906.88138006  1.00139591
3906.88276890  1.00039153
3906.88415773  1.00030602
3906.88693540  1.00095667
3906.88832423  0.99978281
3906.88971307  1.00168339
3906.89110190  1.00043659
3906.89249073  1.00094844
3906.89526840  1.00049277
3906.89804607  1.00180408
3906.89943490  1.00038248
3906.90082374  1.00149843
3906.90221257  1.00124123
3906.90360141  1.00156011
3906.90499024  1.00160949
3906.90637908  1.00117226
3906.90776791  1.00159696
3906.90915674  1.00150167
3906.91193441  1.00183758
3906.91332325  1.00105637
3906.91471208  1.00098279
3906.91610091  1.00126710
3906.91748975  1.00010689
3906.92026742  1.00001645
3906.92165625  0.99996424
3906.92304508  1.00012073
3906.92443392  0.99951335
3906.92582275  0.99951636
3906.92721159  0.99997755
3906.92860042  0.99901762
3906.92998925  0.99950726
3906.93137809  0.99941494
3906.93276692  0.99918145
3906.93415576  0.99937306
3906.93554459  1.00005895
3906.93693342  0.99945245
3906.93832226  0.99906087
3906.94109993  0.99977626
3906.94387760  0.99899266
3906.94526643  1.00032914
3906.94665526  1.00028926
3906.94804410  0.99979609
3906.94943293  1.00047587
3906.95082177  1.00028101
3906.95221060  1.00063270
3906.95359943  0.99911242
3906.95498827  1.00064662
3906.95637710  0.99974787
3906.95776594  1.00113862
3906.95915477  1.00044630
3906.96054361  1.00008750
3906.96193244  1.00009498
3906.96332127  1.00065668
3906.96471011  1.00086057
3906.96609894  1.00076321
3906.96887661  0.99963302
3906.97026544  0.99994524
3906.97165428  0.99993976
3906.97443195  1.00028404
3906.97582078  0.99983424
3906.97720961  0.99954416
3906.97859845  0.99918233
3906.97998728  0.99858462
3906.98137612  0.99871560
3906.98276495  0.99997403
3906.98415379  0.99912680
3906.98554262  0.99861466
3906.98693145  0.99837377
3906.98970912  1.00026121
3906.99248679  0.99966339
3906.99526446  1.00024248
3906.99665329  0.99981459
3906.99804213  1.00071928
3906.99943096  1.00013049
3907.00220863  1.00022965
3907.00359746  1.00077016
3907.00498630  0.99999761
3907.00637513  1.00056139
3907.00776397  0.99972492
3907.00915280  0.99963190
3907.01054163  0.99989193
3907.01193047  1.00050702
3907.01331930  1.00005924
3907.01609697  1.00000028
3907.01748581  1.00098086
3907.01887464  1.00021367
3907.02026347  1.00091463
3907.02165231  1.00110955
3907.02304114  1.00030076
3907.02442998  1.00147307
3907.02581881  0.99946267
3907.02998531  1.00152521
3907.03137415  1.00157999
3907.03276298  1.00023709
3907.03554065  1.00119591
3907.03831832  1.00112397
3907.03970715  1.00159128
3907.04109599  1.00211764
3907.04387366  1.00162790
3907.04526249  1.00256056
3907.04665132  1.00127401
3907.04942899  1.00117765
3907.05081783  1.00124914
3907.05220666  1.00160355
3907.05359550  1.00038359
3907.05498433  1.00029390
3907.05637316  0.99986384
3907.05776200  1.00052233
3907.05915083  0.99955482
3907.06053967  0.99977891
3907.06192850  1.00015689
3907.06331734  1.00014725
3907.06470617  0.99915789
3907.06609500  0.99988774
3907.06748384  0.99947688
3907.07026151  0.99997037
3907.07165034  0.99869919
3907.07442801  0.99929285
3907.07581685  0.99937670
3907.07998335  0.99917540
3907.08137218  0.99915196
3907.08276102  0.99962610
3907.08414985  1.00033502
3907.08553869  1.00028907
3907.08692752  0.99950457
3907.08831635  0.99934821
3907.09248286  0.99895534
3907.09387169  0.99805393
3907.09526053  0.99847617
3907.09664936  0.99975058
3907.09803819  0.99852424
3907.10081586  0.99914602
3907.10359353  0.99878164
3907.10637120  0.99913780
3907.10776004  0.99893283
3907.11192654  0.99936280
3907.11470421  1.00022869
3907.11609304  1.00034960
3907.11748188  0.99984090
3907.12025955  0.99964530
3907.12303721  0.99923326
3907.12581488  0.99893235
3907.12720372  0.99858937
3907.12859255  0.99919733
3907.12998139  0.99955092
