# tempo_detrend fluxo_detrend
1325.301402 1.001180
1325.302791 1.000030
1325.304179 1.000093
1325.305568 0.999948
1325.306957 0.999523
1325.308346 0.999555
1325.309735 1.001569
1325.311124 1.001421
1325.312513 0.999737
1325.313902 0.999928
1325.315291 1.000207
1325.316679 0.999660
1325.318068 0.999230
1325.319457 0.998577
1325.320846 0.999706
1325.322235 1.000718
1325.323624 1.001174
1325.325013 0.999500
1325.326402 1.000027
1325.327791 0.999893
1325.329179 1.000056
1325.330568 0.999323
1325.331957 0.999239
1325.333346 0.999384
1325.334735 1.000747
1325.336124 0.999489
1325.337513 1.001451
1325.338902 1.000735
1325.340291 1.000075
1325.341679 0.999486
1325.343068 0.999399
1325.344457 0.999447
1325.345846 0.999801
1325.347235 1.001073
1325.348624 1.000021
1325.350013 1.000795
1325.351402 0.999915
1325.352791 0.999677
1325.354179 0.999865
1325.355568 1.000237
1325.356957 0.999695
1325.358346 0.999298
1325.359735 1.001061
1325.361124 1.000514
1325.362513 0.999806
1325.363902 0.999857
1325.365291 1.000066
1325.366679 1.000003
1325.368068 0.999508
1325.369457 0.999040
1325.370846 1.000662
1325.372235 1.000826
1325.373624 1.002179
1325.375013 1.000293
1325.376402 1.000321
1325.377791 1.000478
1325.379179 1.000173
1325.380568 1.000042
1325.381957 0.999058
1325.383346 0.999284
1325.384735 1.000539
1325.386124 1.000808
1325.387513 1.001237
1325.388902 1.000184
1325.390291 0.999618
1325.391679 0.999876
1325.393068 0.999720
1325.394457 0.999223
1325.395846 1.000371
1325.397235 1.001008
1325.398624 1.002525
1325.400013 0.999599
1325.401402 0.999221
1325.402791 1.000235
1325.404179 1.000264
1325.405568 0.998892
1325.406957 0.999827
1325.408346 1.000342
1325.409735 1.000312
1325.411124 1.001178
1325.412513 1.002115
1325.413902 1.000457
1325.415291 1.000058
1325.416679 1.000144
1325.418068 0.999607
1325.419457 1.000158
1325.420846 0.998604
1325.422235 1.000993
1325.423624 0.999267
1325.425013 1.001109
1325.426402 1.000911
1325.427791 0.999605
1325.429179 1.000246
1325.430568 0.999541
1325.431957 0.999470
1325.433346 0.999855
1325.434735 1.000553
1325.436124 1.000361
1325.437513 1.002592
1325.438902 0.999883
1325.440291 1.000328
1325.441679 0.999250
1325.443068 1.000066
1325.444457 0.999437
1325.445846 0.999137
1325.447235 1.000333
1325.448624 1.001066
1325.450013 0.999401
1325.451402 1.001377
1325.452791 0.999279
1325.454179 0.999636
1325.455568 0.999980
1325.456957 0.999664
1325.458346 0.999777
1325.459735 0.999492
1325.461124 0.999985
1325.462513 1.003608
1325.463902 0.999815
1325.465291 1.000107
1325.466679 1.000271
1325.468068 0.999526
1325.469457 0.999656
1325.470846 0.999750
1325.472235 0.999016
1325.473624 1.001155
1325.475013 1.000079
1325.476402 1.000895
1325.477791 1.000267
1325.479179 0.999875
1325.480568 1.000141
1325.481957 0.999233
1325.483346 0.999755
1325.484735 0.999497
1325.486124 1.001121
1325.487513 1.000434
1325.488902 0.998948
1325.490291 1.000726
1325.491679 1.000949
1325.493068 0.999846
1325.494457 0.999480
1325.495846 1.000089
1325.497235 0.999213
1325.498624 0.999538
1325.500013 1.000372
1325.501402 1.000215
1325.502791 1.000895
1325.504179 0.999908
1325.505568 0.999878
1325.506957 0.999798
1325.508346 0.999546
1325.509735 0.999424
1325.511124 0.999098
1325.512513 1.000663
1325.513902 1.000095
1325.515291 0.999721
1325.516679 1.000323
1325.518068 0.999763
1325.519457 0.999847
1325.520846 0.999669
1325.522235 1.000560
1325.523624 0.999749
1325.525013 0.999810
1325.526402 1.000844
1325.527791 0.999617
1325.529179 0.997974
1325.530568 1.000271
1325.531957 0.999808
1325.533346 0.999952
1325.534735 0.999633
1325.536124 0.999799
1325.537513 0.998617
1325.538902 1.001048
1325.540291 0.998889
1325.541679 1.000296
1325.543068 1.000163
1325.544457 0.999210
1325.545846 0.999558
1325.547235 0.999187
1325.548624 0.999405
1325.550013 0.999405
1325.551402 1.000374
1325.552791 1.000336
1325.554179 0.999404
1325.555568 0.999842
1325.556957 0.999111
1325.558346 0.999323
1325.559735 0.999678
1325.561124 0.998954
1325.562513 0.999390
1325.563902 0.999328
1325.565291 1.000666
1325.566679 0.998941
1325.568068 1.000376
1325.569457 0.999459
1325.570846 1.000063
1325.572235 1.000101
1325.573624 0.999938
1325.575013 0.999153
1325.576402 0.998554
1325.577791 1.000114
1325.579179 1.001108
1325.580568 1.000358
1325.581957 1.001036
1325.583346 1.001230
1325.584735 1.001293
1325.586124 1.001060
1325.587513 1.000741
1325.588902 1.000236
1325.590291 1.000360
1325.591679 1.001795
1325.593068 1.001178
1325.594457 1.000741
1325.595846 1.000165
1325.597235 1.000616
1325.598624 1.000361
1325.600013 1.000498
1325.601402 1.000581
1325.602791 0.999758
1325.604179 1.000386
1325.605568 1.001178
1325.606957 1.000242
1325.608346 0.998767
1325.609735 1.000733
1325.611124 1.000859
1325.612513 1.000411
1325.613902 1.000340
1325.615291 1.000157
1325.616679 0.998740
1325.618068 1.001742
1325.619457 0.999716
1325.620846 1.000613
1325.622235 0.999817
1325.623624 1.000787
1325.625013 0.999788
1325.626402 1.000341
1325.627790 1.000010
1325.629179 0.998598
1325.630568 1.001384
1325.631957 1.000192
1325.633346 1.000773
1325.634735 1.001374
1325.636124 0.999318
1325.637513 1.000298
1325.638902 0.999228
1325.640290 0.999306
1325.641679 0.999256
1325.643068 1.000531
1325.644457 0.999945
1325.645846 1.000650
1325.647235 0.999791
1325.648624 1.000112
1325.650013 0.999403
1325.651402 0.999663
1325.652790 0.999789
1325.654179 1.000617
1325.655568 0.999165
1325.656957 0.998509
1325.658346 1.000763
1325.659735 1.000663
1325.661124 0.999812
1325.662513 0.998988
1325.663902 1.001195
1325.665290 0.999491
1325.666679 0.999693
1325.668068 0.999212
1325.669457 1.000122
1325.670846 0.999338
1325.672235 0.999533
1325.673624 1.000395
1325.675013 0.999813
1325.676402 0.999786
1325.677790 0.999392
1325.679179 0.998985
1325.680568 0.999950
1325.681957 0.999498
1325.683346 1.000153
1325.684735 1.000155
1325.686124 0.999401
1325.687513 1.000108
1325.688902 1.000671
1325.690290 0.999154
1325.691679 0.999925
1325.693068 0.999976
1325.694457 0.999069
1325.695846 1.000499
1325.697235 0.999934
1325.698624 0.999970
1325.700013 0.999849
1325.701402 1.000548
1325.702790 1.000648
1325.704179 0.999593
1325.705568 0.999544
1325.706957 0.999596
1325.708346 0.999191
1325.709735 1.000276
1325.711124 0.999701
1325.712513 1.000224
1325.713902 0.999325
1325.715290 1.000141
1325.716679 0.999690
1325.718068 1.000014
1325.719457 0.999302
1325.720846 1.000193
1325.722235 0.999727
1325.723624 1.000311
1325.725013 0.999593
1325.726402 1.000596
1325.727790 0.999315
1325.729179 1.000505
1325.730568 0.999719
1325.731957 1.000622
1325.733346 1.000747
1325.734735 0.999681
1325.736124 1.000781
1325.737513 1.000138
1325.738902 1.000018
1325.740290 1.001023
1325.741679 1.001459
1325.743068 1.000053
1325.744457 0.999841
1325.745846 1.000711
1325.747235 1.001016
1325.748624 1.000755
1325.750013 1.000178
1325.751401 0.999397
1325.752790 1.000145
1325.754179 1.000336
1325.755568 0.999853
1325.756957 1.000530
1325.758346 1.000358
1325.759735 1.000507
1325.761124 1.000123
1325.762513 1.000010
1325.763901 0.999807
1325.765290 0.999681
1325.766679 1.000132
1325.768068 1.000430
1325.769457 0.999643
1325.770846 0.999308
1325.772235 0.999936
1325.773624 1.000009
1325.775013 0.999812
1325.776401 0.999504
1325.777790 0.999055
1325.779179 0.999619
1325.780568 0.999252
1325.781957 0.998473
1325.783346 0.998697
1325.784735 0.999586
1325.786124 0.999652
1325.787513 0.999190
1325.788901 0.999507
1325.790290 0.999912
1325.791679 0.998525
1325.793068 0.999675
1325.794457 0.999309
1325.795846 1.000506
1325.797235 1.000278
1325.798624 1.000310
1325.800013 1.000055
1325.801401 1.000057
1325.802790 0.999181
1325.804179 0.999365
1325.805568 0.999705
1325.806957 0.998921
1325.808346 0.999246
1325.809735 1.000775
1325.811124 1.000165
1325.812513 1.000206
1325.813901 1.000827
1325.815290 0.999907
1325.816679 1.000161
1325.818068 0.999754
1325.819457 1.000129
1325.820846 0.999894
1325.822235 0.998096
1325.823624 1.000819
1325.825013 0.999892
1325.826401 1.000920
1325.827790 0.999912
1325.829179 0.999697
1325.830568 0.999797
1325.831957 0.999749
1325.833346 0.998673
1325.834735 0.999416
1325.836124 0.999504
1325.837513 1.000259
1325.838901 0.999842
1325.840290 1.000948
1325.841679 1.000543
1325.843068 1.000487
1325.844457 1.000634
1325.845846 1.000360
1325.847235 0.999854
1325.848624 0.999373
1325.850012 0.999173
1325.851401 0.999259
1325.852790 0.999375
1325.854179 1.000514
1325.855568 1.000140
1325.856957 1.000124
1325.858346 0.999888
1325.859735 1.000511
1325.861124 1.000164
1325.862512 0.999833
1325.863901 0.999355
1325.865290 1.000470
1325.866679 1.000404
1325.868068 1.000339
1325.869457 1.000680
1325.870846 1.000601
1325.872235 1.000217
1325.873624 1.000443
1325.875012 1.000182
1325.876401 0.999776
1325.877790 1.000355
1325.879179 1.000408
1325.880568 1.001089
1325.881957 1.000652
1325.883346 1.000224
1325.884735 1.000830
1325.886124 1.000971
1325.887512 0.999944
1325.888901 0.999897
1325.890290 1.000128
1325.891679 0.999922
1325.893068 0.998767
1325.894457 0.998687
1325.895846 0.999660
1325.897235 0.999888
1325.898624 0.999828
1325.900012 0.999190
1325.901401 0.999739
1325.902790 0.999463
1325.904179 0.999627
1325.905568 0.999384
1325.906957 0.999686
1325.908346 1.000094
1325.909735 0.999682
1325.911124 0.999567
1325.912512 0.999690
1325.913901 0.999930
1325.915290 1.000004
1325.916679 1.000205
1325.918068 1.000005
1325.919457 1.000071
1325.920846 1.000158
1325.922235 0.999494
1325.923624 0.999912
1325.925012 1.000064
1325.926401 1.000150
1325.927790 1.000458
1325.929179 1.000022
1325.930568 1.000300
1325.931957 1.000208
1325.933346 1.000231
1325.934735 1.000227
1325.936123 0.999570
1325.937512 0.999664
1325.938901 1.000094
1325.940290 1.000066
1325.941679 1.000402
1325.943068 1.000058
1325.944457 0.999996
1325.945846 0.999829
1325.947235 0.999417
1325.948623 1.000091
1325.950012 1.000028
1325.951401 1.000184
1325.952790 0.999812
1325.954179 0.999864
1325.955568 0.999797
1325.956957 0.999805
1325.958346 0.999541
1325.959735 0.999845
1325.961123 1.000079
1325.962512 0.999601
1325.963901 0.999842
1325.965290 0.999972
1325.966679 0.999448
1325.969457 1.000500
1325.970846 1.000372
1325.972235 0.999559
1325.973623 0.999498
1325.975012 0.999677
1325.976401 0.999858
1325.977790 0.999744
1325.979179 0.999951
1325.980568 0.999649
1325.981957 0.999598
1325.983346 1.000369
1325.984735 0.999828
1325.986123 1.000371
1325.987512 0.999793
1325.988901 0.999511
1325.990290 0.999779
1325.991679 0.999911
1325.993068 0.999475
1325.994457 0.999950
1325.995846 1.000278
1325.997235 1.000512
1325.998623 1.000401
1326.000012 1.000035
1326.001401 1.000404
1326.002790 1.000365
1326.004179 1.000132
1326.005568 1.000264
1326.006957 1.000204
1326.008346 1.000002
1326.009735 1.000280
1326.011123 1.000297
1326.012512 1.000000
1326.013901 1.000124
1326.015290 1.000001
1326.016679 1.000244
1326.018068 1.000135
1326.019457 1.000627
1326.020846 0.999988
1326.022234 1.000086
1326.023623 1.000482
1326.025012 0.999875
1326.026401 1.000377
1326.027790 1.000362
1326.029179 1.000278
1326.030568 1.000408
1326.031957 1.000351
1326.033346 1.000427
1326.034734 0.999976
1326.036123 0.999794
1326.037512 1.000121
1326.038901 1.000342
1326.040290 0.999885
1326.041679 0.999781
1326.043068 1.000259
1326.044457 0.999912
1326.045846 0.999652
1326.047234 0.999801
1326.048623 0.999839
1326.050012 1.000135
1326.051401 1.000004
1326.052790 0.999889
1326.054179 1.000127
1326.055568 0.999962
1326.056957 0.999725
1326.058346 1.000218
1326.059734 0.999536
1326.061123 0.999680
1326.062512 0.999801
1326.063901 0.999970
1326.065290 1.000147
1326.066679 0.999909
1326.068068 1.000182
1326.069457 1.000163
1326.070846 1.000338
1326.072234 0.999880
1326.073623 1.000061
1326.075012 1.000022
1326.076401 0.999550
1326.077790 1.000022
1326.079179 0.999789
1326.080568 0.999891
1326.081957 0.999942
1326.083346 1.000072
1326.084734 0.999935
1326.086123 0.999980
1326.087512 0.999937
1326.088901 1.000338
1326.090290 0.999275
1326.091679 0.999716
1326.093068 0.999956
1326.094457 1.000108
1326.095845 0.999666
1326.097234 0.999824
1326.098623 1.000006
1326.100012 0.999541
1326.101401 1.000067
1326.102790 0.999630
1326.104179 0.999921
1326.105568 0.999460
1326.106957 0.999697
1326.108345 0.999619
1326.109734 0.999990
1326.111123 1.000052
1326.112512 0.999595
1326.113901 0.999768
1326.115290 0.999718
1326.116679 1.000006
1326.118068 0.999914
1326.119457 0.999979
1326.120845 0.999534
1326.122234 0.999943
1326.123623 0.999754
1326.125012 0.999868
1326.126401 0.999632
1326.127790 1.000165
1326.129179 0.999406
1326.130568 0.999939
1326.131957 0.999739
1326.133345 0.999783
1326.134734 0.999491
1326.136123 1.000068
1326.137512 0.999779
1326.138901 0.999640
1326.140290 1.000053
1326.141679 0.999792
1326.143068 0.999905
1326.144457 1.000113
1326.145845 0.999444
1326.147234 0.999800
1326.148623 0.999463
1326.150012 0.999793
1326.151401 1.000122
1326.152790 0.999658
1326.154179 0.999973
1326.155568 1.000222
1326.156957 1.000395
1326.158345 1.000441
1326.159734 1.000864
1326.161123 1.000054
1326.162512 1.000705
1326.163901 1.000456
1326.165290 1.000674
1326.166679 1.000257
1326.168068 1.000440
1326.169456 1.000503
1326.170845 1.000220
1326.172234 1.000683
1326.173623 1.000495
1326.175012 1.000028
1326.176401 1.000112
1326.177790 1.000150
1326.179179 1.000209
1326.180568 1.000058
1326.181956 1.000384
1326.183345 1.000142
1326.184734 0.999740
1326.186123 1.000341
1326.187512 1.000194
1326.188901 1.000333
1326.190290 1.000190
1326.191679 1.000359
1326.193068 1.000243
1326.194456 1.000231
1326.195845 0.999514
1326.197234 0.999987
1326.198623 1.000126
1326.200012 1.000238
1326.201401 1.000186
1326.202790 1.000357
1326.204179 0.999671
1326.205568 1.000028
1326.206956 0.999680
1326.208345 0.999994
1326.209734 1.000769
1326.211123 1.000215
1326.212512 1.000108
1326.213901 0.999956
1326.215290 0.999834
1326.216679 1.000542
1326.218068 1.000231
1326.219456 0.999973
1326.220845 1.000955
1326.222234 0.999961
1326.223623 1.000255
1326.225012 1.000052
1326.226401 1.000578
1326.227790 1.000030
1326.229179 0.999793
1326.230567 0.999881
1326.231956 1.000250
1326.233345 0.999824
1326.234734 0.999891
1326.236123 0.999831
1326.237512 0.999709
1326.238901 0.999782
1326.240290 0.999895
1326.241679 1.000202
1326.243067 0.999894
1326.244456 0.999628
1326.245845 0.999572
1326.247234 0.999998
1326.248623 0.999766
1326.250012 1.000188
1326.251401 1.000171
1326.252790 1.000231
1326.254179 0.999469
1326.255567 1.000003
1326.256956 1.000075
1326.258345 0.999748
1326.259734 1.000068
1326.261123 0.999719
1326.262512 1.000235
1326.263901 0.999530
1326.265290 0.999797
1326.266679 0.999919
1326.268067 0.999760
1326.269456 0.999703
1326.270845 0.999826
1326.272234 0.999833
1326.273623 0.999822
1326.275012 0.999718
1326.276401 0.999369
1326.277790 0.999377
1326.279179 0.999724
1326.280567 0.999374
1326.281956 1.000043
1326.283345 1.000125
1326.284734 0.999778
1326.286123 0.999708
1326.287512 0.999545
1326.288901 0.999613
1326.290290 0.999548
1326.291679 0.999980
1326.293067 0.999744
1326.294456 0.999724
1326.295845 0.999721
1326.297234 1.000226
1326.298623 0.999848
1326.300012 0.999380
1326.301401 0.999740
1326.302790 0.999770
1326.304178 0.999400
1326.305567 0.999920
1326.306956 0.999744
1326.308345 1.000050
1326.309734 0.999392
1326.311123 1.000074
1326.312512 0.999772
1326.313901 0.999607
1326.315290 0.999732
1326.316678 0.999663
1326.318067 0.999899
1326.319456 1.000317
1326.320845 0.999596
1326.322234 0.999765
1326.323623 1.000252
1326.325012 0.999982
1326.326401 0.999585
1326.327790 1.000250
1326.329178 1.000090
1326.330567 1.000167
1326.331956 1.000179
1326.333345 1.000118
1326.334734 1.000124
1326.336123 1.000303
1326.337512 1.000261
1326.338901 0.999735
1326.340290 1.000377
1326.341678 1.000050
1326.343067 1.000392
1326.344456 1.000044
1326.345845 1.000387
1326.347234 1.000277
1326.348623 1.000600
1326.350012 0.999505
1326.351401 1.000370
1326.352790 1.000170
1326.356956 1.000056
1326.358345 1.000174
1326.359734 0.999846
1326.361123 1.000222
1326.362512 1.000047
1326.363901 0.999923
1326.365289 1.000126
1326.366678 1.001491
1326.368067 1.001059
1326.369456 1.000513
1326.370845 1.000095
1326.372234 1.000661
1326.373623 1.000759
1326.375012 1.000250
1326.376401 1.000845
1326.377789 1.000107
1326.379178 1.000582
1326.380567 0.999986
1326.381956 1.000362
1326.383345 1.000287
1326.384734 1.000307
1326.386123 1.000658
1326.387512 1.000023
1326.388901 0.999771
1326.390289 1.000623
1326.391678 1.000033
1326.393067 1.000051
1326.394456 0.999960
1326.395845 0.999851
1326.397234 1.000024
1326.398623 1.000448
1326.400012 0.999828
1326.401401 0.999916
1326.402789 1.000136
1326.404178 0.999807
1326.405567 0.999624
1326.406956 1.000107
1326.408345 1.000253
1326.409734 0.999820
1326.411123 1.000339
1326.412512 0.999898
1326.413901 1.000113
1326.415289 0.999770
1326.416678 0.999909
1326.418067 0.999903
1326.419456 1.000337
1326.420845 0.999821
1326.422234 0.999720
1326.423623 1.000371
1326.425012 0.999882
1326.426400 0.999954
1326.427789 0.999936
1326.429178 1.000055
1326.430567 1.000164
1326.431956 0.999979
1326.433345 0.999683
1326.434734 0.999766
1326.436123 0.999622
1326.437512 1.000112
1326.438900 0.999773
1326.440289 0.999478
1326.441678 0.999638
1326.443067 0.999742
1326.444456 0.999971
1326.445845 0.999775
1326.447234 0.999994
1326.448623 1.000362
1326.450012 1.000106
1326.451400 0.999679
1326.452789 0.999892
1326.454178 0.999863
1326.455567 1.000050
1326.456956 1.000569
1326.458345 0.999792
1326.459734 0.999653
1326.461123 0.999505
1326.462512 1.000045
1326.463900 1.000152
1326.465289 0.999768
1326.466678 0.999642
1326.468067 0.999909
1326.469456 0.999817
1326.470845 1.000071
1326.472234 0.999967
1326.473623 1.000254
1326.475012 0.999789
1326.476400 0.999831
1326.477789 0.999732
1326.479178 0.999800
1326.480567 0.999867
1326.481956 1.000070
1326.483345 0.999902
1326.484734 0.999666
1326.486123 1.000046
1326.487511 0.999891
1326.488900 0.999901
1326.490289 0.999683
1326.491678 1.000168
1326.493067 1.000128
1326.494456 0.999559
1326.495845 0.999540
1326.497234 0.999417
1326.498623 0.999514
1326.500011 0.999906
1326.501400 0.999361
1326.502789 1.000165
1326.504178 0.999653
1326.505567 1.000121
1326.506956 0.999836
1326.508345 0.999943
1326.509734 0.999815
1326.511123 0.999911
1326.512511 1.000039
1326.513900 0.999669
1326.515289 1.000308
1326.516678 0.999349
1326.518067 1.000417
1326.519456 1.000209
1326.520845 0.999939
1326.522234 0.999979
1326.523623 1.000162
1326.525011 1.000003
1326.526400 1.000385
1326.527789 1.000229
1326.529178 1.000219
1326.530567 1.000160
1326.531956 1.000067
1326.533345 1.000294
1326.534734 1.000400
1326.536122 1.000164
1326.537511 1.000225
1326.538900 1.000226
1326.540289 0.999802
1326.541678 1.000294
1326.543067 0.999852
1326.544456 1.000139
1326.545845 0.999668
1326.547234 1.000467
1326.548622 0.999802
1326.550011 0.999976
1326.551400 1.000495
1326.552789 1.000231
1326.554178 1.000171
1326.555567 1.000604
1326.556956 1.000792
1326.558345 1.000317
1326.559734 1.000282
1326.561122 1.000968
1326.562511 1.000031
1326.563900 1.000467
1326.565289 1.000290
1326.566678 1.000083
1326.568067 1.000332
1326.569456 0.999601
1326.570845 0.999610
1326.572234 1.000455
1326.573622 0.999977
1326.575011 1.000146
1326.576400 1.000311
1326.577789 1.000430
1326.579178 1.000428
1326.580567 0.999846
1326.581956 1.000117
1326.583345 1.000612
1326.584734 0.999786
1326.586122 1.000014
1326.587511 0.999870
1326.588900 0.999666
1326.590289 1.000594
1326.591678 0.999911
1326.593067 1.000369
1326.594456 0.999763
1326.595845 1.000114
1326.597233 0.999628
1326.598622 0.999870
1326.600011 0.999910
1326.601400 1.000400
1326.602789 0.999921
1326.604178 0.999867
1326.605567 0.999231
1326.606956 1.000286
1326.608345 0.999997
1326.609733 0.999885
1326.611122 1.000033
1326.612511 0.999422
1326.613900 0.999947
1326.615289 1.000082
1326.616678 0.999774
1326.618067 0.999614
1326.619456 0.999562
1326.620845 1.000040
1326.622233 0.999600
1326.623622 0.999844
1326.625011 0.999445
1326.626400 0.999468
1326.627789 1.000011
1326.629178 0.999383
1326.630567 0.999724
1326.631956 0.999776
1326.633345 0.999544
1326.634733 0.999451
1326.636122 0.999750
1326.637511 0.999704
1326.638900 0.999738
1326.640289 0.999252
1326.641678 0.999520
1326.643067 0.999735
1326.644456 0.999720
1326.645845 1.000180
1326.647233 0.999522
1326.648622 0.999658
1326.650011 0.999190
1326.651400 1.000403
1326.652789 0.999410
1326.654178 0.999413
1326.655567 0.999552
1326.656956 0.999955
1326.658344 0.999846
1326.659733 0.999544
1326.661122 0.999652
1326.662511 0.999933
1326.663900 0.999566
1326.665289 0.999868
1326.666678 1.000223
1326.668067 1.000357
1326.669456 1.002295
1326.670844 1.004519
1326.672233 1.006381
1326.673622 1.008486
1326.675011 1.005994
1326.676400 1.005926
1326.677789 1.006453
1326.679178 1.006133
1326.680567 1.005488
1326.681956 1.005986
1326.683344 1.006116
1326.684733 1.006492
1326.686122 1.006317
1326.687511 1.006408
1326.688900 1.006255
1326.690289 1.006738
1326.691678 1.007157
1326.694456 1.008846
1326.695844 1.009535
1326.697233 1.011139
1326.698622 1.009769
1326.700011 1.009973
1326.701400 1.008866
1326.702789 1.009140
1326.704178 1.008592
1326.705567 1.008458
1326.706955 1.008098
1326.708344 1.007879
1326.709733 1.007546
1326.711122 1.007219
1326.712511 1.007433
1326.713900 1.006784
1326.715289 1.007363
1326.716678 1.006685
1326.719455 1.006769
1326.720844 1.006198
1326.722233 1.005610
1326.723622 1.005583
1326.725011 1.005569
1326.726400 1.005260
1326.727789 1.004908
1326.729178 1.004685
1326.730567 1.004415
1326.731955 1.004422
1326.733344 1.003980
1326.734733 1.003703
1326.736122 1.004201
1326.737511 1.003722
1326.738900 1.003672
1326.740289 1.003516
1326.741678 1.003256
1326.743067 1.002685
1326.744455 1.002540
1326.745844 1.002587
1326.747233 1.002472
1326.748622 1.001552
1326.750011 1.002505
1326.751400 1.001933
1326.752789 1.001667
1326.754178 1.001580
1326.755566 1.001791
1326.756955 1.001261
1326.758344 1.001420
1326.759733 1.001743
1326.761122 1.001363
1326.762511 1.001405
1326.763900 1.001614
1326.765289 1.001289
1326.766678 1.001053
1326.768066 1.000941
1326.769455 1.000792
1326.770844 1.000862
1326.772233 1.000546
1326.773622 1.000906
1326.775011 1.000886
1326.776400 1.000700
1326.777789 1.000407
1326.779178 1.000252
1326.780566 0.999665
1326.781955 1.000759
1326.783344 1.000332
1326.784733 1.000341
1326.786122 1.000078
1326.787511 1.000685
1326.788900 1.000065
1326.790289 1.000323
1326.791678 1.000232
1326.793066 0.999980
1326.794455 1.000605
1326.795844 0.999515
1326.797233 1.000087
1326.798622 1.000335
1326.800011 0.999849
1326.801400 0.999625
1326.802789 0.999711
1326.804177 1.000120
1326.805566 0.999829
1326.806955 1.000290
1326.808344 1.000836
1326.809733 1.001380
1326.811122 1.000840
1326.812511 1.001356
1326.813900 1.001319
1326.815289 1.001221
1326.816677 1.000912
1326.818066 1.000314
1326.819455 1.001241
1326.820844 1.001048
1326.822233 1.000280
1326.823622 1.000756
1326.825011 1.000699
1326.826400 1.000280
1326.827789 1.000511
1326.829177 1.000266
1326.830566 1.000348
1326.831955 0.999988
1326.833344 1.000612
1326.834733 1.000106
1326.836122 1.000283
1326.837511 1.000057
1326.838900 1.000072
1326.840289 0.999146
1326.841677 0.999942
1326.843066 1.000174
1326.844455 1.000380
1326.845844 0.999634
1326.847233 1.000295
1326.848622 1.000182
1326.850011 1.000056
1326.851400 0.999602
1326.852789 1.000365
1326.854177 0.999359
1326.855566 1.000286
1326.856955 1.000037
1326.858344 0.999747
1326.859733 1.000284
1326.861122 1.000363
1326.862511 0.999629
1326.863900 1.000084
1326.865288 1.000064
1326.866677 1.000252
1326.868066 1.000131
1326.869455 1.000051
1326.870844 1.000268
1326.872233 1.000026
1326.873622 1.000119
1326.875011 1.000058
1326.876400 0.999845
1326.877788 0.999980
1326.879177 1.000487
1326.880566 0.999748
1326.881955 1.000227
1326.883344 0.999866
1326.884733 0.999325
1326.886122 0.999655
1326.887511 0.999373
1326.888900 1.000174
1326.890288 0.999809
1326.891677 0.999785
1326.893066 1.000320
1326.894455 0.999646
1326.895844 1.000110
1326.897233 0.999866
1326.898622 0.999401
1326.900011 0.999748
1326.901400 0.999971
1326.902788 0.999724
1326.904177 0.999740
1326.905566 1.000198
1326.906955 0.999683
1326.908344 0.999844
1326.909733 0.999576
1326.911122 1.000183
1326.912511 0.999694
1326.913899 1.000328
1326.915288 0.999174
1326.916677 0.999981
1326.918066 1.000246
1326.919455 0.999616
1326.920844 0.999730
1326.922233 1.000410
1326.923622 0.999441
1326.925011 0.999631
1326.926399 1.000260
1326.927788 0.999914
1326.929177 0.999813
1326.930566 0.999867
1326.931955 0.999987
1326.933344 0.999880
1326.934733 0.999575
1326.936122 1.000160
1326.937511 1.000077
1326.938899 1.000094
1326.940288 1.000170
1326.941677 0.999769
1326.943066 1.000444
1326.944455 1.000107
1326.945844 0.999922
1326.947233 1.000093
1326.948622 1.000367
1326.950011 1.000191
1326.951399 0.999876
1326.952788 1.000001
1326.954177 0.999703
1326.955566 1.000058
1326.956955 1.000280
1326.958344 1.000454
1326.959733 0.999833
1326.961122 0.999820
1326.962510 0.999416
1326.963899 0.999856
1326.965288 1.000307
1326.966677 1.000092
1326.968066 1.000742
1326.969455 1.000179
1326.970844 0.999835
1326.972233 1.000196
1326.973622 0.999740
1326.975010 0.999577
1326.976399 1.000273
1326.977788 0.999528
1326.979177 1.000338
1326.980566 0.999796
1326.981955 1.000085
1326.983344 1.000007
1326.984733 1.000160
1326.986122 0.999697
1326.987510 0.999989
1326.988899 1.000250
1326.990288 1.000386
1326.991677 1.000055
1326.993066 1.000036
1326.994455 0.999619
1326.995844 1.000001
1326.997233 1.000543
1326.998622 1.000008
1327.000010 1.000180
1327.001399 0.999665
1327.002788 1.000471
1327.004177 1.000222
1327.005566 1.000793
1327.006955 1.000103
1327.008344 0.999936
1327.009733 1.000414
1327.011121 1.000115
1327.012510 1.000751
1327.013899 0.999662
1327.015288 1.000080
1327.016677 0.999923
1327.018066 1.000181
1327.019455 1.000015
1327.020844 0.999803
1327.022233 1.000631
1327.023621 0.999949
1327.025010 1.000110
1327.026399 0.999913
1327.027788 1.000475
1327.029177 0.999781
1327.030566 0.999330
1327.031955 1.000534
1327.033344 1.000277
1327.034733 1.000152
1327.036121 0.999868
1327.037510 0.999871
1327.038899 0.999742
1327.040288 1.000527
1327.041677 1.000136
1327.043066 0.999500
1327.044455 1.000782
1327.045844 0.999515
1327.047233 1.000074
1327.048621 1.000408
1327.050010 0.999742
1327.051399 1.000415
1327.052788 0.999816
1327.054177 0.999654
1327.055566 0.999510
1327.056955 0.999818
1327.058344 0.999689
1327.059732 1.000356
1327.061121 1.000198
1327.062510 0.999707
1327.063899 0.999725
1327.066677 0.999968
1327.068066 1.000451
1327.069455 0.999813
1327.070844 1.000062
1327.072232 1.000015
1327.073621 0.999972
1327.075010 1.000311
1327.076399 0.999183
1327.077788 0.999631
1327.079177 0.999720
1327.080566 1.000202
1327.081955 0.999594
1327.083344 1.000053
1327.084732 1.000367
1327.086121 1.000803
1327.087510 0.999663
1327.088899 1.000062
1327.090288 0.999822
1327.091677 0.999674
1327.093066 1.000252
1327.094455 1.000306
1327.095843 0.999952
1327.097232 0.999818
1327.098621 0.999972
1327.100010 1.000108
1327.101399 0.999599
1327.102788 1.000258
1327.104177 1.000503
1327.105566 1.000467
1327.106955 0.999803
1327.108343 1.000090
1327.109732 1.000164
1327.112510 1.000297
1327.115288 1.000299
1327.116677 0.999576
1327.118066 1.000293
1327.119455 0.999355
1327.120843 0.999933
1327.122232 1.000213
1327.123621 1.000517
1327.125010 0.999997
1327.126399 0.999958
1327.129177 1.000245
1327.130566 1.000218
1327.131955 1.000330
1327.133343 1.000258
1327.134732 1.000040
1327.136121 1.000081
1327.137510 0.999991
1327.138899 1.000129
1327.141677 0.999498
1327.143066 1.000159
1327.144454 1.000070
1327.145843 0.999982
1327.147232 1.000065
1327.148621 1.000068
1327.150010 1.000279
1327.151399 1.000161
1327.152788 0.999502
1327.155566 1.000406
1327.156954 0.999968
1327.158343 0.999947
1327.163899 0.999638
1327.166677 0.999675
1327.173621 0.999610
1327.175010 0.999905
1327.176399 0.999537
1327.177788 0.999253
1327.179177 0.999276
1327.180566 0.999219
1327.181954 0.999465
1327.183343 0.999409
1327.184732 0.999607
1327.186121 0.998860
1327.187510 0.998747
1327.188899 0.998986
1327.190288 0.999567
1327.191677 0.999372
1327.193065 0.998895
1327.194454 0.999575
1327.195843 0.999012
1327.197232 0.999198
1327.198621 0.999997
1327.200010 1.000496
1327.201399 0.999362
1327.204177 0.999911
1327.205565 0.999369
1327.206954 1.000345
1327.208343 1.000031
1327.209732 1.000936
1327.211121 1.001358
1327.212510 1.001440
1327.213899 1.001723
1327.215288 1.001609
1327.216677 1.001510
1327.218065 1.000908
1327.219454 1.000924
1327.220843 1.001470
1327.222232 1.000761
1327.223621 1.001389
1327.225010 1.000924
1327.226399 1.001352
1327.227788 1.000625
1327.229177 1.000775
1327.230565 1.000718
1327.231954 1.000745
1327.233343 1.000707
1327.234732 1.000971
1327.236121 1.000568
1327.237510 1.000384
1327.238899 1.000383
1327.240288 1.001149
1327.243065 1.000232
1327.244454 1.000650
1327.245843 1.000455
1327.247232 1.000409
1327.248621 1.000235
1327.250010 1.000282
1327.251399 1.000286
1327.252788 0.999672
1327.254176 1.000394
1327.255565 0.999436
1327.256954 0.999745
1327.258343 1.000066
1327.259732 1.000015
1327.261121 0.999527
1327.262510 0.999661
1327.263899 1.000413
1327.265288 1.000222
1327.266676 0.999615
1327.268065 1.000967
1327.269454 0.999326
1327.272232 0.999681
1327.273621 0.999604
1327.275010 0.999533
1327.276399 0.999836
1327.277787 1.000406
1327.279176 0.999584
1327.280565 0.999537
1327.281954 0.999529
1327.283343 1.000079
1327.284732 0.999675
1327.286121 0.999978
1327.287510 1.000342
1327.288899 0.999885
1327.290287 1.000102
1327.291676 0.999896
1327.293065 1.000615
1327.294454 0.999577
1327.295843 0.999658
1327.297232 0.999326
1327.298621 0.999801
1327.300010 0.999758
1327.301399 1.000596
1327.302787 0.999663
1327.304176 1.000370
1327.305565 1.000272
1327.306954 1.000547
1327.308343 1.000795
1327.309732 1.000336
1327.311121 1.000929
1327.312510 1.000081
1327.313899 1.000667
1327.315287 1.000218
1327.316676 0.999678
1327.318065 1.000313
1327.319454 1.000114
1327.320843 0.999979
1327.322232 1.000044
1327.323621 1.000500
1327.325010 1.000016
1327.326398 0.999973
1327.327787 1.000194
1327.329176 0.999722
1327.330565 1.000490
1327.331954 0.999932
1327.337510 1.000382
1327.338898 1.000759
1327.340287 0.999410
1327.341676 0.999407
1327.344454 1.000089
1327.345843 0.999574
1327.347232 0.999533
1327.348621 1.000086
1327.350010 0.999833
1327.351398 1.000359
1327.352787 0.999732
1327.354176 0.999959
1327.355565 1.000059
1327.356954 0.999831
1327.358343 1.000601
1327.359732 0.999861
1327.361121 1.000060
1327.362509 0.999531
1327.365287 0.999099
1327.366676 1.000348
1327.368065 0.999139
1327.369454 1.000026
1327.370843 0.999465
1327.372232 0.999469
1327.373621 1.000122
1327.375009 0.999695
1327.376398 1.000083
1327.377787 0.999568
1327.379176 0.999357
1327.380565 0.999939
1327.381954 0.999549
1327.383343 1.000087
1327.384732 0.999241
1327.386121 0.999447
1327.387509 0.999580
1327.388898 0.999580
1327.390287 0.999885
1327.391676 1.000272
1327.393065 0.999901
1327.394454 0.999639
1327.395843 1.000258
1327.397232 0.999702
1327.398621 0.999929
1327.400009 0.999565
1327.401398 0.999949
1327.402787 1.000156
1327.404176 0.999270
1327.405565 0.999687
1327.406954 0.999890
1327.408343 0.999921
1327.409732 0.999692
1327.411120 0.999781
1327.412509 0.999637
1327.413898 1.000243
1327.415287 0.999738
1327.416676 0.999830
1327.418065 0.999498
1327.419454 0.999887
1327.420843 0.999704
1327.422232 1.000203
1327.423620 1.000149
1327.425009 0.999810
1327.426398 0.999845
1327.427787 0.999378
1327.429176 0.999819
1327.430565 1.000409
1327.433343 0.999821
1327.434732 0.999545
1327.437509 1.000793
1327.438898 1.001986
1327.440287 1.001029
1327.441676 1.001466
1327.443065 1.000072
1327.444454 1.000964
1327.445843 1.000725
1327.447231 1.000694
1327.448620 1.000535
1327.450009 1.000660
1327.451398 0.999983
1327.452787 1.000252
1327.454176 1.000089
1327.455565 1.000368
1327.456954 0.999720
1327.458343 1.000213
1327.459731 1.000108
1327.461120 1.000371
1327.462509 1.000078
1327.463898 0.999981
1327.465287 0.999930
1327.466676 0.999944
1327.468065 0.999749
1327.469454 1.001699
1327.470843 1.001415
1327.472231 1.001459
1327.473620 1.000817
1327.475009 1.001271
1327.476398 1.000901
1327.477787 1.001028
1327.479176 1.000535
1327.480565 1.000796
1327.481954 1.000348
1327.483343 0.999888
1327.484731 0.999764
1327.486120 1.000601
1327.487509 1.000223
1327.488898 0.999608
1327.490287 1.000094
1327.491676 0.999926
1327.493065 1.000048
1327.494454 1.000355
1327.495842 1.000052
1327.497231 1.000471
1327.498620 0.999819
1327.500009 0.999942
1327.501398 1.000206
1327.502787 0.999778
1327.504176 0.999865
1327.505565 1.000021
1327.506954 0.999455
1327.508342 0.999925
1327.509731 1.000201
1327.511120 0.999436
1327.512509 0.999662
1327.513898 0.999823
1327.515287 1.000014
1327.516676 0.999454
1327.518065 1.000155
1327.519454 0.999144
1327.520842 1.000313
1327.522231 0.999699
1327.523620 1.000161
1327.525009 0.999912
1327.526398 0.999812
1327.527787 0.999938
1327.529176 0.999321
1327.530565 0.999686
1327.531953 0.999854
1327.533342 1.000144
1327.534731 0.999231
1327.536120 0.999623
1327.537509 1.000011
1327.538898 0.999221
1327.540287 0.999517
1327.541676 0.999320
1327.543065 0.999900
1327.544453 0.999804
1327.545842 0.999498
1327.547231 0.999856
1327.548620 0.999636
1327.550009 0.999688
1327.551398 0.999639
1327.552787 0.999513
1327.554176 0.999959
1327.555565 0.999894
1327.556953 1.000227
1327.558342 1.000697
1327.559731 1.000117
1327.561120 1.000026
1327.562509 1.000033
1327.563898 1.000063
1327.565287 1.000027
1327.566676 0.999841
1327.568064 0.999617
1327.569453 0.999917
1327.570842 1.000059
1327.572231 0.999977
1327.573620 0.999954
1327.575009 1.000280
1327.577787 0.999872
1327.579176 0.999662
1327.580564 1.000105
1327.581953 1.000281
1327.583342 1.000344
1327.584731 0.999842
1327.586120 1.000607
1327.587509 0.999717
1327.588898 1.000105
1327.590287 0.999591
1327.591676 1.000242
1327.593064 0.999883
1327.594453 1.000149
1327.595842 1.000017
1327.597231 1.000153
1327.598620 1.000234
1327.600009 1.000207
1327.601398 0.999993
1327.602787 1.000042
1327.604175 1.000075
1327.605564 1.000354
1327.606953 1.000223
1327.608342 0.999567
1327.609731 0.999939
1327.611120 1.000170
1327.612509 1.000405
1327.613898 0.999594
1327.615287 1.000066
1327.616675 0.999746
1327.618064 1.000094
1327.619453 1.000121
1327.620842 1.000148
1327.622231 0.999814
1327.623620 1.000379
1327.625009 0.999658
1327.626398 1.000012
1327.627787 1.000066
1327.629175 1.000078
1327.630564 1.000158
1327.631953 0.999978
1327.633342 0.999961
1327.634731 1.000176
1327.636120 1.000073
1327.637509 1.000043
1327.638898 0.999562
1327.640287 1.000419
1327.641675 0.999971
1327.643064 1.000098
1327.644453 1.000280
1327.645842 0.999908
1327.647231 1.000182
1327.648620 1.000145
1327.650009 0.999646
1327.651398 1.000337
1327.652786 1.000079
1327.654175 1.000069
1327.655564 0.999803
1327.656953 0.999838
1327.658342 0.999769
1327.659731 0.999800
1327.661120 1.000329
1327.662509 1.000097
1327.663898 1.000133
1327.665286 0.999756
1327.666675 1.000249
1327.669453 1.000092
1327.670842 1.000213
1327.672231 0.999949
1327.673620 1.000259
1327.675009 0.999712
1327.676398 0.999706
1327.677786 1.000464
1327.679175 0.999892
1327.680564 1.000273
1327.681953 1.000538
1327.683342 0.999614
1327.684731 1.000194
1327.687509 0.999787
1327.688897 0.999991
1327.690286 1.000533
1327.691675 1.000115
1327.693064 0.999916
1327.694453 1.000259
1327.695842 0.999311
1327.697231 1.000162
1327.698620 0.999823
1327.700009 1.000448
1327.701397 1.000072
1327.702786 0.999814
1327.704175 0.999960
1327.705564 0.999940
1327.706953 1.000342
1327.708342 1.000019
1327.709731 1.000105
1327.711120 1.000571
1327.712509 0.999674
1327.713897 1.000457
1327.715286 1.000193
1327.716675 1.000058
1327.718064 0.999811
1327.719453 0.999534
1327.720842 1.000233
1327.722231 0.999757
1327.723620 0.999992
1327.725008 0.999722
1327.726397 0.999984
1327.727786 0.999588
1327.729175 1.000001
1327.730564 1.000248
1327.731953 1.000191
1327.733342 0.999850
1327.734731 0.999690
1327.736120 1.000148
1327.737508 0.999882
1327.738897 1.000269
1327.740286 0.999657
1327.741675 1.000336
1327.744453 1.000146
1327.745842 1.000207
1327.747231 0.999926
1327.748620 0.999931
1327.750008 1.000397
1327.751397 0.999464
1327.752786 0.999694
1327.754175 1.000102
1327.755564 0.999581
1327.756953 1.000044
1327.758342 0.999790
1327.759731 1.000267
1327.761119 0.999734
1327.762508 1.000066
1327.763897 0.999640
1327.765286 0.999827
1327.766675 0.999262
1327.768064 0.999305
1327.769453 0.999805
1327.770842 0.999972
1327.772231 1.000114
1327.773619 0.999406
1327.775008 1.000278
1327.776397 0.999991
1327.777786 1.000471
1327.779175 0.999640
1327.780564 0.999725
1327.786119 1.000013
1327.787508 1.000116
1327.788897 1.000217
1327.790286 1.000398
1327.791675 0.999911
1327.793064 1.000304
1327.794453 1.000103
1327.795842 0.999353
1327.797230 1.000275
1327.798619 1.000251
1327.800008 1.000804
1327.801397 0.999999
1327.802786 1.000104
1327.804175 1.000748
1327.805564 0.999880
1327.806953 1.000588
1327.808342 1.000369
1327.809730 1.000165
1327.811119 1.000382
1327.812508 1.000651
1327.813897 1.000464
1327.815286 1.000065
1327.816675 0.999899
1327.818064 1.000331
1327.819453 0.999399
1327.820842 0.999840
1327.822230 1.000429
1327.823619 1.000355
1327.825008 0.999600
1327.827786 0.999791
1327.829175 1.000008
1327.830564 0.999672
1327.831953 1.000542
1327.833341 1.000196
1327.834730 1.000045
1327.836119 1.000337
1327.840286 0.999727
1327.856953 0.999448
1327.858341 1.000059
1327.859730 1.000512
1327.861119 0.999710
1327.862508 1.000051
1327.863897 0.999807
1327.865286 0.999647
1327.866675 0.999202
1327.868064 1.000347
1327.869452 0.999665
1327.870841 1.000078
1327.872230 0.999087
1327.873619 0.999764
1327.875008 1.000154
1327.876397 0.999530
1327.877786 1.000180
1327.879175 0.999877
1327.880564 0.999849
1327.881952 1.000241
1327.883341 1.000009
1327.884730 0.999786
1327.886119 0.999973
1327.887508 1.000228
1327.888897 1.000367
1327.890286 1.000359
1327.891675 1.000415
1327.893064 0.999931
1327.894452 1.000559
1327.895841 1.002948
1327.897230 1.004103
1327.898619 1.004235
1327.900008 1.003151
1327.901397 1.002674
1327.902786 1.001693
1327.904175 1.001554
1327.905563 1.001410
1327.906952 1.001558
1327.908341 1.001192
1327.909730 1.000905
1327.911119 1.001392
1327.912508 1.000839
1327.913897 1.000677
1327.915286 1.001010
1327.916675 1.001144
1327.918063 1.000850
1327.919452 1.000990
1327.920841 1.000956
1327.922230 1.000902
1327.923619 1.000786
1327.925008 1.000715
1327.926397 1.000979
1327.927786 1.000868
1327.929175 1.000667
1327.930563 1.000765
1327.931952 1.001134
1327.933341 1.000540
1327.934730 1.000980
1327.936119 1.001118
1327.937508 1.000758
1327.938897 1.001558
1327.940286 1.000748
1327.941674 1.001066
1327.943063 1.001110
1327.944452 1.001261
1327.945841 1.000579
1327.947230 1.000895
1327.948619 1.000681
1327.950008 1.001053
1327.951397 1.000874
1327.952786 1.000966
1327.954174 1.000898
1327.955563 1.001077
1327.956952 1.000623
1327.958341 1.001253
1327.959730 1.000681
1327.961119 1.000829
1327.962508 1.000836
1327.963897 1.000832
1327.965286 1.001066
1327.966674 1.000839
1327.968063 1.000605
1327.969452 1.000753
1327.970841 1.001176
1327.972230 1.000645
1327.973619 1.000487
1327.975008 1.000768
1327.976397 1.000441
1327.977785 1.000851
1327.979174 1.000339
1327.980563 1.000721
1327.981952 1.000958
1327.983341 1.000556
1327.984730 1.000018
1327.986119 1.000574
1327.987508 1.000417
1327.988897 1.000233
1327.990285 1.000516
1327.991674 1.000745
1327.993063 1.001076
1327.994452 1.001046
1327.995841 1.000600
1327.997230 1.000901
1327.998619 1.000885
1328.000008 1.000600
1328.001397 1.001018
1328.002785 1.001076
1328.004174 1.000466
1328.005563 1.000187
1328.006952 1.000408
1328.008341 1.001073
1328.009730 1.000738
1328.011119 1.000311
1328.012508 1.000707
1328.013896 1.000139
1328.015285 1.000401
1328.016674 1.000175
1328.018063 1.000869
1328.019452 1.000190
1328.020841 1.000824
1328.022230 1.000213
1328.023619 0.999840
1328.025008 1.000052
1328.026396 1.000408
1328.027785 1.000026
1328.029174 0.999651
1328.030563 1.000232
1328.031952 1.000206
1328.033341 0.999686
1328.034730 1.000325
1328.036119 0.999739
1328.037508 1.000128
1328.038896 0.999877
1328.040285 0.999547
1328.041674 1.000052
1328.043063 0.999908
1328.044452 1.000175
1328.045841 1.000071
1328.047230 0.999723
1328.048619 0.999993
1328.050007 1.000081
1328.051396 1.000058
1328.052785 0.999638
1328.054174 1.000098
1328.055563 1.000155
1328.056952 1.000178
1328.058341 1.000060
1328.059730 1.000421
1328.061119 1.000721
1328.062507 1.000443
1328.063896 1.000319
1328.065285 1.000028
1328.066674 1.000330
1328.068063 1.000098
1328.069452 0.999944
1328.070841 1.000837
1328.072230 1.000800
1328.073619 1.000178
1328.075007 0.999932
1328.076396 1.000123
1328.077785 1.000182
1328.079174 1.000333
1328.080563 1.000070
1328.081952 0.999922
1328.083341 0.999702
1328.084730 0.999985
1328.086118 1.000436
1328.087507 0.999946
1328.088896 0.999917
1328.090285 0.999662
1328.091674 0.999210
1328.093063 1.000358
1328.094452 0.999471
1328.095841 0.999862
1328.097230 0.999472
1328.098618 0.999648
1328.100007 0.999947
1328.101396 0.999770
1328.102785 0.999529
1328.104174 0.999496
1328.105563 1.000076
1328.106952 0.999286
1328.108341 0.999444
1328.109730 0.999643
1328.111118 0.999559
1328.112507 0.999464
1328.113896 0.999539
1328.115285 0.999731
1328.116674 0.999651
1328.118063 0.999342
1328.119452 0.999250
1328.120841 0.999127
1328.122229 0.999820
1328.123618 0.999830
1328.125007 0.999422
1328.126396 0.999477
1328.127785 0.999619
1328.129174 0.999594
1328.130563 0.999668
1328.131952 0.999348
1328.133341 1.000184
1328.134729 0.999908
1328.136118 0.999673
1328.137507 0.999789
1328.138896 0.999174
1328.140285 0.999901
1328.141674 1.000282
1328.143063 1.000163
1328.144452 1.002801
1328.145841 1.001376
1328.147229 1.000941
1328.148618 1.001528
1328.150007 1.000974
1328.151396 1.001429
1328.152785 1.000862
1328.154174 1.000376
1328.155563 1.000834
1328.156952 1.001142
1328.158340 1.000426
1328.159729 1.000061
1328.161118 1.000492
1328.162507 1.000356
1328.163896 1.000245
1328.165285 1.000096
1328.166674 1.000502
1328.168063 1.000281
1328.169452 0.999836
1328.170840 0.999805
1328.172229 0.999788
1328.173618 0.999756
1328.175007 0.999927
1328.176396 1.000099
1328.177785 0.999561
1328.179174 0.999702
1328.180563 0.999728
1328.181952 0.999469
1328.183340 0.999747
1328.184729 0.999726
1328.186118 1.000524
1328.187507 1.000196
1328.188896 0.999776
1328.190285 0.999572
1328.191674 1.000028
1328.193063 0.999211
1328.194451 0.999496
1328.195840 1.000161
1328.197229 0.999579
1328.198618 0.999651
1328.200007 0.999548
1328.201396 0.999804
1328.202785 1.000248
1328.204174 0.999522
1328.205563 0.999975
1328.206951 0.999821
1328.208340 0.999754
1328.209729 0.999940
1328.211118 1.000525
1328.212507 0.999777
1328.213896 1.000007
1328.215285 0.999874
1328.216674 1.000007
1328.218062 0.999769
1328.219451 0.999909
1328.220840 0.999881
1328.222229 0.999570
1328.223618 0.999988
1328.225007 0.999620
1328.226396 0.999740
1328.227785 1.000418
1328.229174 0.999353
1328.230562 0.999642
1328.231951 0.999584
1328.233340 0.999893
1328.234729 0.999902
1328.236118 1.000049
1328.237507 0.999823
1328.238896 0.999434
1328.240285 0.999919
1328.241674 1.000045
1328.243062 1.000521
1328.244451 1.000211
1328.245840 1.000978
1328.247229 1.000409
1328.248618 0.999857
1328.250007 1.000896
1328.251396 1.000325
1328.252785 1.000507
1328.254173 1.000338
1328.255562 1.000202
1328.256951 1.000583
1328.258340 1.000069
1328.259729 1.000573
1328.261118 1.000239
1328.262507 1.000349
1328.263896 1.000155
1328.265285 1.000601
1328.266673 1.000279
1328.268062 0.999920
1328.269451 1.000477
1328.270840 1.000028
1328.272229 1.000296
1328.273618 0.999975
1328.275007 0.999968
1328.276396 1.000030
1328.277785 0.999476
1328.279173 1.000568
1328.280562 1.000096
1328.281951 0.999762
1328.283340 1.000014
1328.284729 0.999810
1328.286118 1.000083
1328.287507 1.000151
1328.288896 0.999645
1328.290284 0.999871
1328.291673 1.000193
1328.293062 0.999845
1328.294451 0.999939
1328.295840 0.999675
1328.297229 1.000434
1328.298618 0.999673
1328.300007 0.999838
1328.301396 0.999854
1328.302784 0.999639
1328.304173 0.999875
1328.305562 1.000166
1328.306951 0.999852
1328.308340 0.999948
1328.309729 1.000098
1328.311118 1.000332
1328.312507 1.000081
1328.313896 1.000060
1328.315284 1.000571
1328.316673 1.000130
1328.318062 1.000410
1328.319451 1.000083
1328.320840 1.000242
1328.322229 1.000176
1328.323618 1.000307
1328.325007 1.000075
1328.326395 1.000115
1328.327784 1.000232
1328.329173 1.000321
1328.330562 1.000041
1328.331951 1.000334
1328.333340 1.000020
1328.334729 1.000041
1328.336118 1.000036
1328.337507 1.000678
1328.338895 1.000265
1328.340284 0.999820
1328.341673 1.000016
1328.343062 1.000326
1328.344451 0.999829
1328.345840 1.000138
1328.347229 1.000075
1328.348618 0.999885
1328.350006 1.000322
1328.351395 1.000152
1328.352784 1.000292
1328.354173 1.000141
1328.355562 0.999884
1328.356951 1.000737
1328.358340 1.000401
1328.359729 1.000266
1328.361118 1.000394
1328.362506 1.000452
1328.363895 1.000350
1328.365284 1.000087
1328.366673 0.999952
1328.368062 1.000212
1328.369451 1.000060
1328.370840 1.000151
1328.372229 0.999596
1328.373618 1.000346
1328.375006 0.999906
1328.376395 1.000057
1328.377784 1.000213
1328.379173 0.999623
1328.380562 0.999843
1328.381951 1.000228
1328.383340 0.999746
1328.384729 0.999908
1328.386117 1.000601
1328.387506 0.999849
1328.388895 1.000304
1328.390284 1.000287
1328.391673 0.999856
1328.393062 0.999850
1328.394451 1.000138
1328.395840 1.000113
1328.397229 1.000185
1328.398617 0.999624
1328.400006 0.999973
1328.401395 0.999639
1328.402784 0.999821
1328.404173 0.999838
1328.405562 0.999573
1328.406951 1.000347
1328.408340 1.000227
1328.409729 1.000491
1328.411117 0.999680
1328.412506 1.000302
1328.413895 0.999995
1328.415284 1.000440
1328.416673 0.999932
1328.418062 0.999966
1328.419451 1.000083
1328.420840 0.999968
1328.422228 0.999550
1328.423617 1.000090
1328.425006 0.999467
1328.426395 0.999875
1328.427784 0.999544
1328.429173 1.000200
1328.430562 0.999990
1328.431951 1.000232
1328.433340 1.000312
1328.434728 0.999693
1328.436117 0.999878
1328.437506 1.000441
1328.438895 0.999960
1328.440284 0.999987
1328.441673 1.000143
1328.443062 0.999930
1328.444451 0.999947
1328.445839 1.000043
1328.447228 1.000075
1328.448617 1.000159
1328.450006 0.999749
1328.451395 0.999666
1328.452784 1.000369
1328.454173 0.999732
1328.455562 0.999562
1328.456951 1.000011
1328.458339 1.000022
1328.459728 1.000232
1328.461117 1.000051
1328.462506 0.999897
1328.463895 1.000063
1328.465284 0.999978
1328.466673 0.999928
1328.468062 0.999781
1328.469451 0.999938
1328.470839 0.999789
1328.472228 1.000206
1328.473617 0.999914
1328.475006 1.000102
1328.476395 0.999535
1328.477784 0.999922
1328.479173 0.999836
1328.480562 0.999721
1328.481950 0.999233
1328.483339 0.999799
1328.484728 1.000030
1328.486117 0.999631
1328.487506 1.000166
1328.488895 0.999706
1328.490284 1.000101
1328.494450 1.000397
1328.495839 1.000437
1328.497228 1.000291
1328.498617 0.999791
1328.500006 1.000430
1328.501395 0.999935
1328.502784 1.000555
1328.504173 1.010653
1328.505561 1.027086
1328.506950 1.017500
1328.508339 1.011791
1328.509728 1.009356
1328.511117 1.007927
1328.512506 1.006628
1328.513895 1.006123
1328.515284 1.005726
1328.516673 1.004744
1328.518061 1.004629
1328.519450 1.005052
1328.520839 1.004768
1328.522228 1.003753
1328.523617 1.004477
1328.525006 1.004339
1328.526395 1.003369
1328.527784 1.003970
1328.529173 1.003920
1328.530561 1.003881
1328.531950 1.003787
1328.533339 1.003372
1328.534728 1.003543
1328.536117 1.002861
1328.537506 1.002542
1328.538895 1.003033
1328.540284 1.002599
1328.541672 1.002479
1328.543061 1.002799
1328.544450 1.002377
1328.545839 1.002850
1328.547228 1.002479
1328.548617 1.002567
1328.550006 1.002118
1328.551395 1.002001
1328.552784 1.001773
1328.554172 1.001926
1328.555561 1.002271
1328.556950 1.001809
1328.558339 1.002028
1328.559728 1.001713
1328.561117 1.002019
1328.562506 1.001348
1328.563895 1.001854
1328.565284 1.001671
1328.566672 1.001960
1328.568061 1.001417
1328.569450 1.001545
1328.570839 1.002214
1328.572228 1.001989
1328.573617 1.002385
1328.575006 1.003048
1328.576395 1.002116
1328.577783 1.001904
1328.579172 1.001857
1328.580561 1.001454
1328.581950 1.001505
1328.583339 1.001573
1328.584728 1.001931
1328.586117 1.001744
1328.587506 1.001256
1328.588895 1.001220
1328.590283 1.001595
1328.591672 1.001423
1328.593061 1.001088
1328.594450 1.001193
1328.595839 1.001458
1328.597228 1.001250
1328.598617 1.001169
1328.600006 1.001580
1328.601394 1.001827
1328.602783 1.000897
1328.604172 1.001374
1328.605561 1.000795
1328.606950 1.001146
1328.608339 1.001382
1328.609728 1.001227
1328.611117 1.000956
1328.612506 1.001332
1328.613894 1.001179
1328.615283 1.000984
1328.616672 1.000941
1328.618061 1.000906
1328.619450 1.001244
1328.620839 1.001273
1328.622228 1.000647
1328.623617 1.001204
1328.625006 1.000732
1328.626394 1.001080
1328.627783 1.000621
1328.629172 1.000842
1328.630561 1.000869
1328.631950 1.001227
1328.633339 1.001408
1328.634728 1.000816
1328.636117 1.000589
1328.637505 1.000867
1328.638894 1.000699
1328.640283 1.000459
1328.641672 1.000537
1328.643061 1.000450
1328.644450 1.000203
1328.645839 1.000673
1328.647228 1.000337
1328.648617 1.000190
1328.650005 1.000800
1328.651394 1.000846
1328.652783 1.000282
1328.654172 1.000427
1328.655561 1.000067
1328.656950 1.000206
1328.658339 1.000476
1328.659728 1.000533
1328.661116 0.999960
1328.662505 1.000423
1328.663894 1.000506
1328.665283 1.000279
1328.666672 1.000123
1328.668061 1.000084
1328.669450 0.999771
1328.670839 0.999814
1328.672228 0.999991
1328.673616 1.000357
1328.675005 0.999593
1328.676394 1.000403
1328.677783 0.999960
1328.679172 1.000549
1328.680561 0.999949
1328.681950 0.999791
1328.683339 0.999551
1328.684728 0.999769
1328.686116 1.000155
1328.687505 1.000013
1328.688894 0.999849
1328.690283 1.000004
1328.691672 1.000095
1328.693061 1.000234
1328.694450 0.999817
1328.695839 0.999695
1328.697227 1.000152
1328.698616 1.000154
1328.700005 1.000265
1328.701394 1.000269
1328.702783 0.999902
1328.704172 0.999974
1328.705561 0.999855
1328.706950 1.000058
1328.708339 0.999824
1328.709727 0.999932
1328.711116 0.999999
1328.712505 0.999805
1328.713894 1.000234
1328.715283 1.000151
1328.716672 0.999826
1328.718061 0.999752
1328.719450 0.999891
1328.720838 1.000078
1328.722227 1.000316
1328.723616 0.999613
1328.725005 1.000157
1328.726394 1.000025
1328.727783 1.000130
1328.729172 0.999378
1328.730561 0.999908
1328.731950 0.999361
1328.733338 1.000007
1328.734727 1.000288
1328.736116 1.006063
1328.737505 1.002814
1328.738894 1.002017
1328.740283 1.001948
1328.741672 1.001315
1328.743061 1.001358
1328.744450 1.000823
1328.745838 1.001016
1328.747227 1.000493
1328.748616 1.001222
1328.750005 1.000234
1328.751394 1.000750
1328.752783 1.000627
1328.754172 0.999783
1328.755561 0.999916
1328.756950 0.999940
1328.758338 1.000638
1328.759727 0.999822
1328.761116 0.999588
1328.762505 1.000194
1328.763894 1.000527
1328.765283 0.999851
1328.766672 1.000136
1328.768061 1.000261
1328.769449 1.000309
1328.770838 0.999745
1328.772227 1.000364
1328.773616 1.000020
1328.775005 1.000150
1328.776394 0.999696
1328.777783 1.000362
1328.779172 0.999847
1328.780561 1.000042
1328.781949 0.999503
1328.783338 1.000310
1328.784727 0.999702
1328.786116 1.001272
1328.787505 1.000572
1328.788894 1.000335
1328.790283 1.000516
1328.791672 1.000332
1328.793061 1.000245
1328.795838 0.999633
1328.797227 0.999610
1328.798616 1.000164
1328.800005 0.999701
1328.801394 0.999736
1328.802783 0.999063
1328.804172 0.999476
1328.805561 0.999998
1328.806949 0.999702
1328.808338 0.999215
1328.809727 0.999797
1328.811116 0.999928
1328.812505 0.999901
1328.813894 1.000291
1328.815283 0.999084
1328.816672 0.999736
1328.818061 1.000057
1328.819449 0.999058
1328.820838 0.999829
1328.822227 0.999895
1328.823616 0.999911
1328.825005 0.999788
1328.826394 0.999938
1328.827783 0.999947
1328.829172 1.000008
1328.830560 1.000056
1328.831949 0.999806
1328.833338 0.999676
1328.834727 0.999646
1328.836116 0.999989
1328.837505 0.999878
1328.838894 1.000152
1328.840283 1.000587
1328.841672 0.999770
1328.843060 0.999832
1328.844449 0.999737
1328.845838 0.999735
1328.847227 1.000214
1328.848616 0.999759
1328.850005 0.999397
1328.851394 1.000130
1328.852783 1.000274
1328.854172 1.000076
1328.855560 0.999658
1328.856949 1.000439
1328.858338 1.000358
1328.859727 1.000404
1328.861116 1.000463
1328.862505 1.000225
1328.863894 0.999965
1328.865283 0.999932
1328.866672 0.999567
1328.868060 1.000470
1328.869449 0.999745
1328.870838 1.000866
1328.872227 1.000436
1328.873616 1.000316
1328.875005 1.000353
1328.876394 1.000145
1328.877783 1.000306
1328.879171 1.000462
1328.880560 0.999777
1328.881949 1.000246
1328.884727 1.000173
1328.886116 0.999900
1328.887505 1.000238
1328.888894 1.000597
1328.890283 0.999832
1328.891671 0.999955
1328.893060 1.000688
1328.894449 1.000315
1328.895838 1.001021
1328.897227 1.000305
1328.898616 0.999839
1328.900005 1.000672
1328.901394 1.000104
1328.902783 1.000430
1328.904171 1.000826
1328.905560 0.999915
1328.906949 0.999777
1328.908338 1.000313
1328.909727 0.999891
1328.911116 1.000308
1328.912505 1.000142
1328.913894 0.999795
1328.915283 1.000455
1328.916671 1.000146
1328.918060 0.999870
1328.919449 1.000336
1328.920838 1.000037
1328.922227 0.999941
1328.923616 0.999667
1328.925005 0.999696
1328.926394 1.000033
1328.927782 1.000196
1328.929171 0.999885
1328.930560 0.999885
1328.931949 0.999706
1328.933338 0.999574
1328.934727 0.999765
1328.936116 0.999862
1328.937505 0.999919
1328.938894 1.000054
1328.940282 0.999874
1328.941671 0.999990
1328.943060 0.999999
1328.944449 0.999788
1328.945838 0.999450
1328.947227 0.999776
1328.948616 0.999829
1328.950005 0.999675
1328.951394 0.999786
1328.952782 0.999934
1328.954171 1.000009
1328.955560 0.999978
1328.956949 1.000265
1328.958338 1.000313
1328.959727 0.999606
1328.961116 1.000333
1328.962505 0.999730
1328.963894 1.000091
1328.965282 0.999927
1328.966671 0.999807
1328.968060 0.999801
1328.969449 0.999214
1328.970838 1.000209
1328.972227 1.000273
1328.973616 0.999855
1328.975005 0.999926
1328.976393 0.999722
1328.977782 1.000009
1328.979171 1.000160
1328.980560 0.999181
1328.981949 1.000261
1328.983338 0.999578
1328.984727 1.000401
1328.986116 0.999326
1328.987505 1.000023
1328.988893 1.000148
1328.990282 0.999640
1328.991671 1.000020
1328.993060 1.000131
1328.994449 0.999683
1328.995838 0.999706
1328.997227 0.999709
1328.998616 1.000063
1329.000005 0.999780
1329.001393 0.999293
1329.002782 0.999782
1329.004171 0.999523
1329.005560 0.999475
1329.006949 0.999834
1329.008338 0.999833
1329.009727 0.999378
1329.011116 1.000124
1329.012505 0.999689
1329.013893 0.999578
1329.015282 0.999734
1329.016671 1.000098
1329.018060 0.999627
1329.019449 0.999979
1329.020838 0.999425
1329.022227 0.999806
1329.023616 0.999728
1329.025004 0.999905
1329.026393 0.999787
1329.027782 1.000299
1329.029171 0.999742
1329.030560 1.000102
1329.031949 1.000303
1329.033338 0.999589
1329.034727 0.999648
1329.036116 1.000221
1329.037504 1.000272
1329.038893 1.000194
1329.040282 1.000267
1329.041671 1.000982
1329.043060 1.000892
1329.044449 1.000198
1329.045838 1.000147
1329.047227 1.000620
1329.048616 1.000034
1329.050004 1.000636
1329.051393 0.999884
1329.052782 1.000012
1329.054171 1.000026
1329.055560 1.000335
1329.056949 1.000010
1329.058338 1.000144
1329.059727 1.000398
1329.061115 0.999979
1329.062504 0.999833
1329.063893 1.000093
1329.065282 1.000250
1329.066671 0.999931
1329.068060 1.000900
1329.069449 1.000075
1329.070838 0.999904
1329.072227 0.999408
1329.073615 1.000320
1329.075004 0.999967
1329.076393 0.999823
1329.077782 0.999782
1329.079171 1.000287
1329.080560 0.999619
1329.081949 1.000187
1329.083338 0.999596
1329.084727 1.000064
1329.086115 1.000113
1329.087504 1.000876
1329.088893 1.000506
1329.090282 1.001092
1329.091671 1.000293
1329.093060 1.000389
1329.094449 1.000534
1329.095838 1.000492
1329.097227 1.000476
1329.098615 1.000140
1329.101393 1.000172
1329.102782 1.000070
1329.104171 1.000348
1329.105560 0.999762
1329.106949 1.000482
1329.108338 0.999979
1329.109726 0.999864
1329.111115 0.999920
1329.112504 1.000164
1329.113893 0.999758
1329.115282 1.000289
1329.116671 1.000023
1329.118060 0.999677
1329.119449 0.999971
1329.120838 0.999495
1329.122226 1.000209
1329.123615 0.999927
1329.125004 0.999606
1329.126393 0.999674
1329.127782 1.000312
1329.129171 0.999740
1329.130560 1.000104
1329.131949 1.000460
1329.133338 0.999900
1329.134726 0.999433
1329.136115 1.000476
1329.137504 0.999695
1329.138893 0.999928
1329.140282 0.999578
1329.141671 1.000114
1329.143060 1.000384
1329.144449 0.999367
1329.145838 1.000203
1329.147226 1.000023
1329.148615 1.000148
1329.150004 0.999779
1329.151393 0.999242
1329.154171 0.999966
1329.155560 0.999753
1329.156949 1.000337
1329.158337 1.000075
1329.159726 1.000226
1329.161115 0.999973
1329.162504 1.000145
1329.163893 1.000111
1329.165282 0.999806
1329.166671 1.000071
1329.168060 1.000180
1329.169449 0.999872
1329.170837 0.999759
1329.172226 0.999996
1329.173615 0.999764
1329.175004 1.000062
1329.176393 0.999630
1329.179171 0.999517
1329.181949 1.000087
1329.183337 1.000089
1329.184726 1.000060
1329.186115 1.000301
1329.187504 0.999833
1329.188893 1.000192
1329.190282 1.000004
1329.191671 0.999996
1329.195837 1.000202
1329.198615 1.000766
1329.200004 0.999905
1329.201393 0.999994
1329.202782 1.000316
1329.204171 0.999865
1329.209726 0.999580
1329.211115 1.000171
1329.212504 0.999546
1329.213893 1.000112
1329.215282 0.999854
1329.216671 0.999797
1329.218060 1.000136
1329.219448 0.999654
1329.220837 0.999788
1329.222226 0.999519
1329.223615 1.000060
1329.225004 1.000078
1329.226393 1.000335
1329.227782 1.000197
1329.229171 0.999943
1329.230560 0.999538
1329.231948 0.999928
1329.233337 1.000565
1329.234726 0.999638
1329.236115 1.000196
1329.237504 0.999544
1329.243059 1.000006
1329.244448 0.999783
1329.245837 0.999727
1329.247226 0.999683
1329.248615 1.000016
1329.250004 0.999828
1329.251393 0.999933
1329.252782 0.999350
1329.254171 1.000003
1329.255559 0.999879
1329.256948 0.999829
1329.258337 0.999977
1329.259726 1.000365
1329.261115 0.999816
1329.262504 0.999999
1329.263893 0.999885
1329.265282 0.999449
1329.266671 1.000196
1329.268059 0.999993
1329.269448 1.000496
1329.270837 1.000020
1329.272226 0.999784
1329.273615 1.000403
1329.275004 0.999935
1329.276393 0.999806
1329.277782 0.999620
1329.279171 0.999631
1329.280559 0.999843
1329.281948 1.000112
1329.283337 0.999747
1329.284726 0.999567
1329.286115 0.999848
1329.287504 0.999858
1329.288893 0.999764
1329.290282 0.999831
1329.291670 1.000313
1329.293059 0.999841
1329.294448 0.999800
1329.295837 0.999702
1329.297226 1.000042
1329.298615 0.999885
1329.300004 0.999688
1329.301393 0.999826
1329.302782 1.000011
1329.304170 0.999449
1329.305559 0.999012
1329.306948 0.999831
1329.308337 0.999596
1329.309726 1.000180
1329.311115 1.000874
1329.312504 1.000614
1329.313893 1.000619
1329.316670 0.999979
1329.318059 1.000447
1329.319448 1.000300
1329.320837 1.000075
1329.322226 1.001713
1329.323615 1.001890
1329.325004 1.002409
1329.326393 1.001693
1329.327781 1.001294
1329.329170 1.001018
1329.330559 1.000834
1329.331948 0.999991
1329.333337 1.000206
1329.334726 1.000318
1329.336115 1.000216
1329.337504 1.000139
1329.338893 1.000372
1329.340281 0.999783
1329.341670 1.000801
1329.343059 1.000143
1329.344448 0.999800
1329.345837 1.000820
1329.347226 0.999995
1329.348615 1.000385
1329.350004 0.999785
1329.351393 1.000106
1329.352781 1.000230
1329.354170 0.999766
1329.355559 1.000513
1329.356948 1.000358
1329.358337 1.000846
1329.359726 0.999980
1329.361115 1.000175
1329.362504 0.999964
1329.363892 0.999934
1329.365281 1.000187
1329.366670 1.000297
1329.368059 1.000337
1329.369448 1.000584
1329.370837 0.999373
1329.372226 0.999766
1329.373615 1.000054
1329.375004 1.000575
1329.376392 0.999380
1329.377781 1.000198
1329.379170 1.006758
1329.380559 1.007804
1329.381948 1.006393
1329.383337 1.004989
1329.384726 1.003799
1329.386115 1.002743
1329.387504 1.003153
1329.388892 1.001839
1329.390281 1.001598
1329.391670 1.001234
1329.394448 1.001214
1329.395837 1.001131
1329.397226 1.001104
1329.398615 1.001065
1329.400004 1.000422
1329.401392 1.000032
1329.402781 1.000796
1329.404170 1.001067
1329.405559 0.999857
1329.406948 1.000282
1329.408337 0.999970
1329.409726 1.000056
1329.411115 0.999887
1329.412503 0.999917
1329.413892 0.999202
1329.415281 1.000059
1329.416670 0.999942
1329.418059 1.000099
1329.419448 1.000536
1329.420837 0.999930
1329.422226 1.000037
1329.423615 1.000150
1329.425003 0.999537
1329.426392 0.999332
1329.427781 1.000043
1329.429170 0.999861
1329.430559 1.000619
1329.431948 1.001687
1329.433337 1.002010
1329.434726 1.001573
1329.436115 1.000872
1329.437503 1.000765
1329.440281 1.000345
1329.441670 1.000718
1329.443059 1.000344
1329.444448 1.000599
1329.445837 1.000163
1329.447226 0.999634
1329.448614 1.000590
1329.450003 0.999429
1329.451392 1.000264
1329.452781 1.000044
1329.454170 1.000319
1329.455559 1.000180
1329.456948 1.000185
1329.458337 1.000307
1329.459726 1.000135
1329.461114 1.000154
1329.462503 1.000338
1329.463892 1.000573
1329.465281 1.000314
1329.466670 1.000435
1329.468059 1.000207
1329.469448 0.999948
1329.479170 0.999396
1329.480559 0.999740
1329.481948 0.999176
1329.483337 0.999148
1329.484725 0.999439
1329.486114 0.999462
1329.487503 0.999608
1329.488892 0.999550
1329.490281 0.999790
1329.491670 0.999768
1329.493059 1.000059
1329.494448 0.999941
1329.495837 0.999578
1329.497225 1.000104
1329.498614 0.999892
1329.500003 1.000327
1329.501392 1.000052
1329.502781 0.999699
1329.504170 1.000019
1329.505559 0.999570
1329.506948 0.999924
1329.508337 1.000202
1329.509725 1.000186
1329.511114 0.999796
1329.512503 0.999482
1329.513892 0.999445
1329.515281 1.000089
1329.516670 1.000103
1329.518059 1.000001
1329.519448 0.999899
1329.520837 1.000241
1329.522225 0.999552
1329.523614 0.999397
1329.525003 1.000095
1329.526392 1.000210
1329.527781 0.999966
1329.529170 1.000173
1329.531948 0.999423
1329.533336 1.000026
1329.534725 0.999823
1329.536114 1.000094
1329.537503 1.000121
1329.540281 0.999669
1329.541670 0.999627
1329.543059 0.999744
1329.544448 1.000105
1329.545836 1.000063
1329.547225 1.000527
1329.548614 0.999708
1329.550003 1.000144
1329.551392 1.000268
1329.552781 1.000151
1329.554170 1.000288
1329.555559 0.999754
1329.556948 1.000061
1329.558336 0.999984
1329.559725 1.000321
1329.561114 0.999637
1329.562503 1.000256
1329.563892 1.000112
1329.565281 0.999934
1329.566670 1.000157
1329.568059 1.000093
1329.569447 1.000270
1329.570836 0.999801
1329.572225 1.000252
1329.573614 1.000151
1329.575003 1.000263
1329.576392 0.999530
1329.577781 1.000015
1329.579170 1.000498
1329.580559 0.999935
1329.581947 1.000188
1329.583336 1.000058
1329.584725 0.999835
1329.586114 1.000129
1329.587503 0.999836
1329.588892 0.999820
1329.590281 0.999576
1329.591670 1.000245
1329.593059 1.000654
1329.594447 0.999862
1329.595836 0.999861
1329.597225 1.000069
1329.598614 1.000309
1329.600003 0.999779
1329.601392 1.000545
1329.602781 1.000022
1329.604170 0.999804
1329.605558 1.000193
1329.606947 1.000437
1329.608336 0.999974
1329.609725 1.000019
1329.611114 1.000049
1329.612503 0.999555
1329.613892 0.999724
1329.615281 1.000680
1329.616670 1.000308
1329.618058 1.000196
1329.619447 1.000050
1329.620836 1.000166
1329.622225 1.000140
1329.623614 0.999843
1329.625003 0.999536
1329.626392 1.000539
1329.627781 0.999495
1329.629170 1.000394
1329.630558 0.999642
1329.631947 1.000645
1329.633336 0.999867
1329.634725 1.000153
1329.636114 0.999697
1329.637503 0.999835
1329.638892 0.999769
1329.640281 0.999830
1329.641669 1.000402
1329.643058 1.000510
1329.644447 1.000650
1329.645836 1.000361
1329.647225 1.000079
1329.648614 1.000080
1329.650003 1.000298
1329.651392 1.000108
1329.652781 1.000435
1329.655558 0.999606
1329.656947 0.999725
1329.658336 0.999935
1329.659725 1.000073
1329.661114 1.000057
1329.662503 1.000128
1329.663892 1.000332
1329.665281 0.999829
1329.666669 0.999905
1329.668058 1.000091
1329.669447 0.999983
1329.670836 0.999928
1329.672225 1.000589
1329.675003 1.000082
1329.676392 1.000392
1329.679169 0.999967
1329.680558 0.999854
1329.681947 0.999825
1329.683336 0.999646
1329.684725 1.000209
1329.686114 0.999767
1329.687503 0.999535
1329.688892 0.999981
1329.690280 0.999866
1329.691669 0.999702
1329.693058 0.999925
1329.694447 1.000413
1329.695836 0.999889
1329.697225 0.999898
1329.698614 0.999842
1329.700003 1.000203
1329.701392 0.999836
1329.702780 0.999727
1329.704169 0.999843
1329.705558 0.999593
1329.706947 1.000333
1329.708336 1.000562
1329.709725 1.000429
1329.711114 1.000286
1329.712503 0.999674
1329.713891 0.999848
1329.715280 1.000303
1329.716669 1.000003
1329.718058 1.000744
1329.719447 0.999706
1329.720836 1.000447
1329.722225 1.000457
1329.723614 1.000113
1329.726391 0.999789
1329.727780 0.999890
1329.729169 1.000073
1329.730558 1.000486
1329.731947 0.999521
1329.733336 1.000493
1329.734725 1.000352
1329.736114 1.000156
1329.737503 1.000287
1329.738891 1.000115
1329.740280 0.999953
1329.741669 1.000071
1329.743058 1.000205
1329.744447 1.000041
1329.745836 0.999818
1329.747225 0.999527
1329.748614 0.999677
1329.750002 0.999960
1329.751391 1.000222
1329.752780 1.000241
1329.754169 1.000059
1329.755558 0.999824
1329.756947 1.000125
1329.758336 0.999611
1329.759725 1.000061
1329.761114 1.000026
1329.762502 1.000013
1329.763891 0.999998
1329.765280 1.000483
1329.766669 1.000035
1329.768058 0.999572
1329.769447 1.000146
1329.770836 0.999678
1329.772225 0.999876
1329.773614 1.000183
1329.775002 1.000508
1329.776391 1.000029
1329.777780 1.000213
1329.779169 1.000496
1329.780558 1.000135
1329.781947 1.000022
1329.783336 0.999790
1329.784725 1.000054
1329.786113 1.000073
1329.787502 0.999865
1329.788891 0.999982
1329.790280 0.999948
1329.791669 0.999796
1329.793058 0.999556
1329.794447 0.999589
1329.795836 0.999794
1329.797225 0.999664
1329.798613 1.000113
1329.800002 0.999958
1329.801391 0.999816
1329.802780 0.999815
1329.804169 1.000153
1329.805558 0.999152
1329.806947 1.000132
1329.808336 1.000097
1329.809725 0.999874
1329.811113 0.999581
1329.812502 1.000046
1329.813891 1.000253
1329.815280 1.000093
1329.816669 1.000113
1329.818058 1.000286
1329.819447 0.999743
1329.820836 1.000294
1329.822224 0.999789
1329.823613 1.000409
1329.825002 0.999429
1329.826391 1.000033
1329.827780 0.999656
1329.829169 0.999957
1329.830558 0.999645
1329.831947 1.000138
1329.833336 0.999225
1329.834724 1.000372
1329.836113 0.999876
1329.837502 1.000862
1329.838891 1.000758
1329.840280 0.999898
1329.841669 1.000958
1329.843058 1.000276
1329.844447 1.000340
1329.845836 0.999964
1329.847224 0.999926
1329.848613 1.000088
1329.850002 0.999808
1329.851391 1.000323
1329.852780 0.999796
1329.854169 1.000176
1329.855558 1.000338
1329.856947 1.000281
1329.858335 1.000138
1329.859724 1.000639
1329.861113 0.999603
1329.862502 1.000102
1329.863891 0.999795
1329.865280 1.000140
1329.866669 1.000344
1329.868058 1.000008
1329.869447 0.999546
1329.870835 1.000371
1329.872224 1.000167
1329.873613 1.000524
1329.875002 0.999695
1329.876391 1.000203
1329.877780 1.000231
1329.879169 0.999769
1329.880558 1.000220
1329.881947 0.999229
1329.883335 1.000199
1329.884724 0.999672
1329.886113 1.000644
1329.887502 0.999690
1329.888891 0.999696
1329.890280 0.999999
1329.891669 1.000019
1329.893058 0.999905
1329.894446 0.999748
1329.895835 0.999670
1329.897224 1.000600
1329.898613 0.999507
1329.900002 1.000480
1329.901391 1.000134
1329.902780 1.000418
1329.904169 1.000046
1329.905558 1.000004
1329.906946 1.000295
1329.908335 0.999726
1329.909724 1.000081
1329.911113 1.000143
1329.912502 0.999997
1329.913891 1.000402
1329.915280 0.999812
1329.916669 1.000088
1329.918058 1.000440
1329.920835 1.000035
1329.922224 1.000314
1329.923613 0.999756
1329.925002 1.000111
1329.926391 0.999801
1329.927780 1.000161
1329.929169 0.999434
1329.930557 1.000380
1329.931946 1.000064
1329.933335 1.000160
1329.934724 1.000127
1329.936113 0.999592
1329.940280 1.000279
1329.941669 0.999573
1329.943057 0.999947
1329.944446 1.000398
1329.945835 0.999666
1329.947224 0.999979
1329.948613 1.000081
1329.950002 0.999953
1329.951391 0.999756
1329.952780 1.000381
1329.954169 1.000160
1329.955557 1.000013
1329.956946 1.000373
1329.958335 1.000571
1329.959724 1.000519
1329.961113 1.000383
1329.962502 0.999978
1329.963891 1.000624
1329.965280 1.000304
1329.966668 1.000035
1329.968057 1.000330
1329.969446 0.999937
1329.970835 1.000639
1329.972224 0.999917
1329.973613 0.999709
1329.975002 0.999669
1329.977780 1.000167
1329.979168 0.999936
1329.980557 0.999852
1329.981946 1.000083
1329.983335 0.999878
1329.984724 1.000328
1329.986113 0.999566
1329.987502 1.000185
1329.988891 1.000966
1329.990280 0.999799
1329.991668 1.000175
1329.994446 1.000333
1329.995835 1.000163
1330.005557 0.999369
1330.016668 0.999566
1330.018057 0.999557
1330.019446 0.999683
1330.020835 0.999725
1330.022224 0.999639
1330.025002 0.999367
1330.026390 1.000603
1330.027779 0.998928
1330.029168 0.999514
1330.030557 0.999175
1330.031946 0.999753
1330.033335 1.000003
1330.034724 0.999937
1330.036113 0.999176
1330.037502 0.999643
1330.038890 0.999915
1330.040279 1.000445
1330.041668 1.000628
1330.043057 1.000610
1330.044446 1.000924
1330.047224 1.000431
1330.048613 1.000772
1330.050002 1.000104
1330.051390 1.000485
1330.052779 1.000805
1330.054168 1.000242
1330.055557 1.000094
1330.056946 1.000219
1330.058335 1.000186
1330.059724 0.999889
1330.061113 0.999906
1330.062501 0.999422
1330.065279 0.999909
1330.066668 0.999769
1330.068057 0.999964
1330.069446 0.999684
1330.070835 1.000140
1330.072224 0.999868
1330.073613 0.999625
1330.075001 1.000077
1330.076390 0.999870
1330.084724 0.999700
1330.086113 0.999399
1330.087501 0.999642
1330.088890 0.999907
1330.090279 1.000307
1330.091668 0.999417
1330.093057 0.999654
1330.094446 0.999471
1330.095835 0.999729
1330.097224 0.999367
1330.098612 0.999707
1330.100001 0.999801
1330.101390 0.999856
1330.102779 1.000063
1330.104168 0.998920
1330.105557 1.000085
1330.106946 0.999362
1330.108335 0.999461
1330.109724 0.999791
1330.111112 1.000052
1330.112501 1.000236
1330.113890 1.000604
1330.115279 1.000352
1330.116668 0.999684
1330.119446 1.000415
1330.120835 1.000340
1330.122224 1.002927
1330.123612 1.002840
1330.125001 1.004128
1330.126390 1.003904
1330.127779 1.003413
1330.129168 1.002341
1330.130557 1.002537
1330.131946 1.001825
1330.133335 1.002302
1330.134723 1.000972
1330.136112 1.001775
1330.137501 1.001224
1330.138890 1.001792
1330.140279 1.001289
1330.141668 1.000799
1330.143057 1.000909
1330.144446 1.001006
1330.145835 0.999813
1330.147223 1.000162
1330.148612 1.000307
1330.150001 1.000810
1330.151390 1.000702
1330.152779 1.000328
1330.154168 1.000351
1330.155557 1.000452
1330.156946 1.000298
1330.158334 0.999866
1330.159723 1.000378
1330.161112 1.000196
1330.162501 1.000423
1330.163890 1.000611
1330.165279 0.999570
1330.168057 1.000091
1330.169446 1.000350
1330.170834 1.000151
1330.172223 0.999992
1330.173612 1.000062
1330.175001 0.999997
1330.176390 0.999800
1330.177779 0.999449
1330.179168 1.000354
1330.180557 0.999864
1330.181946 1.000184
1330.183334 0.999489
1330.184723 0.999926
1330.186112 1.000029
1330.190279 0.999650
1330.191668 1.000032
1330.193057 0.998838
1330.194445 0.999944
1330.195834 0.999318
1330.197223 1.000109
1330.198612 0.999342
1330.200001 0.999815
1330.201390 1.000036
1330.202779 1.000065
1330.204168 0.999425
1330.205557 1.000061
1330.206945 0.999827
1330.208334 0.999965
1330.211112 0.999668
1330.212501 1.000483
1330.213890 1.000247
1330.215279 1.000509
1330.216668 0.999907
1330.218056 1.000296
1330.219445 1.000424
1330.220834 1.000576
1330.222223 1.000591
1330.223612 1.000256
1330.225001 1.000406
1330.226390 1.000864
1330.227779 1.000054
1330.230556 0.999507
1330.231945 1.000422
1330.233334 0.998806
1330.236112 0.999307
1330.237501 0.999348
1330.238890 0.999667
1330.240279 1.000563
1330.241668 0.999712
1330.243056 0.999819
1330.245834 0.999872
1330.247223 0.999464
1330.250001 0.999958
1330.251390 0.999351
1330.252779 0.999393
1330.254167 1.000607
1330.255556 1.000186
1330.256945 0.999769
1330.258334 1.000097
1330.259723 0.999726
1330.261112 1.000091
1330.262501 0.999592
1330.263890 1.000091
1330.265279 0.999732
1330.266667 0.999598
1330.268056 1.000167
1330.269445 1.000082
1330.270834 1.000116
1330.272223 0.999923
1330.273612 1.000397
1330.275001 0.999772
1330.277779 0.999984
1330.279167 1.000162
1330.280556 1.000039
1330.281945 1.000063
1330.283334 0.999976
1330.284723 0.999995
1330.286112 1.000032
1330.287501 0.999422
1330.288890 0.999905
1330.290278 1.000214
1330.291667 0.999361
1330.293056 1.000182
1330.294445 1.000360
1330.295834 1.000150
1330.297223 1.000250
1330.298612 1.000106
1330.300001 1.000338
1330.301390 1.000295
1330.302778 1.000202
1330.304167 0.999748
1330.305556 1.000286
1330.306945 0.999936
1330.308334 1.000090
1330.309723 0.999764
1330.311112 1.000525
1330.312501 1.000397
1330.313889 0.999988
1330.315278 1.000570
1330.316667 1.000042
1330.318056 1.000367
1330.319445 1.000005
1330.320834 0.999308
1330.322223 0.998621
1330.323612 0.998010
1330.325001 0.997780
1330.326389 0.997046
1330.327778 0.998070
1330.329167 0.996660
1330.356945 0.997118
1330.358334 0.997589
1330.359723 0.997152
1330.361112 0.997438
1330.362500 0.997004
1330.363889 0.997538
1330.365278 0.997079
1330.366667 0.996896
1330.368056 0.996456
1330.369445 0.997214
1330.370834 0.997582
1330.372223 0.997820
1330.373611 0.997707
1330.375000 0.997594
1330.376389 0.997635
1330.377778 0.998045
1330.379167 0.997762
1330.380556 0.997873
1330.381945 0.997297
1330.383334 0.997440
1330.384723 0.997725
1330.386111 0.996851
1330.387500 0.996918
1330.388889 0.997142
1330.390278 0.996818
1330.391667 0.997179
1330.393056 0.997199
1330.394445 0.996879
1330.395834 0.996663
1330.397223 0.996886
1330.398611 0.997162
1330.400000 0.996291
1330.401389 0.996672
1330.402778 0.996751
1330.404167 0.996781
1330.405556 0.997213
1330.406945 0.996961
1330.408334 0.997414
1330.409722 0.997543
1330.411111 0.997425
1330.412500 0.997386
1330.413889 0.997111
1330.415278 0.996675
1330.416667 0.996334
1330.418056 0.996721
1330.419445 0.996426
1330.420834 0.996928
1330.422222 0.996201
1330.423611 0.996452
1330.425000 0.996974
1330.426389 0.997240
1330.427778 0.996955
1330.429167 0.996532
1330.430556 0.997864
1330.431945 0.996913
1330.433333 0.997187
1330.434722 0.997061
1330.436111 0.997875
1330.437500 0.997816
1330.438889 0.996994
1330.440278 0.997298
1330.441667 0.997194
1330.443056 0.997447
1330.444445 0.997599
1330.445833 0.997556
1330.447222 0.997891
1330.448611 0.997398
1330.450000 0.997379
1330.451389 1.000638
1330.452778 1.002267
1330.454167 1.000720
1330.455556 1.001134
1330.456945 1.000789
1330.458333 1.000353
1330.459722 1.000462
1330.461111 1.000212
1330.462500 1.000877
1330.463889 1.000777
1330.465278 1.001046
1330.466667 1.000508
1330.468056 1.000550
1330.469444 1.000276
1330.470833 1.000212
1330.472222 1.000057
1330.473611 1.000186
1330.475000 1.000112
1330.476389 1.000341
1330.477778 1.000080
1330.479167 1.000677
1330.480556 0.999985
1330.481944 1.000262
1330.483333 1.000126
1330.484722 1.000390
1330.486111 0.999925
1330.487500 1.000205
1330.488889 1.000214
1330.490278 1.000167
1330.491667 0.999981
1330.493055 1.000294
1330.494444 1.000307
1330.495833 1.000033
1330.497222 1.000293
1330.498611 0.999906
1330.500000 0.999990
1330.501389 1.000189
1330.502778 1.000274
1330.504167 1.000434
1330.505555 0.999921
1330.506944 1.000072
1330.508333 1.000103
1330.509722 1.000235
1330.511111 0.999837
1330.512500 1.000203
1330.513889 1.000407
1330.515278 1.000067
1330.516667 1.000031
1330.518055 1.000028
1330.519444 0.999938
1330.520833 1.000092
1330.522222 1.000322
1330.523611 0.999910
1330.525000 0.999893
1330.526389 0.999748
1330.527778 1.000117
1330.529166 1.000380
1330.530555 1.000461
1330.531944 0.999974
1330.533333 0.999972
1330.534722 1.000445
1330.536111 1.000086
1330.537500 1.000337
1330.538889 1.000215
1330.540278 0.999988
1330.541666 1.000128
1330.543055 0.999990
1330.544444 1.000372
1330.545833 0.999673
1330.547222 1.000646
1330.548611 1.000615
1330.550000 1.000255
1330.551389 1.000452
1330.552777 0.999479
1330.554166 1.000021
1330.555555 0.999546
1330.556944 1.000105
1330.558333 0.999993
1330.559722 0.999728
1330.561111 1.000307
1330.562500 1.000368
1330.563889 1.000185
1330.565277 1.000107
1330.566666 1.000040
1330.568055 0.999515
1330.569444 0.999843
1330.570833 1.000200
1330.572222 0.999800
1330.573611 0.999917
1330.575000 0.999720
1330.576388 0.999326
1330.577777 1.000150
1330.579166 1.000089
1330.580555 0.999588
1330.581944 0.999996
1330.583333 0.999854
1330.584722 0.999806
1330.586111 0.999794
1330.587500 1.000135
1330.588888 0.999865
1330.590277 0.999708
1330.591666 0.999499
1330.593055 0.999805
1330.594444 1.000011
1330.595833 0.999754
1330.597222 0.999644
1330.598611 0.999293
1330.600000 0.999685
1330.601388 0.999669
1330.602777 0.999394
1330.604166 0.999663
1330.605555 1.000373
1330.606944 0.999513
1330.608333 0.999858
1330.609722 0.999681
1330.611111 0.999798
1330.612499 1.000186
1330.613888 0.999484
1330.615277 0.999579
1330.616666 1.000191
1330.618055 0.999818
1330.619444 1.000311
1330.620833 1.000415
1330.622222 1.000669
1330.623611 1.000049
1330.624999 1.000739
1330.626388 1.000385
1330.627777 1.000885
1330.629166 1.000081
1330.630555 1.000258
1330.631944 1.000576
1330.633333 1.000807
1330.634722 1.001179
1330.636110 1.000122
1330.637499 1.000494
1330.638888 1.000341
1330.640277 1.000163
1330.641666 1.000821
1330.643055 1.000042
1330.644444 0.999621
1330.645833 0.999598
1330.647222 1.000002
1330.648610 1.000176
1330.649999 1.000438
1330.651388 0.999827
1330.652777 1.000655
1330.654166 0.999982
1330.655555 1.000109
1330.656944 1.000341
1330.658333 0.999828
1330.659722 1.000343
1330.661110 1.000518
1330.662499 0.999842
1330.663888 1.000117
1330.665277 1.000002
1330.666666 0.999979
1330.668055 1.000154
1330.669444 0.999706
1330.670833 0.999759
1330.672221 0.999988
1330.673610 0.999530
1330.674999 1.000340
1330.676388 1.000079
1330.677777 0.999884
1330.679166 0.999868
1330.680555 1.000137
1330.681944 0.999529
1330.683333 0.999869
1330.684721 1.000261
1330.686110 0.999714
1330.687499 0.999912
1330.688888 0.999745
1330.690277 0.999768
1330.691666 1.000305
1330.693055 0.999383
1330.694444 0.999781
1330.695832 0.999663
1330.697221 1.000148
1330.698610 1.000577
1330.699999 1.000127
1330.701388 1.000379
1330.702777 1.000034
1330.704166 1.000150
1330.705555 0.999775
1330.706944 1.000129
1330.708332 1.000208
1330.709721 0.999860
1330.711110 0.999862
1330.712499 0.999776
1330.713888 0.999778
1330.715277 1.000097
1330.716666 1.000380
1330.718055 1.000568
1330.719443 0.999806
1330.720832 0.999824
1330.722221 1.000465
1330.723610 1.000473
1330.724999 1.000231
1330.726388 0.999849
1330.727777 0.999202
1330.729166 0.999677
1330.730555 0.999945
1330.731943 1.000114
1330.733332 0.999506
1330.734721 0.999861
1330.736110 0.999589
1330.737499 0.999758
1330.738888 0.999947
1330.740277 0.999871
1330.741666 1.000219
1330.743054 0.999492
1330.744443 0.999711
1330.745832 1.000107
1330.747221 1.000494
1330.748610 0.999788
1330.749999 1.000045
1330.751388 0.999791
1330.752777 0.999904
1330.754166 0.999917
1330.755554 0.999385
1330.756943 0.999509
1330.758332 0.999554
1330.759721 0.999797
1330.761110 0.999572
1330.762499 0.999770
1330.763888 1.000117
1330.765277 0.999855
1330.766666 0.999793
1330.768054 0.999346
1330.769443 0.999368
1330.770832 0.999752
1330.772221 0.999740
1330.773610 0.999086
1330.774999 0.999519
1330.776388 0.999795
1330.777777 1.000434
1330.779165 0.999694
1330.780554 1.000021
1330.781943 0.999813
1330.783332 0.999565
1330.784721 0.999649
1330.786110 0.999461
1330.787499 0.999670
1330.788888 0.999822
1330.790277 1.000130
1330.791665 0.999384
1330.793054 0.999735
1330.794443 0.999803
1330.795832 0.999985
1330.797221 0.999658
1330.798610 0.999255
1330.799999 0.999755
1330.801388 0.999440
1330.802776 1.002384
1330.804165 1.002746
1330.805554 1.001875
1330.806943 1.001776
1330.808332 1.001921
1330.809721 1.001301
1330.811110 1.001506
1330.812499 1.001461
1330.813888 1.001720
1330.815276 1.001671
1330.816665 1.001925
1330.818054 1.001415
1330.819443 1.001820
1330.820832 1.001536
1330.822221 1.001704
1330.823610 1.001684
1330.824999 1.001467
1330.826387 1.000927
1330.827776 1.001106
1330.829165 1.001298
1330.830554 1.000687
1330.831943 1.000556
1330.833332 1.000642
1330.834721 1.000941
1330.836110 1.000465
1330.837499 1.000631
1330.838887 1.000533
1330.840276 1.000505
1330.841665 1.000460
1330.843054 1.000167
1330.844443 1.000443
1330.845832 0.999848
1330.847221 1.000479
1330.848610 1.000142
1330.849999 0.999991
1330.851387 0.999958
1330.852776 0.999773
1330.854165 1.000467
1330.855554 1.000383
1330.856943 0.999822
1330.858332 0.999997
1330.859721 0.999988
1330.861110 0.999959
1330.862498 0.999826
1330.863887 0.999834
1330.865276 0.999240
1330.866665 1.000248
1330.868054 0.999826
1330.869443 0.999838
1330.870832 0.999442
1330.872221 0.999872
1330.873610 0.999884
1330.874998 0.999596
1330.876387 0.999240
1330.877776 1.000155
1330.879165 1.000146
1330.880554 0.999243
1330.881943 0.999475
1330.883332 0.999661
1330.884721 0.999291
1330.886109 0.999422
1330.887498 0.999275
1330.888887 0.999560
1330.890276 0.999368
1330.891665 1.000235
1330.893054 0.999269
1330.894443 0.999722
1330.895832 0.999735
1330.897221 0.999590
1330.898609 0.999689
1330.899998 1.000222
1330.901387 0.999967
1330.902776 0.999861
1330.904165 0.999731
1330.905554 0.999429
1330.906943 1.000247
1330.908332 1.000107
1330.909720 1.001250
1330.911109 1.000641
1330.912498 1.000733
1330.913887 1.000524
1330.915276 1.001331
1330.916665 1.000716
1330.918054 1.001000
1330.919443 1.000613
1330.920832 1.000983
1330.922220 1.000474
1330.923609 1.000906
1330.924998 1.000860
1330.926387 1.000449
1330.927776 1.000209
1330.929165 1.000476
1330.930554 1.000653
1330.931943 0.999990
1330.933331 1.000526
1330.934720 1.000486
1330.936109 1.000541
1330.937498 0.999847
1330.938887 1.000341
1330.940276 1.000069
1330.941665 0.999854
1330.943054 0.999729
1330.944443 0.999472
1330.945831 1.000023
1330.947220 0.999600
1330.948609 1.000108
1330.949998 0.999810
1330.951387 0.999654
1330.952776 0.999476
1330.954165 0.999847
1330.955554 0.999985
1330.956942 0.999528
1330.958331 0.999326
1330.959720 0.999900
1330.961109 0.999406
1330.962498 0.999878
1330.963887 1.000121
1330.965276 0.999849
1330.966665 0.999330
1330.968054 0.999889
1330.969442 1.000195
1330.970831 1.000131
1330.972220 0.999640
1330.973609 0.999952
1330.974998 1.000009
1330.976387 0.999912
1330.977776 1.000259
1330.979165 1.000334
1330.980554 0.999855
1330.981942 1.000688
1330.983331 0.999889
1330.984720 0.999749
1330.986109 0.999898
1330.987498 0.999724
1330.988887 0.999808
1330.990276 1.000441
1330.991665 0.999622
1330.993053 0.999849
1330.994442 0.999859
1330.995831 0.999960
1330.997220 1.000004
1330.998609 1.000159
1330.999998 0.999891
1331.001387 0.999990
1331.002776 0.999945
1331.004165 0.999796
1331.005553 1.000189
1331.006942 0.999990
1331.008331 0.999611
1331.009720 1.000112
1331.011109 1.000042
1331.012498 0.999683
1331.013887 1.000231
1331.015276 0.999796
1331.016664 1.000501
1331.018053 1.000080
1331.019442 0.999520
1331.020831 0.999731
1331.022220 0.999762
1331.023609 1.000267
1331.024998 0.999624
1331.026387 0.999973
1331.027776 1.000687
1331.029164 0.999699
1331.030553 0.999524
1331.031942 1.000040
1331.033331 1.000301
1331.034720 0.999889
1331.036109 0.999720
1331.037498 1.000369
1331.038887 1.000109
1331.040275 1.000027
1331.041664 0.999758
1331.043053 0.999684
1331.044442 0.999965
1331.045831 0.999777
1331.047220 0.999934
1331.048609 1.000039
1331.049998 0.999525
1331.051387 1.000280
1331.052775 1.000060
1331.054164 1.000168
1331.055553 0.999369
1331.056942 1.000085
1331.058331 0.999748
1331.059720 1.000523
1331.061109 0.999755
1331.062498 1.000103
1331.063886 0.999931
1331.065275 1.000297
1331.066664 0.999642
1331.068053 0.999880
1331.069442 1.000005
1331.070831 0.999993
1331.072220 1.000309
1331.073609 0.999799
1331.074998 1.000152
1331.076386 1.000294
1331.077775 0.999796
1331.079164 1.000168
1331.080553 0.999527
1331.081942 1.000026
1331.083331 1.000798
1331.084720 1.000026
1331.086109 1.000030
1331.087497 1.000051
1331.088886 1.000418
1331.090275 0.999694
1331.091664 1.000060
1331.093053 1.000238
1331.094442 0.999965
1331.095831 0.999881
1331.097220 1.000310
1331.098609 0.999854
1331.099997 0.999759
1331.101386 1.000512
1331.102775 0.999333
1331.104164 1.000186
1331.105553 0.999375
1331.106942 1.000217
1331.108331 0.999748
1331.109720 1.000035
1331.111108 1.000569
1331.112497 0.999893
1331.113886 0.999789
1331.115275 1.000159
1331.116664 0.999938
1331.118053 1.000199
1331.119442 0.999963
1331.120831 1.000153
1331.122220 0.999940
1331.123608 1.000000
1331.124997 1.000050
1331.126386 1.000144
1331.127775 0.999647
1331.129164 0.999951
1331.130553 1.000086
1331.131942 1.000019
1331.133331 1.000215
1331.134719 1.000217
1331.136108 0.999438
1331.137497 0.999890
1331.138886 0.999636
1331.140275 0.999840
1331.141664 1.000363
1331.143053 0.999997
1331.144442 1.000033
1331.145831 0.999935
1331.147219 0.999625
1331.148608 1.000312
1331.149997 0.999971
1331.151386 1.000124
1331.152775 0.999965
1331.154164 0.999323
1331.155553 0.999996
1331.156942 1.000570
1331.158330 0.999656
1331.159719 1.000192
1331.161108 0.999814
1331.162497 0.999934
1331.163886 1.000117
1331.165275 1.000192
1331.166664 1.000174
1331.168053 1.000038
1331.169442 0.999598
1331.170830 0.999787
1331.172219 1.000172
1331.173608 0.999952
1331.174997 0.999392
1331.176386 1.000332
1331.177775 1.000214
1331.179164 1.000174
1331.180553 0.999770
1331.181941 1.000002
1331.183330 1.000123
1331.184719 0.999762
1331.186108 0.999948
1331.187497 0.999814
1331.188886 0.999886
1331.190275 0.999762
1331.191664 1.000374
1331.193053 0.999690
1331.194441 1.000199
1331.195830 1.000276
1331.197219 0.999965
1331.199997 1.000348
1331.201386 0.999977
1331.202775 0.999887
1331.204164 0.999811
1331.205553 0.999930
1331.206941 1.000023
1331.208330 1.000232
1331.209719 1.000022
1331.211108 0.999661
1331.212497 0.999986
1331.213886 1.000251
1331.215275 0.999616
1331.216664 1.000017
1331.218052 0.999564
1331.219441 0.999816
1331.220830 1.000223
1331.222219 0.999826
1331.223608 0.999108
1331.224997 1.000032
1331.226386 0.999736
1331.227775 1.000391
1331.229164 1.000411
1331.230552 0.999540
1331.231941 1.000136
1331.233330 0.999604
1331.236108 1.000298
1331.237497 1.000114
1331.238886 1.000064
1331.240275 1.000262
1331.241663 1.000260
1331.243052 1.000422
1331.244441 1.000540
1331.245830 1.000319
1331.247219 0.999660
1331.248608 0.999935
1331.249997 1.000498
1331.251386 1.000749
1331.252775 1.000535
1331.254163 1.000125
1331.255552 1.000384
1331.256941 1.000389
1331.258330 1.000453
1331.259719 1.000457
1331.261108 0.999991
1331.262497 1.000240
1331.263886 1.000126
1331.265274 1.000141
1331.266663 1.000080
1331.268052 1.000348
1331.269441 0.999609
1331.270830 1.000418
1331.272219 0.999625
1331.273608 1.000090
1331.274997 1.000098
1331.276386 1.000476
1331.277774 0.999805
1331.279163 0.999755
1331.280552 1.000877
1331.281941 0.999809
1331.283330 0.999905
1331.284719 0.999555
1331.286108 1.000597
1331.287497 1.000092
1331.288885 1.000424
1331.290274 0.999684
1331.291663 0.999637
1331.293052 1.000549
1331.294441 1.000065
1331.295830 1.000120
1331.297219 1.000076
1331.298608 0.999456
1331.299997 1.000035
1331.301385 0.999884
1331.302774 0.999212
1331.304163 0.999822
1331.305552 0.999503
1331.306941 1.000262
1331.308330 1.000022
1331.309719 1.000180
1331.311108 0.999891
1331.312496 0.999579
1331.313885 0.999862
1331.315274 0.999699
1331.316663 0.999735
1331.318052 0.999672
1331.319441 1.000340
1331.320830 1.000141
1331.322219 1.000296
1331.323608 1.000131
1331.324996 0.999684
1331.326385 0.999972
1331.327774 0.999504
1331.329163 1.000512
1331.330552 0.999660
1331.331941 1.000497
1331.333330 1.000002
1331.334719 1.000066
1331.336107 0.999536
1331.338885 0.998998
1331.340274 1.000043
1331.341663 1.000084
1331.343052 0.999802
1331.344441 1.000080
1331.345830 1.000110
1331.347219 0.999477
1331.348607 0.999645
1331.349996 0.999912
1331.351385 0.999512
1331.352774 0.999368
1331.354163 0.999620
1331.355552 0.999748
1331.356941 0.999560
1331.358330 0.999439
1331.359718 0.999522
1331.361107 0.999260
1331.362496 0.999411
1331.363885 0.999382
1331.365274 0.999281
1331.366663 0.999781
1331.368052 0.999667
1331.369441 0.999515
1331.372218 0.998873
1331.373607 0.999431
1331.376385 0.998804
1331.377774 0.999506
1331.379163 0.999728
1331.380552 0.999920
1331.381941 0.999695
1331.383329 0.999465
1331.384718 0.999895
1331.386107 0.999907
1331.387496 0.999671
1331.388885 0.999599
1331.390274 1.000191
1331.391663 1.000660
1331.393052 1.000379
1331.394441 1.000718
1331.395829 1.000588
1331.397218 1.001509
1331.398607 1.001527
1331.399996 1.001199
1331.401385 1.001072
1331.402774 1.000865
1331.404163 1.000913
1331.405552 1.000344
1331.406940 1.000931
1331.408329 1.000690
1331.409718 1.000028
1331.411107 1.000453
1331.412496 1.000447
1331.413885 1.000037
1331.415274 0.999731
1331.416663 1.000182
1331.418052 1.000306
1331.419440 0.999916
1331.420829 1.000616
1331.422218 1.000246
1331.423607 0.999993
1331.424996 0.999916
1331.426385 0.999692
1331.427774 0.999645
1331.429163 0.999516
1331.430551 1.000755
1331.431940 1.000693
1331.433329 1.000128
1331.434718 0.999840
1331.436107 1.000067
1331.437496 1.000429
1331.438885 0.999980
1331.440274 1.000211
1331.441663 1.000017
1331.443051 1.000028
1331.444440 0.999111
1331.445829 0.999753
1331.447218 1.000171
1331.448607 1.000950
1331.449996 1.000852
1331.451385 1.000705
1331.452774 1.000825
1331.454162 1.000488
1331.455551 1.000484
1331.456940 1.000571
1331.458329 1.000936
1331.459718 0.999998
1331.461107 1.000316
1331.462496 1.000257
1331.463885 1.000440
1331.465274 1.000515
1331.466662 1.000188
1331.468051 1.000036
1331.469440 0.999704
1331.470829 1.000347
1331.472218 1.000193
1331.473607 0.999800
1331.474996 0.999999
1331.476385 0.999669
1331.477773 0.999959
1331.479162 0.999372
1331.480551 0.999879
1331.481940 1.000338
1331.483329 1.000227
1331.484718 1.000525
1331.486107 0.999655
1331.487496 0.999996
1331.488885 1.000420
1331.490273 1.000064
1331.491662 1.000251
1331.493051 0.999223
1331.494440 0.999786
1331.495829 0.999831
1331.497218 1.000133
1331.498607 0.999365
1331.499996 0.999449
1331.501384 1.000069
1331.502773 1.000574
1331.504162 0.999488
1331.505551 0.999773
1331.506940 0.999588
1331.508329 1.000041
1331.509718 0.999736
1331.511107 0.999530
1331.512496 0.998952
1331.515273 0.999972
1331.516662 0.998909
1331.518051 1.000190
1331.520829 1.000014
1331.522218 1.000225
1331.523607 1.000213
1331.524995 0.999723
1331.526384 0.999523
1331.527773 0.999976
1331.529162 0.999474
1331.530551 1.000573
1331.531940 0.999598
1331.533329 1.000243
1331.534718 1.000538
1331.536106 1.000295
1331.537495 0.999789
1331.538884 1.000556
1331.540273 1.000042
1331.541662 0.999956
1331.543051 0.999818
1331.544440 1.000022
1331.545829 0.999640
1331.547218 0.999470
1331.548606 0.999548
1331.549995 0.999549
1331.551384 1.000031
1331.552773 1.000149
1331.554162 1.000013
1331.555551 0.999087
1331.556940 1.000420
1331.558329 0.999122
1331.563884 0.999006
1331.565273 0.999463
1331.566662 0.999941
1331.569440 1.000431
1331.572217 1.000003
1331.573606 0.999658
1331.574995 0.999850
1331.576384 0.999824
1331.577773 0.999981
1331.579162 0.999973
1331.580551 1.000313
1331.581940 1.000113
1331.583328 0.999669
1331.584717 1.000102
1331.586106 1.000400
1331.587495 0.999575
1331.588884 1.000001
1331.590273 1.000302
1331.591662 0.999937
1331.593051 1.000142
1331.594440 1.000252
1331.595828 1.000320
1331.597217 1.000262
1331.598606 1.000192
1331.599995 1.000217
1331.601384 1.000544
1331.602773 0.999819
1331.604162 1.000361
1331.605551 1.000287
1331.606939 1.000462
1331.608328 1.000267
1331.609717 1.000425
1331.611106 1.000140
1331.612495 1.000092
1331.613884 1.000040
1331.615273 1.000027
1331.616662 1.000522
1331.618051 1.000111
1331.619439 0.999900
1331.620828 0.999719
1331.622217 1.000467
1331.623606 0.999906
1331.624995 1.000523
1331.626384 1.000351
1331.627773 1.000239
1331.629162 0.999339
1331.630550 1.000117
1331.631939 1.000629
1331.634717 1.000237
1331.636106 0.999732
1331.637495 0.999739
1331.638884 0.999983
1331.640273 1.000286
1331.641662 0.999948
1331.643050 1.000269
1331.644439 1.000575
1331.645828 1.000228
1331.647217 0.999343
1331.648606 1.000490
1331.649995 0.999967
1331.651384 0.999777
1331.652773 0.999525
1331.654161 1.000082
1331.655550 0.999636
1331.656939 0.999586
1331.658328 0.999768
1331.659717 1.000570
1331.661106 0.999324
1331.662495 1.000788
1331.663884 0.999738
1331.665273 0.999799
1331.666661 0.999932
1331.668050 0.999626
1331.669439 1.000014
1331.670828 0.999761
1331.672217 0.999768
1331.673606 0.999800
1331.676384 1.000373
1331.679161 0.999897
1331.680550 1.000261
1331.681939 0.999974
1331.683328 0.999619
1331.684717 0.999979
1331.686106 0.999569
1331.687495 0.999644
1331.688884 1.000102
1331.691661 1.000124
1331.693050 0.999112
1331.694439 1.000100
1331.695828 0.999803
1331.697217 0.999331
1331.698606 0.999423
1331.699995 0.999813
1331.701383 0.999372
1331.702772 0.999894
1331.704161 0.999802
1331.705550 0.999675
1331.706939 1.000029
1331.708328 1.000123
1331.709717 1.000713
1331.711106 0.999824
1331.712495 1.000276
1331.713883 1.000243
1331.715272 0.999918
1331.716661 1.000055
1331.718050 0.999973
1331.719439 0.999570
1331.720828 0.999706
1331.722217 1.000127
1331.723606 0.999962
1331.724994 0.999833
1331.726383 0.999965
1331.727772 0.999994
1331.729161 1.000169
1331.730550 0.999934
1331.731939 0.999885
1331.733328 1.000208
1331.734717 1.000608
1331.736106 1.000195
1331.737494 0.999812
1331.738883 1.000133
1331.740272 1.000434
1331.741661 1.000420
1331.743050 0.999584
1331.744439 0.999985
1331.745828 1.000363
1331.747217 1.000357
1331.748605 0.999651
1331.749994 1.000624
1331.751383 1.000380
1331.752772 1.000303
1331.754161 0.999876
1331.755550 1.000274
1331.756939 1.000455
1331.758328 1.000497
1331.759716 1.000630
1331.761105 0.999971
1331.762494 1.000175
1331.763883 0.999831
1331.765272 1.000445
1331.766661 1.000120
1331.768050 1.000383
1331.769439 0.999677
1331.770828 1.000599
1331.772216 1.000143
1331.773605 0.999642
1331.774994 1.000736
1331.776383 1.000081
1331.777772 1.000356
1331.779161 1.000161
1331.780550 1.000554
1331.781939 0.999982
1331.783327 1.000323
1331.784716 1.000273
1331.786105 0.999998
1331.787494 1.001056
1331.790272 1.000740
1331.791661 1.000093
1331.793050 1.000389
1331.795827 1.000124
1331.797216 1.000099
1331.798605 1.000181
1331.799994 1.000386
1331.801383 1.000505
1331.804161 1.000199
1331.805550 1.000558
1331.806938 1.000069
1331.808327 1.000095
1331.809716 0.999606
1331.811105 1.000477
1331.812494 1.000512
1331.813883 1.000515
1331.815272 1.000431
1331.816661 1.000307
1331.818050 1.000236
1331.819438 1.000561
1331.820827 1.000030
1331.822216 1.003614
1331.823605 1.003934
1331.824994 1.003415
1331.826383 1.002433
1331.827772 1.001820
1331.829161 1.001886
1331.830549 1.001658
1331.831938 1.001690
1331.833327 1.001730
1331.834716 1.001054
1331.836105 1.000845
1331.837494 1.000760
1331.838883 1.000147
1331.840272 1.000093
1331.841661 1.000542
1331.845827 1.000934
1331.847216 1.000063
1331.848605 0.999906
1331.849994 0.999675
1331.851383 0.999626
1331.852772 0.999695
1331.854160 1.000305
1331.855549 0.999613
1331.856938 0.998823
1331.858327 1.000096
1331.859716 0.999342
1331.861105 1.000123
1331.862494 0.999474
1331.863883 0.999645
1331.865272 0.999515
1331.866660 0.999745
1331.868049 0.999177
1331.869438 1.000214
1331.870827 0.999801
1331.872216 0.999556
1331.873605 1.000109
1331.874994 0.998788
1331.876383 0.999267
1331.877771 0.999801
1331.879160 0.999316
1331.880549 0.999638
1331.881938 0.999487
1331.883327 0.999907
1331.884716 0.999710
1331.886105 0.999504
1331.887494 0.999530
1331.888882 1.000128
1331.890271 0.999804
1331.891660 0.999386
1331.893049 0.999304
1331.894438 0.999695
1331.895827 0.999553
1331.897216 0.999531
1331.898605 0.999706
1331.899994 0.999537
1331.901382 0.999518
1331.902771 0.999708
1331.904160 0.999723
1331.905549 0.999286
1331.906938 0.999741
1331.908327 0.999969
1331.909716 0.999567
1331.911105 1.000441
1331.912493 0.999772
1331.913882 1.000014
1331.915271 1.000288
1331.916660 1.000220
1331.918049 1.000511
1331.919438 1.000054
1331.920827 1.000428
1331.922216 1.000205
1331.923605 1.000029
1331.924993 0.999885
1331.927771 0.999833
1331.929160 1.000127
1331.930549 0.999615
1331.933327 0.999840
1331.934716 1.000756
1331.936104 1.000189
1331.937493 1.000421
1331.938882 0.999949
1331.940271 0.999943
1331.941660 0.999911
1331.943049 1.000133
1331.944438 1.000345
1331.945827 0.999920
1331.947216 1.000306
1331.948604 0.999828
1331.949993 1.000401
1331.951382 0.999865
1331.952771 1.000257
1331.954160 1.000080
1331.955549 0.999948
1331.956938 1.000159
1331.958327 1.000450
1331.959715 1.000005
1331.961104 1.000057
1331.962493 1.000776
1331.963882 1.000257
1331.965271 0.999752
1331.966660 1.000287
1331.968049 1.000381
1331.969438 1.000026
1331.970826 1.000302
1331.972215 1.000185
1331.973604 1.000262
1331.976382 0.999845
1331.977771 1.000396
1331.979160 1.000301
1331.980549 1.000653
1331.981938 0.999647
1331.983326 1.000402
1331.984715 1.000579
1331.987493 0.999660
1331.988882 1.000139
1331.990271 0.999771
1331.991660 1.000562
1331.993049 1.000352
1331.994437 1.000225
1331.995826 0.999833
1331.997215 1.000052
1331.998604 1.000232
1331.999993 0.999962
1332.001382 1.000305
1332.002771 0.999883
1332.004160 1.000299
1332.005549 1.000336
1332.006937 1.000747
1332.008326 1.000133
1332.011104 1.000558
1332.013882 0.999842
1332.015271 0.999786
1332.016660 1.000241
1332.018048 0.999764
1332.019437 0.999996
1332.020826 1.000234
1332.022215 0.999617
1332.023604 0.999879
1332.024993 1.000088
1332.026382 0.999853
1332.027771 0.999916
1332.029160 0.999721
1332.030548 1.000047
1332.031937 0.999545
1332.033326 1.000022
1332.034715 1.000027
1332.036104 0.999759
1332.037493 0.999986
1332.038882 0.999940
1332.040271 0.999697
1332.041659 0.999823
1332.044437 0.999598
1332.045826 0.999869
1332.047215 0.999383
1332.048604 0.999993
1332.049993 0.999682
1332.051382 1.000232
1332.052771 1.000156
1332.054159 0.999614
1332.055548 0.999758
1332.056937 0.999780
1332.058326 0.999225
1332.059715 1.000029
1332.061104 1.000079
1332.062493 0.999952
1332.063882 0.999630
1332.065270 1.000134
1332.066659 0.999544
1332.068048 0.999914
1332.069437 1.000129
1332.070826 0.999367
1332.072215 1.000279
1332.073604 1.000029
1332.074993 0.999761
1332.076381 1.000317
1332.077770 0.999452
1332.079159 1.000018
1332.080548 1.000144
1332.081937 0.999911
1332.083326 0.999489
1332.084715 1.000159
1332.086104 0.999834
1332.087493 0.999581
1332.088881 1.000137
1332.090270 1.000052
1332.091659 0.999449
1332.093048 0.999635
1332.094437 1.000542
1332.095826 1.000051
1332.097215 1.000214
1332.098604 1.000191
1332.099992 1.000325
1332.101381 1.000365
1332.102770 1.000731
1332.104159 0.999964
1332.105548 0.999957
1332.108326 1.001083
1332.109715 0.999939
1332.111104 1.000580
1332.112492 1.000298
1332.113881 1.000495
1332.115270 0.999777
1332.116659 1.000627
1332.118048 0.999625
1332.119437 1.000454
1332.120826 0.999834
1332.122215 1.000100
1332.123603 1.000531
1332.124992 0.999981
1332.126381 1.000023
1332.127770 0.999965
1332.129159 0.999659
1332.130548 0.999722
1332.131937 1.000123
1332.133326 0.999818
1332.134714 1.000232
1332.136103 1.000398
1332.137492 0.999777
1332.138881 1.000213
1332.140270 0.999526
1332.141659 1.000168
1332.143048 1.000062
1332.144437 0.999915
1332.145826 0.999587
1332.147214 1.000342
1332.148603 0.999825
1332.149992 0.999752
1332.151381 1.000171
1332.152770 0.999841
1332.154159 1.000236
1332.155548 1.000042
1332.156937 1.000152
1332.158325 1.000568
1332.159714 0.999140
1332.161103 1.000006
1332.162492 1.001205
1332.163881 1.001297
1332.165270 1.000344
1332.166659 1.000402
1332.168048 1.000242
1332.169437 1.000539
1332.170825 1.000428
1332.172214 1.000318
1332.173603 1.000202
1332.174992 1.000092
1332.176381 1.000121
1332.177770 0.999953
1332.179159 1.000432
1332.180548 1.000260
1332.181936 0.999714
1332.183325 1.000550
1332.184714 0.999751
1332.186103 0.999792
1332.187492 1.000056
1332.188881 0.999495
1332.190270 1.000017
1332.191659 1.000057
1332.193048 0.999923
1332.194436 0.999570
1332.195825 0.999813
1332.197214 0.999748
1332.199992 0.999516
1332.201381 1.000085
1332.202770 0.999834
1332.204159 0.999938
1332.205547 0.999940
1332.206936 1.000210
1332.208325 0.999666
1332.209714 0.999480
1332.212492 0.999304
1332.213881 1.000064
1332.215270 0.998890
1332.216658 0.999507
1332.218047 0.999820
1332.219436 1.000343
1332.220825 0.999871
1332.222214 0.999525
1332.223603 1.000055
1332.224992 1.000149
1332.226381 0.999807
1332.227770 0.999845
1332.229158 1.000190
1332.230547 0.999863
1332.231936 0.999911
1332.233325 1.000310
1332.236103 1.000045
1332.237492 0.999700
1332.238881 0.999790
1332.240269 0.999540
1332.241658 1.000319
1332.243047 1.000008
1332.244436 0.999937
1332.245825 1.000093
1332.248603 0.999799
1332.249992 1.000261
1332.251381 0.999997
1332.252769 1.000059
1332.254158 1.000351
1332.255547 0.999916
1332.256936 1.000136
1332.258325 1.000462
1332.259714 1.000359
1332.261103 1.000173
1332.262492 1.000280
1332.263880 0.999659
1332.265269 0.999571
1332.266658 1.000207
1332.268047 0.999626
1332.269436 1.000683
1332.270825 0.999828
1332.272214 0.999702
1332.273603 1.000099
1332.274991 1.000228
1332.276380 1.000175
1332.277769 0.999819
1332.279158 1.000089
1332.280547 0.999502
1332.281936 1.000544
1332.283325 0.999988
1332.284714 0.999786
1332.286103 1.000093
1332.287491 0.999727
1332.288880 0.999956
1332.290269 1.000403
1332.291658 0.999857
1332.293047 1.000110
1332.294436 1.000692
1332.295825 0.999507
1332.297214 0.999635
1332.298602 1.000141
1332.299991 1.000023
1332.301380 0.999980
1332.302769 0.999662
1332.306936 1.000136
1332.308325 1.000031
1332.309714 1.000069
1332.311102 0.999449
1332.312491 0.999854
1332.313880 0.999789
1332.315269 0.999936
1332.316658 0.999987
1332.318047 0.999662
1332.319436 0.999913
1332.320825 0.999636
1332.322213 0.999944
1332.323602 0.999896
1332.324991 1.000157
1332.326380 1.000207
1332.329158 0.999848
1332.330547 0.999697
1332.331936 0.999510
1332.333324 1.000287
1332.337491 1.000230
1332.338880 0.999499
1332.340269 0.999844
1332.343047 0.999520
1332.344436 1.002451
1332.345824 1.001848
1332.347213 1.001555
1332.348602 1.000808
1332.349991 1.000604
1332.351380 1.000522
1332.352769 1.000633
1332.354158 1.000291
1332.355547 1.000324
1332.356935 1.000411
1332.358324 1.000434
1332.359713 1.000751
1332.361102 1.000039
1332.362491 1.000460
1332.363880 1.000441
1332.365269 0.999556
1332.366658 1.000846
1332.368047 0.999972
1332.369435 1.000308
1332.370824 1.000665
1332.372213 0.999889
1332.373602 1.000718
1332.374991 0.999985
1332.377769 1.000203
1332.379158 0.999893
1332.380546 0.999900
1332.381935 1.000027
1332.383324 1.000637
1332.384713 0.999887
1332.386102 0.999801
1332.387491 1.000015
1332.388880 0.999700
1332.390269 1.000146
1332.391657 0.999537
1332.393046 0.999902
1332.394435 1.000078
1332.395824 0.999627
1332.397213 0.999738
1332.398602 0.999949
1332.399991 0.999885
1332.401380 0.999881
1332.402769 0.999661
1332.404157 0.999836
1332.406935 0.999359
1332.413880 0.999988
1332.415268 0.999321
1332.416657 1.000222
1332.418046 0.999542
1332.419435 0.999600
1332.420824 0.999800
1332.422213 0.999127
1332.423602 0.999584
1332.424991 0.999535
1332.426380 0.999631
1332.427768 0.999669
1332.429157 0.999322
1332.430546 0.999825
1332.431935 0.999504
1332.433324 0.999178
1332.434713 0.999437
1332.440268 1.000051
1332.441657 0.999908
1332.443046 0.999504
1332.444435 0.999745
1332.445824 0.999458
1332.447213 0.999864
1332.448602 0.999580
1332.449990 0.999122
1332.451379 0.999748
1332.452768 0.999686
1332.454157 0.999627
1332.455546 0.999825
1332.456935 0.999484
1332.458324 0.999712
1332.459713 0.999652
1332.461102 0.999627
1332.462490 0.999528
1332.463879 1.000015
1332.465268 0.999905
1332.466657 0.999332
1332.468046 1.000269
1332.469435 1.000294
1332.470824 1.000552
1332.472213 1.000930
1332.473601 1.000437
1332.474990 1.000551
1332.477768 1.000521
1332.480546 1.000369
1332.481935 1.000489
1332.483324 1.000845
1332.484713 1.000623
1332.486101 1.000323
1332.487490 1.000426
1332.488879 0.999965
1332.490268 1.000466
1332.491657 1.000399
1332.493046 1.000322
1332.494435 1.000151
1332.495824 1.000141
1332.497212 1.000515
1332.498601 1.000127
1332.499990 1.000018
1332.501379 1.000564
1332.502768 1.000159
1332.504157 1.000167
1332.505546 1.000140
1332.506935 1.000248
1332.508323 1.000680
1332.509712 0.999866
1332.511101 1.000656
1332.512490 1.000587
1332.513879 1.000116
1332.515268 0.999331
1332.516657 0.999886
1332.518046 0.999964
1332.519435 1.000376
1332.522212 1.000389
1332.523601 1.000054
1332.524990 0.999916
1332.526379 0.999819
1332.527768 0.999891
1332.529157 1.000028
1332.530546 1.000041
1332.531934 1.000577
1332.533323 1.000284
1332.534712 1.000154
1332.536101 1.000022
1332.537490 1.000373
1332.538879 1.000049
1332.540268 1.000179
1332.541657 1.000116
1332.543045 0.999507
1332.544434 1.000152
1332.545823 1.000148
1332.547212 1.000117
1332.548601 1.000340
1332.549990 1.000058
1332.551379 0.999727
1332.552768 0.999733
1332.554157 0.999824
1332.555545 1.000198
1332.556934 1.000324
1332.558323 0.999953
1332.559712 0.999475
1332.561101 0.999990
1332.562490 0.999832
1332.563879 0.999736
1332.565268 1.000268
1332.566656 0.999635
1332.568045 1.000227
1332.569434 0.999961
1332.570823 1.000589
1332.572212 0.999775
1332.573601 0.999978
1332.574990 0.999703
1332.576379 1.000068
1332.577768 0.999784
1332.579156 0.999774
1332.580545 0.999739
1332.581934 1.000277
1332.583323 0.999848
1332.584712 1.000431
1332.587490 0.999722
1332.588879 0.999966
1332.590267 0.999402
1332.591656 0.999740
1332.593045 0.999808
1332.594434 0.999879
1332.595823 0.999794
1332.597212 0.999364
1332.598601 0.999231
1332.599990 0.999322
1332.601378 0.999092
1332.602767 1.000262
1332.604156 0.999502
1332.605545 0.999002
1332.606934 0.999524
1332.608323 0.999477
1332.609712 0.999547
1332.611101 0.999746
1332.612490 0.999703
1332.613878 0.999569
1332.615267 0.999925
1332.616656 0.999398
1332.618045 1.000112
1332.619434 0.999994
1332.620823 1.000095
1332.622212 0.999669
1332.623601 1.000406
1332.624989 1.003431
1332.626378 1.001689
1332.627767 1.000828
1332.629156 1.000375
1332.630545 1.000087
1332.631934 1.000876
1332.633323 1.000503
1332.634712 0.999841
1332.636100 1.000226
1332.637489 0.999843
1332.638878 0.999680
1332.640267 1.000466
1332.641656 0.999245
1332.643045 0.999800
1332.644434 0.999982
1332.645823 1.000559
1332.647212 0.999687
1332.648600 1.000059
1332.649989 0.999687
1332.651378 0.999751
1332.652767 0.999961
1332.654156 1.000186
1332.655545 0.999604
1332.656934 0.999998
1332.658323 1.000118
1332.659711 1.000475
1332.661100 0.999966
1332.662489 0.999341
1332.665267 0.999873
1332.666656 0.999675
1332.668045 1.000768
1332.669434 1.000412
1332.670823 1.000156
1332.672211 1.000255
1332.673600 1.000036
1332.674989 0.999765
1332.676378 0.999791
1332.677767 0.999782
1332.679156 1.000033
1332.680545 1.000225
1332.683322 1.000145
1332.684711 0.999675
1332.686100 1.000073
1332.687489 1.000529
1332.688878 1.000298
1332.690267 0.999810
1332.691656 1.000084
1332.693045 1.000239
1332.694433 0.999659
1332.695822 1.000434
1332.697211 0.999883
1332.698600 1.000390
1332.699989 1.000344
1332.701378 1.000435
1332.702767 1.000121
1332.704156 1.000436
1332.705545 1.000232
1332.706933 1.000175
1332.708322 1.000314
1332.709711 1.000316
1332.711100 1.000140
1332.712489 0.999640
1332.713878 1.000126
1332.715267 1.000269
1332.716656 1.000153
1332.718044 0.999903
1332.719433 0.999621
1332.720822 1.000315
1332.722211 0.999620
1332.723600 1.000498
1332.724989 1.000251
1332.726378 1.000175
1332.727767 1.000138
1332.729155 0.999821
1332.730544 0.999495
1332.731933 0.999944
1332.733322 0.999712
1332.734711 0.999733
1332.736100 0.999612
1332.737489 0.999973
1332.738878 0.999946
1332.740267 1.000049
1332.741655 0.999791
1332.743044 0.998998
1332.744433 1.000247
1332.745822 0.999892
1332.747211 0.999502
1332.749989 0.999744
1332.751378 0.998980
1332.752766 1.000788
1332.754155 1.000183
1332.755544 1.000277
1332.756933 1.000261
1332.758322 0.999711
1332.759711 1.000901
1332.761100 0.999821
1332.762489 0.999568
1332.763877 1.000035
1332.765266 1.000409
1332.766655 0.999765
1332.768044 1.000388
1332.769433 0.999343
1332.770822 0.999888
1332.772211 0.999642
1332.773600 0.999944
1332.774989 0.999212
1332.776377 0.999951
1332.777766 1.000219
1332.779155 1.000066
1332.780544 0.999971
1332.781933 1.000090
1332.783322 0.999993
1332.784711 0.999846
1332.786100 0.999459
1332.787488 0.999770
1332.788877 0.999739
1332.790266 1.000162
1332.791655 0.999784
1332.793044 0.999200
1332.794433 0.999937
1332.795822 0.999751
1332.797211 0.999390
1332.798600 0.999455
1332.799988 0.999271
1332.801377 0.999209
1332.802766 0.999227
1332.809711 0.999665
1332.811099 0.998923
1332.812488 1.000044
1332.813877 0.999356
1332.815266 0.999194
1332.816655 0.999240
1332.818044 0.999132
1332.819433 0.999351
1332.820822 0.998762
1332.822210 0.999469
1332.823599 0.999837
1332.824988 0.999330
1332.826377 0.999463
1332.827766 0.999725
1332.829155 0.999014
1332.830544 0.998827
1332.831933 0.999581
1332.833322 0.999181
1332.856932 1.000521
1332.858321 1.000702
1332.859710 1.000885
1332.861099 0.999832
1332.862488 1.000486
1332.863877 1.000443
1332.865266 1.000644
1332.866655 1.000759
1332.868044 1.000914
1332.869432 1.001220
1332.870821 1.001429
1332.872210 1.000599
1332.873599 1.000889
1332.874988 1.000961
1332.876377 1.000916
1332.877766 1.000872
1332.879155 1.000619
1332.880543 1.000552
1332.881932 1.000762
1332.883321 1.000755
1332.884710 1.000734
1332.886099 1.000594
1332.887488 1.000437
1332.888877 1.000407
1332.890266 1.000491
1332.891654 1.000165
1332.893043 1.000155
1332.894432 1.000569
1332.895821 1.000257
1332.897210 1.000380
1332.898599 1.000648
1332.899988 1.000123
1332.901377 1.000733
1332.902766 1.000469
1332.904154 1.000138
1332.905543 0.999865
1332.906932 1.000458
1332.908321 1.000224
1332.909710 1.000254
1332.911099 1.000126
1332.912488 1.000168
1332.913877 0.999992
1332.915265 1.000007
1332.916654 1.000256
1332.918043 1.000254
1332.919432 0.999956
1332.920821 1.000444
1332.922210 0.999786
1332.923599 0.999933
1332.924988 0.999773
1332.926376 0.999754
1332.927765 0.999966
1332.929154 0.999933
1332.930543 0.999783
1332.931932 0.999808
1332.933321 1.000053
1332.934710 0.999574
1332.936099 0.999792
1332.937488 0.999342
1332.938876 0.999759
1332.940265 0.999672
1332.941654 0.999519
1332.943043 0.999932
1332.944432 0.999475
1332.945821 0.999596
1332.947210 0.999688
1332.948599 0.999665
1332.949987 0.999288
1332.951376 0.999897
1332.952765 1.000015
1332.954154 0.999731
1332.955543 0.999902
1332.956932 0.999543
1332.958321 0.999844
1332.959710 0.999409
1332.961098 0.999592
1332.962487 1.000032
1332.963876 0.999861
1332.965265 0.999553
1332.966654 0.999923
1332.968043 0.999596
1332.969432 0.999678
1332.970821 0.999952
1332.972210 1.000313
1332.973598 0.999413
1332.974987 0.999906
1332.976376 1.000041
1332.977765 0.999947
1332.979154 0.999608
1332.980543 0.999967
1332.981932 0.999851
1332.983321 0.999994
1332.984709 0.999776
1332.986098 0.999917
1332.987487 0.999371
1332.988876 1.000306
1332.990265 0.999593
1332.991654 0.999438
1332.993043 1.000007
1332.994432 0.999431
1332.995820 0.999553
1332.997209 0.999658
1332.998598 0.999588
1332.999987 0.999668
1333.001376 0.999843
1333.002765 0.999821
1333.004154 0.999477
1333.005543 0.999958
1333.006932 0.999844
1333.008320 0.999655
1333.009709 0.999711
1333.011098 0.999809
1333.012487 0.999935
1333.013876 0.999656
1333.015265 0.999685
1333.016654 0.999831
1333.018043 1.000088
1333.019431 1.000889
1333.020820 1.001797
1333.022209 1.001603
1333.023598 1.000994
1333.024987 1.000410
1333.026376 1.000850
1333.027765 1.000464
1333.029154 1.000242
1333.030542 1.000565
1333.031931 1.000236
1333.033320 1.000010
1333.034709 1.000150
1333.036098 1.000278
1333.037487 0.999876
1333.038876 0.999813
1333.040265 1.000337
1333.041654 1.000237
1333.043042 1.000080
1333.044431 1.000314
1333.045820 0.999571
1333.047209 1.000514
1333.048598 1.000165
1333.049987 0.999614
1333.051376 1.000414
1333.052765 0.999768
1333.054153 1.000562
1333.055542 1.000454
1333.056931 1.000192
1333.058320 1.000327
1333.059709 1.000034
1333.061098 1.000026
1333.062487 1.000091
1333.063876 1.000539
1333.065264 1.000088
1333.066653 1.000001
1333.068042 0.999829
1333.069431 1.000278
1333.070820 0.999632
1333.072209 1.000271
1333.073598 1.000508
1333.074987 1.000731
1333.076376 0.999718
1333.077764 0.999974
1333.079153 0.999960
1333.080542 0.999669
1333.081931 0.999812
1333.083320 1.000264
1333.084709 1.000212
1333.086098 0.999672
1333.087487 0.999237
1333.088875 0.999728
1333.090264 0.999884
1333.091653 0.999997
1333.093042 1.000076
1333.094431 0.999730
1333.095820 0.999667
1333.097209 0.999852
1333.098598 0.999622
1333.099986 0.999476
1333.101375 1.000171
1333.102764 0.999984
1333.104153 0.999328
1333.105542 0.999656
1333.106931 0.999712
1333.108320 0.999760
1333.109709 0.999864
1333.111098 0.999579
1333.112486 0.999828
1333.113875 1.000315
1333.115264 1.000000
1333.116653 1.000282
1333.118042 1.000012
1333.119431 0.999703
1333.120820 0.999912
1333.122209 0.999830
1333.123597 0.999899
1333.124986 0.999828
1333.126375 0.999764
1333.127764 0.999888
1333.129153 0.999970
1333.130542 0.999804
1333.131931 0.999814
1333.133320 1.000054
1333.134708 0.999966
1333.136097 0.999647
1333.137486 0.999786
1333.138875 0.999665
1333.140264 0.999624
1333.141653 0.999734
1333.143042 0.999924
1333.144431 0.999343
1333.145820 0.999702
1333.147208 0.999331
1333.148597 0.999283
1333.149986 0.999346
1333.151375 0.999671
1333.152764 0.999782
1333.154153 0.999279
1333.155542 0.999358
1333.156931 0.999723
1333.158319 0.999307
1333.159708 0.999513
1333.161097 0.999438
1333.162486 0.999470
1333.163875 0.999487
1333.165264 0.999743
1333.166653 0.999584
1333.168042 1.000395
1333.169430 1.000457
1333.170819 1.001368
1333.172208 1.001233
1333.173597 1.001548
1333.174986 1.001241
1333.176375 1.001093
1333.177764 1.001208
1333.179153 1.000678
1333.180542 1.000942
1333.181930 1.000797
1333.183319 1.000690
1333.184708 1.001458
1333.186097 1.000803
1333.187486 1.000632
1333.188875 1.001208
1333.190264 1.000917
1333.191653 1.001151
1333.193041 1.000969
1333.194430 1.000865
1333.195819 1.000429
1333.197208 0.999986
1333.198597 1.000584
1333.199986 1.000389
1333.201375 1.000309
1333.202764 0.999574
1333.204152 1.000029
1333.205541 1.000298
1333.206930 1.000065
1333.208319 1.000563
1333.209708 1.000133
1333.211097 0.999694
1333.212486 0.999767
1333.213875 0.999462
1333.215264 0.999766
1333.216652 0.999789
1333.218041 0.999744
1333.219430 1.000029
1333.220819 0.999839
1333.222208 0.999650
1333.223597 1.000074
1333.224986 0.999595
1333.226375 0.999944
1333.227763 1.000115
1333.229152 0.999637
1333.230541 0.999948
1333.231930 0.999329
1333.233319 1.000006
1333.234708 0.999830
1333.236097 0.999968
1333.237486 0.999996
1333.238874 0.999265
1333.240263 1.000500
1333.241652 1.000360
1333.243041 0.999658
1333.244430 1.000072
1333.245819 0.999667
1333.247208 1.000040
1333.248597 0.999627
1333.249985 0.999940
1333.251374 0.999777
1333.252763 1.000330
1333.254152 0.999696
1333.255541 0.999536
1333.256930 1.000110
1333.258319 0.999855
1333.259708 0.999892
1333.261096 0.999971
1333.262485 1.000073
1333.263874 0.999473
1333.265263 1.000005
1333.266652 1.000111
1333.268041 0.999748
1333.269430 0.999860
1333.270819 0.999568
1333.272207 0.999457
1333.273596 0.999825
1333.274985 1.000155
1333.276374 1.000397
1333.277763 0.999925
1333.279152 1.000178
1333.280541 1.000050
1333.281930 0.999959
1333.283318 0.999780
1333.284707 0.999801
1333.286096 1.000276
1333.287485 0.999881
1333.288874 0.999429
1333.290263 0.999790
1333.291652 0.999698
1333.293041 1.000050
1333.294429 1.000185
1333.295818 0.999628
1333.297207 0.999939
1333.298596 0.999963
1333.299985 0.999411
1333.301374 1.000234
1333.302763 1.000103
1333.304152 1.000290
1333.305540 1.000159
1333.306929 1.000312
1333.308318 1.000107
1333.309707 1.000188
1333.311096 1.000321
1333.312485 1.000256
1333.313874 1.000051
1333.315263 1.000286
1333.316651 1.000054
1333.318040 1.000252
1333.319429 1.000302
1333.320818 1.000119
1333.322207 1.000102
1333.323596 1.000097
1333.324985 1.000058
1333.326374 1.000551
1333.327762 1.000217
1333.329151 1.000245
1333.330540 1.000251
1333.331929 1.000097
1333.333318 1.000582
1333.334707 0.999977
1333.336096 0.999350
1333.337485 1.000026
1333.338873 0.999963
1333.340262 0.999611
1333.341651 0.999977
1333.343040 0.999245
1333.344429 0.999813
1333.345818 0.999973
1333.347207 0.999646
1333.348595 0.999755
1333.349984 1.000035
1333.351373 1.000025
1333.352762 0.999774
1333.354151 0.999721
1333.355540 0.999383
1333.356929 1.000093
1333.358318 0.999718
1333.359706 0.999756
1333.361095 0.999697
1333.362484 1.000046
1333.363873 0.999816
1333.365262 1.000269
1333.366651 0.999644
1333.368040 0.999946
1333.369429 0.999822
1333.370817 1.000041
1333.372206 1.000181
1333.373595 1.000155
1333.374984 1.000175
1333.376373 1.000183
1333.377762 0.999549
1333.379151 0.999763
1333.380540 0.999664
1333.381928 1.000149
1333.383317 0.999813
1333.384706 0.999910
1333.386095 0.999940
1333.387484 1.000034
1333.388873 1.000141
1333.390262 0.999767
1333.391651 0.999992
1333.393039 0.999861
1333.394428 0.999680
1333.395817 1.000038
1333.397206 0.999395
1333.398595 0.999810
1333.399984 0.999649
1333.401373 0.999603
1333.402762 1.000381
1333.405539 0.999768
1333.406928 1.000010
1333.408317 0.999449
1333.409706 1.000059
1333.411095 0.999674
1333.412484 0.999442
1333.413873 1.000024
1333.415261 0.999789
1333.418039 1.000306
1333.419428 0.999615
1333.420817 1.000407
1333.422206 0.999814
1333.423595 1.000211
1333.424984 1.000022
1333.426372 1.000388
1333.427761 1.000597
1333.429150 1.000040
1333.430539 1.000376
1333.431928 0.999948
1333.433317 1.000240
1333.434706 0.999814
1333.436095 0.999942
1333.437483 1.000326
1333.438872 0.999865
1333.440261 0.999857
1333.441650 0.999463
1333.443039 1.000425
1333.444428 1.000555
1333.445817 1.000478
1333.447206 0.999920
1333.448594 1.000318
1333.449983 0.999836
1333.451372 1.000094
1333.452761 0.999922
1333.454150 1.000282
1333.455539 1.000110
1333.456928 1.000105
1333.458317 0.999902
1333.459705 1.000151
1333.461094 1.000270
1333.462483 0.999903
1333.463872 1.000214
1333.465261 0.999883
1333.466650 0.999890
1333.468039 0.999994
1333.469427 1.000119
1333.470816 1.000012
1333.472205 1.000296
1333.473594 0.999834
1333.474983 1.000138
1333.476372 0.999769
1333.477761 1.000410
1333.479150 1.000423
1333.480538 1.000395
1333.481927 0.999774
1333.483316 1.000322
1333.484705 1.000068
1333.486094 1.000429
1333.487483 1.000170
1333.488872 1.000165
1333.490261 0.999799
1333.491649 1.000171
1333.493038 1.000168
1333.494427 1.000006
1333.495816 1.000062
1333.497205 0.999711
1333.498594 1.000231
1333.499983 0.999496
1333.501372 0.999577
1333.502760 0.999964
1333.504149 0.999778
1333.505538 0.999983
1333.506927 0.999618
1333.508316 0.999896
1333.509705 1.000553
1333.511094 1.000126
1333.512483 0.999943
1333.513871 0.999964
1333.515260 0.999777
1333.516649 0.999753
1333.518038 0.999613
1333.519427 0.999708
1333.520816 0.999999
1333.522205 0.999447
1333.523594 0.999517
1333.524982 1.000140
1333.526371 0.999844
1333.527760 0.999944
1333.529149 1.000182
1333.530538 0.999696
1333.531927 0.999714
1333.533316 0.999306
1333.534705 1.000229
1333.536093 0.999705
1333.537482 0.999460
1333.538871 1.000567
1333.540260 0.999215
1333.541649 0.999071
1333.543038 1.000174
1333.544427 1.000104
1333.545816 0.999410
1333.547204 0.999650
1333.548593 1.000324
1333.549982 0.999685
1333.551371 1.000216
1333.552760 1.000067
1333.554149 1.000219
1333.555538 0.999670
1333.556927 0.999609
1333.558315 1.000712
1333.559704 0.999856
1333.561093 1.000163
1333.562482 1.000694
1333.563871 1.000118
1333.565260 1.000399
1333.566649 1.000548
1333.568037 0.999895
1333.569426 1.000258
1333.570815 0.999924
1333.572204 1.000106
1333.573593 1.000054
1333.574982 1.000193
1333.576371 0.999755
1333.577760 1.000208
1333.579148 1.000050
1333.580537 0.999755
1333.581926 1.000197
1333.583315 0.999869
1333.584704 0.999597
1333.586093 1.000209
1333.587482 1.000494
1333.588871 1.000647
1333.590259 0.999909
1333.591648 0.999926
1333.593037 1.000387
1333.594426 0.999945
1333.595815 0.999850
1333.597204 1.000487
1333.598593 1.000381
1333.599982 1.000227
1333.601370 1.000192
1333.602759 0.999787
1333.604148 1.000131
1333.605537 1.000045
1333.606926 1.000147
1333.608315 0.999741
1333.609704 0.999524
1333.611093 0.999914
1333.612481 1.000103
1333.613870 0.999828
1333.615259 0.999843
1333.616648 0.999936
1333.618037 0.999888
1333.619426 1.000100
1333.620815 1.000147
1333.622204 0.999496
1333.623592 1.000003
1333.624981 1.000119
1333.626370 0.999864
1333.627759 1.000053
1333.629148 1.000480
1333.630537 0.999435
1333.631926 1.000101
1333.633315 0.999755
1333.634703 1.000444
1333.636092 0.999466
1333.637481 1.000535
1333.638870 0.999899
1333.640259 1.000445
1333.641648 0.999908
1333.643037 0.999590
1333.644426 1.000102
1333.645814 0.999995
1333.647203 0.999705
1333.648592 0.999772
1333.649981 1.000098
1333.651370 0.999985
1333.652759 1.000338
1333.654148 0.999932
1333.655537 0.999915
1333.656925 0.999635
1333.658314 1.000157
1333.659703 0.999606
1333.661092 0.999908
1333.662481 1.000004
1333.663870 1.000001
1333.665259 0.999819
1333.666647 0.999366
1333.668036 1.000130
1333.669425 1.000508
1333.670814 1.000912
1333.672203 1.000214
1333.673592 1.000226
1333.674981 0.999781
1333.676370 1.000126
1333.677758 1.000184
1333.679147 0.999784
1333.680536 1.000295
1333.681925 0.999585
1333.683314 1.000099
1333.684703 1.000167
1333.686092 0.999589
1333.687481 0.999933
1333.688869 0.999968
1333.690258 1.000037
1333.691647 1.000509
1333.693036 1.000038
1333.694425 0.999997
1333.695814 1.000040
1333.697203 0.999890
1333.698592 1.000102
1333.699980 0.999276
1333.701369 0.999746
1333.702758 0.999632
1333.704147 0.999781
1333.705536 1.000468
1333.706925 0.999335
1333.708314 1.000113
1333.709703 1.000057
1333.711091 0.999535
1333.712480 1.000280
1333.713869 0.999810
1333.715258 1.000401
1333.716647 0.999457
1333.718036 0.999604
1333.719425 1.000154
1333.720814 0.999666
1333.722202 0.999972
1333.723591 0.999703
1333.724980 0.999939
1333.726369 0.999741
1333.727758 0.999597
1333.729147 0.999999
1333.730536 0.999316
1333.731925 0.999642
1333.733313 1.000093
1333.734702 0.999287
1333.736091 0.999860
1333.737480 1.000266
1333.738869 0.999671
1333.740258 0.999168
1333.741647 0.999991
1333.743036 0.999530
1333.744424 0.999950
1333.745813 0.998990
1333.747202 1.000027
1333.748591 1.000013
1333.749980 1.000086
1333.751369 0.999846
1333.752758 1.000367
1333.754147 1.000271
1333.755535 1.000201
1333.756924 1.000328
1333.758313 1.000270
1333.759702 0.999872
1333.761091 1.000280
1333.762480 0.999889
1333.763869 1.000381
1333.765257 0.999985
1333.766646 1.000484
1333.768035 1.000102
1333.769424 1.000150
1333.770813 0.999969
1333.772202 1.000238
1333.773591 0.999394
1333.774980 1.000306
1333.776368 1.000471
1333.777757 1.000269
1333.779146 0.999835
1333.780535 1.000224
1333.781924 0.999452
1333.783313 1.000363
1333.784702 0.999911
1333.786091 1.000147
1333.787479 0.999262
1333.788868 1.000649
1333.790257 1.000334
1333.791646 1.000429
1333.793035 1.000251
1333.794424 1.000535
1333.795813 1.000300
1333.797202 1.000431
1333.798590 1.000186
1333.799979 1.000555
1333.801368 1.000447
1333.802757 1.000925
1333.804146 0.999584
1333.805535 1.000815
1333.806924 1.000273
1333.808313 1.000175
1333.809701 1.000368
1333.811090 1.000210
1333.812479 1.000185
1333.813868 1.000241
1333.815257 0.999834
1333.816646 1.000455
1333.818035 0.999537
1333.819424 1.000029
1333.820812 1.000240
1333.822201 1.000220
1333.823590 1.000273
1333.824979 0.999875
1333.826368 1.000142
1333.827757 0.999925
1333.829146 1.000555
1333.830535 1.000307
1333.831923 0.999193
1333.833312 0.999963
1333.834701 0.999533
1333.836090 1.000013
1333.837479 0.999859
1333.838868 0.999936
1333.840257 0.999784
1333.841646 0.999447
1333.843034 0.999412
1333.844423 0.999979
1333.845812 0.999862
1333.847201 0.999488
1333.848590 0.999674
1333.849979 0.999512
1333.851368 0.999617
1333.852756 0.999683
1333.854145 0.999865
1333.855534 0.999326
1333.856923 0.999116
1333.858312 0.999352
1333.859701 0.998988
1333.861090 0.999408
1333.862479 0.999307
1333.863867 0.999594
1333.865256 0.999393
1333.866645 0.999087
1333.868034 0.999210
1333.869423 0.999704
1333.870812 0.999271
1333.872201 0.999939
1333.873590 0.999312
1333.874978 0.999399
1333.876367 0.999876
1333.877756 1.000218
1333.879145 1.001298
1333.880534 1.000362
1333.881923 1.002509
1333.883312 1.003742
1333.884701 1.007376
1333.886089 1.010144
1333.887478 1.013468
1333.888867 1.016454
1333.890256 1.017988
1333.891645 1.017268
1333.893034 1.016064
1333.894423 1.015514
1333.895812 1.015097
1333.897200 1.013786
1333.898589 1.012685
1333.899978 1.012466
1333.901367 1.011362
1333.902756 1.011024
1333.904145 1.008790
1333.905534 1.008630
1333.906923 1.007842
1333.908311 1.006985
1333.909700 1.006342
1333.911089 1.005784
1333.912478 1.005241
1333.913867 1.004969
1333.915256 1.004461
1333.916645 1.003721
1333.918034 1.003557
1333.919422 1.002633
1333.920811 1.002739
1333.922200 1.002545
1333.923589 1.002513
1333.924978 1.002288
1333.926367 1.002106
1333.927756 1.001614
1333.929144 1.001746
1333.930533 1.001951
1333.931922 1.001541
1333.933311 1.001475
1333.934700 1.001590
1333.936089 1.000844
1333.937478 1.001571
1333.938867 1.000679
1333.940255 1.001157
1333.941644 1.000995
1333.943033 1.001100
1333.944422 1.001298
1333.945811 1.000433
1333.948589 1.001518
1333.949978 1.001205
1333.951366 1.001151
1333.952755 1.000747
1333.954144 1.001452
1333.955533 1.001398
1333.956922 1.001556
1333.958311 1.001173
1333.959700 1.000985
1333.961089 1.001139
1333.962477 1.001150
1333.963866 1.001616
1333.965255 1.001062
1333.966644 1.001251
1333.968033 1.001175
1333.969422 1.000820
1333.970811 1.000566
1333.972200 1.000839
1333.973588 1.001027
1333.974977 1.000433
1333.976366 1.000998
1333.977755 1.000298
1333.979144 1.000829
1333.980533 1.000214
1333.981922 1.000887
1333.983311 1.000598
1333.984699 1.000508
1333.986088 1.000441
1333.987477 1.001130
1333.988866 1.000417
1333.990255 1.000999
1333.991644 1.000090
1333.993033 1.000204
1333.994422 1.001064
1333.995810 1.000634
1333.997199 1.000316
1333.998588 1.000460
1333.999977 1.000193
1334.001366 1.000419
1334.002755 1.000480
1334.004144 1.000145
1334.005532 1.000979
1334.006921 1.000430
1334.008310 1.000209
1334.009699 1.000140
1334.011088 1.000040
1334.012477 1.000206
1334.013866 0.999986
1334.015255 0.999896
1334.016643 1.000158
1334.018032 1.000411
1334.019421 0.999813
1334.020810 1.000020
1334.022199 0.999767
1334.023588 1.000276
1334.024977 0.999668
1334.026366 0.999879
1334.027754 1.000251
1334.029143 0.999551
1334.030532 0.999860
1334.031921 1.000362
1334.033310 0.999361
1334.034699 1.000682
1334.036088 0.999773
1334.037477 1.000287
1334.038865 0.999775
1334.040254 0.999856
1334.041643 1.000210
1334.043032 0.999527
1334.044421 1.000103
1334.045810 1.000095
1334.047199 0.999531
1334.048588 0.999800
1334.049976 0.999920
1334.051365 0.999688
1334.052754 0.999978
1334.054143 0.999735
1334.055532 0.999393
1334.056921 0.999635
1334.058310 0.999623
1334.059699 0.999862
1334.061087 1.000271
1334.062476 0.999872
1334.063865 0.999846
1334.065254 1.000245
1334.066643 0.999856
1334.068032 0.999894
1334.069421 0.999101
1334.070810 0.999969
1334.072198 0.999771
1334.073587 0.999852
1334.074976 0.999789
1334.076365 0.999998
1334.077754 0.999844
1334.079143 0.999566
1334.080532 0.999960
1334.081920 0.999777
1334.083309 1.000086
1334.084698 1.000137
1334.086087 0.999780
1334.087476 0.999356
1334.088865 1.000039
1334.090254 0.999917
1334.091643 1.000103
1334.093031 1.000710
1334.094420 1.000098
1334.095809 1.000061
1334.097198 1.000149
1334.098587 0.999897
1334.099976 0.999939
1334.101365 1.000459
1334.102754 1.000230
1334.104142 1.000743
1334.105531 1.000452
1334.106920 1.000213
1334.108309 1.000106
1334.109698 1.000569
1334.111087 1.000703
1334.112476 1.000833
1334.113865 1.000319
1334.115253 1.000146
1334.116642 1.004089
1334.118031 1.006049
1334.119420 1.006462
1334.120809 1.004970
1334.122198 1.004555
1334.123587 1.003281
1334.124976 1.004136
1334.126364 1.002735
1334.127753 1.002588
1334.129142 1.002175
1334.130531 1.002324
1334.131920 1.001893
1334.133309 1.002034
1334.134698 1.001677
1334.136087 1.001529
1334.137475 1.001210
1334.138864 1.001138
1334.140253 1.001384
1334.141642 1.001088
1334.143031 1.001306
1334.144420 1.000828
1334.145809 1.000655
1334.147197 1.000839
1334.148586 1.000698
1334.149975 1.000756
1334.151364 0.999809
1334.152753 1.000476
1334.154142 1.000599
1334.155531 1.000199
1334.156920 0.999916
1334.158308 1.000371
1334.159697 1.000058
1334.161086 1.000135
1334.162475 1.000381
1334.163864 0.999879
1334.165253 1.000101
1334.166642 1.000067
1334.168031 0.999800
1334.169419 1.000260
1334.170808 0.999528
1334.172197 1.000117
1334.173586 1.000254
1334.174975 1.000098
1334.176364 0.999992
1334.177753 0.999868
1334.179142 0.999805
1334.180530 0.999964
1334.181919 0.999700
1334.183308 0.999891
1334.184697 1.000164
1334.186086 0.999834
1334.187475 1.000239
1334.188864 0.999694
1334.190253 1.000259
1334.191641 1.000484
1334.193030 1.000005
1334.194419 0.999355
1334.195808 0.999485
1334.197197 0.999996
1334.198586 1.000120
1334.199975 1.000043
1334.201364 1.000079
1334.202752 0.999989
1334.204141 1.000285
1334.205530 0.999897
1334.206919 1.000445
1334.208308 0.999983
1334.209697 1.000553
1334.211086 1.000067
1334.212475 1.000241
1334.213863 0.999909
1334.215252 1.000097
1334.216641 1.000360
1334.218030 0.999995
1334.219419 0.999822
1334.220808 1.000348
1334.222197 1.000533
1334.223585 1.000219
1334.224974 0.999729
1334.226363 1.000471
1334.227752 0.999857
1334.229141 1.000249
1334.230530 0.999558
1334.231919 0.999964
1334.233308 0.999640
1334.234696 0.999918
1334.236085 1.000453
1334.237474 0.999939
1334.238863 1.000162
1334.240252 0.999905
1334.241641 0.999896
1334.243030 0.999883
1334.244419 0.999879
1334.245807 1.000080
1334.247196 0.999962
1334.248585 0.999998
1334.249974 0.999870
1334.251363 0.999319
1334.252752 1.000206
1334.254141 0.999850
1334.255530 0.999739
1334.256918 0.999965
1334.258307 1.000037
1334.259696 1.000271
1334.261085 0.999502
1334.262474 1.000072
1334.263863 0.999862
1334.265252 0.999814
1334.266641 0.999789
1334.268029 0.999187
1334.269418 1.000072
1334.270807 0.999968
1334.272196 1.000077
1334.273585 0.999542
1334.274974 0.999984
1334.276363 0.999405
1334.277752 0.999809
1334.279140 1.000075
1334.280529 0.999872
1334.281918 0.999998
1334.283307 0.999861
1334.284696 0.999815
1334.286085 0.999920
1334.287474 1.000473
1334.288862 1.000025
1334.290251 1.000143
1334.291640 1.000296
1334.293029 1.000158
1334.294418 0.999789
1334.295807 1.000165
1334.297196 1.000035
1334.298585 0.999943
1334.299973 1.000419
1334.301362 1.000240
1334.302751 0.999851
1334.305529 0.999890
1334.306918 1.000364
1334.308307 0.999807
1334.309696 0.999989
1334.311084 1.000213
1334.312473 1.000265
1334.313862 0.999686
1334.318029 0.999559
1334.319418 1.000506
1334.320807 0.999979
1334.322195 1.000026
1334.323584 0.999854
1334.324973 1.000299
1334.326362 0.999646
1334.327751 0.999358
1334.329140 0.999637
1334.330529 0.999642
1334.331918 0.999774
1334.333306 0.999586
1334.334695 1.000274
1334.336084 1.000283
1334.337473 1.000105
1334.338862 1.000298
1334.340251 1.000283
1334.341640 1.000073
1334.343029 1.000400
1334.344417 0.999493
1334.345806 1.000346
1334.347195 1.000338
1334.348584 1.000057
1334.349973 1.000091
1334.351362 0.999468
1334.352751 1.000550
1334.354139 0.999470
1334.356917 0.999532
1334.358306 0.999892
1334.359695 0.999989
1334.361084 1.000087
1334.362473 0.999819
1334.363862 1.000011
1334.365250 1.000208
1334.366639 0.999785
1334.368028 1.000266
1334.369417 0.999989
1334.370806 1.000467
1334.372195 1.000157
1334.373584 0.999974
1334.374973 1.000807
1334.376361 1.002080
1334.377750 1.002397
1334.379139 1.001370
1334.380528 1.000397
1334.381917 1.000848
1334.383306 1.000762
1334.384695 0.999880
1334.386084 1.000675
1334.387472 1.000430
1334.388861 1.000734
1334.390250 1.000397
1334.391639 1.000715
1334.393028 1.000742
1334.394417 1.001285
1334.395806 1.000789
1334.397195 1.000148
1334.398583 1.000367
1334.399972 1.000110
1334.401361 1.000289
1334.402750 0.999792
1334.404139 1.000516
1334.405528 1.000646
1334.406917 1.000092
1334.408305 1.000051
1334.409694 1.000119
1334.411083 0.999605
1334.412472 0.999547
1334.413861 1.000211
1334.415250 0.999939
1334.416639 1.000155
1334.418028 0.999741
1334.419416 0.999972
1334.420805 0.999250
1334.422194 0.999957
1334.423583 0.999526
1334.424972 0.999090
1334.426361 0.999278
1334.427750 0.999552
1334.429139 0.999685
1334.430527 0.999682
1334.431916 0.999229
1334.433305 1.000188
1334.434694 0.999849
1334.436083 0.999470
1334.437472 0.999755
1334.438861 0.999495
1334.440250 0.999478
1334.441638 0.999847
1334.443027 0.999768
1334.444416 0.999912
1334.445805 0.999802
1334.447194 0.999518
1334.448583 1.000047
1334.449972 0.999752
1334.451361 0.999639
1334.452749 1.000500
1334.454138 1.000045
1334.455527 0.999745
1334.456916 0.999807
1334.458305 0.999910
1334.459694 1.000107
1334.461083 0.999988
1334.462472 1.000698
1334.463860 0.999862
1334.465249 1.000274
1334.466638 0.999656
1334.468027 1.000618
1334.469416 1.000122
1334.470805 1.000667
1334.472194 1.000133
1334.473582 1.000606
1334.474971 1.000392
1334.476360 1.000280
1334.477749 0.999808
1334.479138 1.000774
1334.480527 1.000208
1334.481916 1.000492
1334.483305 1.000224
1334.484693 1.000190
1334.486082 1.000419
1334.487471 0.999877
1334.488860 0.999885
1334.490249 0.999926
1334.491638 0.999989
1334.493027 1.000427
1334.494416 1.000263
1334.495804 1.000073
1334.497193 1.000138
1334.498582 1.000157
1334.499971 1.000241
1334.501360 0.999941
1334.502749 1.000070
1334.504138 1.000317
1334.505527 1.000256
1334.506915 0.999843
1334.508304 1.000413
1334.509693 0.999472
1334.511082 0.999963
1334.512471 1.000004
1334.513860 1.000092
1334.515249 0.999970
1334.516638 1.000659
1334.518026 1.000533
1334.519415 1.000009
1334.520804 0.999868
1334.522193 1.000164
1334.523582 1.000224
1334.524971 0.999715
1334.526360 0.999649
1334.527748 0.999912
1334.529137 0.999861
1334.530526 1.000492
1334.531915 0.999971
1334.533304 1.000150
1334.534693 1.000213
1334.536082 0.999887
1334.537471 0.999988
1334.538859 1.000039
1334.540248 1.000128
1334.541637 0.999406
1334.543026 0.999709
1334.544415 0.999876
1334.545804 0.999800
1334.547193 0.999624
1334.548582 0.999859
1334.549970 0.999726
1334.551359 1.000193
1334.552748 0.999996
1334.554137 0.999854
1334.555526 1.000053
1334.556915 0.999676
1334.558304 0.999724
1334.559693 1.000050
1334.561081 0.999894
1334.562470 0.999926
1334.563859 1.000300
1334.565248 0.999284
1334.566637 1.000227
1334.568026 1.000487
1334.569415 1.000595
1334.570804 1.000041
1334.572192 1.000071
1334.573581 0.999713
1334.574970 1.000145
1334.576359 0.999693
1334.577748 0.999581
1334.579137 0.999875
1334.580526 0.999203
1334.581915 0.999790
1334.583303 0.999720
1334.584692 0.999651
1334.586081 0.999544
1334.587470 0.999950
1334.588859 0.999357
1334.590248 1.000089
1334.591637 0.999796
1334.593025 0.999392
1334.594414 1.000343
1334.595803 1.000022
1334.597192 1.000135
1334.598581 0.999835
1334.599970 0.999831
1334.601359 0.999881
1334.602748 1.000048
1334.604136 0.999651
1334.605525 0.999849
1334.606914 0.999362
1334.609692 0.999124
1334.611081 0.999600
1334.612470 1.000213
1334.613859 0.999789
1334.615247 1.001257
1334.616636 1.001290
1334.618025 1.000802
1334.619414 1.000987
1334.620803 1.000541
1334.622192 1.001172
1334.623581 1.000258
1334.624970 1.000199
1334.626358 1.000604
1334.627747 1.000445
1334.629136 1.000212
1334.630525 1.000066
1334.631914 1.000518
1334.633303 1.000503
1334.634692 1.000462
1334.636081 1.000329
1334.637469 1.000873
1334.638858 1.000424
1334.640247 1.000733
1334.641636 1.000462
1334.643025 1.000401
1334.644414 1.000257
1334.645803 1.000294
1334.647191 0.999637
1334.648580 1.000212
1334.649969 1.000601
1334.651358 1.000462
1334.652747 0.999823
1334.654136 1.000040
1334.655525 0.999826
1334.656914 1.000177
1334.658302 1.000358
1334.659691 1.000103
1334.661080 1.000411
1334.662469 1.000255
1334.663858 1.000309
1334.665247 0.999813
1334.666636 0.999558
1334.668025 1.000263
1334.669413 0.999933
1334.670802 0.999968
1334.672191 0.999656
1334.673580 1.000288
1334.674969 0.999442
1334.676358 1.000188
1334.677747 1.000054
1334.679136 1.000053
1334.680524 0.999898
1334.681913 0.999920
1334.683302 1.000220
1334.686080 0.999746
1334.687469 1.000075
1334.688858 0.999654
1334.690247 1.000205
1334.691635 0.999805
1334.693024 0.999692
1334.694413 0.999975
1334.695802 0.999554
1334.697191 0.999633
1334.698580 1.000314
1334.699969 0.999321
1334.701357 1.000648
1334.702746 0.999696
1334.704135 0.999719
1334.705524 1.000068
1334.706913 0.999649
1334.708302 0.999985
1334.709691 0.999815
1334.711080 1.000041
1334.712468 0.999615
1334.713857 1.000039
1334.715246 0.999614
1334.716635 0.999485
1334.718024 0.999795
1334.719413 0.999880
1334.720802 0.999370
1334.722191 0.999946
1334.723579 1.000336
1334.724968 1.000178
1334.726357 0.999880
1334.727746 1.000360
1334.729135 1.000038
1334.730524 0.999989
1334.731913 0.999922
1334.733302 0.999883
1334.734690 1.000325
1334.736079 1.000518
1334.737468 0.999885
1334.738857 1.000240
1334.740246 1.000057
1334.741635 0.999799
1334.743024 1.000091
1334.744413 1.000322
1334.745801 1.000259
1334.747190 1.000207
1334.748579 0.999613
1334.749968 1.000108
1334.751357 1.000134
1334.752746 1.000080
1334.754135 1.000472
1334.755523 0.999807
1334.756912 0.999401
1334.758301 0.999622
1334.759690 0.999821
1334.761079 1.000184
1334.762468 1.000053
1334.763857 1.000142
1334.765246 1.000093
1334.766634 0.999688
1334.768023 1.000256
1334.769412 0.999466
1334.770801 1.000100
1334.772190 1.000189
1334.773579 0.999678
1334.774968 0.999686
1334.776357 0.999801
1334.777745 1.000028
1334.779134 0.999945
1334.780523 0.999654
1334.781912 1.000008
1334.783301 1.000226
1334.784690 0.999803
1334.786079 1.000012
1334.787468 0.999736
1334.788856 0.999615
1334.790245 1.000486
1334.791634 1.000197
1334.793023 0.999789
1334.794412 1.000083
1334.795801 0.999761
1334.797190 0.999862
1334.798578 0.999759
1334.799967 0.999939
1334.801356 1.000685
1334.802745 1.000586
1334.804134 1.000504
1334.805523 1.000324
1334.806912 1.000415
1334.808301 0.999832
1334.809689 1.000454
1334.811078 1.000131
1334.812467 0.999750
1334.813856 1.000251
1334.815245 1.000420
1334.816634 1.000413
1334.818023 0.999294
1334.819412 1.000609
1334.820800 1.000045
1334.822189 0.999963
1334.823578 1.000041
1334.824967 1.000054
1334.826356 0.999758
1334.827745 1.000021
1334.829134 0.999845
1334.830523 0.999997
1334.831911 1.000475
1334.833300 0.999598
1334.834689 0.999591
1334.836078 0.999969
1334.837467 1.000100
1334.838856 1.000374
1334.840245 1.000064
1334.841634 1.000237
1334.843022 1.000877
1334.844411 0.999770
1334.845800 0.999876
1334.847189 1.000343
1334.848578 0.999969
1334.849967 0.999835
1334.851356 0.999736
1334.852744 0.999763
1334.854133 1.000413
1334.855522 0.999864
1334.856911 0.999836
1334.858300 0.999797
1334.859689 0.999811
1334.861078 0.999320
1334.862467 0.999419
1334.863855 0.999585
1334.865244 0.999631
1334.866633 1.000691
1334.868022 1.000446
1334.869411 1.000844
1334.870800 0.999775
1334.872189 1.000565
1334.873578 1.000149
1334.874966 1.000504
1334.876355 1.000504
1334.877744 1.000100
1334.879133 1.000394
1334.880522 0.999915
1334.881911 1.000204
1334.883300 1.000239
1334.884689 1.000903
1334.886077 0.999762
1334.887466 1.000581
1334.888855 0.999935
1334.890244 0.999200
1334.891633 1.000430
1334.893022 1.000099
1334.894411 1.000129
1334.895800 0.999644
1334.897188 0.999979
1334.898577 0.999672
1334.899966 1.000111
1334.901355 0.999464
1334.902744 1.000248
1334.904133 0.999889
1334.905522 0.999638
1334.906910 0.999757
1334.908299 0.999645
1334.909688 0.999820
1334.911077 1.000386
1334.912466 0.999036
1334.913855 1.000391
1334.915244 0.999692
1334.916633 0.999991
1334.918021 1.000104
1334.919410 0.999908
1334.920799 1.000020
1334.922188 0.999942
1334.923577 0.999962
1334.924966 1.000237
1334.926355 0.999471
1334.927744 0.999703
1334.930521 1.000208
1334.931910 1.000188
1334.933299 1.000352
1334.934688 0.999958
1334.936077 1.000495
1334.937466 0.999907
1334.938855 1.000128
1334.940243 1.000346
1334.941632 0.999805
1334.943021 0.999622
1334.944410 1.000327
1334.945799 1.000362
1334.947188 0.999774
1334.948577 1.000166
1334.949965 1.000152
1334.951354 0.999633
1334.952743 1.000105
1334.954132 0.999710
1334.955521 1.000203
1334.956910 1.000046
1334.958299 0.999526
1334.959688 0.999711
1334.961076 0.999751
1334.962465 1.000409
1334.963854 0.999925
1334.965243 0.999674
1334.966632 1.000408
1334.968021 0.999866
1334.969410 0.999596
1334.970799 0.999805
1334.972187 0.999142
1334.973576 1.000230
1334.974965 0.999874
1334.979132 1.000104
1334.980521 1.000143
1334.981910 1.000485
1334.983298 0.999788
1334.984687 1.000398
1334.986076 1.000555
1334.995798 1.000033
1335.008298 0.999731
1335.009687 0.999354
1335.011076 0.999857
1335.012465 0.999932
1335.013854 1.000269
1335.015242 1.000432
1335.016631 1.000937
1335.018020 1.000319
1335.029131 0.999250
1335.030520 1.000305
1335.031909 1.000005
1335.033298 1.000340
1335.034687 1.000084
1335.036076 1.000124
1335.037464 1.000565
1335.038853 1.000610
1335.040242 1.000066
1335.041631 1.000059
1335.043020 0.999742
1335.044409 1.000417
1335.045798 1.000092
1335.048575 0.999595
1335.049964 0.999546
1335.051353 0.999858
1335.052742 0.999651
1335.054131 0.999929
1335.055520 0.999821
1335.056909 0.999737
1335.058297 0.999685
1335.059686 0.999789
1335.061075 1.000069
1335.062464 0.999617
1335.063853 0.999827
1335.065242 1.000058
1335.066631 1.000128
1335.068020 0.999930
1335.069408 0.999616
1335.070797 0.999774
1335.072186 1.000188
1335.073575 1.000209
1335.074964 0.999796
1335.076353 1.000473
1335.077742 0.999953
1335.079131 1.000333
1335.080519 0.999860
1335.081908 1.000145
1335.083297 0.999574
1335.084686 0.999778
1335.086075 1.000301
1335.087464 1.000153
1335.088853 0.999866
1335.090242 1.000121
1335.091630 0.999951
1335.093019 1.000023
1335.094408 0.999267
1335.095797 1.000259
1335.097186 1.000087
1335.098575 1.000299
1335.099964 0.999778
1335.101352 1.000452
1335.102741 0.999662
1335.104130 1.000437
1335.105519 0.999837
1335.106908 1.000038
1335.108297 0.999987
1335.109686 1.000963
1335.111075 1.003904
1335.112463 1.010809
1335.113852 1.022913
1335.115241 1.032851
1335.116630 1.033659
1335.118019 1.034502
1335.119408 1.034159
1335.120797 1.025205
1335.122186 1.021830
1335.123574 1.019752
1335.124963 1.019400
1335.126352 1.019762
1335.127741 1.022368
1335.129130 1.023105
1335.130519 1.021966
1335.131908 1.020932
1335.133297 1.016897
1335.134685 1.014589
1335.136074 1.013910
1335.137463 1.012500
1335.138852 1.011591
1335.140241 1.010557
1335.141630 1.010730
1335.143019 1.010135
1335.144407 1.009941
1335.145796 1.009451
1335.147185 1.010431
1335.148574 1.009660
1335.151352 1.009926
1335.152741 1.008941
1335.154130 1.009803
1335.155518 1.010085
1335.158296 1.008976
1335.159685 1.009256
1335.161074 1.008460
1335.162463 1.008752
1335.163852 1.008422
1335.165241 1.007915
1335.166629 1.007289
1335.168018 1.007252
1335.169407 1.007037
1335.170796 1.007365
1335.172185 1.006657
1335.173574 1.006397
1335.174963 1.006059
1335.176352 1.005743
1335.177740 1.005443
1335.179129 1.005762
1335.180518 1.005316
1335.181907 1.004245
1335.183296 1.004819
1335.184685 1.004883
1335.186074 1.003990
1335.187462 1.004419
1335.188851 1.004283
1335.190240 1.003938
1335.191629 1.003688
1335.193018 1.003609
1335.194407 1.003871
1335.195796 1.003905
1335.197185 1.003344
1335.198573 1.003107
1335.199962 1.002485
1335.201351 1.003592
1335.202740 1.003868
1335.204129 1.003825
1335.205518 1.003852
1335.206907 1.003685
1335.208296 1.003541
1335.209684 1.003584
1335.211073 1.002743
1335.212462 1.002235
1335.213851 1.002510
1335.215240 1.002658
1335.216629 1.002511
1335.218018 1.001715
1335.219407 1.001960
1335.220795 1.001825
1335.222184 1.001815
1335.223573 1.001298
1335.224962 1.001149
1335.226351 1.001829
1335.227740 1.001728
1335.229129 1.001944
1335.230517 1.001510
1335.231906 1.001153
1335.233295 1.000609
1335.234684 1.000704
1335.236073 1.000653
1335.237462 1.000516
1335.238851 1.000947
1335.240240 1.000437
1335.241628 1.000412
1335.243017 1.000625
1335.244406 0.999903
1335.245795 1.000189
1335.247184 0.999672
1335.248573 1.000190
1335.249962 1.000378
1335.251351 1.000488
1335.252739 0.999141
1335.254128 1.000802
1335.255517 1.000335
1335.256906 1.002253
1335.258295 1.002018
1335.259684 1.001660
1335.261073 1.001027
1335.262462 1.000303
1335.263850 1.000401
1335.265239 1.000868
1335.266628 1.000537
1335.268017 1.000841
1335.269406 1.000533
1335.270795 1.000966
1335.272184 0.999922
1335.273572 1.000151
1335.274961 0.999952
1335.276350 0.999648
1335.277739 0.999998
1335.279128 0.999531
1335.280517 0.999796
1335.281906 0.999213
1335.283295 0.999700
1335.284683 0.998540
1335.286072 0.999125
1335.287461 0.999340
1335.288850 1.000434
1335.290239 1.000628
1335.291628 1.000156
1335.293017 1.000663
1335.294406 1.000275
1335.295794 1.000111
1335.297183 1.000080
1335.298572 0.999551
1335.299961 0.999798
1335.301350 0.999782
1335.302739 0.999294
1335.304128 0.999309
1335.305517 0.999403
1335.306905 0.999632
1335.308294 0.999599
1335.309683 0.999332
1335.311072 0.999371
1335.312461 0.999060
1335.313850 0.999064
1335.315239 0.999532
1335.316627 0.998951
1335.318016 0.998414
1335.319405 0.999221
1335.320794 0.998019
1335.322183 0.999181
1335.323572 0.998241
1335.324961 0.999233
1335.326350 0.998853
1335.327738 0.998794
1335.329127 0.998566
1335.330516 0.998356
1335.331905 0.998483
1335.355516 0.999639
1335.356905 0.999896
1335.358294 0.999851
1335.359682 1.003236
1335.361071 1.030239
1335.362460 1.034012
1335.363849 1.021469
1335.365238 1.016269
1335.366627 1.012874
1335.368016 1.010126
1335.369405 1.009381
1335.370793 1.008570
1335.372182 1.007130
1335.373571 1.005808
1335.374960 1.005693
1335.376349 1.004363
1335.377738 1.004034
1335.379127 1.003228
1335.380516 1.003464
1335.381904 1.002972
1335.383293 1.002863
1335.384682 1.002476
1335.386071 1.002830
1335.387460 1.001798
1335.388849 1.001688
1335.390238 1.001517
1335.391627 1.001583
1335.393015 1.000857
1335.394404 1.001434
1335.395793 1.000740
1335.397182 1.001514
1335.398571 1.000710
1335.399960 1.000528
1335.401349 1.000667
1335.402737 1.000379
1335.404126 1.000690
1335.405515 1.000414
1335.406904 1.000518
1335.408293 1.000568
1335.409682 1.000410
1335.411071 1.000799
1335.412460 1.000549
1335.413848 0.999996
1335.415237 1.000883
1335.416626 1.000124
1335.418015 1.000436
1335.419404 1.000549
1335.422182 0.999746
1335.423571 1.000210
1335.424959 1.000304
1335.426348 0.999806
1335.427737 1.000209
1335.429126 0.999981
1335.430515 1.000214
1335.431904 1.000152
1335.433293 1.000649
1335.434682 1.000432
1335.436070 0.999969
1335.437459 1.000648
1335.438848 1.000280
1335.440237 0.999679
1335.441626 1.000069
1335.443015 1.000038
1335.444404 1.000457
1335.445792 1.000225
1335.447181 0.999962
1335.448570 1.000094
1335.449959 1.000248
1335.451348 0.999861
1335.452737 0.999926
1335.454126 0.999928
1335.455515 0.999642
1335.456903 0.999848
1335.458292 0.999792
1335.459681 0.999859
1335.461070 1.000210
1335.462459 1.000403
1335.463848 0.999869
1335.465237 1.000258
1335.466626 1.000650
1335.468014 1.000364
1335.469403 1.000326
1335.470792 1.000830
1335.472181 1.000404
1335.473570 0.999992
1335.474959 1.000561
1335.476348 1.000268
1335.479125 1.000291
1335.480514 0.999951
1335.481903 1.000017
1335.483292 1.000222
1335.484681 1.000535
1335.486070 1.000614
1335.487459 1.000057
1335.488847 1.000142
1335.490236 1.000223
1335.491625 1.000324
1335.493014 1.000548
1335.494403 0.999923
1335.495792 1.000179
1335.497181 1.000188
1335.498570 1.000347
1335.499958 0.999864
1335.501347 1.000273
1335.502736 0.999775
1335.504125 1.000028
1335.505514 0.999807
1335.506903 0.999644
1335.508292 1.000122
1335.509681 0.999525
1335.511069 1.000607
1335.512458 1.000255
1335.513847 1.000026
1335.515236 1.000049
1335.516625 1.000409
1335.518014 0.999721
1335.519403 1.000139
1335.520792 1.000221
1335.522180 0.999989
1335.523569 0.999744
1335.524958 0.999913
1335.526347 1.000246
1335.527736 0.999772
1335.529125 1.000231
1335.530514 1.000198
1335.531902 1.000241
1335.533291 0.999808
1335.534680 0.999524
1335.536069 0.999907
1335.537458 0.999886
1335.538847 1.000235
1335.540236 0.999870
1335.541625 1.000038
1335.543013 1.000015
1335.544402 1.000199
1335.545791 1.000148
1335.547180 1.000193
1335.548569 0.999939
1335.549958 1.000004
1335.551347 1.000234
1335.552736 1.000444
1335.554124 0.999956
1335.555513 1.000222
1335.556902 1.000442
1335.558291 0.999954
1335.559680 0.999901
1335.561069 0.999832
1335.562458 0.999889
1335.563846 1.000733
1335.565235 1.000041
1335.566624 1.000165
1335.568013 1.000299
1335.569402 1.000059
1335.570791 1.000465
1335.572180 1.000235
1335.573569 0.999776
1335.574957 1.000104
1335.576346 0.999557
1335.577735 0.999784
1335.579124 1.001099
1335.580513 1.000051
1335.581902 1.000233
1335.583291 0.999734
1335.584680 1.000332
1335.586068 0.999884
1335.587457 0.999984
1335.588846 1.000395
1335.591624 0.999817
1335.593013 1.000415
1335.594402 0.999946
1335.595791 0.999377
1335.597179 0.999809
1335.598568 0.999868
1335.599957 1.000081
1335.601346 0.999749
1335.602735 1.000378
1335.604124 1.000047
1335.605513 0.999175
1335.606901 1.000953
1335.608290 1.000067
1335.609679 0.999921
1335.611068 0.999727
1335.612457 0.999919
1335.613846 0.999595
1335.615235 1.000108
1335.616624 0.999700
1335.618012 0.999835
1335.619401 0.999648
1335.620790 0.999683
1335.622179 0.999910
1335.623568 1.000158
1335.624957 1.000027
1335.626346 0.999979
1335.627735 0.999929
1335.629123 0.999432
1335.630512 0.999912
1335.631901 1.000050
1335.633290 0.999777
1335.634679 0.999494
1335.636068 0.999517
1335.637457 0.999766
1335.638846 0.999744
1335.640234 0.999965
1335.641623 1.000078
1335.643012 0.999650
1335.644401 0.999388
1335.645790 0.999736
1335.647179 1.000535
1335.648568 1.000307
1335.651345 0.999876
1335.652734 0.999693
1335.654123 1.000450
1335.655512 0.999724
1335.656901 0.999840
1335.658290 1.000224
1335.659679 0.999640
1335.661067 0.999601
1335.662456 0.999984
1335.663845 0.999725
1335.665234 0.999851
1335.666623 0.999511
1335.668012 1.000144
1335.669401 1.000117
1335.670790 0.999616
1335.672178 0.999835
1335.673567 1.000609
1335.674956 0.999683
1335.676345 1.000286
1335.677734 1.000237
1335.679123 0.999727
1335.680512 1.000038
1335.681900 0.999923
1335.683289 1.000190
1335.684678 1.000094
1335.686067 0.999954
1335.687456 1.000194
1335.688845 0.999925
1335.690234 0.999786
1335.691623 0.999883
1335.693011 1.000207
1335.694400 1.000292
1335.695789 0.999552
1335.697178 1.000268
1335.698567 0.999534
1335.699956 1.000160
1335.701345 1.000039
1335.702734 1.006864
1335.704122 1.008335
1335.705511 1.005528
1335.706900 1.004256
1335.708289 1.002923
1335.709678 1.003261
1335.711067 1.002676
1335.712456 1.003277
1335.713845 1.002720
1335.715233 1.001885
1335.716622 1.001564
1335.718011 1.000750
1335.719400 1.000679
1335.720789 1.000479
1335.722178 1.000722
1335.723567 1.000164
1335.724955 1.000810
1335.726344 1.000536
1335.727733 1.000030
1335.729122 1.000410
1335.730511 1.000154
1335.731900 1.000623
1335.733289 0.999679
1335.734678 1.000044
1335.736066 1.000227
1335.737455 0.999507
1335.738844 0.999861
1335.740233 0.999904
1335.741622 1.000380
1335.743011 1.000046
1335.744400 0.999799
1335.745789 1.000197
1335.747177 0.999815
1335.748566 0.999659
1335.749955 0.999846
1335.751344 0.999664
1335.752733 0.999654
1335.754122 1.000057
1335.755511 0.999984
1335.756900 1.000645
1335.758288 1.000328
1335.759677 1.000334
1335.761066 1.000529
1335.762455 0.999662
1335.763844 1.000331
1335.765233 1.000686
1335.766622 1.000308
1335.768010 1.000218
1335.769399 1.000935
1335.770788 1.000656
1335.772177 1.000090
1335.773566 1.000249
1335.774955 1.000940
1335.776344 0.999808
1335.777733 1.000457
1335.779121 1.000124
1335.780510 0.999791
1335.781899 0.999896
1335.783288 1.000151
1335.784677 0.999787
1335.786066 0.999904
1335.787455 0.999934
1335.788844 0.999693
1335.790232 0.999643
1335.791621 1.000130
1335.793010 1.000112
1335.794399 0.999956
1335.795788 0.999777
1335.797177 1.000080
1335.798566 0.999847
1335.799954 0.999755
1335.801343 0.999548
1335.802732 0.999903
1335.804121 0.999746
1335.805510 0.999476
1335.806899 0.999557
1335.808288 0.999709
1335.809677 0.999812
1335.811065 1.000062
1335.812454 0.999814
1335.813843 1.000006
1335.815232 0.999749
1335.816621 0.999742
1335.818010 0.999625
1335.819399 0.999800
1335.820788 0.999260
1335.822176 1.000598
1335.823565 0.999321
1335.824954 1.000016
1335.826343 0.999814
1335.827732 0.999467
1335.829121 0.999607
1335.830510 0.999590
1335.831899 0.999867
1335.833287 1.000540
1335.834676 0.999682
1335.836065 1.000010
1335.837454 0.999782
1335.838843 0.999727
1335.840232 0.999509
1335.841621 0.999638
1335.843009 1.000166
1335.844398 0.999498
1335.845787 1.000535
1335.847176 1.000092
1335.848565 1.000400
1335.849954 1.000502
1335.851343 1.000347
1335.852732 0.999778
1335.854120 1.001087
1335.855509 0.999823
1335.856898 0.999987
1335.858287 1.000057
1335.859676 1.000370
1335.861065 0.999863
1335.862454 1.000843
1335.863843 0.999984
1335.865231 0.999492
1335.866620 1.000360
1335.868009 1.000576
1335.869398 1.000113
1335.870787 0.999724
1335.872176 1.000086
1335.873565 1.000550
1335.874953 1.000261
1335.876342 1.000185
1335.877731 1.000066
1335.879120 0.999727
1335.880509 1.000412
1335.881898 1.000369
1335.883287 0.999944
1335.884676 1.000339
1335.886064 0.999289
1335.887453 1.000362
1335.888842 1.000164
1335.890231 0.999999
1335.891620 0.999352
1335.893009 0.999925
1335.894398 1.000232
1335.895787 0.999658
1335.897175 0.999972
1335.898564 1.000293
1335.899953 1.000115
1335.901342 1.000218
1335.902731 1.000076
1335.904120 0.999987
1335.905509 1.000143
1335.906898 0.999941
1335.908286 1.000170
1335.909675 1.000011
1335.911064 1.000050
1335.912453 0.999905
1335.913842 1.000129
1335.915231 0.999905
1335.916620 0.999723
1335.918008 0.999750
1335.919397 1.000211
1335.920786 0.999855
1335.922175 1.000085
1335.923564 0.999794
1335.924953 1.000070
1335.926342 0.999688
1335.927731 0.999809
1335.929119 1.000000
1335.930508 1.000142
1335.931897 1.000340
1335.933286 0.999939
1335.934675 1.000016
1335.936064 0.999931
1335.937453 0.999812
1335.938842 0.999991
1335.940230 0.999854
1335.941619 0.999735
1335.943008 1.000250
1335.944397 0.999799
1335.945786 1.000135
1335.947175 0.999651
1335.948564 1.000017
1335.949952 0.999929
1335.951341 1.000343
1335.952730 0.999761
1335.954119 1.000098
1335.955508 0.999793
1335.956897 1.000267
1335.958286 0.999115
1335.959675 1.000163
1335.961063 1.000050
1335.962452 0.999509
1335.963841 0.999596
1335.965230 0.999773
1335.966619 1.000135
1335.968008 0.999505
1335.969397 1.000037
1335.970786 0.999552
1335.972174 0.999905
1335.973563 1.000216
1335.974952 1.000220
1335.976341 0.999666
1335.977730 0.999678
1335.979119 0.999869
1335.980508 1.000385
1335.981896 0.999578
1335.983285 1.000160
1335.984674 0.999919
1335.986063 1.000241
1335.987452 1.000135
1335.988841 0.999845
1335.990230 0.999856
1335.991619 1.000140
1335.993007 1.000303
1335.994396 1.000363
1335.995785 0.999898
1335.997174 1.000287
1335.998563 1.000162
1335.999952 1.000162
1336.001341 0.999867
1336.002730 1.000079
1336.004118 1.000114
1336.005507 1.000409
1336.006896 1.000016
1336.008285 0.999779
1336.009674 0.999762
1336.011063 0.999662
1336.012452 0.999659
1336.013841 0.999924
1336.015229 1.000096
1336.016618 0.999974
1336.018007 0.999932
1336.019396 1.000232
1336.020785 0.999898
1336.022174 1.000382
1336.023563 1.000226
1336.024951 1.000115
1336.026340 0.999630
1336.027729 1.000490
1336.029118 1.000235
1336.030507 0.999856
1336.031896 1.000006
1336.033285 1.000075
1336.034674 0.999939
1336.036062 1.000161
1336.037451 0.999919
1336.038840 1.000168
1336.040229 0.999518
1336.041618 0.999613
1336.043007 1.000194
1336.044396 1.000056
1336.045785 0.999855
1336.047173 0.999764
1336.048562 1.000249
1336.049951 0.999684
1336.051340 1.000239
1336.052729 1.000255
1336.054118 1.000397
1336.055507 0.999991
1336.056895 1.000149
1336.058284 1.000134
1336.059673 1.000257
1336.061062 1.000017
1336.062451 0.999909
1336.063840 1.000033
1336.065229 1.000047
1336.066618 0.999813
1336.068006 1.000151
1336.069395 1.000376
1336.070784 1.000219
1336.072173 1.000159
1336.073562 1.000218
1336.074951 0.999953
1336.076340 1.000106
1336.077729 0.999829
1336.079117 1.000532
1336.080506 1.000094
1336.081895 1.000275
1336.083284 0.999841
1336.084673 0.999703
1336.086062 0.999889
1336.087451 0.999731
1336.088839 0.999949
1336.090228 0.999947
1336.091617 1.000324
1336.093006 1.000051
1336.094395 1.000436
1336.095784 0.999675
1336.097173 0.999721
1336.098562 1.000177
1336.099950 0.999870
1336.101339 0.999932
1336.102728 1.000992
1336.104117 0.999935
1336.105506 1.000192
1336.106895 1.000203
1336.108284 1.000120
1336.109673 0.999953
1336.111061 0.999949
1336.112450 0.999857
1336.113839 1.000099
1336.115228 0.999989
1336.116617 0.999974
1336.118006 0.999718
1336.119395 1.000278
1336.120784 0.999761
1336.122172 0.999926
1336.123561 0.999410
1336.124950 1.000367
1336.126339 0.999546
1336.127728 0.999926
1336.129117 1.000029
1336.130506 0.999735
1336.131894 1.000123
1336.133283 1.000481
1336.134672 0.999191
1336.136061 0.999435
1336.137450 1.000095
1336.138839 0.999667
1336.140228 0.999285
1336.141617 0.999529
1336.143005 0.999785
1336.144394 0.999933
1336.145783 0.999102
1336.147172 1.000254
1336.148561 0.999840
1336.149950 0.999400
1336.151339 0.999644
1336.152728 0.999704
1336.154116 1.000104
1336.155505 0.999936
1336.156894 0.999623
1336.158283 1.000326
1336.159672 0.999773
1336.161061 0.999271
1336.162450 1.000015
1336.163838 0.999649
1336.165227 1.000049
1336.166616 0.999668
1336.168005 1.000088
1336.169394 0.999669
1336.170783 1.000323
1336.172172 0.999757
1336.173561 0.999376
1336.174949 1.000044
1336.176338 0.999764
1336.177727 1.000366
1336.179116 0.999330
1336.180505 1.000191
1336.181894 0.999958
1336.183283 0.998717
1336.184672 1.000098
1336.186060 0.999764
1336.187449 0.999765
1336.188838 0.999874
1336.190227 0.999785
1336.191616 0.999827
1336.193005 1.000097
1336.194394 0.999593
1336.195782 1.000076
1336.197171 1.000516
1336.198560 1.001353
1336.199949 1.000580
1336.201338 1.000350
1336.202727 1.000681
1336.204116 1.000737
1336.205505 1.000504
1336.206893 1.000838
1336.208282 1.000628
1336.209671 1.000497
1336.211060 1.000469
1336.212449 0.999471
1336.213838 1.000067
1336.215227 1.000594
1336.216616 0.999502
1336.218004 0.999942
1336.219393 1.000337
1336.220782 1.000093
1336.222171 1.000304
1336.223560 0.999626
1336.224949 0.999986
1336.226338 0.999689
1336.227726 1.000140
1336.229115 0.999709
1336.230504 1.002678
1336.231893 1.002404
1336.233282 1.002086
1336.234671 1.001918
1336.236060 1.001308
1336.237449 1.000533
1336.238837 1.001404
1336.240226 1.000728
1336.241615 1.000533
1336.243004 1.000513
1336.244393 1.000113
1336.245782 1.000148
1336.247171 1.000573
1336.248560 1.000190
1336.249948 0.999846
1336.251337 0.999950
1336.252726 0.999576
1336.254115 1.000083
1336.255504 1.000117
1336.256893 1.000145
1336.258282 0.999901
1336.259670 1.000309
1336.261059 1.000262
1336.262448 0.999742
1336.263837 1.000367
1336.265226 0.999845
1336.266615 0.999881
1336.268004 1.000347
1336.269393 0.999689
1336.270781 1.000081
1336.272170 1.000601
1336.273559 1.000220
1336.274948 0.999936
1336.276337 1.000336
1336.277726 1.000139
1336.279115 0.999740
1336.280504 1.000010
1336.281892 0.999957
1336.283281 0.999986
1336.284670 0.999618
1336.286059 0.999868
1336.287448 0.999537
1336.288837 0.999932
1336.290226 0.999685
1336.291614 0.999646
1336.293003 1.000108
1336.294392 0.999892
1336.295781 0.999940
1336.297170 1.000229
1336.298559 1.000220
1336.299948 1.000365
1336.301337 0.999707
1336.302725 1.000140
1336.304114 0.999839
1336.305503 1.000972
1336.306892 1.001057
1336.308281 0.999860
1336.309670 1.000464
1336.311059 1.000349
1336.312448 0.999888
1336.313836 1.000313
1336.315225 1.000268
1336.316614 1.000263
1336.318003 1.000287
1336.319392 1.000200
1336.320781 0.999952
1336.322170 0.999949
1336.323559 1.000271
1336.324947 1.000494
1336.326336 0.999711
1336.327725 1.000149
1336.329114 1.000022
1336.330503 1.000136
1336.331892 0.999571
1336.333281 1.000327
1336.334669 1.000774
1336.336058 1.000160
1336.337447 0.999818
1336.338836 0.999555
1336.340225 1.000048
1336.341614 0.999714
1336.343003 1.000252
1336.344392 1.000713
1336.345780 0.999484
1336.347169 1.000289
1336.348558 0.999887
1336.349947 1.000138
1336.351336 0.999589
1336.352725 0.999914
1336.354114 0.999317
1336.355503 0.999831
1336.356891 0.999181
1336.358280 0.999890
1336.359669 0.999763
1336.361058 0.999636
1336.362447 1.000297
1336.363836 0.999858
1336.365225 0.999574
1336.366613 1.000094
1336.368002 1.000018
1336.369391 0.999937
1336.370780 0.999557
1336.372169 1.000172
1336.373558 0.999820
1336.374947 1.000196
1336.376336 0.999797
1336.377724 0.999571
1336.379113 1.000245
1336.380502 0.999706
1336.381891 0.999735
1336.383280 0.999494
1336.384669 1.000059
1336.386058 0.999478
1336.387447 0.999487
1336.388835 0.999468
1336.390224 0.999655
1336.391613 1.000010
1336.393002 0.999350
1336.394391 0.999403
1336.395780 1.000005
1336.397169 0.999372
1336.398557 0.999878
1336.399946 0.999938
1336.401335 1.000057
1336.402724 1.000960
1336.404113 0.999792
1336.405502 1.000245
1336.406891 1.000074
1336.408280 1.000076
1336.409668 0.999863
1336.411057 1.000044
1336.412446 0.999726
1336.413835 0.999916
1336.415224 1.000260
1336.416613 0.999993
1336.418002 1.000032
1336.419391 1.000053
1336.420779 1.000237
1336.422168 0.999886
1336.423557 1.000540
1336.424946 1.000526
1336.426335 1.000159
1336.427724 1.000119
1336.429113 1.000489
1336.430502 0.999866
1336.431890 1.000958
1336.433279 0.999983
1336.434668 1.000098
1336.436057 1.000455
1336.437446 1.000059
1336.438835 1.000030
1336.440224 1.000396
1336.441613 1.000101
1336.443001 1.000093
1336.444390 1.000170
1336.445779 0.999699
1336.447168 0.999938
1336.448557 1.000208
1336.449946 0.999780
1336.451335 1.000036
1336.452723 0.999543
1336.454112 0.999644
1336.455501 0.999739
1336.456890 1.000020
1336.458279 0.999641
1336.459668 0.999390
1336.461057 0.999797
1336.462446 0.999457
1336.463834 1.000036
1336.465223 0.999869
1336.466612 0.999692
1336.468001 1.000581
1336.469390 0.999694
1336.470779 0.999758
1336.472168 1.000146
1336.473557 1.000074
1336.474945 1.000395
1336.476334 1.000294
1336.477723 0.999618
1336.479112 1.000040
1336.480501 1.000370
1336.481890 0.999478
1336.483279 1.000261
1336.484668 1.000040
1336.486056 1.000587
1336.487445 0.999930
1336.488834 1.000227
1336.490223 0.999909
1336.491612 0.999910
1336.493001 1.000030
1336.494390 1.000100
1336.495779 1.000123
1336.497167 0.999436
1336.498556 0.999614
1336.499945 0.999669
1336.501334 0.999887
1336.502723 0.999745
1336.504112 1.000089
1336.505501 0.999641
1336.506890 0.999330
1336.508278 0.999608
1336.509667 0.999593
1336.511056 0.999165
1336.512445 0.999500
1336.513834 1.000717
1336.515223 1.000729
1336.516612 1.000306
1336.518001 1.000343
1336.519389 0.999843
1336.520778 0.999993
1336.522167 1.000121
1336.523556 1.000175
1336.524945 1.000298
1336.526334 1.000041
1336.527723 0.999862
1336.529112 0.999766
1336.530500 0.999692
1336.531889 0.999612
1336.533278 0.999996
1336.534667 0.999969
1336.536056 1.000294
1336.537445 0.999581
1336.538834 1.000258
1336.540223 1.000889
1336.541611 1.001220
1336.543000 1.000749
1336.544389 1.000420
1336.545778 1.000621
1336.547167 1.000290
1336.548556 1.000768
1336.549945 1.000535
1336.551333 1.000169
1336.552722 0.999962
1336.554111 1.000351
1336.555500 1.000096
1336.556889 1.000298
1336.558278 0.999868
1336.559667 1.000026
1336.561056 1.000404
1336.562444 1.000615
1336.563833 0.999993
1336.565222 0.999990
1336.566611 0.999966
1336.568000 1.000519
1336.569389 1.000592
1336.570778 0.999685
1336.572167 0.999876
1336.573555 1.000063
1336.574944 1.000500
1336.576333 0.999707
1336.577722 0.999974
1336.579111 1.000317
1336.580500 1.000004
1336.581889 1.000428
1336.583278 0.999785
1336.584666 0.999804
1336.586055 0.999802
1336.587444 1.000082
1336.588833 0.999418
1336.590222 0.999823
1336.591611 0.999606
1336.593000 0.999834
1336.594389 0.999462
1336.595777 1.000372
1336.597166 1.000370
1336.598555 0.999440
1336.601333 0.999478
1336.602722 0.999723
1336.604111 1.000012
1336.605500 0.999828
1336.606888 0.999866
1336.608277 1.000164
1336.609666 0.999615
1336.611055 0.999827
1336.612444 0.999957
1336.613833 0.999786
1336.615222 0.999509
1336.616611 1.000120
1336.617999 0.999514
1336.619388 0.999967
1336.620777 0.999716
1336.622166 0.999878
1336.623555 0.999260
1336.624944 0.999895
1336.626333 1.000307
1336.627722 1.001006
1336.629110 1.000849
1336.630499 1.000020
1336.631888 1.000370
1336.633277 1.000236
1336.634666 1.000426
1336.636055 1.000114
1336.637444 0.999782
1336.638832 1.000622
1336.640221 1.000083
1336.641610 0.999979
1336.642999 0.999618
1336.644388 0.999780
1336.645777 0.999917
1336.647166 0.999661
1336.648555 1.000363
1336.649943 1.000176
1336.651332 0.999906
1336.652721 1.000290
1336.654110 0.999795
1336.655499 0.999297
1336.656888 1.000342
1336.658277 0.999641
1336.659666 0.999956
1336.661054 0.999991
1336.662443 0.999472
1336.663832 1.000452
1336.665221 1.000336
1336.666610 1.000063
1336.667999 1.000106
1336.669388 1.000828
1336.670777 1.000133
1336.672165 1.000728
1336.673554 0.999911
1336.674943 1.000280
1336.676332 1.000853
1336.677721 1.000235
1336.679110 1.000088
1336.680499 1.000639
1336.681888 1.000073
1336.683276 1.000452
1336.684665 0.999613
1336.686054 1.000961
1336.687443 1.000011
1336.688832 1.000119
1336.690221 1.000154
1336.691610 0.999914
1336.692999 0.999445
1336.694387 1.000210
1336.695776 0.999836
1336.697165 0.999917
1336.698554 1.000011
1336.705498 0.999612
1336.706887 0.999638
1336.708276 0.999799
1336.709665 0.999656
1336.711054 0.999987
1336.712443 1.000547
1336.713832 1.000006
1336.715221 0.999866
1336.716609 0.999882
1336.717998 1.000191
1336.719387 0.999732
1336.720776 0.999751
1336.722165 0.999840
1336.723554 0.999968
1336.724943 0.999699
1336.726331 0.999684
1336.727720 1.000039
1336.729109 0.999948
1336.730498 0.999217
1336.731887 0.999846
1336.733276 1.000066
1336.736054 1.000079
1336.737442 1.000155
1336.738831 0.999861
1336.740220 1.000101
1336.741609 0.999760
1336.742998 1.000055
1336.744387 0.998828
1336.745776 0.999769
1336.747165 1.000116
1336.748553 1.000066
1336.749942 0.999891
1336.751331 1.000419
1336.752720 1.000076
1336.754109 1.000239
1336.755498 0.999881
1336.756887 0.999895
1336.758276 0.999847
1336.759664 1.000476
1336.761053 0.999327
1336.762442 0.999408
1336.763831 1.000052
1336.765220 1.000204
1336.766609 0.999615
1336.767998 1.000723
1336.769387 1.000081
1336.770775 0.999789
1336.772164 1.000296
1336.773553 0.999852
1336.774942 0.999944
1336.776331 1.000353
1336.777720 0.999601
1336.779109 0.999886
1336.780498 1.000005
1336.781886 1.000007
1336.783275 1.000280
1336.784664 0.999864
1336.786053 1.000232
1336.787442 1.000066
1336.788831 0.999712
1336.790220 0.999941
1336.791609 1.000050
1336.792997 0.999622
1336.794386 1.000018
1336.795775 1.000125
1336.797164 0.999927
1336.798553 1.000252
1336.799942 1.000293
1336.801331 1.000112
1336.802720 0.999345
1336.804108 1.000665
1336.805497 0.999958
1336.806886 1.000155
1336.808275 0.999987
1336.809664 1.000150
1336.811053 1.000143
1336.812442 1.000504
1336.813830 1.000283
1336.815219 1.000437
1336.816608 1.000330
1336.817997 0.999372
1336.819386 0.999775
1336.820775 1.000144
1336.822164 0.999945
1336.823553 1.000146
1336.824941 1.000475
1336.826330 1.000210
1336.827719 0.999624
1336.829108 1.000116
1336.830497 1.000500
1336.831886 1.000414
1336.833275 1.000368
1336.834664 0.999808
1336.836052 1.000318
1336.837441 1.000198
1336.838830 1.000519
1336.840219 1.000417
1336.841608 1.000362
1336.842997 1.000847
1336.844386 0.999727
1336.845775 1.000857
1336.847163 0.999845
1336.848552 0.999887
1336.849941 0.999955
1336.851330 0.999998
1336.852719 1.000295
1336.854108 1.000096
1336.855497 0.999770
1336.856886 0.999967
1336.858274 1.000406
1336.859663 0.999685
1336.861052 0.999939
1336.862441 0.999910
1336.863830 1.000047
1336.865219 1.000252
1336.866608 0.999612
1336.867997 0.999775
1336.869385 0.999808
1336.870774 1.000166
1336.872163 0.999699
1336.873552 0.999737
1336.874941 1.000121
1336.876330 0.999805
1336.877719 1.000430
1336.879108 1.000122
1336.880496 0.999633
1336.881885 1.000056
1336.883274 0.999265
1336.884663 0.999254
1336.886052 1.000087
1336.887441 1.000054
1336.888830 0.999760
1336.890218 1.000005
1336.891607 0.999686
1336.892996 0.999632
1336.894385 0.999553
1336.895774 1.000084
1336.897163 0.999941
1336.898552 0.999603
1336.899941 0.999889
1336.901329 0.999996
1336.902718 1.000103
1336.904107 0.999408
1336.905496 0.999728
1336.906885 0.999972
1336.908274 1.000030
1336.909663 1.000150
1336.911052 1.000060
1336.912440 0.999929
1336.913829 0.999817
1336.915218 0.999807
1336.916607 0.999712
1336.917996 1.000259
1336.919385 1.000146
1336.920774 1.000074
1336.922163 0.999741
1336.923551 0.999880
1336.924940 1.000058
1336.926329 1.000056
1336.927718 0.999613
1336.929107 1.000011
1336.930496 0.999816
1336.931885 0.999772
1336.933274 0.999949
1336.934662 0.999845
1336.936051 0.999934
1336.937440 0.999740
1336.938829 1.000157
1336.940218 1.000278
1336.941607 0.999869
1336.942996 1.000058
1336.944385 1.000682
1336.945773 1.000075
1336.947162 1.000211
1336.948551 1.000161
1336.949940 1.000612
1336.951329 1.000891
1336.952718 1.000448
1336.954107 1.000710
1336.955496 1.003898
1336.956884 1.007232
1336.958273 1.008078
1336.959662 1.005896
1336.961051 1.004941
1336.962440 1.003806
1336.963829 1.003192
1336.965218 1.003322
1336.966606 1.002262
1336.967995 1.002017
1336.969384 1.001567
1336.970773 1.001517
1336.972162 1.001718
1336.973551 1.001432
1336.974940 1.000688
1336.976329 1.001322
1336.977717 1.000487
1336.979106 1.000678
1336.980495 1.000983
1336.981884 1.000566
1336.983273 1.000441
1336.984662 1.000938
1336.986051 1.000794
1336.987440 1.000296
1336.988828 0.999975
1336.990217 1.000752
1336.991606 1.000245
1336.992995 0.999695
1336.994384 1.000119
1336.995773 1.000178
1336.997162 0.999858
1336.998551 1.000285
1336.999939 0.999506
1337.001328 1.000143
1337.002717 0.999879
1337.004106 1.000097
1337.005495 0.999693
1337.006884 0.999536
1337.008273 0.999751
1337.009662 0.999835
1337.011050 0.999705
1337.012439 0.999991
1337.013828 0.999568
1337.015217 0.999904
1337.016606 1.000245
1337.017995 1.000308
1337.019384 1.000921
1337.020773 1.002711
1337.022161 1.003066
1337.023550 1.003242
1337.024939 1.003053
1337.026328 1.002863
1337.027717 1.003746
1337.029106 1.004071
1337.030495 1.004525
1337.031883 1.005794
1337.033272 1.008725
1337.034661 1.008401
1337.036050 1.006282
1337.037439 1.005894
1337.038828 1.005063
1337.040217 1.004872
1337.041606 1.004518
1337.042994 1.004109
1337.044383 1.003666
1337.045772 1.003780
1337.047161 1.003655
1337.048550 1.003461
1337.049939 1.002531
1337.051328 1.002986
1337.052717 1.002246
1337.054105 1.002657
1337.055494 1.002313
1337.056883 1.001745
1337.058272 1.001344
1337.059661 1.001949
1337.061050 1.001913
1337.062439 1.001283
1337.063828 1.001234
1337.065216 1.001215
1337.066605 1.001214
1337.067994 1.000922
1337.069383 1.001057
1337.070772 1.000513
1337.072161 1.001162
1337.073550 1.000286
1337.074939 1.000668
1337.076327 1.000512
1337.077716 0.999869
1337.079105 1.000440
1337.080494 0.999812
1337.081883 1.000252
1337.083272 1.000571
1337.084661 1.000083
1337.086050 1.000270
1337.087438 1.000211
1337.088827 0.999935
1337.090216 1.000297
1337.091605 0.999863
1337.092994 0.999491
1337.094383 0.999873
1337.095772 0.999498
1337.097161 0.999673
1337.098549 0.999625
1337.099938 0.999907
1337.101327 0.999903
1337.102716 0.999720
1337.104105 1.000188
1337.105494 0.999447
1337.106883 0.999705
1337.108271 0.999473
1337.109660 0.999331
1337.111049 1.000283
1337.112438 0.999888
1337.113827 0.999828
1337.115216 0.999784
1337.116605 0.999619
1337.117994 0.999514
1337.119382 0.999622
1337.120771 0.999295
1337.122160 0.999818
1337.123549 1.000018
1337.124938 0.999367
1337.126327 0.999785
1337.127716 1.000196
1337.129105 0.999012
1337.130493 0.999267
1337.131882 0.999817
1337.133271 0.999685
1337.134660 0.999309
1337.136049 0.999734
1337.137438 0.999311
1337.138827 1.000230
1337.140216 0.999782
1337.141604 1.000195
1337.142993 0.999846
1337.144382 0.999932
1337.145771 1.000103
1337.147160 0.999780
1337.148549 1.000039
1337.149938 0.999750
1337.151327 0.999844
1337.152715 1.000119
1337.154104 0.999926
1337.155493 0.999678
1337.156882 1.000157
1337.158271 1.000090
1337.159660 0.999804
1337.161049 0.999385
1337.162438 0.999785
1337.163826 1.000101
1337.165215 1.000230
1337.166604 0.999865
1337.167993 0.999889
1337.169382 0.999913
1337.170771 1.000229
1337.172160 1.000439
1337.173548 1.000221
1337.174937 0.999362
1337.176326 1.000046
1337.177715 1.000187
1337.179104 0.999808
1337.180493 1.000606
1337.181882 1.000262
1337.183271 1.000166
1337.184659 1.000203
1337.186048 0.999290
1337.187437 1.000531
1337.188826 1.000312
1337.190215 1.000416
1337.191604 1.000451
1337.192993 1.000533
1337.194382 0.999936
1337.195770 1.000402
1337.197159 0.999997
1337.198548 1.000702
1337.199937 1.000524
1337.201326 1.000476
1337.202715 1.000309
1337.204104 1.000114
1337.205493 1.000201
1337.206881 1.000221
1337.208270 0.999805
1337.209659 1.000660
1337.211048 1.000471
1337.212437 1.000197
1337.213826 0.999973
1337.215215 1.000231
1337.216604 1.000357
1337.217992 1.000280
1337.219381 0.999931
1337.220770 1.000553
1337.222159 0.999968
1337.223548 0.999638
1337.224937 1.000638
1337.226326 1.000184
1337.227715 1.000658
1337.229103 0.999785
1337.230492 1.000161
1337.231881 1.000077
1337.233270 0.999640
1337.234659 1.000128
1337.236048 1.000101
1337.237437 1.000538
1337.238825 1.000062
1337.240214 1.000032
1337.241603 0.999664
1337.242992 1.000281
1337.244381 0.999613
1337.245770 0.999704
1337.247159 0.999827
1337.248548 1.000229
1337.249936 0.999370
1337.251325 1.000309
1337.252714 0.999627
1337.254103 1.000128
1337.255492 0.999953
1337.256881 1.000140
1337.258270 0.999713
1337.259659 0.999848
1337.261047 0.999414
1337.262436 0.999561
1337.263825 0.999683
1337.265214 0.999234
1337.266603 0.999790
1337.267992 1.000183
1337.269381 0.999620
1337.270770 0.998990
1337.272158 1.000269
1337.273547 0.999643
1337.274936 0.999016
1337.276325 0.999674
1337.277714 0.999439
1337.279103 1.000187
1337.280492 0.999558
1337.281881 0.999859
1337.283269 1.000344
1337.284658 0.999532
1337.286047 1.000226
1337.287436 0.999796
1337.288825 0.999975
1337.290214 0.999874
1337.291603 0.999924
1337.292992 0.999977
1337.294380 1.000920
1337.295769 1.000067
1337.297158 0.999852
1337.298547 0.999440
1337.299936 1.000029
1337.301325 0.999235
1337.302714 1.000089
1337.304102 1.000335
1337.305491 0.999997
1337.306880 0.999794
1337.308269 0.999870
1337.309658 1.000051
1337.311047 1.000486
1337.312436 0.999815
1337.313825 0.999501
1337.315213 1.000151
1337.316602 0.999733
1337.317991 1.000127
1337.319380 1.000090
1337.320769 1.000076
1337.322158 0.999724
1337.323547 0.999755
1337.324936 1.000327
1337.326324 1.000320
1337.327713 0.999751
1337.329102 1.000547
1337.330491 1.000379
1337.331880 0.999911
1337.333269 0.999537
1337.334658 1.000092
1337.336047 1.000010
1337.337435 1.000132
1337.338824 1.000363
1337.340213 1.000741
1337.341602 1.000094
1337.342991 1.000365
1337.344380 0.999975
1337.345769 0.999379
1337.347158 1.000577
1337.348546 1.000008
1337.349935 1.000235
1337.351324 1.000301
1337.352713 1.000648
1337.354102 1.000205
1337.355491 0.999645
1337.356880 1.000188
1337.359657 0.999661
1337.361046 1.000019
1337.362435 0.999752
1337.363824 0.999554
1337.365213 1.000280
1337.366602 1.000603
1337.367991 1.000438
1337.369379 0.999999
1337.370768 0.999330
1337.372157 1.000102
1337.373546 1.000056
1337.374935 1.000142
1337.376324 1.000385
1337.377713 1.000462
1337.379102 0.999885
1337.380490 0.999814
1337.381879 0.999673
1337.383268 1.000202
1337.384657 1.000116
1337.386046 0.999804
1337.387435 1.000344
1337.388824 0.999947
1337.390213 1.000007
1337.391601 0.999856
1337.392990 1.000433
1337.394379 1.000276
1337.395768 1.000166
1337.397157 1.000336
1337.398546 1.000104
1337.399935 0.999354
1337.401324 0.999782
1337.402712 0.999754
1337.404101 0.999772
1337.405490 0.999886
1337.406879 0.999616
1337.408268 1.000022
1337.409657 0.999942
1337.411046 1.000078
1337.412435 1.000308
1337.413823 0.999632
1337.415212 0.999971
1337.416601 0.999743
1337.417990 0.999792
1337.419379 1.000241
1337.420768 0.999255
1337.422157 1.000088
1337.423546 1.000152
1337.424934 0.999507
1337.426323 0.999612
1337.427712 1.000269
1337.429101 1.000049
1337.430490 0.999788
1337.431879 0.999819
1337.433268 0.999606
1337.434656 0.999697
1337.436045 1.000016
1337.437434 0.999987
1337.438823 0.999069
1337.440212 0.999564
1337.441601 0.999367
1337.442990 1.000362
1337.444379 0.999009
1337.445767 0.999869
1337.447156 0.999393
1337.448545 0.999413
1337.449934 0.999978
1337.451323 0.999688
1337.452712 1.000305
1337.454101 0.999695
1337.455490 0.999684
1337.456878 0.999317
1337.458267 0.999352
1337.459656 0.999293
1337.461045 0.999648
1337.462434 0.999417
1337.469378 0.999682
1337.470767 1.000277
1337.472156 0.999865
1337.473545 0.999497
1337.474934 0.999515
1337.476323 1.002164
1337.477712 1.002089
1337.479100 1.001437
1337.480489 1.001231
1337.481878 1.001341
1337.483267 1.001474
1337.484656 1.001125
1337.486045 1.000735
1337.487434 1.001023
1337.491600 1.000311
1337.492989 1.000301
1337.494378 1.000333
1337.495767 1.000752
1337.497156 1.000563
1337.498545 1.000036
1337.499933 1.000739
1337.501322 0.999918
1337.502711 1.000034
1337.504100 1.000574
1337.505489 1.000098
1337.506878 0.999878
1337.508267 1.000113
1337.509656 1.000193
1337.511044 1.000170
1337.512433 1.000332
1337.513822 1.000000
1337.515211 1.000218
1337.516600 1.000183
1337.517989 1.000424
1337.519378 1.000123
1337.520767 1.000514
1337.522155 0.999694
1337.523544 1.000622
1337.524933 1.000426
1337.526322 0.999695
1337.527711 1.000246
1337.529100 0.999777
1337.530489 1.000076
1337.531878 0.999762
1337.533266 0.999524
1337.534655 0.999763
1337.536044 1.000452
1337.537433 0.999917
1337.538822 0.999732
1337.540211 1.000517
1337.541600 0.999147
1337.542988 0.999741
1337.544377 0.999873
1337.545766 1.000014
1337.547155 0.999546
1337.548544 1.000134
1337.549933 1.000360
1337.551322 1.000325
1337.552711 0.999655
1337.554099 1.000030
1337.555488 1.000428
1337.556877 0.999823
1337.558266 1.000480
1337.559655 0.999307
1337.561044 1.000343
1337.562433 0.999361
1337.563822 0.999946
1337.565210 1.000525
1337.566599 0.999849
1337.567988 0.999758
1337.569377 1.000062
1337.570766 0.999680
1337.572155 0.999868
1337.573544 1.000001
1337.574933 0.999901
1337.576321 0.999892
1337.577710 1.000224
1337.579099 0.999834
1337.580488 0.999933
1337.581877 0.999621
1337.583266 1.000122
1337.584655 1.000268
1337.586044 0.999703
1337.587432 0.999601
1337.588821 0.999955
1337.590210 0.999420
1337.591599 0.999489
1337.592988 1.000015
1337.594377 1.000055
1337.595766 0.999730
1337.597154 1.000064
1337.598543 1.000507
1337.599932 0.999488
1337.601321 0.999547
1337.602710 1.000164
1337.604099 0.999946
1337.605488 0.999666
1337.606877 0.999982
1337.608265 0.999291
1337.609654 0.999572
1337.611043 0.999801
1337.612432 0.999428
1337.613821 0.999904
1337.615210 0.999547
1337.616599 1.000201
1337.617988 0.999894
1337.619376 1.000010
1337.620765 0.999745
1337.622154 0.999867
1337.623543 1.000058
1337.624932 1.000024
1337.626321 1.001743
1337.627710 1.000318
1337.629099 1.000447
1337.630487 0.999721
1337.631876 1.000300
1337.633265 0.999946
1337.634654 0.999908
1337.636043 1.000876
1337.637432 1.000171
1337.638821 0.999655
1337.640210 0.999945
1337.641598 1.000557
1337.642987 1.000251
1337.644376 1.000553
1337.645765 1.000333
1337.647154 1.000331
1337.648543 0.999814
1337.649932 1.000202
1337.651321 0.999439
1337.652709 0.999739
1337.654098 0.999618
1337.655487 0.999942
1337.656876 1.000115
1337.658265 1.000462
1337.659654 1.000018
1337.661043 0.999655
1337.662431 0.999761
1337.663820 1.000060
1337.665209 1.000234
1337.666598 1.000186
1337.667987 0.999987
1337.669376 0.999653
1337.670765 0.999787
1337.672154 0.999707
1337.673542 1.000563
1337.674931 0.999269
1337.676320 0.999520
1337.677709 0.999756
1337.679098 0.999375
1337.680487 1.000190
1337.681876 0.999745
1337.683265 1.000141
1337.684653 1.000010
1337.686042 0.999967
1337.687431 0.999526
1337.688820 0.999712
1337.690209 1.000215
1337.692987 1.000047
1337.694376 0.999797
1337.695764 1.000115
1337.697153 1.000290
1337.698542 0.999813
1337.699931 1.000111
1337.701320 0.999623
1337.702709 1.000141
1337.704098 0.999739
1337.705486 1.000414
1337.706875 1.000273
1337.708264 1.000087
1337.709653 1.000418
1337.711042 1.000262
1337.712431 1.000379
1337.713820 1.000399
1337.715209 0.999583
1337.716597 1.000256
1337.717986 0.999599
1337.719375 1.000289
1337.720764 1.000177
1337.722153 0.999774
1337.723542 0.999945
1337.724931 1.000393
1337.726320 0.999530
1337.727708 0.998994
1337.729097 1.000125
1337.730486 0.999423
1337.731875 0.999820
1337.733264 0.999540
1337.734653 0.999761
1337.736042 0.999909
1337.737431 1.000246
1337.738819 0.999843
1337.740208 1.000911
1337.741597 1.000811
1337.742986 1.000356
1337.744375 1.000820
1337.745764 0.999855
1337.747153 1.000775
1337.748542 1.000894
1337.749930 0.999955
1337.752708 1.000655
1337.754097 1.000397
1337.755486 0.999636
1337.756875 1.000510
1337.758264 0.999885
1337.759652 0.999894
1337.761041 0.999967
1337.762430 1.000166
1337.763819 0.999119
1337.765208 1.000035
1337.766597 0.999734
1337.767986 1.000140
1337.769375 0.999852
1337.770763 0.999678
1337.772152 0.999935
1337.773541 1.000205
1337.774930 0.999296
1337.776319 0.999718
1337.777708 1.000051
1337.780486 0.999631
1337.781874 1.000401
1337.783263 0.999460
1337.784652 0.999881
1337.786041 1.000053
1337.787430 0.999405
1337.788819 0.999874
1337.790208 0.999800
1337.791597 1.000018
1337.792985 0.999927
1337.794374 0.999593
1337.795763 0.999833
1337.797152 1.000448
1337.798541 0.999428
1337.799930 0.999895
1337.801319 0.999578
1337.802708 0.999791
1337.804096 0.999804
1337.808263 0.998950
1337.809652 0.999431
1337.811041 0.999718
1337.812430 0.999739
1337.813818 0.999886
1337.815207 0.999270
1337.816596 0.999672
1337.817985 0.999092
1337.819374 1.000219
1337.820763 0.999790
1337.822152 0.999698
1337.823541 0.999533
1337.824929 1.000012
1337.826318 0.999243
1337.827707 0.998973
1337.829096 0.999403
1337.830485 0.999042
1337.833263 1.000038
1337.834652 0.999648
1337.836040 0.999430
1337.855485 1.000968
1337.856873 1.000621
1337.858262 1.000233
1337.859651 1.000461
1337.861040 1.000543
1337.862429 1.000507
1337.863818 1.000657
1337.865207 1.000374
1337.866596 1.000353
1337.867984 1.000640
1337.869373 1.000242
1337.870762 1.000159
1337.872151 1.000331
1337.873540 1.000058
1337.874929 1.000254
1337.876318 1.000115
1337.877707 1.000439
1337.879095 1.000424
1337.880484 0.999951
1337.881873 0.999759
1337.883262 1.000320
1337.884651 1.000049
1337.886040 0.999895
1337.887429 1.000221
1337.888818 0.999934
1337.890206 1.000456
1337.891595 0.999541
1337.892984 1.000119
1337.894373 0.999933
1337.895762 1.000050
1337.897151 0.999503
1337.898540 1.000168
1337.899929 0.999952
1337.901317 0.999977
1337.902706 0.999999
1337.904095 1.000039
1337.905484 1.000172
1337.906873 0.999973
1337.908262 1.000141
1337.909651 0.999675
1337.911039 0.999491
1337.912428 1.000124
1337.913817 0.999916
1337.915206 0.999693
1337.916595 1.000407
1337.917984 0.999608
1337.919373 1.000216
1337.920762 0.999846
1337.922150 1.000182
1337.923539 1.000473
1337.924928 0.999509
1337.926317 1.000009
1337.927706 0.999656
1337.929095 0.999481
1337.930484 1.000170
1337.931873 0.999639
1337.933261 1.000116
1337.934650 0.999869
1337.936039 0.999691
1337.937428 0.999210
1337.938817 0.999653
1337.940206 0.999910
1337.941595 0.999549
1337.942984 0.999710
1337.944372 1.000059
1337.945761 1.000277
1337.947150 0.999617
1337.948539 0.999346
1337.949928 0.999581
1337.951317 0.999905
1337.952706 0.999712
1337.954094 1.000322
1337.955483 0.999778
1337.956872 0.999619
1337.958261 1.000020
1337.959650 1.000197
1337.961039 1.000635
1337.962428 1.000483
1337.963817 1.000767
1337.965205 1.000658
1337.966594 1.000428
1337.967983 1.000308
1337.969372 1.000632
1337.970761 1.000568
1337.972150 1.000105
1337.973539 1.000012
1337.974928 1.000084
1337.976316 1.000237
1337.977705 1.000368
1337.979094 1.000140
1337.980483 1.000354
1337.981872 0.999786
1337.983261 1.000546
1337.984650 1.000248
1337.986039 1.000038
1337.987427 0.999811
1337.988816 1.000843
1337.990205 0.999734
1337.991594 0.999945
1337.992983 0.999692
1337.994372 0.999949
1337.995761 1.000405
1337.997149 0.999773
1337.998538 0.999967
1337.999927 1.000233
1338.001316 1.000610
1338.002705 0.999920
1338.004094 1.000212
1338.005483 0.999977
1338.006872 0.999387
1338.008260 1.000069
1338.009649 1.000095
1338.011038 0.999298
1338.012427 0.999792
1338.013816 0.999569
1338.015205 0.999339
1338.016594 0.999465
1338.017983 1.000201
1338.019371 1.000060
1338.020760 0.999657
1338.022149 0.999515
1338.023538 1.000426
1338.024927 0.999396
1338.026316 0.999829
1338.027705 0.999771
1338.029094 1.000032
1338.030482 0.999683
1338.031871 0.999622
1338.033260 0.999794
1338.034649 1.000236
1338.036038 0.999643
1338.037427 1.000029
1338.038816 0.999609
1338.040205 0.999664
1338.041593 0.999683
1338.042982 0.999920
1338.044371 0.999825
1338.045760 0.999611
1338.047149 0.999887
1338.048538 0.999919
1338.049927 0.999962
1338.051315 0.999608
1338.052704 0.999981
1338.054093 0.999659
1338.055482 1.000549
1338.056871 0.999851
1338.058260 0.999680
1338.059649 1.000254
1338.061038 0.999485
1338.062426 0.999881
1338.063815 0.999982
1338.065204 0.999884
1338.066593 1.000026
1338.067982 1.000019
1338.069371 1.000232
1338.070760 0.999826
1338.072149 1.000045
1338.073537 1.000381
1338.074926 1.000350
1338.076315 1.000706
1338.077704 1.000884
1338.079093 1.000283
1338.080482 1.000366
1338.081871 1.000686
1338.083260 1.000315
1338.084648 1.000768
1338.086037 1.000274
1338.087426 1.000315
1338.088815 1.000624
1338.090204 1.000222
1338.091593 1.000215
1338.092982 0.999958
1338.094370 1.000378
1338.095759 1.000486
1338.097148 0.999085
1338.098537 1.000556
1338.099926 0.999954
1338.101315 1.000149
1338.102704 1.000097
1338.104093 1.000611
1338.105481 1.000421
1338.106870 1.000116
1338.108259 0.999858
1338.109648 0.999612
1338.111037 1.000361
1338.112426 0.999971
1338.113815 0.999724
1338.115204 0.999806
1338.116592 0.999763
1338.117981 1.000030
1338.119370 0.999473
1338.120759 0.999892
1338.122148 0.999868
1338.123537 0.999812
1338.124926 0.999788
1338.126314 0.999492
1338.127703 0.999329
1338.129092 0.999595
1338.130481 1.000389
1338.131870 0.999718
1338.133259 1.000212
1338.134648 1.000559
1338.136037 0.999848
1338.137425 1.000159
1338.138814 1.000216
1338.140203 0.999614
1338.141592 0.999689
1338.142981 1.000527
1338.144370 0.999850
1338.145759 0.999704
1338.147148 0.999982
1338.148536 0.999763
1338.149925 1.000250
1338.151314 0.999746
1338.152703 1.000392
1338.154092 0.999570
1338.155481 1.000351
1338.156870 0.999659
1338.158259 1.000075
1338.159647 0.999861
1338.161036 1.000394
1338.162425 0.999896
1338.163814 1.000135
1338.165203 0.999941
1338.166592 1.000305
1338.167981 0.999820
1338.169369 1.000125
1338.170758 0.999838
1338.172147 1.000034
1338.173536 1.000217
1338.174925 1.000221
1338.176314 0.999655
1338.177703 1.000285
1338.179092 1.000049
1338.180480 0.999880
1338.181869 0.999623
1338.183258 0.999522
1338.184647 1.000022
1338.186036 0.999789
1338.187425 0.999753
1338.188814 0.999821
1338.190203 1.000208
1338.191591 1.000246
1338.192980 0.999548
1338.194369 1.000199
1338.195758 0.999997
1338.197147 1.000221
1338.198536 0.999509
1338.199925 0.999745
1338.201314 1.000132
1338.202702 0.999934
1338.204091 0.999526
1338.205480 1.000601
1338.206869 1.000914
1338.208258 1.000947
1338.209647 0.999892
1338.211036 1.000034
1338.212424 1.000247
1338.213813 1.000510
1338.215202 1.000472
1338.216591 0.999967
1338.217980 1.000536
1338.219369 1.000259
1338.220758 1.000518
1338.222147 1.001796
1338.223535 1.003056
1338.224924 1.004459
1338.226313 1.003867
1338.227702 1.002712
1338.229091 1.002412
1338.230480 1.002761
1338.231869 1.002975
1338.233258 1.002762
1338.234646 1.002544
1338.236035 1.002240
1338.237424 1.002002
1338.238813 1.001773
1338.240202 1.001815
1338.241591 1.002069
1338.242980 1.002328
1338.244369 1.001873
1338.245757 1.001926
1338.247146 1.001377
1338.248535 1.002030
1338.249924 1.001689
1338.251313 1.001785
1338.252702 1.001563
1338.254091 1.001458
1338.255479 1.001592
1338.256868 1.001954
1338.258257 1.001272
1338.259646 1.001333
1338.261035 1.001367
1338.262424 1.000920
1338.263813 1.001145
1338.265202 1.000869
1338.266590 1.001488
1338.267979 1.001286
1338.269368 1.000969
1338.270757 1.000883
1338.272146 1.000774
1338.273535 1.000418
1338.274924 1.001004
1338.276313 1.000854
1338.277701 1.000696
1338.279090 1.000491
1338.280479 1.000911
1338.281868 1.001032
1338.283257 1.000653
1338.284646 1.000631
1338.286035 1.000389
1338.287423 1.000246
1338.288812 1.000784
1338.290201 1.000358
1338.291590 1.000405
1338.292979 1.000190
1338.294368 1.000089
1338.295757 1.000094
1338.297146 1.000104
1338.298534 0.999785
1338.299923 0.999832
1338.301312 0.999316
1338.302701 0.999990
1338.304090 0.999836
1338.305479 1.000425
1338.306868 0.999963
1338.308257 0.999924
1338.309645 0.999953
1338.311034 1.000065
1338.312423 0.999718
1338.313812 1.000400
1338.315201 0.999565
1338.316590 1.000170
1338.317979 1.000516
1338.319367 1.000518
1338.320756 1.000000
1338.322145 1.000048
1338.323534 0.999966
1338.324923 1.000086
1338.326312 1.000498
1338.327701 1.000412
1338.329090 0.999921
1338.330478 1.000295
1338.331867 1.000735
1338.333256 1.000293
1338.334645 1.000447
1338.336034 0.999879
1338.337423 1.000115
1338.338812 0.999866
1338.340201 1.000147
1338.341589 0.999980
1338.342978 0.999785
1338.344367 1.000224
1338.345756 0.999981
1338.347145 0.999796
1338.348534 1.000214
1338.349923 0.999803
1338.351312 0.999987
1338.352700 0.999689
1338.354089 0.999179
1338.355478 0.999809
1338.356867 0.999718
1338.358256 1.000108
1338.359645 0.999669
1338.361034 0.999713
1338.362422 0.999869
1338.363811 0.999710
1338.365200 1.000016
1338.366589 0.999584
1338.367978 0.999226
1338.369367 0.999518
1338.370756 0.999611
1338.372145 0.999503
1338.373533 0.999833
1338.374922 1.000006
1338.376311 0.999828
1338.377700 0.999684
1338.379089 1.000135
1338.380478 0.999481
1338.381867 0.999975
1338.383256 0.999095
1338.384644 0.999961
1338.386033 0.999722
1338.387422 0.999656
1338.388811 0.999657
1338.390200 0.999468
1338.391589 0.999583
1338.392978 0.999874
1338.394366 1.000090
1338.395755 0.999289
1338.397144 0.999973
1338.398533 0.999519
1338.399922 0.999225
1338.401311 0.999408
1338.402700 1.000266
1338.404089 0.999714
1338.405477 0.999403
1338.406866 0.999800
1338.408255 0.999645
1338.409644 0.999730
1338.411033 0.999846
1338.412422 0.999905
1338.413811 0.999650
1338.415200 0.999655
1338.416588 0.999266
1338.417977 0.999996
1338.419366 0.999413
1338.420755 0.999840
1338.422144 0.999672
1338.423533 0.999775
1338.424922 0.999876
1338.426310 0.999592
1338.427699 0.999970
1338.429088 0.999814
1338.430477 1.000222
1338.431866 0.999926
1338.433255 1.000396
1338.434644 1.000008
1338.436033 0.999949
1338.437421 0.999677
1338.438810 0.999691
1338.440199 1.000058
1338.441588 0.999705
1338.442977 0.999976
1338.444366 1.000296
1338.445755 1.001324
1338.447144 1.002114
1338.448532 1.001400
1338.449921 1.000974
1338.451310 1.000763
1338.452699 1.000695
1338.454088 1.000960
1338.455477 1.000242
1338.456866 1.000483
1338.458254 0.999991
1338.459643 1.000311
1338.461032 0.999786
1338.462421 1.000481
1338.463810 1.000525
1338.465199 1.000376
1338.466588 1.000148
1338.467977 0.999986
1338.469365 0.999689
1338.470754 0.999652
1338.472143 1.000045
1338.473532 0.999525
1338.474921 1.000029
1338.476310 1.000417
1338.477699 0.999928
1338.479088 0.999966
1338.480476 0.999954
1338.481865 0.999909
1338.483254 0.999855
1338.484643 0.999927
1338.486032 1.000216
1338.487421 0.999954
1338.488810 1.000086
1338.490198 1.000433
1338.491587 1.000074
1338.492976 1.000119
1338.494365 1.000544
1338.495754 1.000659
1338.497143 1.000357
1338.498532 1.000258
1338.499921 1.000699
1338.501309 1.003085
1338.502698 1.004437
1338.504087 1.003534
1338.505476 1.002566
1338.506865 1.002571
1338.508254 1.002102
1338.509643 1.002029
1338.511032 1.001646
1338.512420 1.002221
1338.513809 1.002621
1338.515198 1.002535
1338.516587 1.003930
1338.517976 1.005672
1338.519365 1.006965
1338.520754 1.007731
1338.522142 1.008088
1338.523531 1.007255
1338.524920 1.006454
1338.526309 1.006430
1339.666566 1.001345
1339.667955 1.000666
1339.669344 1.001158
1339.670733 1.000859
1339.672122 1.000729
1339.673511 1.000251
1339.674900 1.000828
1339.676288 1.000217
1339.677677 1.000834
1339.679066 1.000267
1339.680455 1.000028
1339.681844 0.999921
1339.683233 1.000182
1339.684622 1.000614
1339.686010 0.999994
1339.687399 0.999926
1339.688788 1.000037
1339.690177 1.000042
1339.691566 0.999955
1339.692955 0.999232
1339.694344 0.999864
1339.695732 0.999637
1339.697121 0.999556
1339.698510 0.999680
1339.699899 0.999512
1339.701288 0.999665
1339.702677 0.999392
1339.704066 0.999705
1339.705454 0.999601
1339.706843 0.999546
1339.708232 0.999344
1339.709621 0.999162
1339.711010 0.999791
1339.712399 0.999814
1339.713788 1.000199
1339.715176 1.000207
1339.716565 0.999882
1339.717954 0.999108
1339.719343 0.999241
1339.720732 0.999949
1339.722121 0.999423
1339.723510 0.999876
1339.724898 0.999722
1339.726287 0.999936
1339.727676 0.999316
1339.729065 0.999095
1339.730454 0.999776
1339.731843 1.000154
1339.733232 0.999873
1339.734620 1.000223
1339.736009 1.000257
1339.737398 0.999863
1339.738787 0.999437
1339.740176 0.999633
1339.741565 1.000063
1339.742954 0.999518
1339.744342 0.999750
1339.745731 0.999828
1339.747120 0.999270
1339.748509 0.999663
1339.749898 0.999592
1339.751287 0.999420
1339.752676 0.999246
1339.754064 0.998922
1339.755453 0.999347
1339.756842 0.999544
1339.758231 0.999334
1339.759620 0.999643
1339.761009 0.999705
1339.762398 0.998796
1339.763786 0.999435
1339.765175 0.999948
1339.766564 0.999687
1339.767953 0.999776
1339.769342 1.000403
1339.770731 1.000551
1339.772120 1.000086
1339.773508 0.999874
1339.774897 1.000327
1339.776286 1.000859
1339.777675 1.000735
1339.779064 1.000828
1339.780453 1.000720
1339.781842 1.000883
1339.783230 1.001164
1339.784619 1.001055
1339.786008 1.000902
1339.787397 1.001085
1339.788786 1.000777
1339.790175 1.000606
1339.791564 1.000837
1339.792952 1.000888
1339.794341 1.000453
1339.795730 1.000469
1339.797119 1.000398
1339.798508 1.000248
1339.799897 1.000515
1339.801286 1.000562
1339.802674 1.000370
1339.804063 1.000423
1339.805452 0.999902
1339.806841 1.000371
1339.808230 1.000079
1339.809619 0.999886
1339.811008 1.000083
1339.812396 1.000597
1339.813785 1.000372
1339.815174 1.000234
1339.816563 0.999785
1339.817952 1.000279
1339.819341 0.999921
1339.820730 0.999703
1339.822118 1.000158
1339.823507 0.999893
1339.824896 0.999988
1339.826285 0.999989
1339.827674 1.000225
1339.829063 1.000175
1339.830452 1.000414
1339.831840 0.999773
1339.833229 0.999936
1339.834618 1.000207
1339.836007 1.001426
1339.837396 1.003051
1339.838785 1.002525
1339.840174 1.002047
1339.841562 1.001921
1339.842951 1.001655
1339.844340 1.001680
1339.845729 1.001343
1339.847118 1.001397
1339.848507 1.001314
1339.849896 1.000680
1339.851284 1.000913
1339.852673 1.000382
1339.854062 1.000514
1339.855451 1.000761
1339.856840 1.000647
1339.858229 1.000352
1339.859618 1.000385
1339.861006 1.000670
1339.862395 1.000103
1339.863784 1.000060
1339.865173 0.999934
1339.866562 1.000460
1339.867951 1.000417
1339.869340 1.000217
1339.870728 1.000415
1339.872117 0.999888
1339.873506 1.000205
1339.874895 0.999805
1339.876284 1.000264
1339.877673 0.999915
1339.879062 0.999889
1339.880450 0.999920
1339.881839 0.999362
1339.883228 0.999765
1339.884617 0.999501
1339.886006 0.999751
1339.887395 1.000058
1339.888784 0.999973
1339.890172 0.999607
1339.891561 0.999299
1339.892950 0.999607
1339.894339 0.999956
1339.895728 0.999613
1339.897117 0.999738
1339.898506 0.999567
1339.899894 0.999695
1339.901283 0.999600
1339.902672 0.999842
1339.904061 0.999869
1339.905450 0.999863
1339.906839 0.999607
1339.908228 0.999974
1339.909616 0.999651
1339.911005 0.998813
1339.912394 0.999280
1339.913783 0.999690
1339.915172 0.999601
1339.916561 0.999827
1339.917950 0.999872
1339.919338 0.999228
1339.920727 1.000211
1339.922116 0.999432
1339.923505 0.999753
1339.924894 1.000067
1339.926283 1.000066
1339.927672 0.999807
1339.929060 1.000201
1339.930449 0.999606
1339.931838 0.999503
1339.933227 0.999672
1339.934616 0.999958
1339.936005 0.999768
1339.937394 1.000280
1339.938782 0.999699
1339.940171 0.999931
1339.941560 0.999857
1339.942949 0.999930
1339.944338 1.000037
1339.945727 1.000226
1339.947116 1.000070
1339.948504 0.999556
1339.949893 1.000213
1339.951282 1.000638
1339.952671 1.000203
1339.954060 0.999715
1339.955449 0.999827
1339.956838 1.000098
1339.958226 0.999921
1339.959615 1.000004
1339.961004 1.000164
1339.962393 0.999909
1339.963782 1.000189
1339.965171 1.000417
1339.966560 0.999845
1339.967948 1.000121
1339.969337 1.000042
1339.970726 1.000292
1339.972115 1.000255
1339.973504 1.000265
1339.974893 1.000189
1339.976282 1.000286
1339.977670 0.999785
1339.979059 1.000113
1339.980448 0.999829
1339.981837 0.999654
1339.983226 1.000275
1339.984615 1.000320
1339.986004 0.999764
1339.987392 1.000253
1339.988781 1.000497
1339.990170 1.000026
1339.991559 0.999947
1339.992948 0.999829
1339.994337 0.999688
1339.995726 1.000675
1339.997114 1.000480
1339.998503 1.000023
1339.999892 0.999851
1340.001281 1.000147
1340.002670 1.000291
1340.004059 1.000161
1340.005447 0.999846
1340.006836 0.999892
1340.008225 1.000195
1340.009614 0.999764
1340.011003 1.000448
1340.012392 1.000119
1340.013781 0.999890
1340.015169 1.000031
1340.016558 0.999864
1340.017947 1.000054
1340.019336 1.000398
1340.020725 1.000210
1340.022114 0.999828
1340.023503 1.000175
1340.024891 0.999432
1340.026280 1.000498
1340.027669 1.000507
1340.029058 1.000479
1340.030447 0.999235
1340.031836 1.000315
1340.033225 1.000675
1340.034613 1.000303
1340.036002 1.000060
1340.037391 0.999780
1340.038780 1.000297
1340.040169 1.000317
1340.041558 1.000895
1340.042947 0.999734
1340.044335 1.000130
1340.045724 0.999736
1340.047113 1.000289
1340.048502 1.000316
1340.049891 1.000465
1340.051280 1.000294
1340.052669 0.999858
1340.054057 0.999934
1340.055446 1.000615
1340.056835 1.000123
1340.058224 0.999641
1340.059613 1.000402
1340.061002 1.000237
1340.062391 0.999912
1340.063779 1.000258
1340.065168 0.999800
1340.066557 1.000263
1340.067946 0.999884
1340.069335 0.999914
1340.070724 1.000053
1340.072113 1.000175
1340.073501 0.999741
1340.074890 0.999894
1340.076279 0.999631
1340.077668 0.999479
1340.079057 1.000100
1340.080446 1.000082
1340.081835 0.999762
1340.083223 0.999998
1340.084612 0.999976
1340.086001 0.999695
1340.087390 0.999756
1340.088779 0.999742
1340.090168 1.000132
1340.091557 0.999424
1340.092945 0.999904
1340.094334 1.000094
1340.095723 0.999675
1340.097112 0.999694
1340.098501 0.999608
1340.099890 0.999641
1340.101279 0.999342
1340.102667 1.000326
1340.104056 1.000169
1340.105445 1.000121
1340.106834 0.999994
1340.108223 0.999432
1340.109612 0.999861
1340.111001 0.999118
1340.112389 0.999772
1340.113778 1.000144
1340.115167 1.000141
1340.116556 0.999814
1340.117945 0.999865
1340.119334 1.000423
1340.120723 0.999800
1340.122111 1.000416
1340.123500 1.000226
1340.124889 0.999883
1340.126278 0.999968
1340.127667 1.000524
1340.129056 0.999996
1340.130445 1.000158
1340.131833 0.999840
1340.133222 0.999893
1340.134611 0.999985
1340.136000 0.999973
1340.137389 0.999579
1340.138778 0.999978
1340.140166 0.999698
1340.141555 1.000261
1340.142944 0.999951
1340.144333 1.000455
1340.145722 1.000102
1340.147111 0.999324
1340.148500 0.999974
1340.149888 1.000515
1340.151277 1.000248
1340.152666 1.000191
1340.154055 0.999902
1340.155444 1.000046
1340.156833 1.000006
1340.158222 1.000232
1340.159610 0.999778
1340.160999 0.999794
1340.162388 0.999748
1340.163777 0.999658
1340.165166 0.999788
1340.166555 0.999853
1340.167944 1.000034
1340.169332 1.000165
1340.170721 0.999892
1340.172110 0.999884
1340.173499 1.000168
1340.174888 0.999716
1340.176277 1.000104
1340.177666 0.999717
1340.179054 0.999597
1340.180443 1.000024
1340.181832 1.000478
1340.183221 1.000265
1340.184610 0.999879
1340.185999 1.000612
1340.187388 1.000208
1340.188776 1.000362
1340.190165 1.000328
1340.191554 0.999822
1340.192943 1.000618
1340.194332 1.000517
1340.195721 0.999942
1340.197110 1.000233
1340.198498 1.000294
1340.199887 0.999624
1340.201276 1.000316
1340.202665 0.999715
1340.204054 1.000103
1340.205443 1.000360
1340.206832 1.000190
1340.208220 0.999967
1340.209609 1.000594
1340.210998 1.000035
1340.212387 1.000533
1340.213776 1.000012
1340.215165 0.999721
1340.216554 0.999751
1340.217942 1.000129
1340.219331 1.000494
1340.220720 1.000337
1340.222109 0.999765
1340.223498 1.000106
1340.224887 1.000043
1340.226276 1.000214
1340.227664 0.999600
1340.229053 1.000054
1340.230442 0.999545
1340.231831 1.000406
1340.233220 0.999608
1340.234609 1.000403
1340.235998 1.000709
1340.237386 1.000041
1340.238775 1.000082
1340.240164 0.999820
1340.241553 0.999876
1340.242942 1.000336
1340.244331 0.999831
1340.245720 1.000044
1340.247108 0.999346
1340.248497 0.999904
1340.249886 0.999954
1340.251275 0.999499
1340.252664 1.000132
1340.254053 0.999929
1340.255441 0.999550
1340.256830 1.000121
1340.258219 1.000236
1340.259608 1.000035
1340.260997 1.000141
1340.262386 0.999889
1340.263775 0.999944
1340.265163 0.999407
1340.266552 1.000239
1340.267941 0.999923
1340.269330 1.000160
1340.270719 0.999474
1340.272108 1.000162
1340.273497 0.999823
1340.274885 1.000149
1340.276274 0.999416
1340.277663 1.000403
1340.279052 0.999958
1340.280441 0.999595
1340.281830 0.999583
1340.283219 1.000530
1340.284607 0.998934
1340.285996 0.999694
1340.287385 0.999984
1340.288774 1.000115
1340.290163 0.999806
1340.291552 0.999473
1340.292941 0.999972
1340.294329 1.000054
1340.295718 0.999309
1340.297107 1.000196
1340.298496 1.000301
1340.299885 0.999764
1340.301274 1.000017
1340.302663 0.999638
1340.304051 0.999662
1340.305440 0.999721
1340.306829 0.999415
1340.308218 0.999930
1340.309607 0.999873
1340.310996 0.999869
1340.312385 1.000209
1340.313773 1.000080
1340.315162 0.999635
1340.316551 1.000386
1340.317940 0.999817
1340.319329 1.000050
1340.320718 1.000030
1340.322107 1.000111
1340.323495 1.000000
1340.324884 0.999668
1340.326273 0.999976
1340.327662 1.000379
1340.329051 0.999732
1340.330440 1.000508
1340.331829 0.999700
1340.333217 1.000186
1340.334606 0.999636
1340.335995 0.999991
1340.337384 0.999958
1340.338773 1.000063
1340.340162 0.999898
1340.341551 1.000438
1340.342939 1.000443
1340.344328 0.999650
1340.345717 0.999958
1340.347106 1.000092
1340.348495 1.000567
1340.349884 1.000208
1340.351272 1.001096
1340.352661 0.999884
1340.354050 1.000415
1340.355439 1.000135
1340.356828 1.000251
1340.358217 0.999726
1340.359606 0.999655
1340.360994 1.000311
1340.362383 1.000122
1340.363772 1.000460
1340.365161 1.000091
1340.366550 0.999837
1340.367939 0.999833
1340.369328 1.000294
1340.370716 1.000122
1340.372105 1.000209
1340.373494 1.000076
1340.374883 0.999807
1340.376272 1.000526
1340.377661 1.000446
1340.379050 1.000097
1340.380438 1.000194
1340.381827 1.000111
1340.383216 1.000264
1340.384605 1.000549
1340.385994 1.000036
1340.387383 1.000312
1340.388772 0.999798
1340.390160 0.999805
1340.391549 0.999895
1340.392938 1.000561
1340.394327 1.000208
1340.395716 0.999871
1340.397105 1.000107
1340.398494 1.000371
1340.399882 1.000085
1340.401271 1.000188
1340.402660 0.999682
1340.404049 0.999943
1340.405438 0.999707
1340.406827 0.999914
1340.408216 1.000067
1340.409604 0.999810
1340.410993 1.000064
1340.412382 1.000153
1340.413771 1.000256
1340.415160 0.999708
1340.416549 1.000088
1340.417938 0.999946
1340.419326 0.999609
1340.420715 0.999579
1340.422104 1.000466
1340.423493 1.000175
1340.424882 0.999972
1340.426271 0.999351
1340.427659 1.000618
1340.429048 1.000685
1340.430437 0.999761
1340.431826 0.999873
1340.433215 1.000041
1340.434604 0.999870
1340.435993 1.000657
1340.437381 0.999777
1340.438770 0.999545
1340.440159 1.000209
1340.441548 0.999491
1340.442937 0.999663
1340.444326 0.999981
1340.445715 0.999768
1340.447103 0.999930
1340.448492 0.999851
1340.449881 0.999892
1340.451270 0.999402
1340.452659 1.000068
1340.454048 0.999909
1340.455437 0.999936
1340.456825 0.999668
1340.458214 1.000283
1340.459603 0.999539
1340.460992 0.999669
1340.462381 0.999728
1340.463770 0.999806
1340.465159 0.999639
1340.466547 0.999986
1340.467936 0.999663
1340.469325 0.999568
1340.470714 0.999937
1340.472103 0.999669
1340.473492 0.999516
1340.474881 0.999388
1340.476269 0.999106
1340.477658 0.999297
1340.479047 0.999554
1340.480436 0.999371
1340.481825 1.000826
1340.483214 0.999402
1340.484603 0.999630
1340.485991 0.999278
1340.487380 0.999607
1340.488769 0.999509
1340.490158 0.999641
1340.491547 0.999303
1340.492936 0.999949
1340.494325 0.999465
1340.495713 0.999873
1340.497102 0.999496
1340.498491 0.999534
1340.499880 0.999786
1340.501269 0.999194
1340.502658 0.999787
1340.504047 1.000130
1340.505435 1.001288
1340.506824 0.999486
1340.508213 0.999636
1340.509602 0.999757
1340.510991 1.000145
1340.512380 0.999640
1340.513768 0.999444
1340.515157 0.999751
1340.516546 0.999687
1340.517935 1.000858
1340.519324 1.000962
1340.520713 1.001272
1340.522102 1.000842
1340.523490 1.002387
1340.524879 1.002411
1340.526268 1.002069
1340.527657 1.002521
1340.529046 1.001719
1340.530435 1.001113
1340.531824 1.001157
1340.533212 1.000604
1340.534601 1.000221
1340.535990 1.001248
1340.537379 1.000762
1340.538768 0.999990
1340.540157 1.000691
1340.541546 1.000642
1340.542934 1.000322
1340.544323 1.000870
1340.545712 1.000393
1340.547101 1.000443
1340.548490 0.999863
1340.549879 0.999950
1340.551268 1.000581
1340.552656 1.000251
1340.554045 1.000851
1340.555434 1.000128
1340.556823 1.000339
1340.558212 1.000497
1340.559601 0.999541
1340.560990 1.000398
1340.562378 0.999891
1340.563767 1.000231
1340.565156 0.999092
1340.566545 1.000173
1340.567934 1.000467
1340.569323 1.000053
1340.570712 1.000134
1340.572100 0.999789
1340.573489 0.999579
1340.574878 1.000070
1340.576267 0.999948
1340.577656 1.000514
1340.579045 0.999528
1340.580433 0.999709
1340.581822 1.000288
1340.583211 1.000153
1340.584600 0.999735
1340.585989 0.999411
1340.587378 0.999892
1340.588767 0.999824
1340.590155 0.999808
1340.591544 0.999434
1340.592933 0.999618
1340.594322 0.999713
1340.595711 0.999945
1340.598489 0.999711
1340.599877 0.999545
1340.601266 0.999332
1340.602655 0.999893
1340.604044 0.999897
1340.605433 0.999844
1340.606822 1.000510
1340.608211 1.000430
1340.609599 1.000423
1340.610988 1.000415
1340.612377 1.000816
1340.613766 1.001017
1340.615155 1.000487
1340.616544 1.000315
1340.617933 1.000069
1340.619321 1.000063
1340.620710 1.001130
1340.622099 0.999975
1340.623488 0.999971
1340.624877 1.000187
1340.626266 0.999613
1340.627655 1.000174
1340.629043 1.000034
1340.630432 1.000133
1340.631821 0.999703
1340.633210 0.999966
1340.634599 0.999982
1340.635988 0.999895
1340.637377 0.999964
1340.638765 0.999708
1340.640154 0.999370
1340.641543 0.999526
1340.642932 1.000224
1340.644321 0.999990
1340.645710 1.000069
1340.647099 0.999584
1340.648487 0.999900
1340.649876 0.999976
1340.651265 0.999659
1340.652654 0.999784
1340.654043 0.999880
1340.655432 0.999608
1340.656820 0.999288
1340.658209 0.999667
1340.659598 0.999476
1340.660987 0.999525
1340.662376 0.999731
1340.663765 0.999532
1340.665154 0.999685
1340.666542 0.999948
1340.667931 1.000046
1340.669320 1.000234
1340.670709 0.999907
1340.672098 0.999825
1340.673487 0.999613
1340.674876 0.999743
1340.676264 0.999973
1340.677653 0.999488
1340.679042 0.999624
1340.680431 1.000194
1340.681820 0.999810
1340.683209 0.999751
1340.684598 1.000019
1340.685986 1.000021
1340.687375 0.999515
1340.688764 0.999730
1340.690153 1.000082
1340.691542 0.999974
1340.692931 1.000024
1340.694320 1.000009
1340.695708 1.000225
1340.697097 0.999626
1340.698486 1.000455
1340.699875 1.000256
1340.701264 0.999626
1340.702653 1.000028
1340.704042 1.000034
1340.705430 0.999667
1340.706819 1.000130
1340.708208 1.000533
1340.709597 0.999675
1340.710986 1.000439
1340.712375 0.999278
1340.713764 0.999791
1340.715152 1.000636
1340.716541 0.999596
1340.717930 1.000566
1340.719319 1.000466
1340.720708 1.000621
1340.722097 1.000009
1340.723485 1.000113
1340.724874 1.000347
1340.726263 1.000064
1340.727652 1.000565
1340.729041 0.999925
1340.730430 1.000468
1340.731819 1.000120
1340.733207 1.000528
1340.734596 1.000642
1340.735985 1.000420
1340.737374 1.000040
1340.738763 0.999923
1340.740152 1.000056
1340.741541 1.000164
1340.742929 1.000198
1340.744318 1.000006
1340.745707 1.000119
1340.747096 1.000180
1340.748485 0.999830
1340.749874 1.000130
1340.751263 0.999388
1340.752651 1.000630
1340.754040 1.000037
1340.755429 1.000367
1340.756818 1.000038
1340.758207 1.000151
1340.759596 1.000436
1340.760985 0.999961
1340.762373 0.999754
1340.763762 0.999770
1340.765151 0.999953
1340.766540 0.999785
1340.767929 0.999824
1340.769318 0.999879
1340.770707 0.999912
1340.772095 1.000233
1340.773484 0.999980
1340.774873 1.000041
1340.776262 0.999777
1340.777651 0.999612
1340.779040 0.999473
1340.780429 1.000158
1340.781817 1.000278
1340.783206 1.000011
1340.784595 0.999372
1340.785984 1.000078
1340.787373 1.000159
1340.788762 0.999735
1340.790150 0.999761
1340.791539 0.999981
1340.792928 1.000038
1340.794317 1.000221
1340.795706 0.999317
1340.797095 1.000121
1340.798484 0.999922
1340.799872 0.999607
1340.801261 1.000004
1340.802650 1.000188
1340.804039 0.999915
1340.805428 1.000176
1340.806817 0.999391
1340.808206 0.999548
1340.809594 0.999472
1340.810983 0.999318
1340.812372 0.999694
1340.813761 0.999793
1340.815150 0.999330
1340.816539 0.999758
1340.817928 1.000124
1340.819316 0.999731
1340.820705 0.999715
1340.822094 1.000043
1340.823483 1.000121
1340.824872 0.999827
1340.826261 0.999642
1340.827650 1.000528
1340.829038 0.999329
1340.830427 0.999945
1340.831816 0.999570
1340.833205 0.999767
1340.834594 1.000224
1340.835983 1.000051
1340.837372 1.000343
1340.838760 1.000045
1340.840149 1.000406
1340.841538 1.000414
1340.842927 1.000401
1340.844316 0.999868
1340.845705 1.000286
1340.847093 0.999879
1340.848482 0.999628
1340.849871 1.000583
1340.851260 1.000293
1340.852649 0.999321
1340.854038 1.000313
1340.855427 1.000163
1340.856815 0.999693
1340.858204 1.000107
1340.859593 0.999882
1340.860982 1.000093
1340.862371 0.999769
1340.863760 1.000158
1340.865149 1.000153
1340.866537 1.000252
1340.867926 1.000886
1340.869315 1.000053
1340.870704 1.000399
1340.872093 1.000404
1340.873482 0.999757
1340.874871 1.000047
1340.876259 1.000186
1340.877648 1.000102
1340.879037 1.000366
1340.880426 1.000171
1340.881815 1.000298
1340.883204 0.999803
1340.884593 1.000544
1340.885981 0.999894
1340.887370 0.999827
1340.888759 1.000477
1340.890148 1.000214
1340.891537 1.000188
1340.892926 1.000232
1340.894315 0.999998
1340.895703 1.000239
1340.897092 1.000171
1340.898481 1.000049
1340.899870 0.999571
1340.901259 0.999953
1340.902648 1.000338
1340.904037 0.999720
1340.905425 0.999783
1340.906814 0.999999
1340.908203 0.999709
1340.909592 0.999908
1340.910981 0.999777
1340.912370 0.999939
1340.913758 0.999703
1340.915147 0.999764
1340.916536 0.999961
1340.917925 1.000331
1340.919314 1.000115
1340.920703 0.999741
1340.922092 0.999877
1340.923480 0.999754
1340.924869 0.999615
1340.926258 1.000011
1340.927647 0.999683
1340.929036 1.000156
1340.930425 0.999335
1340.931814 1.000046
1340.933202 0.999712
1340.934591 0.999651
1340.935980 0.999720
1340.937369 1.000167
1340.938758 0.999916
1340.940147 0.999671
1340.941536 0.999855
1340.942924 1.000329
1340.944313 0.999812
1340.947091 0.999828
1340.948480 1.000019
1340.949869 1.000104
1340.951258 0.998886
1340.952646 1.000299
1340.954035 1.000013
1340.955424 1.000312
1340.956813 0.999644
1340.958202 0.999972
1340.959591 0.999801
1340.960980 0.999916
1340.962368 0.999841
1340.963757 0.999929
1340.965146 0.998858
1340.966535 0.999998
1340.967924 1.000138
1340.969313 1.000187
1340.970701 0.999993
1340.972090 0.999326
1340.976257 1.000026
1340.977646 0.999828
1340.979035 1.000291
1340.980423 1.000482
1340.981812 1.000694
1340.983201 1.000458
1340.984590 1.000435
1340.985979 1.000499
1340.987368 1.000426
1340.988757 0.999844
1340.990145 0.999802
1340.991534 1.000075
1340.992923 0.999388
1340.994312 1.000120
1340.995701 1.000580
1340.997090 0.999955
1340.998479 1.000285
1340.999867 1.000379
1341.001256 1.001290
1341.002645 1.000205
1341.004034 1.000450
1341.005423 1.000339
1341.006812 1.000508
1341.008201 1.000266
1341.009589 1.000633
1341.010978 1.000648
1341.012367 1.000007
1341.013756 1.000055
1341.015145 1.000425
1341.016534 1.000324
1341.017923 0.999919
1341.019311 1.000820
1341.020700 1.000013
1341.022089 0.999957
1341.023478 1.000497
1341.024867 0.999822
1341.026256 0.999862
1341.027644 1.000586
1341.029033 0.999968
1341.030422 1.000359
1341.031811 0.999911
1341.033200 1.000091
1341.034589 1.000256
1341.035978 0.999947
1341.037366 0.999933
1341.038755 1.000187
1341.040144 0.999371
1341.041533 0.999530
1341.042922 0.999686
1341.044311 0.999803
1341.045700 0.999328
1341.047088 1.000252
1341.048477 0.999723
1341.049866 1.000044
1341.051255 0.999479
1341.052644 0.999909
1341.054033 0.999124
1341.055422 0.999378
1341.056810 1.000008
1341.058199 0.999485
1341.059588 0.999781
1341.060977 0.999661
1341.062366 0.999580
1341.063755 0.999702
1341.065144 0.999526
1341.066532 0.999581
1341.067921 0.999923
1341.069310 0.999956
1341.070699 0.999863
1341.072088 1.000011
1341.073477 0.999637
1341.074866 0.999535
1341.076254 0.999745
1341.077643 1.000001
1341.079032 1.000031
1341.080421 0.999512
1341.081810 0.999943
1341.083199 0.999711
1341.084587 1.000119
1341.085976 0.999867
1341.087365 1.000372
1341.088754 1.000129
1341.090143 0.999486
1341.091532 0.999603
1341.092921 1.000031
1341.094309 1.000010
1341.095698 1.000070
1341.097087 1.000024
1341.098476 0.999777
1341.099865 1.000277
1341.101254 1.000286
1341.102643 1.000564
1341.104031 0.999791
1341.105420 1.000286
1341.106809 1.000020
1341.108198 1.000649
1341.109587 0.999383
1341.110976 1.000719
1341.112365 1.000085
1341.113753 0.999464
1341.115142 0.999807
1341.116531 1.000298
1341.117920 0.999831
1341.119309 0.999950
1341.120698 1.000059
1341.122087 1.000139
1341.123475 0.999354
1341.124864 1.000711
1341.126253 0.999992
1341.127642 1.000248
1341.129031 0.999804
1341.130420 0.999596
1341.131809 1.000119
1341.133197 0.999602
1341.134586 1.000127
1341.135975 0.999711
1341.137364 1.000007
1341.138753 1.000224
1341.140142 1.000336
1341.141530 1.000324
1341.142919 0.999777
1341.144308 0.999600
1341.145697 1.000352
1341.147086 1.000511
1341.148475 1.000150
1341.149864 0.999913
1341.151252 1.000230
1341.152641 1.000224
1341.154030 1.000388
1341.155419 0.999649
1341.156808 1.000558
1341.158197 1.000272
1341.159586 1.000369
1341.160974 1.000700
1341.162363 0.999963
1341.163752 1.000323
1341.165141 1.000485
1341.166530 1.000076
1341.167919 0.999736
1341.169308 1.000280
1341.170696 1.000167
1341.172085 1.000221
1341.173474 0.999509
1341.174863 1.000316
1341.176252 1.000055
1341.177641 0.999986
1341.179030 1.000842
1341.180418 0.999981
1341.181807 0.999522
1341.183196 0.999512
1341.184585 0.999956
1341.185974 1.000642
1341.187363 0.999994
1341.188752 1.000269
1341.190140 0.999897
1341.191529 1.000004
1341.192918 0.999748
1341.194307 1.000581
1341.195696 1.000398
1341.197085 1.000462
1341.198473 1.000281
1341.199862 0.999758
1341.201251 0.999968
1341.202640 1.000440
1341.204029 1.000297
1341.205418 0.999867
1341.206807 1.000117
1341.208195 1.000043
1341.209584 0.999839
1341.210973 0.999453
1341.212362 0.999654
1341.213751 1.000019
1341.215140 0.999169
1341.216529 0.999566
1341.217917 0.999550
1341.219306 0.999933
1341.220695 0.999677
1341.222084 1.000095
1341.223473 0.999843
1341.224862 0.999958
1341.226251 1.000607
1341.227639 0.999574
1341.229028 0.999821
1341.230417 0.999905
1341.231806 1.000111
1341.233195 1.000256
1341.234584 0.999629
1341.235973 1.000270
1341.237361 0.999429
1341.238750 1.000233
1341.240139 0.999632
1341.241528 0.999728
1341.242917 0.999720
1341.244306 1.000177
1341.245694 1.000290
1341.247083 0.999689
1341.248472 0.999362
1341.249861 0.999599
1341.251250 0.999501
1341.252639 1.000494
1341.254028 0.999664
1341.255416 0.999421
1341.256805 0.999622
1341.258194 1.000108
1341.259583 0.999454
1341.260972 1.001170
1341.262361 0.999989
1341.263750 1.000176
1341.265138 1.000145
1341.266527 1.000549
1341.267916 1.000447
1341.269305 1.000320
1341.270694 0.999727
1341.272083 1.001276
1341.273472 1.000181
1341.274860 1.000391
1341.276249 0.999862
1341.277638 1.000215
1341.279027 0.999573
1341.280416 1.001125
1341.281805 1.000233
1341.283194 1.000461
1341.284582 1.000745
1341.285971 0.999488
1341.287360 0.999559
1341.288749 1.000385
1341.290138 0.999617
1341.291527 0.999927
1341.292916 1.000345
1341.294304 0.999855
1341.295693 1.000375
1341.297082 1.000407
1341.298471 0.999624
1341.299860 1.000072
1341.301249 1.000265
1341.302637 0.999331
1341.304026 0.999480
1341.305415 0.999917
1341.306804 1.000283
1341.308193 1.000270
1341.309582 0.999771
1341.310971 1.000283
1341.312359 0.999837
1341.313748 0.999532
1341.315137 0.999184
1341.316526 1.000281
1341.317915 0.999345
1341.319304 1.000404
1341.320693 0.999580
1341.322081 0.999970
1341.323470 0.998861
1341.324859 1.000105
1341.326248 1.000153
1341.327637 0.999489
1341.329026 1.000884
1341.330415 0.999473
1341.331803 0.999217
1341.333192 1.000258
1341.334581 0.999374
1341.335970 1.000148
1341.337359 0.999601
1341.338748 1.000043
1341.340137 1.000504
1341.341525 0.999259
1341.342914 0.999744
1341.344303 0.999978
1341.345692 0.999671
1341.347081 0.999077
1341.348470 1.000378
1341.349858 0.999678
1341.351247 1.000288
1341.352636 1.000298
1341.354025 0.999931
1341.355414 0.999959
1341.356803 0.999580
1341.358192 1.000589
1341.359580 0.999438
1341.360969 0.999842
1341.362358 0.999978
1341.363747 0.999178
1341.365136 1.001008
1341.366525 1.000215
1341.367914 1.000208
1341.369302 1.001644
1341.370691 0.999942
1341.372080 1.001416
1341.373469 1.000789
1341.374858 1.000879
1341.376247 1.000449
1341.377636 1.000736
1341.379024 1.000516
1341.380413 1.001093
1341.381802 1.000284
1341.383191 1.001201
1341.384580 0.999968
1341.385969 1.001029
1341.387358 1.000729
1341.388746 1.000287
1341.390135 1.001022
1341.391524 0.999923
1341.392913 0.999719
1341.394302 1.001208
1341.395691 1.000334
1341.397080 1.000029
1341.398468 0.999656
1341.399857 0.999336
1341.401246 1.000023
1341.402635 1.000077
1341.404024 0.999839
1341.405413 1.000134
1341.406801 0.999718
1341.408190 1.000348
1341.409579 0.999863
1341.410968 0.999980
1341.412357 0.999885
1341.413746 0.999649
1341.415135 0.999975
1341.416523 0.999844
1341.417912 1.000029
1341.419301 1.000034
1341.420690 0.999664
1341.422079 0.999775
1341.423468 1.000269
1341.424857 0.999471
1341.426245 0.999512
1341.429023 0.999786
1341.430412 1.000671
1341.431801 0.998953
1341.433190 1.000166
1341.434579 0.999945
1341.435967 0.999196
1341.437356 1.000087
1341.438745 0.999149
1341.440134 0.999588
1341.441523 0.999745
1341.442912 0.999958
1341.444301 0.999502
1341.445689 0.999917
1341.447078 0.999994
1341.448467 0.999971
1341.449856 0.999957
1341.451245 0.999857
1341.452634 1.000212
1341.454022 1.000084
1341.455411 1.000478
1341.456800 1.000532
1341.458189 1.000715
1341.459578 1.000251
1341.460967 0.999744
1341.462356 1.000808
1341.463744 1.000400
1341.465133 1.000091
1341.466522 1.000319
1341.467911 0.999522
1341.469300 0.999307
1341.470689 0.999879
1341.472078 1.000070
1341.473466 1.000368
1341.474855 0.999495
1341.476244 0.999865
1341.477633 0.999362
1341.479022 1.000463
1341.480411 0.999983
1341.481800 1.000313
1341.483188 1.000438
1341.484577 1.000140
1341.485966 0.999344
1341.487355 0.999758
1341.488744 1.000050
1341.490133 1.000355
1341.491522 0.999508
1341.492910 1.000071
1341.494299 0.999369
1341.495688 1.000097
1341.497077 1.000111
1341.498466 0.999440
1341.499855 1.000689
1341.501243 0.999554
1341.502632 0.999947
1341.504021 0.999749
1341.505410 1.000083
1341.506799 0.999871
1341.508188 1.000199
1341.509577 1.000470
1341.510965 0.999975
1341.512354 1.000391
1341.513743 0.999700
1341.515132 1.000580
1341.516521 1.000137
1341.517910 1.000061
1341.519299 1.000065
1341.520687 0.999984
1341.522076 1.000850
1341.523465 1.000319
1341.524854 0.998780
1341.526243 1.000064
1341.527632 1.000162
1341.529021 1.000670
1341.530409 1.000485
1341.531798 1.000256
1341.533187 1.000043
1341.534576 0.999988
1341.535965 0.999757
1341.537354 1.000080
1341.538743 0.999372
1341.540131 1.000081
1341.541520 1.000389
1341.542909 0.999658
1341.544298 0.999959
1341.545687 1.000499
1341.547076 1.000137
1341.548465 1.000736
1341.549853 1.000285
1341.551242 0.999614
1341.552631 1.000770
1341.554020 1.000665
1341.555409 1.001659
1341.556798 1.000104
1341.558186 1.000505
1341.559575 1.000265
1341.560964 1.000435
1341.562353 0.999495
1341.563742 1.000159
1341.565131 0.999955
1341.566520 1.000062
1341.567908 0.999649
1341.569297 1.000250
1341.570686 0.999766
1341.572075 0.999812
1341.573464 1.000766
1341.574853 0.999570
1341.576242 1.000116
1341.577630 0.999525
1341.579019 1.000367
1341.580408 1.000135
1341.581797 0.999324
1341.583186 0.999282
1341.584575 0.999658
1341.585964 0.999461
1341.587352 0.999977
1341.588741 0.999660
1341.590130 0.999817
1341.591519 0.999494
1341.592908 1.000047
1341.594297 1.000212
1341.595686 0.999262
1341.597074 1.000534
1341.598463 0.999075
1341.599852 1.000044
1341.601241 0.998829
1341.602630 0.999777
1341.604019 0.999398
1341.605407 0.999555
1341.606796 0.999312
1341.608185 1.000040
1341.609574 0.999417
1341.610963 0.999545
1341.612352 0.999540
1341.613741 0.999285
1341.615129 1.000083
1341.616518 0.999455
1341.617907 0.999926
1341.619296 1.000359
1341.620685 0.999819
1341.622074 0.999879
1341.623463 0.999867
1341.624851 1.000632
1341.626240 1.000857
1341.627629 1.000776
1341.629018 1.000332
1341.630407 1.000572
1341.631796 1.000498
1341.633185 1.000071
1341.634573 1.000738
1341.635962 0.999690
1341.637351 1.000546
1341.638740 1.000020
1341.640129 1.000645
1341.641518 1.000472
1341.642907 0.999388
1341.644295 1.000296
1341.645684 1.000632
1341.647073 1.000119
1341.648462 1.000417
1341.649851 1.000111
1341.651240 1.000541
1341.652628 1.000532
1341.654017 1.000139
1341.655406 0.999898
1341.656795 1.000239
1341.658184 1.000335
1341.659573 0.999740
1341.660962 1.000508
1341.662350 1.000605
1341.665128 1.000336
1341.666517 1.000054
1341.667906 1.000652
1341.669295 1.000296
1341.670684 1.000070
1341.672072 1.000616
1341.673461 0.999926
1341.674850 1.000214
1341.677628 0.999949
1341.679017 0.999689
1341.680406 0.999878
1341.681794 1.000325
1341.684572 0.999164
1341.685961 0.999909
1341.687350 0.999798
1341.688739 0.999955
1341.690128 1.001161
1341.691516 0.999881
1341.692905 1.000316
1341.694294 1.000725
1341.695683 1.000271
1341.698461 1.000603
1341.699849 1.000085
1341.702627 0.999952
1341.705405 1.000152
1341.708183 1.000315
1341.709571 0.999964
1341.713738 0.999715
1341.715127 0.999397
1341.716516 0.999325
1341.717905 0.999483
1341.719293 0.999416
1341.720682 0.999430
1341.722071 0.999916
1341.723460 1.000147
1341.724849 0.999164
1341.726238 0.999685
1341.727627 0.999807
1341.729015 0.999681
1341.730404 0.999922
1341.731793 0.999849
1341.733182 0.998887
1341.734571 1.000323
1341.735960 0.999765
1341.737349 0.999804
1341.738737 0.999233
1341.740126 0.999348
1341.741515 1.000032
1341.742904 1.000219
1341.744293 0.999691
1341.745682 0.999766
1341.747070 1.000215
1341.748459 1.000068
1341.751237 0.999682
1341.752626 0.999894
1341.754015 1.000030
1341.755404 0.999670
1341.756792 1.000582
1341.758181 0.999988
1341.759570 0.999777
1341.760959 1.000415
1341.762348 1.000295
1341.763737 0.999987
1341.765126 0.999812
1341.766514 1.000015
1341.767903 1.000205
1341.769292 0.999112
1341.770681 1.000456
1341.772070 1.000732
1341.773459 1.000627
1341.774848 1.000610
1341.776236 1.001317
1341.777625 0.999969
1341.779014 1.000070
1341.780403 1.000068
1341.781792 0.999935
1341.783181 1.000681
1341.784569 0.999755
1341.785958 1.000522
1341.787347 1.000226
1341.788736 1.000091
1341.790125 0.999978
1341.791514 1.000076
1341.792903 1.000084
1341.794291 1.000589
1341.795680 1.000431
1341.797069 1.000778
1341.798458 0.999279
1341.799847 1.000566
1341.801236 0.999812
1341.802625 0.999546
1341.804013 0.999245
1341.805402 1.000506
1341.806791 0.999998
1341.808180 0.999921
1341.809569 0.999991
1341.810958 1.000126
1341.812347 1.000366
1341.813735 1.000222
1341.815124 1.000739
1341.816513 0.999266
1341.817902 0.999641
1341.819291 1.000919
1341.820680 1.000593
1341.822069 1.000288
1341.823457 0.999791
1341.824846 1.000431
1341.826235 1.000578
1341.827624 1.000335
1341.829013 1.000203
1341.830402 0.999885
1341.831790 1.000043
1341.833179 0.999943
1341.834568 1.000181
1341.835957 1.000445
1341.837346 1.000089
1341.838735 0.999629
1341.840124 1.000048
1341.841512 1.000253
1341.842901 0.999738
1341.844290 1.000627
1341.845679 0.998802
1341.847068 0.999999
1341.848457 0.999486
1341.849846 0.999491
1341.851234 1.000287
1341.852623 0.999977
1341.854012 0.999684
1341.855401 0.999720
1341.856790 0.999954
1341.858179 1.000126
1341.859568 1.000254
1341.860956 1.000002
1341.862345 1.000240
1341.863734 0.999827
1341.865123 1.000525
1341.866512 1.000393
1341.867901 0.999333
1341.869290 1.000035
1341.870678 0.999484
1341.872067 1.000217
1341.873456 0.999642
1341.874845 0.999424
1341.876234 0.999553
1341.877623 0.999448
1341.879011 1.000358
1341.880400 0.999837
1341.881789 1.000285
1341.884567 1.000301
1341.885956 0.999970
1341.887345 0.999769
1341.888733 0.999964
1341.890122 0.999651
1341.891511 1.000127
1341.892900 0.999336
1341.894289 1.000356
1341.895678 0.999411
1341.897067 0.999866
1341.898455 1.000077
1341.899844 1.000047
1341.901233 1.000386
1341.902622 0.999571
1341.904011 1.000275
1341.905400 0.999489
1341.906789 1.000155
1341.908177 0.999333
1341.909566 0.999612
1341.910955 0.999885
1341.912344 1.000306
1341.913733 1.000039
1341.915122 0.998895
1341.916511 1.000218
1341.917899 0.999891
1341.919288 1.000265
1341.920677 0.999867
1341.922066 0.999394
1341.923455 1.000066
1341.924844 1.000012
1341.926232 0.999977
1341.927621 0.999785
1341.929010 1.000086
1341.930399 0.999947
1341.931788 1.000068
1341.933177 0.999691
1341.934566 1.000349
1341.935954 1.000396
1341.937343 1.000254
1341.938732 0.999589
1341.940121 1.000877
1341.941510 0.999649
1341.942899 1.000042
1341.944288 1.000343
1341.945676 0.998641
1341.947065 1.000776
1341.948454 0.999647
1341.949843 0.999856
1341.951232 1.000340
1341.952621 1.000283
1341.954010 0.999361
1341.955398 1.000078
1341.956787 0.999232
1341.958176 1.000218
1341.959565 0.999503
1341.960954 1.000295
1341.962343 1.000146
1341.963731 0.999364
1341.965120 1.000327
1341.966509 0.999821
1341.967898 0.999432
1341.969287 0.999674
1341.970676 0.999777
1341.972065 0.999822
1341.973453 1.000199
1341.974842 0.999935
1341.976231 0.999977
1341.977620 1.002118
1341.979009 1.000892
1341.980398 1.001544
1341.981787 1.001310
1341.983175 1.000636
1341.984564 1.000521
1341.985953 1.001064
1341.987342 0.999693
1341.988731 1.000834
1341.990120 1.000345
1341.991509 1.000316
1341.992897 1.000574
1341.994286 1.000038
1341.995675 1.000143
1341.997064 0.999834
1341.998453 1.000099
1341.999842 1.000189
1342.001231 0.999737
1342.002619 1.000741
1342.004008 1.000051
1342.005397 0.999450
1342.006786 0.999833
1342.008175 1.000057
1342.009564 0.999740
1342.010952 1.000307
1342.012341 0.998933
1342.013730 1.000490
1342.015119 1.000261
1342.016508 1.001272
1342.017897 0.999647
1342.019286 0.999513
1342.020674 0.999517
1342.022063 1.000080
1342.023452 0.999889
1342.024841 0.999874
1342.026230 1.000366
1342.027619 0.998705
1342.029008 0.999884
1342.030396 0.999343
1342.031785 1.000032
1342.033174 0.999413
1342.034563 1.000041
1342.035952 0.999976
1342.037341 0.999394
1342.038730 1.000014
1342.040118 0.999648
1342.041507 1.000697
1342.042896 0.999969
1342.044285 0.999713
1342.045674 1.000199
1342.047063 1.000171
1342.048451 1.000262
1342.049840 1.000115
1342.051229 1.000095
1342.052618 0.999906
1342.054007 0.999687
1342.055396 0.999662
1342.056785 0.999496
1342.058173 1.000288
1342.059562 0.999751
1342.060951 0.999702
1342.062340 1.000362
1342.063729 0.999707
1342.065118 1.000182
1342.066507 0.999739
1342.067895 1.000385
1342.069284 0.999232
1342.070673 0.999822
1342.072062 1.000206
1342.073451 0.999762
1342.074840 1.000664
1342.076229 1.000222
1342.077617 0.999579
1342.079006 1.001023
1342.080395 1.000191
1342.081784 1.000321
1342.083173 1.000715
1342.084562 0.999961
1342.087339 0.999465
1342.088728 0.999900
1342.090117 1.000275
1342.091506 1.000289
1342.092895 0.999858
1342.094284 0.999361
1342.095672 1.000448
1342.097061 1.000273
1342.098450 0.999570
1342.099839 1.000167
1342.101228 0.999779
1342.102617 1.000325
1342.104006 1.000521
1342.105394 0.999337
1342.106783 1.000864
1342.108172 1.000473
1342.109561 1.000210
1342.110950 1.001301
1342.112339 1.000209
1342.113728 1.001278
1342.115116 1.000261
1342.116505 1.000322
1342.117894 1.000432
1342.119283 1.000272
1342.120672 0.999868
1342.122061 1.000612
1342.123450 1.001407
1342.124838 1.000051
1342.126227 1.001130
1342.127616 1.000220
1342.129005 1.000530
1342.130394 1.001030
1342.131783 0.999923
1342.133171 1.001018
1342.134560 1.000380
1342.135949 1.001574
1342.137338 1.000657
1342.138727 1.000087
1342.140116 1.000925
1342.141505 0.999861
1342.142893 1.000029
1342.144282 0.999476
1342.145671 0.999136
1342.147060 0.999842
1342.148449 0.999743
1342.149838 0.999157
1342.151227 1.000182
1342.152615 0.999762
1342.154004 0.999592
1342.155393 0.998453
1342.156782 1.000074
1342.158171 0.999409
1342.159560 0.998740
1342.160949 0.999744
1342.162337 0.999386
1342.163726 0.999576
1342.165115 0.998493
1342.166504 0.999734
1342.167893 1.000480
1342.169282 0.998606
1342.170671 0.999711
1342.172059 0.999604
1342.173448 0.999750
1342.174837 0.997368
1342.176226 0.999298
1342.177615 0.999575
1342.179004 0.998689
1342.180392 0.999752
1342.181781 0.998599
1342.183170 0.999352
1342.184559 0.999778
1342.198448 1.000063
1342.199836 1.000244
1342.201225 1.000091
1342.202614 0.999374
1342.204003 0.999539
1342.205392 0.999759
1342.206781 0.999771
1342.208170 1.000100
1342.209558 0.999609
1342.210947 0.999625
1342.212336 0.999736
1342.213725 0.999493
1342.215114 0.999770
1342.216503 0.999731
1342.217891 0.999876
1342.219280 0.999591
1342.220669 0.999928
1342.222058 0.999812
1342.223447 0.999098
1342.224836 0.999880
1342.226225 0.999444
1342.227613 0.999496
1342.229002 0.999606
1342.230391 0.998998
1342.231780 0.999468
1342.233169 0.999757
1342.234558 1.000219
1342.235947 1.000126
1342.237335 1.000114
1342.238724 0.999896
1342.240113 1.000107
1342.241502 0.999663
1342.242891 1.000156
1342.244280 0.999977
1342.245669 1.000054
1342.247057 0.999932
1342.248446 1.000419
1342.249835 0.999924
1342.251224 0.999757
1342.252613 1.000316
1342.254002 1.000254
1342.255390 0.999573
1342.256779 0.999963
1342.258168 0.999456
1342.259557 0.999971
1342.260946 0.999726
1342.262335 0.999613
1342.263724 1.000015
1342.265112 0.999388
1342.266501 0.999765
1342.267890 1.000235
1342.269279 1.000008
1342.270668 0.999968
1342.272057 0.999850
1342.273446 1.000565
1342.274834 1.000337
1342.276223 0.999682
1342.277612 1.000296
1342.279001 0.999876
1342.280390 0.999971
1342.281779 0.999748
1342.283168 1.000231
1342.284556 0.999505
1342.285945 1.000427
1342.287334 0.999579
1342.288723 0.999419
1342.290112 0.999799
1342.291501 0.999582
1342.292890 0.999765
1342.294278 0.999663
1342.295667 1.000351
1342.297056 1.000235
1342.298445 1.000121
1342.299834 1.000608
1342.301223 1.000010
1342.302611 0.999448
1342.304000 1.000440
1342.305389 0.999920
1342.306778 1.000344
1342.308167 1.000314
1342.309556 1.000293
1342.310945 1.000588
1342.312333 1.000130
1342.313722 1.000461
1342.315111 1.000641
1342.316500 1.000493
1342.317889 1.000105
1342.319278 1.000613
1342.320667 1.000327
1342.322055 1.000117
1342.323444 1.000379
1342.324833 0.999967
1342.326222 1.000355
1342.327611 1.000239
1342.329000 1.000311
1342.330389 0.999656
1342.331777 1.000271
1342.333166 1.000387
1342.334555 0.999855
1342.335944 1.000392
1342.337333 1.000379
1342.338722 0.999975
1342.340110 1.000580
1342.341499 0.999918
1342.342888 1.000543
1342.344277 1.000378
1342.345666 1.000053
1342.347055 1.000066
1342.348444 1.000113
1342.349832 1.000075
1342.351221 1.000016
1342.352610 1.000075
1342.353999 0.999870
1342.355388 0.999833
1342.356777 1.000017
1342.358166 0.999820
1342.359554 0.999660
1342.360943 0.999865
1342.362332 0.999809
1342.363721 0.999260
1342.365110 1.000117
1342.366499 0.999351
1342.367888 1.000098
1342.369276 0.999829
1342.370665 0.999786
1342.372054 0.999696
1342.373443 0.999406
1342.374832 0.999701
1342.376221 0.999617
1342.377609 0.999904
1342.378998 1.000022
1342.380387 0.999354
1342.381776 0.999620
1342.383165 1.000049
1342.384554 1.000112
1342.387331 1.000016
1342.388720 1.000082
1342.390109 0.999766
1342.391498 0.999766
1342.392887 0.999976
1342.394276 1.000150
1342.395665 0.999806
1342.397053 1.000108
1342.398442 1.000043
1342.399831 1.000095
1342.401220 1.000392
1342.402609 1.000145
1342.403998 0.999974
1342.405387 1.000102
1342.406775 1.000632
1342.408164 1.000314
1342.409553 1.000153
1342.410942 1.000047
1342.412331 1.000227
1342.413720 1.000216
1342.415108 1.000038
1342.416497 1.000328
1342.417886 0.999556
1342.419275 1.000116
1342.420664 0.999966
1342.422053 1.000072
1342.423442 0.999525
1342.424830 0.999937
1342.426219 1.000202
1342.427608 0.999750
1342.428997 1.000062
1342.430386 0.999402
1342.431775 0.999970
1342.433164 1.000123
1342.434552 0.999709
1342.435941 1.000002
1342.437330 1.000228
1342.438719 1.000260
1342.440108 1.000154
1342.441497 1.000006
1342.442886 0.999880
1342.444274 1.000274
1342.445663 1.000232
1342.447052 1.000110
1342.448441 1.000068
1342.449830 0.999619
1342.451219 0.999921
1342.452607 0.999882
1342.453996 0.999590
1342.455385 0.999739
1342.456774 0.999843
1342.458163 0.999917
1342.459552 0.999859
1342.460941 1.000075
1342.462329 1.000031
1342.463718 1.000175
1342.465107 1.000661
1342.466496 1.000248
1342.467885 0.999985
1342.469274 0.998964
1342.470663 1.000194
1342.472051 1.000159
1342.473440 0.999490
1342.474829 0.999886
1342.476218 1.000149
1342.477607 0.999832
1342.478996 0.999449
1342.480385 0.999804
1342.481773 0.999689
1342.483162 1.000077
1342.484551 0.999687
1342.485940 0.999924
1342.487329 0.999694
1342.488718 0.999986
1342.490107 1.000317
1342.491495 0.999730
1342.492884 1.000044
1342.494273 0.999679
1342.495662 1.000144
1342.497051 0.999743
1342.498440 1.000182
1342.499828 0.999939
1342.501217 1.000243
1342.502606 0.999723
1342.503995 1.000324
1342.505384 0.999780
1342.506773 1.000164
1342.508162 1.000157
1342.509550 0.999434
1342.510939 1.000130
1342.512328 1.000187
1342.513717 1.000254
1342.515106 1.000208
1342.516495 0.999888
1342.517884 0.999937
1342.519272 0.999794
1342.520661 0.999738
1342.522050 0.999774
1342.523439 1.000014
1342.524828 0.999989
1342.526217 0.999946
1342.527606 1.000034
1342.528994 1.000089
1342.530383 0.999658
1342.531772 1.000093
1342.533161 0.999850
1342.534550 1.000157
1342.535939 0.999871
1342.537327 0.999930
1342.538716 0.999649
1342.540105 0.999817
1342.541494 0.999840
1342.542883 0.999513
1342.544272 0.999882
1342.545661 1.000057
1342.547049 0.999749
1342.548438 0.999892
1342.549827 0.999915
1342.551216 1.000283
1342.552605 0.999991
1342.553994 1.000088
1342.555383 0.999869
1342.556771 1.000054
1342.558160 0.999762
1342.559549 0.999663
1342.560938 1.000084
1342.562327 1.000128
1342.563716 0.999671
1342.565105 0.999674
1342.566493 1.000107
1342.567882 0.999231
1342.569271 1.000278
1342.570660 0.999533
1342.572049 1.000055
1342.573438 1.000340
1342.574826 1.000423
1342.576215 0.999794
1342.577604 1.000186
1342.578993 0.999875
1342.580382 0.999780
1342.581771 0.999837
1342.583160 0.999895
1342.584548 0.999750
1342.585937 0.999713
1342.587326 0.999275
1342.588715 1.000359
1342.590104 0.999521
1342.591493 1.000211
1342.592882 0.999432
1342.594270 0.999766
1342.595659 0.999614
1342.597048 0.999521
1342.598437 0.999853
1342.599826 0.999639
1342.601215 0.999713
1342.602604 0.999854
1342.603992 1.001093
1342.605381 1.000533
1342.606770 1.000834
1342.608159 0.999813
1342.609548 1.000242
1342.610937 1.000360
1342.612325 0.999505
1342.613714 1.000082
1342.615103 1.000061
1342.616492 1.000121
1342.617881 0.999683
1342.619270 1.000112
1342.620659 0.999453
1342.622047 1.000168
1342.623436 0.999521
1342.624825 1.000212
1342.626214 1.000365
1342.627603 1.000084
1342.628992 1.000400
1342.630381 1.000264
1342.631769 1.000003
1342.633158 1.000530
1342.634547 1.000864
1342.635936 1.000704
1342.637325 1.000327
1342.638714 1.000582
1342.640103 0.999621
1342.641491 1.000018
1342.642880 0.999996
1342.644269 1.000000
1342.645658 0.999954
1342.647047 0.999708
1342.648436 1.000323
1342.649824 1.000370
1342.651213 1.000111
1342.652602 1.000287
1342.653991 1.000124
1342.655380 0.999511
1342.656769 0.999711
1342.658158 1.000223
1342.659546 0.999871
1342.660935 0.999648
1342.662324 0.999525
1342.663713 1.000466
1342.665102 1.000077
1342.666491 0.999756
1342.667880 0.999908
1342.669268 0.999404
1342.670657 0.999683
1342.672046 0.999974
1342.673435 0.999703
1342.674824 0.999981
1342.676213 1.000359
1342.677602 1.000228
1342.678990 1.000311
1342.680379 1.000456
1342.681768 0.999939
1342.683157 0.999818
1342.684546 1.000539
1342.685935 0.999697
1342.687323 1.000102
1342.688712 1.000129
1342.690101 1.000284
1342.691490 1.000067
1342.692879 1.000144
1342.694268 1.000020
1342.695657 0.999919
1342.697045 0.999572
1342.698434 0.999513
1342.699823 1.000410
1342.701212 1.000119
1342.702601 0.999807
1342.703990 1.000287
1342.705379 1.000437
1342.706767 1.000217
1342.708156 1.000191
1342.709545 0.999459
1342.710934 0.999980
1342.712323 1.000063
1342.713712 1.000520
1342.715101 0.999580
1342.716489 0.999969
1342.717878 1.000072
1342.719267 1.000199
1342.720656 1.000149
1342.722045 0.999541
1342.723434 0.999816
1342.724822 1.000013
1342.726211 1.000154
1342.727600 0.999892
1342.728989 0.999746
1342.730378 1.000021
1342.731767 0.999679
1342.733156 0.999582
1342.734544 0.999684
1342.735933 0.999652
1342.737322 0.999348
1342.738711 0.999478
1342.740100 1.000421
1342.741489 0.999929
1342.742878 0.999807
1342.744266 0.999466
1342.745655 1.000010
1342.747044 0.999484
1342.748433 0.999981
1342.749822 1.000019
1342.751211 1.000155
1342.752600 0.999913
1342.753988 1.000018
1342.755377 1.000613
1342.756766 0.999629
1342.758155 0.999694
1342.759544 0.999367
1342.760933 1.000035
1342.762321 0.999651
1342.765099 0.999878
1342.766488 0.999779
1342.767877 0.999694
1342.769266 1.000300
1342.770655 0.999890
1342.772043 0.999701
1342.773432 0.999941
1342.774821 0.999692
1342.776210 1.000604
1342.777599 0.999728
1342.778988 0.999482
1342.780377 0.999843
1342.781765 1.000170
1342.783154 0.999512
1342.784543 1.000001
1342.785932 1.000047
1342.787321 1.000159
1342.788710 0.999524
1342.790098 0.999750
1342.791487 0.999926
1342.792876 0.999746
1342.794265 0.999827
1342.795654 0.999594
1342.797043 1.000071
1342.798432 0.999973
1342.799820 0.999996
1342.801209 0.999790
1342.802598 1.000141
1342.803987 0.999837
1342.805376 0.999731
1342.806765 0.999994
1342.808154 0.999571
1342.809542 0.999669
1342.810931 0.999912
1342.812320 0.999932
1342.813709 1.000127
1342.815098 0.999878
1342.816487 1.000266
1342.817876 0.999853
1342.819264 1.000067
1342.820653 0.999901
1342.822042 0.999995
1342.823431 1.000027
1342.824820 0.999640
1342.826209 1.000096
1342.827597 0.999513
1342.828986 1.000580
1342.830375 0.999997
1342.831764 0.999606
1342.833153 1.000186
1342.834542 1.000029
1342.835931 1.000237
1342.837319 1.000403
1342.838708 1.000375
1342.840097 1.000070
1342.841486 1.000648
1342.842875 0.999847
1342.844264 1.000075
1342.845653 0.999956
1342.847041 1.000373
1342.848430 1.000357
1342.849819 0.999965
1342.851208 1.000108
1342.852597 1.000220
1342.853986 0.999997
1342.855375 1.000298
1342.856763 1.000032
1342.858152 1.000227
1342.859541 1.000440
1342.860930 1.000063
1342.862319 1.000392
1342.863708 1.000073
1342.865096 1.000213
1342.866485 1.000658
1342.867874 0.999785
1342.869263 1.000058
1342.870652 0.999548
1342.872041 1.000079
1342.873430 0.999922
1342.874818 1.000204
1342.876207 0.999630
1342.877596 1.000202
1342.878985 1.000012
1342.880374 1.000652
1342.881763 0.999579
1342.883152 0.999957
1342.884540 0.999445
1342.885929 1.000062
1342.887318 0.999665
1342.888707 0.999585
1342.890096 1.000221
1342.891485 1.000570
1342.892874 0.999798
1342.894262 1.000070
1342.895651 1.000119
1342.897040 0.999325
1342.898429 1.000187
1342.899818 0.999645
1342.901207 0.999653
1342.902595 1.000250
1342.903984 1.000181
1342.905373 0.999913
1342.906762 0.999624
1342.908151 0.999953
1342.909540 1.000016
1342.910929 1.000143
1342.912317 0.999903
1342.913706 1.000564
1342.915095 1.000480
1342.916484 1.000283
1342.917873 1.000598
1342.919262 1.000164
1342.920651 0.999782
1342.922039 1.000009
1342.923428 0.999917
1342.924817 0.999391
1342.926206 1.000216
1342.927595 0.999915
1342.928984 1.000241
1342.930373 1.000144
1342.931761 0.999460
1342.933150 0.999611
1342.934539 0.999908
1342.935928 1.000193
1342.937317 0.999900
1342.938706 1.000027
1342.940094 1.000219
1342.941483 0.999842
1342.942872 0.999680
1342.944261 1.000291
1342.945650 0.999621
1342.947039 0.999461
1342.948428 1.000606
1342.949816 1.000103
1342.951205 1.000484
1342.952594 0.999536
1342.953983 0.999569
1342.955372 0.999708
1342.956761 0.999953
1342.958150 1.000058
1342.959538 0.999844
1342.960927 1.000026
1342.962316 1.000127
1342.963705 0.999588
1342.965094 1.000048
1342.966483 1.000193
1342.967872 1.000186
1342.969260 1.000212
1342.970649 0.999657
1342.972038 1.000042
1342.973427 0.999458
1342.974816 0.999934
1342.976205 0.999821
1342.977593 0.999560
1342.978982 0.999695
1342.980371 1.000079
1342.981760 1.000138
1342.983149 0.999648
1342.984538 1.000001
1342.985927 1.000206
1342.987315 0.999268
1342.988704 0.999842
1342.990093 0.999951
1342.991482 0.999866
1342.992871 1.000076
1342.994260 0.999736
1342.995649 1.000072
1342.997037 0.999920
1342.998426 1.000098
1342.999815 1.000161
1343.001204 0.999970
1343.002593 0.999599
1343.003982 0.999774
1343.005370 0.999487
1343.006759 0.999410
1343.008148 1.000279
1343.009537 1.000096
1343.010926 0.999393
1343.012315 0.999838
1343.013704 0.999588
1343.015092 1.000344
1343.016481 0.999582
1343.017870 1.000127
1343.019259 1.000112
1343.020648 1.000371
1343.022037 1.000238
1343.023426 0.999666
1343.024814 0.999835
1343.026203 1.000300
1343.027592 1.000346
1343.028981 1.000079
1343.030370 0.999969
1343.031759 1.000194
1343.033148 1.000058
1343.034536 0.999832
1343.035925 1.000192
1343.037314 1.000340
1343.038703 1.000341
1343.040092 1.000348
1343.041481 1.000123
1343.042869 0.999824
1343.044258 1.000389
1343.045647 0.999765
1343.047036 0.999989
1343.048425 1.000166
1343.049814 1.000168
1343.051203 1.000416
1343.052591 0.999788
1343.053980 1.000263
1343.055369 1.000113
1343.056758 0.999414
1343.058147 1.000198
1343.059536 0.999982
1343.060925 0.999872
1343.062313 1.000070
1343.063702 1.000079
1343.065091 0.999941
1343.066480 0.999722
1343.067869 1.000011
1343.069258 0.999694
1343.070647 0.999783
1343.072035 0.999591
1343.073424 1.000016
1343.074813 0.999733
1343.076202 1.000229
1343.077591 1.000100
1343.078980 1.000108
1343.080368 1.000053
1343.081757 0.999605
1343.083146 0.999784
1343.084535 1.000002
1343.085924 0.999579
1343.087313 0.999425
1343.088702 1.000124
1343.090090 1.000597
1343.091479 1.000486
1343.092868 1.000087
1343.094257 1.000362
1343.095646 1.000155
1343.097035 1.000019
1343.098424 0.999940
1343.099812 1.000005
1343.101201 0.999956
1343.102590 0.999711
1343.103979 1.000292
1343.105368 0.999967
1343.106757 0.999818
1343.108146 0.999991
1343.109534 1.000016
1343.110923 0.999741
1343.112312 1.000241
1343.113701 1.000094
1343.115090 0.999457
1343.116479 0.999784
1343.117867 0.999352
1343.119256 0.999743
1343.120645 1.000424
1343.122034 0.999850
1343.123423 1.000134
1343.124812 0.999803
1343.126201 0.999728
1343.127589 1.000044
1343.128978 1.000137
1343.130367 0.999957
1343.131756 0.999817
1343.133145 1.000226
1343.134534 0.999896
1343.135923 1.000225
1343.137311 0.999631
1343.138700 1.000110
1343.140089 0.999538
1343.141478 1.000159
1343.142867 0.999465
1343.144256 0.999775
1343.145644 0.999215
1343.147033 1.000204
1343.148422 1.000134
1343.149811 1.000160
1343.151200 0.999923
1343.152589 0.999881
1343.153978 1.000698
1343.155366 1.000497
1343.156755 1.000061
1343.158144 1.000193
1343.159533 1.000109
1343.160922 0.999765
1343.162311 1.000218
1343.163700 1.000454
1343.165088 0.999899
1343.166477 0.999887
1343.167866 0.999854
1343.169255 0.999945
1343.170644 0.999818
1343.172033 1.000018
1343.173422 1.000343
1343.174810 1.000552
1343.176199 1.000028
1343.177588 0.999980
1343.178977 1.000087
1343.180366 1.000832
1343.181755 0.999821
1343.183143 1.000774
1343.184532 1.000402
1343.185921 0.999631
1343.187310 1.000044
1343.188699 1.000004
1343.190088 0.999953
1343.191477 0.999760
1343.192865 1.000089
1343.194254 0.999840
1343.195643 0.999500
1343.197032 1.000056
1343.198421 1.000252
1343.199810 0.999375
1343.201199 1.000425
1343.202587 1.000516
1343.203976 1.000148
1343.205365 0.999150
1343.206754 1.000204
1343.208143 1.000161
1343.209532 0.999886
1343.210920 0.999415
1343.212309 0.999604
1343.213698 1.000956
1343.215087 0.999904
1343.216476 1.000109
1343.217865 0.999860
1343.219254 0.999272
1343.220642 0.999728
1343.222031 0.999971
1343.223420 0.999844
1343.224809 1.000474
1343.226198 0.999578
1343.227587 0.999903
1343.228976 0.999704
1343.230364 0.999489
1343.231753 0.999846
1343.233142 0.999889
1343.234531 0.999928
1343.235920 1.000092
1343.237309 1.000487
1343.238698 0.999673
1343.240086 0.999660
1343.241475 1.000751
1343.242864 0.999927
1343.244253 1.000227
1343.245642 0.999829
1343.247031 0.999949
1343.248419 1.000114
1343.249808 0.999879
1343.251197 0.999117
1343.252586 1.000365
1343.253975 1.000255
1343.255364 0.999131
1343.256753 0.999929
1343.258141 0.999252
1343.259530 0.999992
1343.260919 0.999523
1343.262308 1.000051
1343.263697 1.000379
1343.265086 0.999711
1343.266475 0.999771
1343.267863 0.999702
1343.269252 1.000248
1343.270641 0.999829
1343.272030 1.000138
1343.273419 0.999545
1343.274808 0.999712
1343.276197 0.999772
1343.277585 0.999518
1343.278974 1.000089
1343.280363 1.000143
1343.281752 0.999610
1343.283141 1.000318
1343.284530 1.000019
1343.285918 0.999759
1343.287307 0.999598
1343.288696 0.999763
1343.290085 1.000370
1343.291474 0.999774
1343.292863 1.000127
1343.294252 0.999948
1343.295640 0.999878
1343.297029 1.000410
1343.298418 0.999863
1343.299807 0.999841
1343.301196 0.999417
1343.302585 0.999365
1343.303974 0.999859
1343.305362 0.999891
1343.306751 1.000202
1343.308140 1.000512
1343.309529 1.001354
1343.310918 1.000623
1343.312307 1.000124
1343.313695 0.999980
1343.315084 1.000049
1343.316473 1.000288
1343.317862 1.000012
1343.319251 1.000350
1343.320640 1.000529
1343.322029 1.000487
1343.323417 1.000025
1343.324806 1.000512
1343.326195 1.000397
1343.327584 1.000047
1343.328973 1.000241
1343.330362 0.999875
1343.331751 1.000451
1343.333139 1.000290
1343.334528 0.999722
1343.335917 1.000279
1343.337306 0.999998
1343.338695 1.000231
1343.340084 1.000277
1343.341473 1.000548
1343.342861 0.999264
1343.344250 1.000742
1343.345639 0.999978
1343.347028 1.000457
1343.348417 1.000429
1343.349806 1.000126
1343.351194 1.000120
1343.352583 0.999655
1343.353972 0.999864
1343.355361 1.000232
1343.356750 1.000369
1343.358139 1.000230
1343.359528 0.999721
1343.360916 0.999998
1343.362305 1.000108
1343.363694 1.000159
1343.365083 1.000203
1343.366472 1.000151
1343.367861 1.000366
1343.369250 0.999795
1343.370638 1.000100
1343.372027 0.999896
1343.373416 1.000206
1343.374805 0.999864
1343.376194 0.999934
1343.377583 0.999853
1343.378971 1.000010
1343.380360 0.999844
1343.381749 1.000115
1343.383138 0.999883
1343.384527 1.000286
1343.385916 1.000793
1343.387305 0.999141
1343.388693 1.000060
1343.390082 0.999353
1343.391471 1.000346
1343.392860 0.999169
1343.394249 1.000277
1343.395638 0.999586
1343.397027 0.999690
1343.398415 0.999564
1343.399804 0.999832
1343.401193 0.999839
1343.402582 0.999330
1343.403971 1.000127
1343.405360 0.999182
1343.406749 0.999966
1343.408137 1.000027
1343.409526 0.999886
1343.410915 0.999096
1343.412304 1.000041
1343.413693 0.999367
1343.415082 0.999485
1343.416470 0.999415
1343.417859 1.000052
1343.419248 1.000032
1343.420637 1.000111
1343.422026 0.999687
1343.423415 1.000394
1343.424804 1.000011
1343.426192 0.999711
1343.427581 0.999573
1343.428970 0.999931
1343.430359 1.000680
1343.431748 0.999986
1343.433137 1.000616
1343.434526 1.000417
1343.435914 0.999771
1343.437303 0.999938
1343.438692 1.000128
1343.440081 0.999577
1343.441470 0.999481
1343.442859 0.999957
1343.444247 1.000453
1343.445636 0.999873
1343.447025 0.999689
1343.448414 1.000444
1343.449803 1.000160
1343.451192 0.999845
1343.452581 0.999393
1343.453969 1.000117
1343.455358 0.999610
1343.456747 0.999980
1343.458136 0.999996
1343.459525 1.000569
1343.460914 1.000119
1343.462303 0.999381
1343.463691 0.999761
1343.465080 0.999865
1343.466469 1.000332
1343.467858 1.000227
1343.469247 0.999740
1343.470636 1.000374
1343.472024 1.000080
1343.473413 1.000425
1343.474802 0.999798
1343.476191 0.999651
1343.477580 1.000161
1343.478969 1.000237
1343.480358 0.999439
1343.481746 1.000536
1343.483135 0.999852
1343.484524 1.000270
1343.485913 0.999932
1343.487302 0.999649
1343.488691 0.999395
1343.490080 0.999869
1343.491468 0.999928
1343.492857 0.999524
1343.494246 0.999961
1343.495635 0.999472
1343.497024 1.000518
1343.498413 0.999403
1343.499802 0.998995
1343.501190 1.000304
1343.502579 0.999487
1343.503968 0.999863
1343.505357 0.999041
1343.506746 1.001979
1343.508135 1.002253
1343.509523 1.002114
1343.510912 1.003510
1343.512301 1.003745
1343.513690 1.001726
1343.515079 1.001716
1343.516468 1.001731
1343.517857 1.000558
1343.519245 1.002120
1343.520634 1.000141
1343.522023 1.001045
1343.524801 1.000389
1343.526190 1.000240
1343.527579 1.000883
1343.528967 1.000314
1343.530356 1.000781
1343.531745 1.000127
1343.533134 1.000345
1343.534523 1.000519
1343.535912 0.999985
1343.537300 0.999541
1343.538689 1.000028
1343.540078 1.000943
1343.541467 1.000036
1343.542856 1.000703
1343.544245 1.000381
1343.545634 1.000203
1343.547022 1.000154
1343.548411 1.000241
1343.549800 1.000089
1343.551189 1.000156
1343.552578 1.000225
1343.553967 0.999711
1343.555356 0.999615
1343.556744 1.000310
1343.560911 1.000382
1343.562300 1.000505
1343.563689 1.000080
1343.565078 1.000197
1343.566466 0.999760
1343.567855 0.999632
1343.569244 0.999669
1343.570633 0.999893
1343.572022 0.999736
1343.573411 1.000634
1343.574799 1.000623
1343.576188 0.999765
1343.577577 1.000563
1343.578966 1.000399
1343.581744 0.999860
1343.583133 1.000533
1343.584521 1.000470
1343.587299 1.000673
1343.588688 1.000081
1343.590077 1.000333
1343.591466 1.000442
1343.592855 0.999788
1343.594243 1.000744
1343.595632 1.000574
1343.597021 0.999870
1343.598410 1.000801
1343.599799 1.000075
1343.601188 1.000338
1343.602576 0.999950
1343.603965 1.000409
1343.605354 1.000057
1343.606743 0.999811
1343.608132 1.000157
1343.609521 1.000429
1343.610910 1.000290
1343.612298 0.999825
1343.613687 1.000305
1343.615076 1.000401
1343.616465 1.000531
1343.617854 0.999926
1343.619243 1.000188
1343.620632 1.000058
1343.622020 1.000320
1343.623409 1.000564
1343.624798 0.999546
1343.626187 1.000213
1343.627576 1.000187
1343.628965 0.999475
1343.630353 1.000085
1343.631742 1.000215
1343.633131 1.000525
1343.634520 0.999693
1343.635909 1.000202
1343.637298 0.999511
1343.638687 0.999317
1343.640075 1.000164
1343.641464 1.000274
1343.642853 0.999943
1343.644242 0.999827
1343.645631 0.999683
1343.647020 1.001193
1343.648409 0.999774
1343.649797 0.999622
1343.651186 0.999971
1343.652575 1.000119
1343.653964 1.001083
1343.655353 1.000665
1343.656742 1.000692
1343.658130 1.000063
1343.659519 1.000474
1343.660908 1.000198
1343.662297 1.000515
1343.663686 1.000021
1343.665075 1.000434
1343.666464 0.999934
1343.667852 1.000918
1343.669241 0.999515
1343.670630 1.000046
1343.672019 0.999882
1343.673408 1.000446
1343.674797 1.000207
1343.676186 1.000024
1343.677574 0.999759
1343.678963 1.000369
1343.680352 0.999884
1343.681741 1.000313
1343.683130 0.999822
1343.684519 1.000282
1343.685908 0.998985
1343.687296 0.999793
1343.688685 1.000305
1343.690074 0.999802
1343.691463 1.000110
1343.692852 1.000301
1343.694241 0.999975
1343.695629 1.000514
1343.697018 0.999594
1343.698407 0.999624
1343.699796 1.000490
1343.701185 0.999675
1343.702574 1.000213
1343.703963 1.000009
1343.705351 0.999792
1343.706740 1.000201
1343.708129 1.000770
1343.709518 1.000005
1343.710907 1.000182
1343.712296 1.000117
1343.713685 1.000089
1343.715073 1.000799
1343.716462 1.000488
1343.717851 1.000172
1343.719240 1.000441
1343.720629 1.000496
1343.722018 1.000231
1343.723406 1.000721
1343.724795 1.000734
1343.726184 0.999962
1343.727573 1.001052
1343.728962 1.000757
1343.730351 1.000793
1343.731740 1.001019
1343.733128 1.000512
1343.734517 1.000128
1343.735906 1.000564
1343.737295 1.000749
1343.738684 1.000269
1343.740073 1.000998
1343.741462 1.000622
1343.742850 1.000225
1343.744239 1.000685
1343.745628 1.000604
1343.747017 1.000665
1343.748406 1.000274
1343.749795 1.000237
1343.751183 1.000133
1343.752572 1.000346
1343.753961 1.000399
1343.755350 1.000155
1343.756739 0.999890
1343.758128 0.999767
1343.759517 1.000220
1343.760905 1.000180
1343.762294 1.001052
1343.763683 1.000233
1343.765072 0.999935
1343.766461 1.000201
1343.767850 1.000600
1343.769239 1.000305
1343.770627 0.999349
1343.772016 1.001236
1343.773405 0.999307
1343.774794 0.999870
1343.776183 0.999887
1343.777572 0.999866
1343.778960 0.999732
1343.780349 0.999577
1343.781738 0.999979
1343.783127 1.000160
1343.784516 0.999719
1343.785905 0.999669
1343.787294 1.000453
1343.788682 1.000391
1343.790071 0.999870
1343.791460 0.999533
1343.792849 1.000430
1343.794238 0.999955
1343.795627 1.000668
1343.797016 0.999495
1343.798404 1.000422
1343.799793 1.000301
1343.801182 0.999682
1343.802571 0.999792
1343.803960 0.999867
1343.805349 1.000002
1343.806738 1.000538
1343.808126 1.000268
1343.809515 1.000023
1343.810904 1.000348
1343.812293 1.000400
1343.813682 1.000340
1343.815071 0.999702
1343.816459 1.000600
1343.817848 0.999475
1343.819237 1.000506
1343.820626 0.999949
1343.822015 1.000290
1343.823404 0.999788
1343.824793 0.999262
1343.826181 1.000347
1343.827570 0.999329
1343.828959 1.000480
1343.830348 0.999296
1343.831737 0.999611
1343.833126 1.000532
1343.834515 0.999879
1343.835903 0.999620
1343.837292 1.000244
1343.838681 0.999489
1343.840070 0.999891
1343.841459 1.000078
1343.842848 0.999857
1343.844236 0.999321
1343.845625 1.000469
1343.847014 0.999657
1343.848403 0.999360
1343.849792 1.000174
1343.851181 1.000160
1343.852570 1.000105
1343.853958 0.999586
1343.855347 0.999951
1343.856736 0.999830
1343.858125 1.000092
1343.859514 1.000131
1343.860903 0.999986
1343.862292 0.999604
1343.863680 0.999255
1343.865069 1.000498
1343.866458 0.999378
1343.867847 1.000119
1343.869236 1.000157
1343.870625 1.000056
1343.872013 1.000251
1343.873402 0.999762
1343.874791 1.000406
1343.876180 0.999661
1343.877569 0.999760
1343.878958 1.000355
1343.880347 0.999575
1343.881735 1.000571
1343.883124 1.000177
1343.884513 0.999656
1343.885902 0.999825
1343.887291 0.999710
1343.888680 1.000013
1343.890069 0.999607
1343.891457 0.999950
1343.892846 1.000217
1343.894235 0.998655
1343.895624 1.000041
1343.897013 0.999478
1343.898402 0.999769
1343.899790 0.999718
1343.901179 0.999640
1343.902568 0.999771
1343.903957 0.999549
1343.905346 0.999184
1343.906735 0.999524
1343.908124 1.000161
1343.909512 0.999336
1343.910901 1.000093
1343.912290 0.999869
1343.913679 1.000155
1343.915068 0.999433
1343.916457 0.999964
1343.917846 1.000172
1343.919234 0.999935
1343.920623 1.000708
1343.922012 1.000706
1343.923401 1.000346
1343.924790 1.000134
1343.926179 1.000892
1343.927567 1.000135
1343.928956 1.000629
1343.930345 1.000697
1343.931734 1.000647
1343.933123 1.000140
1343.934512 1.000954
1343.935901 0.999782
1343.937289 1.000425
1343.938678 1.000364
1343.940067 1.000258
1343.941456 1.000636
1343.942845 1.000408
1343.944234 1.000865
1343.945623 1.000758
1343.947011 1.000782
1343.948400 1.001315
1343.949789 1.000788
1343.951178 1.000249
1343.952567 1.000281
1343.953956 1.000295
1343.955344 0.999958
1343.956733 1.000006
1343.958122 1.000331
1343.959511 1.000280
1343.960900 1.000597
1343.962289 0.999750
1343.963678 1.000194
1343.965066 1.000353
1343.966455 1.000443
1343.967844 0.999511
1343.970622 1.000219
1343.972011 0.999626
1343.973400 0.999429
1343.974788 0.999957
1343.976177 0.999160
1343.977566 0.999974
1343.978955 0.999988
1343.980344 0.999654
1343.981733 0.999431
1343.983122 0.999859
1343.984510 0.999301
1343.985899 1.000117
1343.987288 0.999344
1343.988677 0.998854
1343.990066 1.000049
1343.991455 0.999415
1343.992843 1.000977
1343.994232 0.999461
1343.995621 0.999642
1343.997010 0.999561
1343.998399 0.999651
1343.999788 1.000104
1344.001177 0.999773
1344.002565 0.999717
1344.003954 1.000033
1344.005343 0.999523
1344.006732 1.000016
1344.008121 0.999605
1344.009510 0.999579
1344.010899 1.000064
1344.012287 1.000001
1344.013676 0.999621
1344.015065 1.000509
1344.016454 1.000168
1344.017843 1.000118
1344.019232 0.999931
1344.020620 0.999855
1344.022009 1.000024
1344.023398 0.999893
1344.024787 1.000640
1344.026176 0.999493
1344.027565 1.000802
1344.028954 0.999890
1344.030342 1.000291
1344.031731 0.999280
1344.033120 1.000223
1344.034509 0.999826
1344.035898 1.000186
1344.037287 0.999863
1344.038676 0.999491
1344.040064 1.000115
1344.041453 1.000362
1344.042842 1.000141
1344.044231 1.000531
1344.045620 0.999546
1344.047009 1.000623
1344.048397 1.000215
1344.049786 0.999975
1344.051175 1.000154
1344.052564 1.000064
1344.053953 1.000075
1344.055342 0.999587
1344.056731 1.000313
1344.058119 1.000426
1344.059508 1.000086
1344.060897 1.000865
1344.062286 1.000028
1344.063675 0.999853
1344.065064 0.999910
1344.066453 1.000345
1344.067841 1.000722
1344.069230 1.000772
1344.070619 0.999921
1344.072008 1.000933
1344.073397 1.000389
1344.074786 1.000308
1344.076174 1.000055
1344.077563 1.000068
1344.078952 0.999679
1344.080341 0.999582
1344.081730 1.000588
1344.083119 1.001104
1344.084508 0.999139
1344.085896 1.000234
1344.087285 0.999822
1344.088674 1.000396
1344.090063 1.000102
1344.091452 1.000310
1344.092841 1.000205
1344.094230 0.999610
1344.095618 1.000066
1344.097007 0.999860
1344.098396 1.000140
1344.099785 1.000006
1344.101174 0.999426
1344.102563 0.999916
1344.103951 1.000641
1344.105340 1.000135
1344.106729 1.000351
1344.108118 0.999920
1344.109507 1.000197
1344.110896 1.000162
1344.112285 0.999670
1344.113673 0.999692
1344.115062 1.000572
1344.116451 0.999391
1344.117840 0.999926
1344.119229 0.999585
1344.120618 1.000120
1344.122007 0.999651
1344.123395 0.999686
1344.124784 0.999745
1344.126173 0.999860
1344.127562 0.999741
1344.128951 0.999995
1344.130340 1.000104
1344.131728 1.000117
1344.133117 0.999719
1344.134506 1.000638
1344.135895 0.999347
1344.137284 0.999650
1344.138673 0.999781
1344.140062 0.999941
1344.141450 1.000729
1344.142839 1.000129
1344.144228 1.000391
1344.145617 0.998565
1344.147006 1.000516
1344.148395 1.000472
1344.149784 0.999064
1344.151172 1.000279
1344.152561 0.999673
1344.153950 0.999605
1344.155339 1.000189
1344.156728 0.999717
1344.158117 0.999718
1344.159505 1.000412
1344.160894 1.000033
1344.162283 0.998730
1344.163672 0.999907
1344.165061 0.999874
1344.166450 0.999161
1344.167839 0.999630
1344.169227 0.999411
1344.170616 1.000115
1344.172005 0.999263
1344.173394 0.999442
1344.174783 0.999775
1344.176172 0.999353
1344.177561 0.999665
1344.178949 0.999566
1344.180338 0.999923
1344.181727 0.999371
1344.183116 0.999857
1344.184505 0.999623
1344.185894 0.999458
1344.187282 0.999990
1344.188671 1.000641
1344.190060 1.000675
1344.191449 1.000286
1344.192838 1.000633
1344.194227 0.999532
1344.195616 1.000479
1344.197004 1.000204
1344.198393 1.000618
1344.199782 0.999735
1344.201171 1.000617
1344.202560 0.999975
1344.203949 1.000102
1344.205338 1.000271
1344.206726 0.999503
1344.208115 1.000054
1344.209504 0.999932
1344.210893 0.999892
1344.212282 1.000970
1344.213671 0.999945
1344.215059 1.001069
1344.216448 1.000129
1344.217837 1.000971
1344.219226 1.000783
1344.220615 1.000470
1344.222004 1.000443
1344.223393 1.000874
1344.224781 1.000106
1344.226170 1.000230
1344.227559 1.000063
1344.228948 1.000478
1344.230337 1.000201
1344.231726 1.001327
1344.233115 1.000067
1344.234503 1.000185
1344.235892 1.000078
1344.237281 1.000543
1344.238670 0.999687
1344.240059 1.000316
1344.241448 1.000360
1344.242836 0.999813
1344.244225 0.999664
1344.245614 1.000327
1344.247003 1.000722
1344.248392 0.999586
1344.249781 1.000499
1344.251170 1.000276
1344.252558 1.000029
1344.253947 1.000371
1344.255336 0.999834
1344.256725 1.000050
1344.258114 1.000249
1344.259503 1.000002
1344.260892 1.000266
1344.262280 1.000352
1344.263669 1.000243
1344.265058 0.999851
1344.266447 0.999745
1344.269225 0.999953
1344.270613 0.998956
1344.272002 1.000148
1344.274780 1.000125
1344.276169 1.000062
1344.277558 1.000056
1344.278947 0.999947
1344.280335 1.000032
1344.281724 0.999659
1344.283113 0.999522
1344.284502 0.999987
1344.285891 0.999222
1344.288669 0.999626
1344.290057 1.000042
1344.291446 0.999990
1344.292835 0.999352
1344.294224 1.000947
1344.295613 0.999834
1344.297002 0.999599
1344.298390 1.000012
1344.299779 0.999188
1344.301168 0.999693
1344.302557 0.999994
1344.303946 1.000368
1344.305335 0.999949
1344.306724 1.000367
1344.309501 1.000095
1344.310890 0.999323
1344.312279 1.000139
1344.313668 1.000482
1344.315057 1.000491
1344.316446 1.000371
1344.317834 1.000722
1344.319223 0.999667
1344.320612 0.999163
1344.322001 1.000846
1344.323390 0.999909
1344.324779 1.000202
1344.326167 1.000133
1344.327556 1.000255
1344.328945 0.999885
1344.330334 1.000022
1344.331723 1.000499
1344.333112 0.998809
1344.334501 1.000784
1344.335889 0.999509
1344.337278 1.000120
1344.338667 0.999570
1344.340056 1.000173
1344.341445 1.000106
1344.342834 0.999773
1344.344223 1.000394
1344.345611 0.999386
1344.347000 0.999616
1344.348389 1.000413
1344.349778 1.000014
1344.351167 0.999729
1344.352556 0.999981
1344.353944 1.000025
1344.355333 0.999755
1344.356722 0.999333
1344.358111 1.000133
1344.359500 1.000140
1344.360889 1.000076
1344.362278 0.999647
1344.363666 0.999959
1344.365055 1.000199
1344.366444 0.999466
1344.367833 0.999865
1344.369222 0.999522
1344.370611 0.999194
1344.372000 1.000376
1344.373388 0.999797
1344.374777 1.000273
1344.376166 1.000017
1344.377555 1.000511
1344.378944 1.000461
1344.380333 1.000217
1344.381721 1.000213
1344.383110 1.000188
1344.384499 1.000567
1344.385888 1.000686
1344.387277 1.000217
1344.388666 1.000388
1344.390055 1.000363
1344.391443 1.000344
1344.392832 0.998221
1344.394221 1.001000
1344.395610 1.000813
1344.396999 0.999680
1344.398388 1.000299
1344.399776 0.999882
1344.401165 0.999422
1344.402554 1.000254
1344.403943 0.999593
1344.405332 1.000028
1344.406721 0.999619
1344.409498 0.999963
1344.410887 1.000610
1344.412276 1.000085
1344.413665 0.999532
1344.415054 0.999125
1344.416443 0.999927
1344.417832 1.000287
1344.419220 1.000432
1344.420609 1.000111
1344.421998 1.000383
1344.423387 0.999949
1344.426165 1.000628
1344.427553 0.999540
1344.428942 1.000379
1344.430331 1.000385
1344.431720 0.999921
1344.433109 0.999651
1344.434498 0.999853
1344.435887 0.999654
1344.437275 1.000036
1344.438664 0.999868
1344.440053 0.999973
1344.441442 1.000086
1344.442831 1.000598
1344.444220 0.999372
1344.445609 1.000958
1344.446997 0.999242
1344.448386 0.999326
1344.449775 1.000269
1344.451164 1.000007
1344.452553 0.999551
1344.453942 0.999830
1344.455330 1.000292
1344.456719 0.999455
1344.458108 0.999804
1344.460886 1.000251
1344.462275 0.999623
1344.463664 0.999457
1344.465052 0.999664
1344.466441 0.999899
1344.467830 0.999618
1344.469219 0.999510
1344.470608 0.999990
1344.471997 1.000532
1344.473386 1.000385
1344.474774 1.000293
1344.476163 1.000416
1344.477552 1.001180
1344.478941 1.000495
1344.480330 0.999362
1344.481719 1.000197
1344.483107 1.000158
1344.484496 1.000151
1344.485885 0.999710
1344.487274 1.000242
1344.488663 0.999911
1344.490052 0.999832
1344.491441 0.999934
1344.492829 1.000156
1344.494218 0.999493
1344.495607 1.000014
1344.496996 0.999976
1344.498385 0.999270
1344.499774 0.999796
1344.501163 0.999649
1344.502551 1.000282
1344.503940 0.999754
1344.505329 1.000909
1344.506718 0.999618
1344.508107 1.000418
1344.509496 0.999414
1344.510884 1.000560
1344.512273 1.000050
1344.513662 0.999940
1344.515051 0.999978
1344.516440 1.001843
1344.517829 1.001930
1344.519218 1.001421
1344.520606 1.001371
1344.521995 1.000836
1344.523384 1.000903
1344.524773 1.000725
1344.526162 1.000543
1344.527551 0.999688
1344.528940 1.000455
1344.530328 1.001183
1344.531717 1.000331
1344.533106 1.001833
1344.535884 1.001899
1344.537273 1.001415
1344.538661 1.000903
1344.540050 1.000646
1344.541439 1.000623
1344.542828 1.000302
1344.544217 0.999881
1344.545606 1.000846
1344.546995 1.000361
1344.548383 1.000223
1344.549772 1.000024
1344.551161 1.000294
1344.552550 1.000164
1344.553939 0.999297
1344.555328 1.000146
1344.556717 1.000034
1344.558105 0.999643
1344.559494 0.999844
1344.560883 1.000420
1344.562272 1.000018
1344.565050 0.999567
1344.566438 0.999792
1344.567827 1.000775
1344.569216 0.999777
1344.570605 1.000650
1344.571994 1.000426
1344.574772 1.000496
1344.576160 0.999371
1344.577549 1.000420
1344.578938 1.000399
1344.580327 0.999449
1344.581716 0.999791
1344.583105 0.999986
1344.584493 0.999582
1344.585882 0.999766
1344.587271 1.000220
1344.588660 0.999958
1344.590049 0.999511
1344.591438 1.000212
1344.592827 0.999858
1344.594215 0.999356
1344.595604 1.000105
1344.596993 0.999871
1344.598382 0.999059
1344.599771 1.000185
1344.601160 1.000148
1344.602549 0.999749
1344.603937 0.999577
1344.605326 0.999223
1344.606715 0.999990
1344.608104 0.999912
1344.609493 0.999639
1344.610882 0.999734
1344.612270 0.999714
1344.613659 1.000283
1344.615048 1.000301
1344.616437 0.999947
1344.617826 0.999716
1344.619215 0.999962
1344.620604 0.999642
1344.621992 1.000074
1344.623381 0.999701
1344.624770 0.999576
1344.626159 0.999503
1344.627548 0.999893
1344.628937 0.999975
1344.630326 1.000031
1344.631714 0.999645
1344.633103 0.999587
1344.634492 1.000530
1344.635881 0.999881
1344.637270 1.000157
1344.638659 0.999702
1344.640047 0.999894
1344.641436 1.000393
1344.642825 1.000289
1344.644214 1.000260
1344.645603 1.000037
1344.646992 1.000068
1344.648381 1.000009
1344.649769 0.999762
1344.651158 0.999708
1344.652547 1.000814
1344.653936 0.999884
1344.655325 0.998882
1344.658103 0.998627
1344.659491 1.000302
1344.660880 0.999184
1344.662269 1.000340
1344.663658 0.999875
1344.665047 0.999630
1344.666436 0.999597
1344.667824 1.000302
1344.669213 1.000191
1344.670602 0.999261
1344.671991 0.999848
1344.673380 0.999377
1344.674769 0.999921
1344.676158 1.001109
1344.677546 1.000223
1344.678935 1.000562
1344.680324 0.999791
1344.681713 1.000108
1344.683102 0.999351
1344.684491 1.000216
1344.698379 1.000678
1344.699768 1.000391
1344.701157 1.000345
1344.702546 1.000831
1344.703935 1.000266
1344.705323 1.000412
1344.706712 1.000232
1344.708101 1.000121
1344.709490 1.000505
1344.710879 1.000749
1344.712268 0.999869
1344.713656 1.000099
1344.715045 1.000372
1344.716434 1.000480
1344.717823 0.999835
1344.719212 1.000483
1344.720601 1.000270
1344.721990 1.000723
1344.723378 1.000631
1344.724767 1.000776
1344.726156 1.000341
1344.727545 1.000209
1344.728934 1.000169
1344.730323 0.999744
1344.731712 1.000512
1344.733100 1.000126
1344.734489 0.999941
1344.735878 1.000162
1344.737267 1.000370
1344.738656 1.000061
1344.740045 0.999798
1344.741433 0.999454
1344.742822 0.999707
1344.744211 1.000047
1344.745600 0.999643
1344.746989 0.999916
1344.748378 1.000080
1344.749767 0.999928
1344.751155 0.999897
1344.752544 1.000025
1344.753933 1.000071
1344.755322 0.999589
1344.756711 1.000255
1344.758100 1.000302
1344.759489 1.000415
1344.760877 0.999960
1344.762266 1.000165
1344.763655 0.999874
1344.765044 1.000086
1344.766433 0.999637
1344.767822 0.999413
1344.769210 0.999675
1344.770599 0.999834
1344.771988 0.999745
1344.773377 0.999677
1344.774766 0.999808
1344.776155 0.999732
1344.777544 0.999281
1344.778932 1.000001
1344.780321 1.000092
1344.781710 0.999866
1344.783099 0.999435
1344.784488 0.999916
1344.785877 0.999451
1344.787265 0.999561
1344.788654 0.999805
1344.790043 0.999618
1344.791432 0.999690
1344.792821 0.999471
1344.794210 0.999524
1344.795599 0.999575
1344.796987 0.999265
1344.798376 0.999789
1344.799765 0.999665
1344.801154 0.999973
1344.802543 0.999645
1344.803932 0.999553
1344.805321 1.000155
1344.806709 0.999432
1344.808098 1.000045
1344.809487 0.999927
1344.810876 1.000050
1344.812265 1.001246
1344.813654 1.000480
1344.815042 1.001097
1344.816431 1.001759
1344.817820 1.002325
1344.819209 1.001777
1344.820598 1.001996
1344.821987 1.002101
1344.823376 1.001783
1344.824764 1.001109
1344.826153 1.001097
1344.827542 1.000570
1344.828931 1.000773
1344.830320 1.000699
1344.831709 1.000175
1344.833098 1.000440
1344.834486 1.000376
1344.835875 0.999648
1344.837264 1.000327
1344.838653 1.000132
1344.840042 1.000558
1344.841431 0.999812
1344.842819 1.000181
1344.844208 0.999823
1344.845597 0.999933
1344.846986 1.000361
1344.848375 1.000478
1344.849764 1.000529
1344.851153 0.999639
1344.852541 0.999652
1344.853930 0.999935
1344.855319 0.999807
1344.856708 1.000248
1344.858097 0.999628
1344.859486 0.999896
1344.860875 1.000147
1344.862263 0.999585
1344.863652 1.000240
1344.865041 0.999724
1344.866430 0.999852
1344.867819 0.999852
1344.869208 0.999941
1344.870596 1.000428
1344.871985 1.000294
1344.873374 0.999796
1344.874763 1.000272
1344.876152 1.000148
1344.877541 0.999794
1344.878930 0.999906
1344.880318 0.999334
1344.881707 1.000225
1344.883096 0.999678
1344.884485 1.000075
1344.885874 0.999981
1344.887263 1.000498
1344.888651 1.000535
1344.890040 1.000243
1344.891429 0.999968
1344.892818 1.000503
1344.894207 1.000309
1344.895596 1.000205
1344.896985 1.000566
1344.898373 1.000137
1344.899762 0.999884
1344.901151 1.000681
1344.902540 0.999836
1344.903929 0.999918
1344.905318 1.000098
1344.906707 1.000261
1344.908095 1.000538
1344.909484 1.000372
1344.910873 0.999910
1344.912262 1.000044
1344.913651 1.000054
1344.915040 1.000116
1344.916428 1.000636
1344.917817 0.999978
1344.919206 1.000087
1344.920595 0.999875
1344.921984 0.999751
1344.923373 0.999639
1344.924762 1.000283
1344.926150 1.000227
1344.927539 0.999604
1344.928928 0.999799
1344.930317 1.000039
1344.931706 1.000045
1344.933095 0.999617
1344.934483 0.999925
1344.935872 0.999399
1344.937261 1.000121
1344.938650 0.999644
1344.940039 0.999583
1344.941428 0.999665
1344.942817 0.999404
1344.944205 0.999298
1344.945594 0.999895
1344.946983 1.000070
1344.948372 0.999703
1344.949761 0.999693
1344.951150 0.999730
1344.952539 1.000069
1344.953927 0.999942
1344.955316 0.999642
1344.956705 0.999564
1344.958094 1.000438
1344.959483 0.999414
1344.960872 1.000258
1344.962260 0.999917
1344.963649 1.000256
1344.965038 0.999939
1344.966427 1.000477
1344.967816 0.999929
1344.969205 0.999703
1344.970594 0.999809
1344.971982 0.999423
1344.973371 0.999982
1344.974760 0.999871
1344.976149 0.999814
1344.977538 0.999726
1344.978927 0.999514
1344.980316 1.000017
1344.981704 0.999875
1344.983093 0.999580
1344.984482 0.999532
1344.985871 0.999877
1344.987260 0.999681
1344.988649 0.999996
1344.990037 0.999516
1344.991426 0.999255
1344.992815 0.999849
1344.994204 0.999600
1344.995593 0.999389
1344.996982 0.999925
1344.998371 0.999128
1344.999759 0.999539
1345.001148 0.999414
1345.002537 0.999728
1345.003926 1.000006
1345.005315 0.999400
1345.006704 0.999684
1345.008092 0.999514
1345.009481 0.999854
1345.010870 1.000175
1345.012259 1.001913
1345.013648 1.001716
1345.015037 1.000590
1345.016426 1.000957
1345.017814 1.000986
1345.019203 1.000933
1345.020592 1.000828
1345.021981 1.001064
1345.023370 1.000690
1345.024759 1.000308
1345.026148 1.000431
1345.027536 1.000557
1345.028925 1.000446
1345.030314 1.000465
1345.031703 1.000146
1345.033092 1.001486
1345.034481 1.000268
1345.035869 1.000516
1345.037258 0.999660
1345.038647 1.000615
1345.040036 1.000362
1345.041425 1.000322
1345.042814 1.000076
1345.044203 1.000820
1345.045591 0.999598
1345.046980 1.000537
1345.048369 0.999962
1345.049758 1.000209
1345.051147 1.000316
1345.052536 0.999440
1345.053925 0.999531
1345.055313 1.000436
1345.056702 1.000319
1345.058091 0.999749
1345.059480 0.999514
1345.060869 1.000056
1345.062258 1.000127
1345.063646 1.000204
1345.065035 0.999700
1345.066424 0.999991
1345.067813 1.000153
1345.069202 1.000628
1345.070591 1.000190
1345.071980 1.001239
1345.073368 1.000726
1345.074757 1.000703
1345.076146 1.000533
1345.077535 1.000757
1345.078924 0.999995
1345.080313 1.000321
1345.081701 1.000375
1345.083090 1.000336
1345.084479 1.000119
1345.085868 1.000279
1345.087257 0.999874
1345.088646 0.999793
1345.090035 0.999479
1345.091423 1.000158
1345.092812 0.999791
1345.094201 0.999993
1345.095590 0.999922
1345.096979 1.000211
1345.098368 0.999976
1345.099757 1.000315
1345.101145 0.999718
1345.102534 1.000025
1345.103923 0.999664
1345.105312 1.000041
1345.106701 0.999881
1345.108090 0.999737
1345.109478 0.999708
1345.110867 0.999779
1345.112256 1.000116
1345.113645 0.999477
1345.115034 0.999875
1345.116423 0.999775
1345.117812 0.999861
1345.119200 1.000113
1345.120589 0.999756
1345.121978 0.999995
1345.123367 0.999895
1345.124756 0.999532
1345.126145 0.999933
1345.127533 0.998797
1345.128922 1.000108
1345.130311 0.999364
1345.131700 1.000015
1345.133089 0.999875
1345.134478 0.999443
1345.135867 0.999910
1345.137255 0.999437
1345.138644 0.999864
1345.140033 0.999813
1345.141422 1.000293
1345.142811 0.999875
1345.144200 0.999899
1345.145589 0.999999
1345.146977 0.999821
1345.148366 0.999825
1345.149755 0.999770
1345.151144 0.999891
1345.152533 0.999853
1345.153922 1.000034
1345.155310 0.999656
1345.156699 0.999729
1345.158088 0.999991
1345.159477 0.999427
1345.160866 0.999851
1345.162255 0.999980
1345.163644 0.999710
1345.165032 0.999483
1345.166421 0.999541
1345.167810 1.000355
1345.169199 0.999694
1345.170588 1.000146
1345.171977 0.999905
1345.173366 0.999580
1345.174754 0.999921
1345.176143 0.999499
1345.177532 0.999779
1345.178921 0.999789
1345.180310 0.999594
1345.181699 0.999876
1345.183087 0.999417
1345.184476 0.999689
1345.185865 0.999853
1345.187254 1.000134
1345.188643 0.999512
1345.190032 1.000107
1345.191421 0.999592
1345.192809 0.999793
1345.194198 0.999424
1345.195587 0.999745
1345.196976 0.999923
1345.198365 0.999604
1345.199754 0.999959
1345.201142 1.000045
1345.202531 0.999503
1345.203920 0.999547
1345.205309 0.999451
1345.206698 0.999844
1345.208087 0.999604
1345.209476 0.999362
1345.210864 0.999292
1345.212253 0.999952
1345.213642 1.000649
1345.215031 1.000487
1345.216420 1.000758
1345.217809 1.000687
1345.219198 1.000808
1345.220586 1.000911
1345.221975 1.000807
1345.223364 1.000780
1345.224753 1.000308
1345.226142 1.000301
1345.227531 1.000630
1345.228919 1.000871
1345.230308 1.000511
1345.231697 1.000243
1345.233086 1.000533
1345.234475 1.000279
1345.235864 0.999849
1345.237253 0.999952
1345.238641 0.999882
1345.240030 0.999751
1345.241419 1.000512
1345.242808 0.999636
1345.244197 1.000584
1345.245586 1.000028
1345.246974 0.999945
1345.248363 0.999735
1345.249752 1.000440
1345.251141 1.000107
1345.252530 0.999638
1345.253919 1.000221
1345.255308 1.000311
1345.256696 1.000196
1345.258085 1.000770
1345.259474 1.000872
1345.260863 1.000647
1345.262252 1.000800
1345.263641 1.000804
1345.265030 1.000707
1345.266418 1.000933
1345.267807 1.000873
1345.269196 1.000600
1345.270585 1.000541
1345.271974 1.000317
1345.273363 1.000143
1345.274751 1.000149
1345.276140 1.000261
1345.277529 1.000360
1345.278918 1.000278
1345.280307 1.000160
1345.281696 1.000120
1345.283085 1.000545
1345.284473 1.000105
1345.285862 1.000389
1345.287251 1.000173
1345.288640 0.999941
1345.290029 0.999722
1345.291418 0.999954
1345.292806 1.001434
1345.294195 1.001377
1345.295584 1.001006
1345.296973 1.000393
1345.298362 1.000323
1345.299751 0.999839
1345.301140 1.000059
1345.302528 1.000187
1345.303917 1.000414
1345.305306 1.000570
1345.306695 1.000797
1345.308084 1.000617
1345.309473 1.000377
1345.310862 1.000416
1345.312250 1.000111
1345.313639 0.999939
1345.315028 1.000110
1345.316417 0.999853
1345.317806 1.000109
1345.319195 0.999867
1345.320583 0.999606
1345.321972 1.000035
1345.323361 0.999737
1345.324750 0.999562
1345.326139 0.999937
1345.327528 0.999743
1345.328917 0.999691
1345.330305 0.999888
1345.331694 1.000112
1345.333083 1.000717
1345.334472 0.999665
1345.335861 1.000083
1345.337250 1.000092
1345.338638 1.000053
1345.340027 0.999933
1345.341416 1.000196
1345.342805 0.999911
1345.344194 0.999616
1345.345583 1.000071
1345.346972 1.000184
1345.348360 0.999875
1345.349749 0.999884
1345.351138 0.999799
1345.352527 1.000283
1345.353916 0.999741
1345.355305 0.999952
1345.356694 0.999930
1345.358082 1.000018
1345.359471 1.000267
1345.360860 0.999646
1345.362249 0.999847
1345.363638 0.999439
1345.365027 1.000034
1345.366415 0.999714
1345.367804 0.999856
1345.369193 1.000607
1345.370582 0.999845
1345.371971 0.999992
1345.373360 1.000540
1345.374749 1.000416
1345.376137 0.999818
1345.377526 1.000177
1345.378915 1.000211
1345.380304 0.999904
1345.381693 1.000109
1345.383082 0.999307
1345.384470 1.000356
1345.385859 0.999810
1345.387248 0.999890
1345.388637 0.999430
1345.390026 1.000174
1345.391415 0.999524
1345.392804 1.003005
1345.394192 1.006895
1345.395581 1.005365
1345.396970 1.003506
1345.398359 1.003259
1345.399748 1.002097
1345.401137 1.002122
1345.402526 1.001213
1345.403914 1.001073
1345.405303 1.001182
1345.406692 1.000995
1345.408081 1.000187
1345.409470 1.000587
1345.410859 1.000252
1345.412247 1.000050
1345.413636 1.000442
1345.415025 1.000264
1345.416414 1.000099
1345.417803 1.000225
1345.419192 1.000274
1345.420581 1.002941
1345.421969 1.003170
1345.423358 1.003538
1345.424747 1.003101
1345.426136 1.002943
1345.427525 1.003606
1345.428914 1.002666
1345.430302 1.001871
1345.431691 1.002859
1345.433080 1.002271
1345.434469 1.001726
1345.435858 1.001860
1345.437247 1.001687
1345.438636 1.001960
1345.440024 1.001074
1345.441413 1.001226
1345.442802 1.000540
1345.444191 1.001167
1345.445580 1.000329
1345.446969 1.000079
1345.448358 1.000761
1345.449746 1.000321
1345.451135 1.000575
1345.452524 1.000150
1345.453913 1.000090
1345.455302 1.000346
1345.456691 0.999787
1345.458079 0.999716
1345.459468 1.000239
1345.460857 1.000204
1345.462246 1.000048
1345.463635 0.999927
1345.465024 1.000213
1345.466413 1.000027
1345.467801 1.000150
1345.469190 0.999422
1345.470579 0.999473
1345.471968 0.999780
1345.473357 1.000100
1345.474746 0.999726
1345.476134 0.999641
1345.477523 0.999556
1345.478912 1.000672
1345.480301 1.000507
1345.481690 1.000593
1345.483079 1.000566
1345.484468 1.000159
1345.485856 1.000044
1345.487245 1.000267
1345.488634 0.999769
1345.490023 0.999744
1345.491412 1.000020
1345.492801 1.000062
1345.494190 0.999783
1345.495578 1.000029
1345.496967 0.999602
1345.498356 0.999959
1345.499745 1.000146
1345.501134 0.999872
1345.502523 1.000221
1345.503911 1.000465
1345.505300 1.000151
1345.506689 1.001134
1345.508078 1.002328
1345.509467 1.003051
1345.510856 1.004527
1345.512245 1.003758
1345.513633 1.003763
1345.515022 1.004113
1345.516411 1.003974
1345.517800 1.004147
1345.519189 1.004306
1345.520578 1.004380
1345.521966 1.004573
1345.523355 1.004637
1345.524744 1.007050
1345.526133 1.007848
1345.527522 1.007311
1345.528911 1.005576
1345.530300 1.005449
1345.531688 1.004956
1345.533077 1.005137
1345.534466 1.004367
1345.535855 1.004502
1345.537244 1.004033
1345.538633 1.003305
1345.540021 1.003962
1345.541410 1.003741
1345.542799 1.003354
1345.544188 1.003231
1345.545577 1.002680
1345.546966 1.002456
1345.548355 1.002445
1345.549743 1.002466
1345.551132 1.002587
1345.552521 1.002599
1345.553910 1.002129
1345.555299 1.001793
1345.556688 1.002143
1345.558077 1.002059
1345.559465 1.002348
1345.560854 1.002378
1345.562243 1.001927
1345.563632 1.001839
1345.565021 1.002315
1345.566410 1.001689
1345.567798 1.001154
1345.569187 1.002259
1345.570576 1.001559
1345.571965 1.001700
1345.573354 1.001693
1345.574743 1.002000
1345.576132 1.001487
1345.577520 1.002320
1345.578909 1.001389
1345.580298 1.001861
1345.581687 1.001915
1345.583076 1.002006
1345.584465 1.001871
1345.585853 1.001933
1345.587242 1.001967
1345.588631 1.002263
1345.590020 1.001310
1345.591409 1.001491
1345.592798 1.001435
1345.594187 1.001474
1345.595575 1.001062
1345.596964 1.000995
1345.598353 1.001313
1345.599742 1.000913
1345.601131 1.001493
1345.602520 1.000643
1345.603909 1.001026
1345.605297 1.000522
1345.606686 1.000657
1345.608075 1.000451
1345.609464 1.000345
1345.610853 1.001125
1345.612242 1.001001
1345.613630 1.000209
1345.615019 1.000894
1345.616408 1.000716
1345.617797 1.000641
1345.619186 1.000912
1345.620575 0.999909
1345.621964 1.000174
1345.623352 1.000280
1345.624741 1.000662
1345.626130 0.999892
1345.627519 0.999990
1345.628908 0.999395
1345.630297 1.000357
1345.631685 1.000284
1345.633074 1.000345
1345.634463 0.999932
1345.635852 0.999881
1345.637241 0.999691
1345.638630 1.000068
1345.640019 1.000324
1345.641407 1.000188
1345.642796 0.999757
1345.644185 0.999498
1345.645574 1.000328
1345.646963 1.000022
1345.648352 0.999684
1345.649741 0.999949
1345.651129 0.999448
1345.652518 0.999979
1345.653907 0.999649
1345.655296 1.000107
1345.656685 0.999046
1345.658074 0.999389
1345.659462 0.999790
1345.660851 0.999586
1345.662240 0.999855
1345.663629 1.000317
1345.665018 0.999680
1345.666407 0.999707
1345.667796 0.999266
1345.669184 0.999772
1345.670573 0.999278
1345.671962 0.999564
1345.673351 0.999806
1345.674740 0.999656
1345.676129 0.999377
1345.677517 0.999964
1345.678906 0.999372
1345.680295 0.999139
1345.681684 0.999296
1345.683073 0.999877
1345.684462 0.999778
1345.685851 0.999819
1345.687239 1.000098
1345.688628 0.999437
1345.690017 0.999597
1345.691406 0.999915
1345.692795 0.999678
1345.694184 0.999790
1345.695572 1.000380
1345.696961 0.999765
1345.698350 1.000238
1345.699739 0.999266
1345.701128 0.999855
1345.702517 0.999315
1345.703906 0.999628
1345.705294 0.999961
1345.706683 0.999539
1345.708072 1.000186
1345.709461 0.999848
1345.710850 0.999617
1345.712239 0.999671
1345.713628 0.999442
1345.715016 0.999567
1345.716405 0.999878
1345.717794 1.000098
1345.719183 0.999969
1345.720572 0.998741
1345.721961 1.000302
1345.723349 1.000121
1345.724738 0.999598
1345.726127 0.999985
1345.727516 0.999547
1345.728905 0.999639
1345.730294 0.999628
1345.731683 0.999686
1345.733071 0.999956
1345.734460 0.999600
1345.735849 0.999896
1345.737238 0.999910
1345.738627 0.999461
1345.740016 1.000349
1345.741404 0.999711
1345.742793 0.999739
1345.744182 1.000102
1345.745571 0.999937
1345.746960 0.999754
1345.748349 1.000097
1345.749738 0.999898
1345.751126 0.999506
1345.752515 1.000135
1345.753904 1.000310
1345.755293 0.999516
1345.756682 1.000109
1345.758071 0.999592
1345.759459 0.999923
1345.760848 1.001233
1345.762237 1.000608
1345.763626 0.999910
1345.765015 0.999881
1345.766404 1.000546
1345.767793 0.999383
1345.769181 1.000131
1345.770570 0.999794
1345.771959 1.000228
1345.773348 1.000078
1345.774737 0.999916
1345.776126 1.000413
1345.777515 1.000122
1345.778903 1.000845
1345.780292 1.000248
1345.781681 1.000115
1345.783070 0.999900
1345.784459 1.000262
1345.785848 1.000155
1345.787236 1.000447
1345.788625 1.000405
1345.790014 1.000290
1345.791403 1.000307
1345.792792 1.000508
1345.794181 0.999267
1345.795570 0.999693
1345.796958 1.000487
1345.798347 1.000518
1345.799736 0.999673
1345.801125 0.999848
1345.802514 0.999831
1345.803903 1.000412
1345.805291 0.999834
1345.806680 1.000093
1345.808069 0.999884
1345.809458 0.999823
1345.810847 0.999813
1345.812236 0.999282
1345.813625 1.000534
1345.815013 0.999920
1345.816402 0.999774
1345.817791 0.999780
1345.819180 0.999376
1345.820569 1.000225
1345.821958 0.999784
1345.823346 1.000143
1345.824735 0.999852
1345.826124 0.999810
1345.827513 0.999507
1345.828902 0.999626
1345.830291 0.999656
1345.831680 1.000795
1345.833068 1.001208
1345.834457 1.000785
1345.835846 1.000469
1345.837235 1.000523
1345.838624 1.001049
1345.840013 1.000782
1345.841402 1.000676
1345.842790 0.999988
1345.844179 1.000740
1345.845568 0.999794
1345.846957 1.000834
1345.848346 0.999852
1345.849735 1.000339
1345.851123 1.000357
1345.852512 1.000504
1345.853901 0.999630
1345.855290 0.999739
1345.856679 0.999945
1345.858068 0.999765
1345.859457 1.000334
1345.860845 0.999893
1345.862234 1.000381
1345.863623 0.999153
1345.865012 0.999698
1345.866401 0.999732
1345.867790 0.999970
1345.869178 0.998604
1345.870567 1.000299
1345.871956 0.999415
1345.873345 1.000485
1345.874734 0.999072
1345.876123 1.000563
1345.877512 1.000006
1345.878900 0.999969
1345.880289 0.999551
1345.881678 0.999990
1345.883067 0.999947
1345.884456 0.999964
1345.885845 1.000545
1345.887233 1.000078
1345.888622 0.999722
1345.890011 1.000294
1345.891400 0.999310
1345.892789 1.000465
1345.894178 0.999985
1345.895567 0.999811
1345.896955 0.999629
1345.898344 1.000109
1345.899733 0.999882
1345.901122 0.999307
1345.902511 0.999434
1345.903900 0.999873
1345.905289 0.999875
1345.906677 0.999896
1345.908066 0.999675
1345.909455 0.999676
1345.910844 1.000420
1345.912233 0.999172
1345.913622 1.000521
1345.915010 0.999937
1345.916399 1.000098
1345.917788 0.999415
1345.919177 0.999980
1345.920566 0.999953
1345.921955 1.000395
1345.923344 1.000006
1345.924732 0.999741
1345.926121 1.000230
1345.927510 1.000076
1345.928899 0.999800
1345.930288 1.000185
1345.931677 1.000194
1345.933065 0.999890
1345.934454 0.999987
1345.935843 0.999913
1345.937232 1.000720
1345.938621 0.999410
1345.940010 1.000421
1345.941399 0.999643
1345.942787 0.999824
1345.944176 0.999967
1345.945565 1.000671
1345.946954 1.000008
1345.948343 1.000006
1345.949732 0.999618
1345.951120 1.000408
1345.952509 0.999222
1345.953898 1.000080
1345.955287 1.000019
1345.956676 0.999588
1345.958065 0.999846
1345.959454 0.999747
1345.960842 1.000537
1345.962231 1.000723
1345.963620 0.999991
1345.965009 1.000447
1345.966398 1.000473
1345.967787 1.000470
1345.969176 1.000075
1345.970564 1.000337
1345.971953 1.000650
1345.973342 1.000373
1345.974731 0.999793
1345.976120 0.999507
1345.977509 0.999872
1345.978897 0.999794
1345.980286 0.999688
1345.981675 1.000223
1345.983064 1.000160
1345.984453 0.999683
1345.985842 0.999923
1345.987231 1.000344
1345.988619 0.999855
1345.990008 1.000082
1345.991397 1.000001
1345.992786 0.999372
1345.994175 1.000127
1345.995564 0.999585
1345.996952 0.999161
1345.998341 1.000143
1345.999730 0.999826
1346.001119 0.999331
1346.002508 0.999076
1346.003897 1.000090
1346.005286 0.999956
1346.006674 0.999525
1346.008063 0.999524
1346.009452 1.000374
1346.010841 0.999153
1346.012230 0.999825
1346.013619 0.999522
1346.015007 0.999703
1346.016396 0.999899
1346.017785 0.999005
1346.019174 1.000430
1346.020563 0.999838
1346.021952 0.999354
1346.023341 0.999347
1346.024729 0.999813
1346.026118 0.999921
1346.027507 0.999444
1346.028896 0.999289
1346.030285 0.999700
1346.031674 1.000155
1346.033062 1.000912
1346.034451 1.000928
1346.035840 1.001972
1346.037229 1.002450
1346.038618 1.002792
1346.040007 1.001440
1346.041396 1.001676
1346.042784 1.001019
1346.044173 1.000849
1346.045562 1.001330
1346.046951 1.000972
1346.048340 1.000694
1346.049729 1.000247
1346.051118 1.000887
1346.052506 1.000734
1346.053895 1.000484
1346.055284 1.000304
1346.056673 1.000363
1346.058062 1.000582
1346.059451 1.000277
1346.060839 0.999421
1346.062228 1.000394
1346.063617 0.999580
1346.065006 0.999874
1346.066395 1.000148
1346.067784 1.000034
1346.069173 1.000102
1346.070561 1.000314
1346.071950 0.999978
1346.073339 1.000131
1346.074728 1.000500
1346.076117 0.999388
1346.077506 0.999902
1346.078894 1.000327
1346.080283 1.000765
1346.081672 1.000056
1346.083061 0.999336
1346.084450 1.000323
1346.085839 1.000648
1346.087228 0.999961
1346.088616 1.001334
1346.090005 1.000080
1346.091394 1.000517
1346.092783 0.999806
1346.094172 0.999917
1346.095561 1.000288
1346.096949 0.999266
1346.098338 1.000111
1346.099727 1.000430
1346.101116 0.999467
1346.102505 0.999870
1346.103894 1.000172
1346.105283 0.999465
1346.106671 0.999995
1346.108060 0.999818
1346.109449 0.999889
1346.110838 1.000317
1346.112227 0.999931
1346.113616 0.999438
1346.115005 0.999844
1346.116393 0.999295
1346.117782 1.000109
1346.119171 1.000279
1346.120560 0.999281
1346.121949 1.000280
1346.123338 0.999714
1346.124726 1.000103
1346.126115 0.999543
1346.127504 1.000463
1346.128893 0.999917
1346.130282 1.000026
1346.131671 1.000576
1346.133060 0.999961
1346.134448 0.999662
1346.135837 0.999976
1346.137226 1.000244
1346.138615 0.999728
1346.140004 0.999698
1346.141393 1.000106
1346.142781 0.999817
1346.144170 1.000079
1346.145559 1.000193
1346.146948 1.000174
1346.148337 0.999771
1346.149726 1.000487
1346.151115 1.000687
1346.152503 0.999906
1346.153892 0.999342
1346.155281 1.000165
1346.156670 0.999320
1346.158059 1.000737
1346.159448 0.999911
1346.160836 0.999758
1346.162225 1.000551
1346.163614 0.999480
1346.165003 1.000701
1346.166392 0.999395
1346.167781 0.999867
1346.169170 0.999897
1346.170558 1.000679
1346.171947 0.999728
1346.173336 0.999809
1346.174725 0.999966
1346.176114 0.999530
1346.177503 1.000249
1346.178891 1.000471
1346.180280 0.999895
1346.181669 0.999725
1346.183058 1.000272
1346.184447 0.999818
1346.185836 1.000187
1346.187225 1.000452
1346.188613 1.002671
1346.190002 1.006054
1346.191391 1.005801
1346.192780 1.005479
1346.194169 1.005021
1346.195558 1.004899
1346.196946 1.004545
1346.198335 1.003699
1346.199724 1.004024
1346.201113 1.003548
1346.202502 1.003779
1346.203891 1.002665
1346.205280 1.002767
1346.206668 1.002973
1346.208057 1.002784
1346.209446 1.003123
1346.210835 1.002062
1346.212224 1.002632
1346.213613 1.001980
1346.215002 1.002163
1346.216390 1.001680
1346.217779 1.002484
1346.219168 1.001917
1346.220557 1.001919
1346.221946 1.001449
1346.223335 1.001724
1346.224723 1.001572
1346.226112 1.000884
1346.227501 1.000985
1346.228890 1.000869
1346.230279 1.000718
1346.231668 1.000370
1346.233057 1.000669
1346.234445 1.000535
1346.235834 0.999871
1346.237223 0.999227
1346.238612 1.000065
1346.240001 1.000324
1346.241390 0.999944
1346.242778 0.999822
1346.244167 0.998600
1346.245556 1.000320
1346.246945 1.000389
1346.248334 1.000510
1346.249723 1.000077
1346.251112 0.999968
1346.252500 0.999724
1346.253889 0.999706
1346.255278 1.000104
1346.256667 0.999922
1346.258056 0.999874
1346.259445 0.999106
1346.260833 0.999698
1346.262222 1.000016
1346.263611 0.999792
1346.265000 0.999398
1346.266389 0.999984
1346.267778 0.999285
1346.269167 0.999556
1346.270555 0.999595
1346.271944 1.000013
1346.273333 1.000090
1346.274722 0.999995
1346.276111 0.999491
1346.277500 1.000023
1346.278888 1.001284
1346.280277 1.001822
1346.281666 1.000908
1346.283055 1.000564
1346.284444 1.001040
1346.285833 1.000001
1346.287222 0.999984
1346.288610 0.999834
1346.289999 1.000495
1346.291388 1.000373
1346.292777 1.000463
1346.294166 1.000688
1346.295555 1.000206
1346.296944 1.000685
1346.298332 1.000413
1346.299721 1.000874
1346.301110 1.000685
1346.302499 0.999646
1346.303888 1.000008
1346.305277 1.000688
1346.306665 1.000061
1346.308054 1.000460
1346.309443 1.000243
1346.310832 0.999802
1346.312221 0.999754
1346.313610 1.000521
1346.314999 0.999572
1346.316387 0.999945
1346.317776 0.999701
1346.319165 0.999625
1346.320554 0.999816
1346.321943 0.999975
1346.323332 1.000026
1346.324720 0.999793
1346.326109 0.999344
1346.327498 0.999780
1346.328887 0.999229
1346.330276 1.000106
1346.331665 1.000038
1346.333054 1.000003
1346.334442 0.999921
1346.335831 0.999238
1346.337220 0.999666
1346.338609 1.000321
1346.339998 1.000061
1346.341387 0.999941
1346.342775 1.000000
1346.344164 0.999506
1346.345553 0.999938
1346.346942 1.000111
1346.348331 1.000607
1346.349720 0.999689
1346.351109 0.999939
1346.352497 1.000361
1346.353886 1.000463
1346.355275 1.000800
1346.356664 0.999674
1346.358053 1.000193
1346.359442 0.999895
1346.360830 1.000604
1346.362219 0.999977
1346.363608 0.999984
1346.364997 0.999694
1346.366386 1.000282
1346.367775 1.000243
1346.369164 0.999994
1346.370552 0.999823
1346.371941 1.000181
1346.373330 0.999598
1346.374719 1.000487
1346.376108 1.000618
1346.377497 0.999676
1346.378885 1.000250
1346.380274 0.999806
1346.381663 0.999976
1346.383052 1.000354
1346.384441 1.000431
1346.385830 1.000107
1346.387219 0.999222
1346.388607 0.999879
1346.389996 1.000173
1346.391385 1.000057
1346.392774 1.000215
1346.394163 0.999626
1346.395552 0.999830
1346.396940 0.999737
1346.398329 1.000221
1346.399718 0.999747
1346.401107 0.998875
1346.402496 1.000331
1346.403885 1.000385
1346.405274 0.999349
1346.406662 1.000810
1346.408051 0.999471
1346.409440 1.000152
1346.410829 0.999849
1346.412218 1.000065
1346.413607 1.000453
1346.414996 0.999911
1346.416384 0.999865
1346.417773 1.000253
1346.419162 0.999836
1346.420551 0.999724
1346.421940 1.000085
1346.423329 1.000069
1346.424717 0.999390
1346.426106 0.999511
1346.427495 1.000219
1346.428884 1.000040
1346.430273 1.000252
1346.431662 0.999907
1346.433051 0.999416
1346.434439 0.999866
1346.435828 1.000315
1346.437217 0.999603
1346.438606 1.000204
1346.439995 1.000345
1346.441384 1.000146
1346.442772 0.999320
1346.444161 0.999880
1346.445550 0.999977
1346.446939 0.999581
1346.448328 0.999727
1346.449717 0.999577
1346.451106 0.999752
1346.452494 0.999756
1346.453883 0.999417
1346.455272 0.999804
1346.456661 1.000113
1346.458050 0.999188
1346.459439 1.000219
1346.460827 0.998576
1346.462216 1.000007
1346.463605 1.000245
1346.464994 0.999758
1346.466383 1.000490
1346.467772 1.000652
1346.469161 1.000503
1346.470549 1.000519
1346.471938 1.000272
1346.473327 1.000296
1346.474716 0.999736
1346.476105 1.000138
1346.477494 0.999874
1346.478882 0.999440
1346.480271 1.000336
1346.481660 1.000449
1346.483049 1.000089
1346.484438 1.000372
1346.485827 1.000474
1346.487216 0.999495
1346.488604 1.000471
1346.489993 1.000509
1346.491382 1.000012
1346.492771 1.000040
1346.494160 1.000548
1346.495549 0.999723
1346.496937 1.000374
1346.498326 0.999861
1346.499715 1.000239
1346.501104 1.000409
1346.502493 0.999962
1346.503882 0.999967
1346.505271 0.999801
1346.506659 0.999861
1346.508048 1.000664
1346.509437 0.999826
1346.510826 1.000088
1346.512215 1.000121
1346.513604 1.000225
1346.514992 1.000289
1346.516381 1.000269
1346.517770 0.999809
1346.519159 1.002122
1346.520548 1.013453
1346.521937 1.012559
1346.523326 1.009119
1346.524714 1.006587
1346.526103 1.004816
1346.527492 1.005301
1346.528881 1.003313
1346.530270 1.003031
1346.531659 1.002686
1346.533048 1.002349
1346.534436 1.001933
1346.535825 1.001502
1346.537214 1.000265
1346.538603 1.000745
1346.539992 1.000578
1346.541381 1.000584
1346.542769 1.000587
1346.544158 1.000588
1346.545547 0.999899
1346.546936 1.000340
1346.548325 1.000482
1346.549714 0.999527
1346.551103 1.000707
1346.552491 0.999943
1346.553880 0.999704
1346.555269 1.000356
1346.556658 0.999457
1346.558047 0.999719
1346.559436 1.002872
1346.560824 1.002277
1346.562213 1.002695
1346.563602 1.001913
1346.564991 1.001396
1346.566380 1.001463
1346.567769 1.001585
1346.569158 0.999915
1346.570546 1.001103
1346.571935 1.000380
1346.573324 1.000988
1346.574713 1.000358
1346.576102 1.000331
1346.577491 1.000753
1346.578879 1.000490
1346.580268 1.000060
1346.581657 1.000008
1346.583046 1.000736
1346.584435 1.000415
1346.585824 1.000019
1346.587213 1.000937
1346.588601 0.999980
1346.589990 1.000261
1346.591379 1.000044
1346.592768 0.999905
1346.594157 1.000106
1346.595546 1.000617
1346.596934 0.999596
1346.598323 0.999182
1346.599712 1.000263
1346.601101 0.999973
1346.602490 1.000646
1346.603879 0.999649
1346.605268 1.000104
1346.606656 0.999143
1346.608045 0.999667
1346.609434 0.999605
1346.610823 0.999582
1346.612212 0.999799
1346.613601 0.999610
1346.614989 0.999988
1346.616378 1.000373
1346.617767 1.000931
1346.619156 0.999876
1346.620545 1.000032
1346.621934 0.999827
1346.623323 0.999828
1346.624711 1.000516
1346.626100 0.999914
1346.627489 0.999763
1346.628878 0.999794
1346.630267 0.999762
1346.631656 0.999811
1346.633044 0.999759
1346.634433 0.999566
1346.635822 0.999447
1346.637211 0.999959
1346.638600 1.000067
1346.639989 0.999608
1346.641378 0.999892
1346.642766 1.000072
1346.644155 0.999187
1346.645544 0.999532
1346.646933 1.000181
1346.648322 1.000009
1346.649711 0.999792
1346.651099 1.000472
1346.653877 0.999519
1346.655266 0.999629
1346.656655 0.999275
1346.658044 1.000214
1346.659433 0.999420
1346.660821 1.000388
1346.662210 0.999303
1346.663599 1.000267
1346.664988 1.000216
1346.666377 0.999339
1346.667766 0.999814
1346.669154 1.000032
1346.670543 0.999353
1346.671932 0.999680
1346.676099 1.000298
1346.677488 0.999669
1346.678876 0.999784
1346.680265 1.000031
1346.681654 0.999337
1346.683043 0.999914
1346.684432 1.000001
1346.685821 0.999624
1346.687209 0.999411
1346.688598 0.999847
1346.689987 1.000251
1346.691376 1.000276
1346.692765 0.999643
1346.694154 1.000919
1346.695543 0.999143
1346.696931 1.000425
1346.698320 0.999944
1346.699709 0.999975
1346.701098 1.000303
1346.702487 1.000495
1346.703876 0.999424
1346.705265 0.999967
1346.706653 1.000211
1346.708042 1.000358
1346.709431 1.000857
1346.710820 1.000296
1346.712209 1.000182
1346.713598 1.000607
1346.714986 0.999515
1346.716375 1.000155
1346.717764 1.000783
1346.719153 0.999527
1346.720542 1.000432
1346.723320 1.000454
1346.724708 1.000128
1346.726097 1.000247
1346.727486 0.999409
1346.728875 1.000514
1346.730264 0.999852
1346.731653 1.000598
1346.733041 0.999452
1346.734430 1.000496
1346.735819 0.999994
1346.737208 0.999692
1346.738597 1.001284
1346.739986 1.000486
1346.741375 1.000126
1346.742763 0.999674
1346.744152 1.000307
1346.745541 0.999800
1346.746930 1.000605
1346.748319 0.999663
1346.749708 1.000867
1346.751096 0.999626
1346.752485 1.000680
1346.753874 1.000132
1346.755263 0.999973
1346.756652 1.000086
1346.758041 0.999940
1346.759430 0.999848
1346.760818 0.999700
1346.762207 0.999759
1346.763596 0.999471
1346.764985 0.999815
1346.766374 1.000040
1346.767763 0.999724
1346.769151 0.998867
1346.770540 0.999904
1346.771929 1.000521
1346.773318 0.999094
1346.774707 1.000068
1346.776096 1.000140
1346.777485 0.999685
1346.778873 0.999956
1346.780262 1.000219
1346.781651 1.000030
1346.783040 1.000230
1346.784429 0.999955
1346.785818 0.999856
1346.787206 0.999653
1346.788595 1.000276
1346.789984 1.000054
1346.791373 0.999860
1346.792762 1.000242
1346.794151 1.000065
1346.795540 0.999671
1346.796928 0.999598
1346.798317 0.999783
1346.799706 1.000033
1346.801095 1.000027
1346.802484 1.000255
1346.803873 1.000498
1346.805261 1.000372
1346.806650 1.000546
1346.808039 1.000333
1346.809428 1.000374
1346.810817 1.000493
1346.812206 1.000906
1346.813595 1.001037
1346.814983 1.000547
1346.816372 1.000779
1346.817761 1.000528
1346.819150 0.999472
1346.820539 1.000664
1346.821928 1.000629
1346.823316 0.999552
1346.824705 1.000221
1346.826094 1.000026
1346.827483 0.999992
1346.828872 1.000073
1346.830261 0.999885
1346.831650 0.999694
1346.833038 1.000138
1346.834427 1.000005
1346.835816 1.000258
1346.837205 1.000666
1346.838594 0.999622
1346.839983 0.999139
1346.842760 0.999713
1346.844149 1.000463
1346.845538 0.999825
1346.846927 0.999437
1346.848316 1.000597
1346.849705 0.998785
1346.851093 1.000514
1346.852482 0.999307
1346.853871 1.000008
1346.855260 1.000200
1346.856649 1.000172
1346.858038 1.000118
1346.859426 0.999242
1346.860815 0.999674
1346.862204 0.999687
1346.863593 0.999763
1346.864982 0.999863
1346.866371 1.000186
1346.867760 0.999504
1346.869148 1.000172
1346.870537 0.999803
1346.871926 0.999922
1346.873315 0.999984
1346.874704 1.000128
1346.876093 0.999659
1346.877481 0.999950
1346.878870 1.000251
1346.880259 0.999903
1346.881648 1.000741
1346.883037 0.999692
1346.884426 1.001154
1346.885815 0.999466
1346.887203 0.999569
1346.888592 0.999946
1346.889981 1.000425
1346.891370 0.999930
1346.892759 0.999481
1346.894148 1.000060
1346.895536 1.000190
1346.896925 0.999760
1346.898314 0.999608
1346.899703 0.999378
1346.901092 1.000611
1346.902481 0.999354
1346.903870 1.000528
1346.905258 0.999260
1346.906647 1.000355
1346.908036 0.999101
1346.909425 0.999958
1346.910814 0.999255
1346.912203 1.000012
1346.913591 0.999787
1346.914980 0.999373
1346.916369 1.000042
1346.917758 0.999955
1346.919147 0.999924
1346.920536 0.999492
1346.921925 0.999233
1346.923313 0.999838
1346.924702 1.000061
1346.926091 1.000022
1346.927480 0.999571
1346.928869 1.000172
1346.930258 1.000024
1346.931646 1.000733
1346.933035 1.000018
1346.934424 1.000350
1346.935813 1.000043
1346.937202 0.999955
1346.939980 1.000612
1346.941368 0.999838
1346.942757 1.000220
1346.944146 1.000024
1346.945535 1.000735
1346.946924 0.999886
1346.948313 1.000122
1346.949701 1.000495
1346.951090 0.999232
1346.952479 1.000237
1346.953868 1.000228
1346.955257 0.999800
1346.956646 0.999385
1346.958035 1.000106
1346.959423 0.999877
1346.960812 0.999852
1346.962201 1.000017
1346.963590 1.000415
1346.964979 0.999505
1346.966368 1.000445
1346.967756 1.000477
1346.969145 1.000398
1346.970534 0.999710
1346.971923 0.998946
1346.973312 1.000130
1346.974701 1.000321
1346.976090 1.000407
1346.977478 0.999548
1346.978867 1.000454
1346.980256 1.000089
1346.981645 1.000659
1346.983034 0.999252
1346.984423 1.000660
1346.985811 1.000258
1346.987200 1.000305
1346.988589 1.000531
1346.989978 1.000181
1346.991367 1.000001
1346.992756 1.000011
1346.994145 1.000541
1346.995533 0.999831
1346.996922 0.999564
1346.998311 1.000083
1346.999700 1.000017
1347.001089 1.000459
1347.002478 1.000191
1347.003866 1.000097
1347.005255 1.000601
1347.006644 0.999610
1347.008033 0.999865
1347.009422 1.000265
1347.010811 0.999560
1347.012200 1.000266
1347.013588 1.000386
1347.014977 0.999592
1347.016366 1.000314
1347.017755 1.000367
1347.019144 1.000305
1347.020533 0.999715
1347.021921 1.000652
1347.023310 1.000031
1347.024699 1.000810
1347.026088 0.999540
1347.027477 1.000431
1347.028866 1.000443
1347.030255 0.999848
1347.031643 0.998789
1347.033032 0.999252
1347.034421 0.999738
1347.035810 1.000794
1347.037199 0.999720
1347.038588 0.999501
1347.039976 1.000801
1347.041365 1.000034
1347.042754 1.000504
1347.044143 0.999966
1347.045532 0.999957
1347.046921 1.000680
1347.048310 0.999126
1347.049698 1.000178
1347.051087 0.999607
1347.052476 0.999405
1347.053865 0.999730
1347.055254 1.000461
1347.056643 0.998977
1347.058031 0.999400
1347.060809 1.000119
1347.062198 0.999929
1347.063587 0.999588
1347.064976 0.999859
1347.066365 1.000034
1347.069142 0.999935
1347.070531 0.999960
1347.071920 0.999938
1347.073309 0.999840
1347.074698 0.999923
1347.077475 1.000040
1347.078864 0.999660
1347.080253 0.999362
1347.081642 0.999244
1347.083031 0.999172
1347.084420 0.999778
1347.085808 0.999363
1347.087197 0.999452
1347.088586 0.999539
1347.089975 0.998753
1347.091364 0.999392
1347.092753 0.999271
1347.094142 0.999445
1347.095530 0.999659
1347.096919 0.999869
1347.098308 1.000171
1347.099697 0.999539
1347.101086 0.999757
1347.102475 1.000579
1347.103863 1.000322
1347.105252 1.000133
1347.106641 0.998792
1347.108030 1.000065
1347.109419 0.999585
1347.110808 0.999527
1347.112197 1.000144
1347.113585 0.999911
1347.114974 0.999622
1347.116363 1.000398
1347.117752 0.999460
1347.119141 0.999964
1347.120530 0.999624
1347.121918 0.999237
1347.123307 0.999841
1347.124696 0.999704
1347.126085 0.999140
1347.127474 1.000482
1347.128863 0.998901
1347.130252 0.999681
1347.131640 0.999791
1347.133029 0.999651
1347.134418 0.998763
1347.135807 1.000130
1347.137196 0.999390
1347.138585 0.999493
1347.139973 1.000929
1347.141362 0.999937
1347.142751 1.000110
1347.144140 0.999720
1347.145529 0.999792
1347.146918 0.999579
1347.148306 0.999698
1347.149695 1.000042
1347.151084 1.000705
1347.152473 1.000652
1347.153862 0.999401
1347.155251 0.999847
1347.156640 1.000597
1347.158028 0.999259
1347.159417 1.001111
1347.160806 1.000191
1347.162195 1.000624
1347.163584 1.000004
1347.164973 1.001155
1347.166361 0.999710
1347.167750 1.000805
1347.169139 1.000178
1347.170528 1.000814
1347.171917 1.000895
1347.173306 0.999723
1347.174695 1.001873
1347.176083 1.000898
1347.177472 0.999917
1347.178861 0.999900
1347.180250 1.001821
1347.181639 1.000425
1347.183028 1.000360
1347.184416 1.000730
1347.198305 1.001645
1347.199694 1.001501
1347.201083 1.001811
1347.202471 1.001225
1347.203860 1.001304
1347.205249 1.001288
1347.206638 1.001330
1347.208027 1.001375
1347.209416 1.001279
1347.210805 1.001766
1347.212193 1.001237
1347.213582 1.000738
1347.214971 1.001515
1347.216360 1.001091
1347.217749 1.001287
1347.219138 1.001243
1347.220526 1.001621
1347.221915 1.001467
1347.223304 1.001297
1347.224693 1.001319
1347.226082 1.000740
1347.227471 1.001523
1347.228860 1.001474
1347.230248 1.000587
1347.231637 1.001519
1347.233026 1.001373
1347.234415 1.001912
1347.235804 1.001735
1347.237193 1.001387
1347.238581 1.001956
1347.239970 1.001336
1347.241359 1.001277
1347.242748 1.001797
1347.244137 1.001659
1347.245526 1.001792
1347.246915 1.001486
1347.248303 1.000760
1347.249692 1.000730
1347.251081 0.999635
1347.252470 0.999357
1347.253859 0.999187
1347.255248 0.998856
1347.256636 0.999183
1347.258025 0.999604
1347.259414 1.000216
1347.260803 0.999928
1347.262192 0.999454
1347.263581 0.999653
1347.264970 0.999396
1347.266358 0.999566
1347.267747 0.999925
1347.269136 1.000973
1347.270525 1.000682
1347.271914 1.000458
1347.273303 1.000602
1347.274691 1.000316
1347.276080 1.000152
1347.277469 0.999903
1347.278858 0.999774
1347.280247 0.998698
1347.281636 0.999133
1347.283025 0.999027
1347.284413 0.998498
1347.285802 0.998790
1347.287191 0.998878
1347.288580 0.998312
1347.289969 0.997961
1347.291358 0.997818
1347.292746 0.997711
1347.294135 0.997827
1347.295524 0.997924
1347.296913 0.997890
1347.298302 0.996940
1347.299691 0.997730
1347.301080 0.997412
1347.302468 0.997365
1347.303857 0.997683
1347.305246 0.997554
1347.306635 0.997602
1347.308024 0.997770
1347.309413 0.997557
1347.310801 0.998650
1347.312190 0.998175
1347.313579 0.997987
1347.314968 0.997672
1347.316357 0.997806
1347.317746 0.998134
1347.319135 0.998065
1347.321912 0.996674
1347.323301 0.998467
1347.324690 0.998278
1347.326079 0.998253
1347.327468 0.998104
1347.328856 0.997844
1347.330245 0.998053
1347.331634 0.998217
1347.333023 0.998437
1347.334412 0.997888
1347.335801 0.998311
1347.337190 0.998207
1347.338578 0.998612
1347.339967 0.998688
1347.341356 0.998699
1347.342745 0.998746
1347.344134 0.998515
1347.345523 0.998302
1347.346911 0.998540
1347.348300 0.997417
1347.349689 0.998330
1347.351078 0.997342
1347.352467 0.998107
1347.353856 0.997466
1347.355245 0.998040
1347.356633 0.997861
1347.358022 0.997854
1347.359411 0.998050
1347.360800 0.998071
1347.364966 0.991467
1347.366355 0.996727
1347.367744 0.997359
1347.369133 0.997487
1347.370522 0.998293
1347.371911 0.997398
1347.373300 0.997195
1347.374688 0.997814
1347.376077 0.997459
1347.377466 0.997251
1347.378855 0.997650
1347.380244 0.998008
1347.381633 0.996438
1347.383021 0.997871
1347.391355 1.000367
1347.396910 0.999444
1347.398299 1.000498
1347.399688 1.000123
1347.401076 1.001183
1347.402465 1.000961
1347.403854 1.000436
1347.405243 1.001234
1347.406632 1.000480
1347.408021 1.001625
1347.409410 1.002319
1347.410798 1.000367
1347.412187 1.001551
1347.413576 1.000417
1347.414965 1.001324
1347.416354 1.002162
1347.417743 1.000591
1347.419131 1.001856
1347.420520 1.000654
1347.421909 1.001068
1347.423298 0.998995
1347.424687 1.000415
1347.426076 1.001269
1347.427465 0.999417
1347.428853 1.001516
1347.430242 1.001305
1347.431631 1.001441
1347.433020 1.002638
1347.434409 1.001787
1347.435798 1.001766
1347.437186 1.001320
1347.438575 1.001869
1347.439964 1.000830
1347.441353 1.001864
1347.442742 1.000658
1347.444131 1.002009
1347.445520 1.000819
1347.446908 1.001019
1347.448297 1.001301
1347.449686 0.998874
1347.451075 0.999949
1347.452464 0.999473
1347.455241 1.001038
1347.459408 1.000828
1347.462186 0.999253
1347.481630 1.001543
1347.483018 1.002420
1347.492740 0.998473
1347.501073 1.000694
1347.502462 1.000556
1347.506629 1.002090
1347.508018 1.000647
1347.512184 1.001738
1347.514962 1.001445
1347.516351 1.001894
1347.519128 1.001095
1347.520517 1.001108
1347.521906 1.001825
1347.523295 1.001313
1347.524684 1.001170
1347.526073 1.001784
1347.527461 1.001238
1347.528850 1.001072
1347.530239 1.002190
1347.531628 1.001225
1347.533017 1.000711
1347.534406 1.001675
1347.535794 1.001033
1347.537183 1.002181
1347.538572 1.000644
1347.539961 1.000326
1347.541350 1.000767
1347.542739 1.000903
1347.544128 1.001190
1347.545516 0.999818
1347.546905 1.000255
1347.548294 1.000478
1347.549683 1.001462
1347.551072 1.001271
1347.552461 1.000438
1347.553849 1.000886
1347.555238 0.998463
1347.560794 0.998055
1347.569127 1.000286
1347.570516 1.000872
1347.571904 1.000361
1347.573293 1.001805
1347.574682 1.001297
1347.576071 1.001309
1347.577460 1.001881
1347.578849 1.001156
1347.580238 1.001937
1347.581626 1.001239
1347.583015 1.000611
1347.584404 1.001265
1347.585793 1.001165
1347.587182 1.001285
1347.588571 0.999989
1347.589959 1.001399
1347.591348 0.999422
1347.592737 1.001043
1347.594126 0.998254
1347.596904 0.998929
1347.598293 0.998907
1347.599681 0.999277
1347.601070 1.002958
1347.602459 1.000003
1347.603848 0.999332
1347.605237 0.997849
1347.606626 0.999800
1347.608014 0.996410
1347.613570 0.999519
1347.616348 0.999069
1347.617736 1.001416
1347.619125 1.001218
1347.620514 1.000787
1347.621903 1.000565
1347.623292 1.000214
1347.624681 1.000352
1347.626069 1.000599
1347.627458 1.000397
1347.628847 0.999329
1347.630236 1.000525
1347.631625 0.999472
1347.633014 0.999694
1347.634403 0.999834
1347.635791 0.997904
1347.637180 1.000447
1347.638569 0.998867
1347.639958 0.999638
1347.641347 0.999282
1347.642736 0.999682
1347.644124 0.999771
1347.645513 0.998074
1347.646902 0.998923
1347.648291 0.999172
1347.649680 0.998824
1347.651069 1.000680
1347.652458 0.999552
1347.653846 1.000470
1347.655235 0.999680
1347.656624 1.000756
1347.658013 1.000281
1347.659402 1.001448
1347.660791 0.998695
1347.662179 1.000114
1347.663568 0.999105
1347.664957 0.999334
1347.666346 0.999902
1347.667735 0.998801
1347.669124 1.000005
1347.670512 1.000560
1347.673290 0.997937
1347.677457 0.998730
1347.678846 0.997696
1347.680234 0.998017
1347.681623 1.000210
1347.683012 0.997094
1347.684401 0.997232
1347.687179 0.997633
1347.688567 0.998650
1347.689956 0.998910
1347.691345 0.998651
1347.692734 0.999861
1347.694123 0.997754
1347.695512 0.997947
1347.696901 0.996829
1347.699678 0.997914
1347.701067 0.999862
1347.702456 0.999501
1347.703845 1.000536
1347.705234 0.998687
1347.708011 0.998936
1347.709400 0.999225
1347.710789 0.999845
1347.712178 0.999208
1347.713567 1.000608
1347.714956 0.999534
1347.716344 0.999300
1347.717733 0.999059
1347.719122 0.999160
1347.720511 0.999288
1347.721900 0.998273
1347.723289 0.998633
1347.724677 0.998322
1347.726066 0.997323
1347.727455 0.996994
1347.728844 0.997191
1347.730233 0.995696
1347.760787 0.996773
1347.762176 1.000492
1347.777454 0.997381
1347.778842 0.999008
1347.780231 0.998734
1347.781620 0.997562
1347.783009 0.997438
1347.784398 0.997645
1347.785787 0.998617
1347.787175 0.999767
1347.788564 0.999902
1347.789953 1.000958
1347.791342 1.000040
1347.792731 1.000067
1347.794120 0.998793
1347.795509 0.999439
1347.796897 0.999071
1347.813564 1.000345
1347.816341 0.999405
1347.817730 1.001487
1347.819119 1.001308
1347.820508 1.000117
1347.821897 1.001145
1347.823285 1.000122
1347.824674 1.000253
1347.826063 1.002250
1347.827452 0.999586
1347.828841 1.000284
1347.830230 1.001796
1347.833007 0.999641
1347.834396 0.999873
1347.835785 0.999838
1347.837174 1.000318
1347.838563 0.998730
1347.839952 0.998618
1347.841340 0.999868
1347.842729 0.997108
1347.844118 1.000024
1347.845507 0.999507
1347.846896 0.998676
1347.848285 0.998778
1347.849674 0.999210
1347.851062 0.998323
1347.852451 0.998200
1347.853840 0.998269
1347.855229 1.001862
1347.856618 1.000466
1347.858007 1.001959
1347.859395 1.000487
1347.860784 0.999946
1347.862173 1.000607
1347.863562 1.001495
1347.864951 1.001220
1347.866340 1.000313
1347.867729 1.000965
1347.869117 1.000052
1347.870506 1.001622
1347.871895 1.000144
1347.873284 1.000774
1347.874673 0.998722
1347.876062 0.999299
1347.877450 0.998098
1347.878839 0.999144
1347.880228 0.999979
1347.881617 0.999717
1347.883006 0.999118
1347.884395 0.999996
1347.885784 1.001310
1347.887172 1.001975
1347.888561 1.001575
1347.889950 1.001185
1347.891339 1.000492
1347.892728 1.000943
1347.894117 1.000012
1347.895505 1.001871
1347.896894 1.001435
1347.898283 1.001677
1347.899672 1.001691
1347.901061 1.001743
1347.902450 0.999376
1347.903838 1.001197
1347.905227 1.001239
1347.906616 1.000011
1347.908005 0.999355
1347.909394 1.000245
1347.910783 1.000111
1347.912172 1.000895
1347.913560 0.999907
1347.914949 1.000708
1347.916338 1.000904
1347.917727 1.000590
1347.919116 1.002077
1347.920505 1.000256
1347.921893 1.001100
1347.923282 1.000427
1347.924671 0.998669
1347.928838 0.997763
1347.930227 0.998359
1347.931615 0.998794
1347.933004 1.000627
1347.934393 0.999260
1347.935782 1.001364
1347.937171 0.999500
1347.938560 0.999627
1347.939948 0.999379
1347.941337 1.000296
1347.942726 1.001603
1347.944115 1.000578
1347.945504 1.001207
1347.946893 0.999480
1347.948282 0.999677
1347.949670 1.001139
1347.951059 1.000264
1347.952448 1.001518
1347.953837 1.000399
1347.955226 1.000645
1347.956615 0.999926
1347.958003 1.001053
1347.959392 1.001095
1347.960781 0.999808
1347.962170 1.000109
1347.963559 0.999951
1347.964948 0.999290
1347.966337 0.997733
1347.967725 0.997029
1347.969114 0.999134
1347.970503 0.999520
1347.971892 0.997783
1347.973281 0.998227
1347.974670 1.000794
1347.976058 1.000548
1347.977447 0.999652
1347.978836 1.000758
1347.980225 0.999923
1347.981614 1.000851
1347.983003 0.999504
1347.984392 0.998778
1347.985780 0.999409
1347.987169 0.998344
1347.988558 0.998873
1347.989947 0.999875
1347.991336 0.999437
1347.992725 0.999526
1347.994113 0.999226
1347.995502 0.998786
1347.996891 1.000162
1347.998280 0.999300
1347.999669 0.998859
1348.001058 0.999588
1348.002446 0.999752
1348.003835 0.999245
1348.005224 0.999958
1348.006613 0.998727
1348.008002 0.997666
1348.092721 1.001637
1348.095499 1.001081
1348.114943 0.998887
1348.116332 0.999987
1348.117721 1.002537
1348.119109 1.001813
1348.120498 1.001686
1348.121887 1.001467
1348.123276 1.001902
1348.124665 1.001707
1348.126054 1.002205
1348.127443 1.001643
1348.128831 1.002604
1348.130220 1.002217
1348.131609 1.001564
1348.132998 1.001676
1348.134387 1.002474
1348.135776 1.001225
1348.137164 1.001109
1348.138553 1.000149
1348.139942 1.000220
1348.141331 0.998667
1348.142720 1.000829
1348.144109 1.000752
1348.145498 1.002215
1348.146886 0.999937
1348.148275 1.001216
1348.152442 0.998849
1348.155219 0.997388
1348.162164 0.998480
1348.163552 1.000162
1348.164941 1.000597
1348.166330 1.000786
1348.167719 1.000979
1348.169108 1.000710
1348.170497 1.000154
1348.171886 0.999446
1348.173274 1.000338
1348.176052 1.000304
1348.178830 0.997677
1348.182996 0.999277
1348.184385 1.000806
1348.185774 0.998021
1348.187163 1.000348
1348.188552 1.000004
1348.189941 0.999531
1348.191329 0.999130
1348.192718 0.999750
1348.194107 0.999323
1348.195496 0.999702
1348.196885 0.999363
1348.198274 0.997997
1348.199662 0.996615
1348.201051 0.999326
1348.202440 0.999302
1348.205218 1.001092
1348.206607 0.998968
1348.207996 0.999761
1348.209384 0.999040
1348.210773 1.000462
1348.212162 0.999960
1348.213551 0.999864
1348.214940 0.999601
1348.216329 0.999982
1348.217717 0.998106
1348.232995 0.996892
1348.257994 0.997995
1348.316325 1.000313
1348.326047 0.998544
1348.327436 0.999696
1348.339936 0.996540
1348.344102 0.998986
1348.363546 0.998023
1348.374657 0.998915
1348.378823 1.002511
1348.380212 0.997873
1348.382990 0.997478
1348.385768 0.998881
1348.387156 0.998733
1348.388545 1.001478
1348.389934 0.998745
1348.391323 0.999894
1348.392712 1.002257
1348.394101 1.001409
1348.395490 1.002345
1348.396878 1.000373
1348.398267 1.001760
1348.399656 1.000233
1348.401045 1.001124
1348.402434 1.000662
1348.403823 1.001866
1348.405211 0.999844
1348.406600 1.000144
1348.407989 1.000709
1348.409378 1.001289
1348.410767 1.000351
1348.412156 1.000730
1348.413545 1.000878
1348.414933 1.000586
1348.416322 1.000242
1348.417711 0.999636
1348.419100 1.001062
1348.420489 0.999597
1348.421878 1.000597
1348.423266 1.000637
1348.424655 1.001824
1348.426044 0.999424
1348.427433 1.000741
1348.428822 1.000875
1348.430211 1.001295
1348.432988 0.995751
1348.435766 0.995913
1348.437155 0.998139
1348.482987 0.998192
1348.484376 0.997655
1348.485764 0.996194
1348.488542 0.998316
1348.489931 0.999194
1348.491320 0.999129
1348.492709 0.999130
1348.494097 0.997882
1348.495486 0.998464
1348.496875 0.999593
1348.498264 1.001298
1348.499653 1.000533
1348.501042 0.998705
1348.502431 1.000347
1348.503819 1.001746
1348.505208 1.000967
1348.506597 1.001145
1348.507986 0.999838
1348.509375 1.001297
1348.510764 0.998312
1348.512152 1.001153
1348.513541 1.000282
1348.514930 0.999480
1348.516319 0.999740
1348.517708 0.998325
1348.519097 0.997669
1348.520486 0.998650
1348.521874 0.997494
1348.523263 0.998942
1348.524652 0.998204
1348.526041 0.998898
1348.527430 0.998079
1348.528819 0.998093
1348.530207 1.002432
1348.531596 1.000591
1348.553818 0.996961
1348.555207 1.000004
1348.556595 0.997924
1348.557984 1.001291
1348.559373 0.997762
1348.560762 1.000048
1348.564929 0.998556
1348.566317 1.000423
1348.567706 1.000071
1348.569095 1.000385
1348.570484 1.002433
1348.571873 1.001292
1348.573262 1.000798
1348.574650 1.001496
1348.576039 1.001094
1348.577428 1.000797
1348.578817 0.999426
1348.580206 1.002486
1348.581595 1.000205
1348.582984 1.002196
1348.584372 1.000546
1348.598261 0.999241
1348.602427 0.999554
1348.606594 1.000233
1348.607983 0.998468
1348.610760 0.999429
1348.612149 1.001270
1348.614927 1.001981
1348.616316 1.003509
1348.617705 1.002218
1348.619093 1.003302
1348.620482 1.001840
1348.621871 1.002276
1348.623260 1.002843
1348.624649 1.003625
1348.626038 1.001790
1348.627427 1.002301
1348.628815 1.003123
1348.630204 1.002567
1348.631593 1.001371
1348.632982 1.004193
1348.634371 1.004234
1348.635760 1.003636
1348.637148 1.002669
1348.737145 1.000416
1348.738534 1.000131
1348.741312 1.000583
1348.760756 0.997781
1348.805199 0.997198
1348.813532 0.998483
1348.814920 1.002684
1348.832975 0.996441
1348.834364 0.996478
1348.837142 0.997763
1348.838531 0.998884
1348.841309 0.997440
1348.842697 0.997826
1348.844086 0.998453
1348.845475 1.000285
1348.846864 0.999498
1348.848253 0.995281
1348.864919 0.999069
1348.866308 0.998218
1348.867697 1.001183
1348.869085 0.999295
1348.870474 0.999026
1348.871863 0.997226
1348.873252 0.998812
1348.876030 0.998338
1348.899640 0.992571
1348.920473 0.996122
1348.923250 0.997102
1348.924639 0.999604
1348.927417 0.997397
1348.928806 0.998036
1348.930195 0.999375
1348.931583 0.999072
1348.932972 0.995945
1348.934361 1.000572
1348.935750 1.000042
1348.937139 0.999623
1348.938528 1.000453
1348.939916 1.000333
1348.941305 0.999923
1348.942694 0.999533
1348.944083 1.001239
1348.945472 1.001303
1348.946861 0.999302
1348.948250 1.001137
1348.949638 0.998753
1348.951027 1.001982
1348.952416 1.000047
1348.953805 0.999174
1348.955194 0.999525
1348.957971 0.999930
1348.963527 0.999996
1348.964916 0.999609
1348.969082 0.999446
1348.970471 0.999948
1348.971860 0.999156
1348.973249 0.999308
1348.974638 1.001510
1348.976026 0.998654
1348.977415 1.002621
1348.978804 1.000707
1348.980193 1.002131
1348.985748 1.002166
1348.987137 1.000118
1348.988526 1.002165
1348.989915 1.000986
1348.991304 1.002181
1349.013525 1.001063
1349.019081 1.000679
1349.030191 0.998340
1349.037136 0.996959
1349.039913 0.999208
1349.041302 1.001516
1349.042691 1.001902
1349.053802 0.998873
1349.055190 0.999659
1349.056579 0.998985
1349.057968 1.001819
1349.059357 1.001491
1349.060746 0.998832
1349.062135 1.000781
1349.063524 1.000893
1349.064912 0.999245
1349.066301 1.001502
1349.067690 0.997498
1349.069079 1.000455
1349.088523 1.000291
1349.096856 1.001242
1349.098245 0.999955
1349.103800 0.997440
1349.105189 0.998260
1349.107967 0.997454
1349.109355 0.999034
1349.110744 0.999195
1349.112133 0.999231
1349.114911 1.000969
1349.117688 1.000863
1349.119077 1.001345
1349.124633 1.000778
1349.127410 0.999491
1349.132966 1.000011
1349.137132 1.001812
1349.138521 1.000683
1349.139910 1.001335
1349.141299 1.002161
1349.142688 1.002220
1349.144076 1.002730
1349.148243 1.000401
1349.202408 1.001959
1349.203797 1.002289
1349.205186 1.001220
1349.206574 1.001283
1349.207963 0.999809
1349.209352 1.000554
1349.212130 1.001659
1349.213519 1.001663
1349.214907 1.000155
1349.216296 1.001561
1349.217685 1.002272
1349.220463 1.001158
1349.221852 0.999895
1349.223241 1.000672
1349.224629 1.003030
1349.230185 1.000579
1349.231574 1.000600
1349.232962 1.001060
1349.234351 1.000951
1349.235740 1.004586
1349.238518 1.005431
1349.239907 1.001014
1349.242684 1.002483
1349.244073 0.998341
1349.303793 0.995465
1349.305182 0.996513
1349.307960 0.994964
1349.310738 0.997016
1349.312127 0.995488
1349.313515 0.996621
1349.314904 0.997019
1349.316293 0.995236
1349.319071 0.995960
1349.320460 0.996971
1349.321848 0.999362
1349.323237 0.999305
1349.324626 0.999070
1349.326015 0.998811
1349.327404 0.999284
1349.328793 0.999375
1349.330181 0.999457
1349.331570 0.998780
1349.332959 0.999031
1349.334348 1.000070
1349.335737 0.999234
1349.337126 0.999455
1349.338515 0.999405
1349.339903 0.999789
1349.341292 0.999632
1349.342681 0.999749
1349.344070 0.999532
1349.345459 0.999839
1349.346848 0.999254
1349.348236 1.000534
1349.349625 0.999610
1349.352403 0.998951
1349.353792 1.000770
1349.355181 1.000133
1349.356570 0.999868
1349.357958 0.999594
1349.359347 1.000431
1349.360736 0.999879
1349.362125 0.999012
1349.363514 0.999765
1349.364903 0.999619
1349.366291 1.000566
1349.367680 0.999588
1349.369069 1.000183
1349.370458 0.999563
1349.371847 0.999215
1349.373236 1.000819
1349.374624 1.000171
1349.377402 1.001044
1349.378791 1.000539
1349.380180 0.999403
1349.381569 0.999749
1349.382958 0.999728
1349.384346 1.000236
1349.385735 0.999693
1349.387124 1.000010
1349.388513 0.999691
1349.389902 1.000563
1349.391291 0.999881
1349.392679 1.000067
1349.394068 1.000010
1349.395457 0.999976
1349.396846 0.999641
1349.398235 1.000140
1349.401012 1.000433
1349.402401 1.000349
1349.403790 1.000029
1349.405179 1.001053
1349.406568 1.000773
1349.407957 0.999850
1349.409346 0.999746
1349.410734 1.000184
1349.412123 1.000020
1349.413512 0.999838
1349.414901 1.000139
1349.416290 1.000320
1349.417679 1.000431
1349.419067 1.000207
1349.421845 1.000872
1349.423234 0.999803
1349.424623 1.000912
1349.426012 0.999521
1349.427401 1.000806
1349.428789 1.000255
1349.430178 0.999755
1349.431567 1.001084
1349.432956 0.999324
1349.434345 0.999425
1349.435734 1.000686
1349.437122 0.999851
1349.438511 1.000127
1349.439900 1.000648
1349.441289 1.000317
1349.442678 1.000375
1349.444067 1.000683
1349.445455 1.001381
1349.446844 0.998809
1349.448233 1.000812
1349.449622 1.000374
1349.451011 1.000269
1349.452400 1.003975
1349.453789 1.004016
1349.455177 1.002459
1349.456566 1.002613
1349.457955 1.003230
1349.459344 1.001901
1349.460733 1.001966
1349.462122 1.001155
1349.463510 1.000754
1349.464899 1.001038
1349.466288 1.000997
1349.470455 1.000775
1349.471844 0.999894
1349.473232 1.000026
1349.474621 1.000671
1349.476010 1.000621
1349.477399 1.000979
1349.478788 1.000364
1349.480177 1.000107
1349.481565 0.999891
1349.482954 1.000740
1349.484343 0.999436
1349.488510 1.000499
1349.489898 0.999627
1349.491287 1.000745
1349.494065 0.999978
1349.495454 1.001842
1349.496843 1.000374
1349.498232 1.001229
1349.499620 1.001135
1349.501009 1.002143
1349.502398 1.000802
1349.503787 1.000552
1349.505176 1.000357
1349.506565 1.001119
1349.509342 1.000970
1349.513509 1.000892
1349.514898 1.000760
1349.516286 0.999647
1349.517675 1.001121
1349.519064 1.000703
1349.520453 1.000312
1349.521842 1.000665
1349.523231 0.999492
1349.524620 0.999690
1349.526008 1.000509
1349.527397 0.999800
1349.530175 0.999429
1349.531564 1.000915
1349.532953 1.000554
1349.534341 1.000016
1349.535730 1.000275
1349.537119 0.999757
1349.538508 1.000119
1349.541286 1.000564
1349.542675 0.999480
1349.544063 0.999764
1349.545452 1.000090
1349.546841 1.000751
1349.548230 0.999976
1349.549619 1.000472
1349.551008 1.000260
1349.553785 1.000638
1349.555174 1.000483
1349.556563 0.999903
1349.557952 0.999894
1349.559341 1.000202
1349.560729 1.000125
1349.562118 0.999865
1349.563507 1.000584
1349.564896 0.999453
1349.566285 1.000801
1349.567674 1.000384
1349.569063 0.999547
1349.570451 1.000110
1349.573229 0.999672
1349.576007 0.999277
1349.577396 0.999953
1349.578784 0.999821
1349.580173 0.999897
1349.581562 0.999533
1349.582951 0.999213
1349.584340 1.000434
1349.585729 0.999986
1349.587117 1.000272
1349.588506 1.000080
1349.589895 0.999779
1349.591284 0.999820
1349.592673 0.999658
1349.594062 1.000996
1349.595451 0.999566
1349.596839 1.000493
1349.598228 1.000144
1349.599617 1.000539
1349.601006 1.000408
1349.602395 1.000632
1349.603784 0.999972
1349.605172 0.999890
1349.606561 1.000240
1349.607950 0.999980
1349.609339 0.999899
1349.610728 0.999985
1349.612117 1.000562
1349.613505 1.000098
1349.614894 0.999871
1349.616283 1.000894
1349.617672 0.999121
1349.619061 0.999899
1349.620450 1.000230
1349.621839 0.999369
1349.623227 1.000585
1349.624616 1.000354
1349.626005 0.999670
1349.627394 0.999855
1349.628783 0.999793
1349.630172 1.000496
1349.631560 1.000695
1349.632949 0.999593
1349.634338 1.000330
1349.635727 1.000640
1349.637116 1.000572
1349.638505 1.001195
1349.639894 1.001059
1349.641282 0.999779
1349.642671 1.000475
1349.644060 0.998749
1349.645449 1.000269
1349.646838 0.999992
1349.648227 0.999959
1349.649615 1.000448
1349.651004 0.999610
1349.652393 1.000021
1349.653782 1.000090
1349.655171 0.999959
1349.657948 0.999509
1349.659337 1.001260
1349.660726 0.999194
1349.662115 1.000532
1349.663504 0.999618
1349.664893 0.999966
1349.667670 0.999458
1349.669059 0.999809
1349.670448 0.999157
1349.671837 0.999509
1349.673226 0.999913
1349.674615 0.999432
1349.676003 1.000077
1349.677392 0.999071
1349.678781 0.999609
1349.680170 0.998771
1349.681559 0.999634
1349.682948 0.999685
1349.684336 1.000496
1349.698225 1.000105
1349.699614 1.000031
1349.701003 0.999983
1349.702391 0.999848
1349.703780 1.000111
1349.705169 0.999833
1349.706558 0.999860
1349.707947 1.000260
1349.709336 0.999796
1349.710725 1.000379
1349.712113 0.999807
1349.713502 1.000029
1349.714891 1.000227
1349.716280 1.000428
1349.717669 1.000027
1349.719058 0.999518
1349.720446 1.000147
1349.721835 1.000091
1349.723224 1.000225
1349.724613 1.000004
1349.726002 0.999891
1349.727391 0.999704
1349.728779 0.999777
1349.730168 1.000421
1349.731557 0.999526
1349.732946 1.000108
1349.734335 0.999859
1349.735724 0.999983
1349.737113 1.000065
1349.738501 1.000135
1349.739890 0.999591
1349.741279 0.999610
1349.742668 0.999797
1349.744057 1.000010
1349.745446 1.000637
1349.746834 0.999745
1349.748223 1.000035
1349.749612 0.999840
1349.751001 1.000094
1349.752390 1.000345
1349.753779 0.999439
1349.755167 1.000111
1349.756556 0.999533
1349.757945 1.000106
1349.759334 1.000284
1349.760723 1.000087
1349.762112 1.000056
1349.763501 0.999995
1349.764889 0.999840
1349.766278 0.999913
1349.767667 1.000038
1349.769056 0.999517
1349.770445 1.000093
1349.771834 1.000083
1349.773222 0.999971
1349.774611 0.999826
1349.776000 1.000027
1349.777389 1.000567
1349.778778 0.999566
1349.780167 0.999620
1349.781555 1.000084
1349.782944 1.000086
1349.784333 0.999851
1349.785722 1.000069
1349.787111 0.999890
1349.788500 1.000412
1349.789889 0.999807
1349.791277 1.000259
1349.792666 0.999606
1349.794055 0.999874
1349.795444 0.999798
1349.796833 1.000213
1349.798222 0.999997
1349.799610 0.999704
1349.800999 0.999523
1349.802388 0.999889
1349.803777 0.999693
1349.805166 0.999420
1349.806555 0.999820
1349.807944 1.000129
1349.809332 0.999865
1349.810721 0.999946
1349.812110 0.999874
1349.813499 0.999829
1349.814888 1.000559
1349.816277 1.000790
1349.817665 1.001367
1349.819054 1.002234
1349.820443 1.002580
1349.821832 1.002831
1349.823221 1.001769
1349.824610 1.001962
1349.825998 1.001991
1349.827387 1.002201
1349.828776 1.001708
1349.830165 1.002447
1349.831554 1.001640
1349.832943 1.001994
1349.834332 1.000890
1349.835720 1.002271
1349.837109 1.001561
1349.838498 1.001253
1349.839887 1.000617
1349.841276 1.000909
1349.842665 1.000372
1349.844053 1.000585
1349.845442 1.000857
1349.846831 1.000120
1349.848220 1.001001
1349.849609 1.000751
1349.850998 1.000674
1349.852386 1.000524
1349.853775 1.000493
1349.855164 1.000400
1349.856553 1.000112
1349.857942 1.000169
1349.859331 1.000382
1349.860720 1.000369
1349.862108 1.000454
1349.863497 1.000633
1349.864886 1.000078
1349.866275 0.999851
1349.867664 1.000372
1349.869053 1.000904
1349.870441 1.000936
1349.871830 1.000484
1349.873219 0.999870
1349.874608 1.000715
1349.875997 1.000189
1349.877386 1.000203
1349.878774 1.000162
1349.880163 0.999990
1349.881552 1.000145
1349.882941 1.000226
1349.884330 1.000115
1349.885719 1.000078
1349.887108 1.000324
1349.888496 1.000017
1349.889885 0.999884
1349.891274 0.999851
1349.892663 0.999882
1349.894052 1.000251
1349.895441 0.999939
1349.896829 1.000099
1349.898218 0.999481
1349.899607 0.999726
1349.900996 0.999607
1349.902385 0.999719
1349.903774 0.999832
1349.905163 0.999872
1349.906551 0.999530
1349.907940 0.999345
1349.909329 0.999430
1349.910718 1.000167
1349.912107 0.999314
1349.913496 1.000177
1349.914884 0.999427
1349.916273 0.999458
1349.917662 0.999406
1349.919051 0.999582
1349.920440 0.999908
1349.921829 0.999922
1349.923217 0.999633
1349.924606 1.000081
1349.925995 0.999973
1349.927384 0.999891
1349.928773 1.000272
1349.930162 1.000414
1349.931551 1.000278
1349.932939 0.999469
1349.934328 0.999945
1349.935717 0.999819
1349.937106 1.000023
1349.938495 1.000132
1349.939884 1.000072
1349.941272 1.000115
1349.942661 0.999808
1349.944050 1.000213
1349.945439 0.999817
1349.946828 0.999915
1349.948217 1.000237
1349.949605 0.999731
1349.950994 0.999903
1349.952383 1.000347
1349.953772 0.999780
1349.955161 0.999796
1349.956550 1.000041
1349.957939 0.999942
1349.959327 0.999275
1349.960716 0.999795
1349.962105 0.999879
1349.963494 0.999670
1349.964883 1.000301
1349.966272 1.000454
1349.967660 1.000335
1349.969049 1.000252
1349.970438 1.000386
1349.971827 0.999456
1349.973216 0.999928
1349.974605 1.000240
1349.975993 1.000092
1349.977382 1.000090
1349.978771 0.999687
1349.980160 1.000070
1349.981549 0.999598
1349.982938 0.999688
1349.984327 1.000170
1349.985715 0.999508
1349.987104 0.999633
1349.988493 1.000533
1349.989882 0.999619
1349.991271 1.000553
1349.992660 0.999619
1349.994048 0.999892
1349.995437 0.999788
1349.996826 0.999999
1349.998215 1.000442
1349.999604 0.999792
1350.000993 1.000452
1350.002381 0.999467
1350.003770 1.000571
1350.005159 1.000613
1350.006548 1.000446
1350.007937 1.000106
1350.009326 1.000208
1350.010715 1.000382
1350.012103 1.001069
1350.013492 1.001484
1350.014881 1.003739
1350.016270 1.006325
1350.017659 1.009323
1350.019048 1.008315
1350.020436 1.007979
1350.021825 1.008811
1350.023214 1.007574
1350.024603 1.007468
1350.025992 1.007078
1350.027381 1.007536
1350.028769 1.006737
1350.030158 1.005929
1350.031547 1.006308
1350.032936 1.005138
1350.034325 1.005340
1350.035714 1.004800
1350.037103 1.005016
1350.038491 1.005445
1350.039880 1.004346
1350.041269 1.004319
1350.042658 1.004893
1350.044047 1.004355
1350.045436 1.004526
1350.046824 1.004277
1350.048213 1.004098
1350.049602 1.003993
1350.050991 1.004098
1350.052380 1.003700
1350.053769 1.003986
1350.055158 1.004027
1350.056546 1.004338
1350.057935 1.004215
1350.059324 1.004489
1350.060713 1.004460
1350.062102 1.005253
1350.063491 1.004683
1350.064879 1.006118
1350.066268 1.004971
1350.067657 1.005150
1350.069046 1.004836
1350.070435 1.005464
1350.071824 1.004667
1350.073212 1.004790
1350.074601 1.004547
1350.075990 1.004664
1350.077379 1.004975
1350.078768 1.004099
1350.080157 1.004411
1350.081546 1.004150
1350.082934 1.003865
1350.084323 1.004924
1350.085712 1.004681
1350.087101 1.004514
1350.088490 1.004530
1350.089879 1.004355
1350.091267 1.004148
1350.092656 1.004161
1350.094045 1.003952
1350.095434 1.003753
1350.096823 1.004156
1350.098212 1.004108
1350.099600 1.003991
1350.100989 1.003707
1350.102378 1.003561
1350.103767 1.003487
1350.105156 1.003005
1350.106545 1.003319
1350.107934 1.003388
1350.109322 1.003451
1350.110711 1.003579
1350.112100 1.003564
1350.113489 1.003234
1350.114878 1.003164
1350.116267 1.003248
1350.117655 1.003147
1350.119044 1.002952
1350.120433 1.003367
1350.121822 1.003582
1350.123211 1.002905
1350.124600 1.003582
1350.125988 1.003023
1350.127377 1.003215
1350.128766 1.003045
1350.130155 1.003407
1350.131544 1.003030
1350.132933 1.003332
1350.134322 1.002790
1350.135710 1.002601
1350.137099 1.003224
1350.138488 1.002984
1350.139877 1.002080
1350.141266 1.002099
1350.142655 1.002678
1350.144043 1.002411
1350.145432 1.012751
1350.146821 1.017230
1350.148210 1.012751
1350.149599 1.009417
1350.150988 1.006937
1350.152376 1.005901
1350.153765 1.004620
1350.155154 1.004538
1350.156543 1.004636
1350.157932 1.003863
1350.159321 1.003779
1350.160710 1.004109
1350.162098 1.003086
1350.163487 1.003309
1350.164876 1.002987
1350.166265 1.002976
1350.167654 1.003140
1350.169043 1.002934
1350.170431 1.002793
1350.171820 1.002363
1350.173209 1.002350
1350.174598 1.002038
1350.175987 1.002365
1350.177376 1.001978
1350.178764 1.002379
1350.180153 1.001681
1350.181542 1.001878
1350.182931 1.002096
1350.184320 1.001493
1350.185709 1.001741
1350.187098 1.001686
1350.188486 1.001766
1350.189875 1.001161
1350.191264 1.001741
1350.192653 1.001467
1350.194042 1.001273
1350.195431 1.001856
1350.196819 1.001276
1350.198208 1.001605
1350.199597 1.002652
1350.200986 1.001178
1350.202375 1.000818
1350.203764 1.001626
1350.205152 1.001201
1350.206541 1.000769
1350.207930 1.001450
1350.209319 1.001470
1350.210708 1.001128
1350.212097 1.001465
1350.213486 1.000955
1350.214874 1.001193
1350.216263 1.001101
1350.217652 1.001163
1350.219041 0.999968
1350.220430 1.000722
1350.221819 1.001014
1350.223207 1.000546
1350.224596 1.001007
1350.225985 1.000641
1350.227374 1.000553
1350.228763 1.000015
1350.230152 1.000895
1350.231540 1.000339
1350.232929 1.000806
1350.234318 1.000327
1350.235707 1.000482
1350.237096 1.000703
1350.238485 1.001161
1350.239874 1.000526
1350.241262 1.000646
1350.242651 1.000182
1350.244040 1.000250
1350.245429 1.000297
1350.246818 1.000789
1350.248207 1.000766
1350.249595 1.000353
1350.250984 1.000278
1350.252373 1.000560
1350.253762 1.000456
1350.255151 1.000171
1350.256540 1.000200
1350.257929 1.000172
1350.259317 1.000739
1350.260706 1.000240
1350.262095 1.000590
1350.263484 1.000365
1350.264873 1.000319
1350.266262 1.000184
1350.267650 1.000538
1350.269039 1.000221
1350.270428 1.000429
1350.271817 1.000341
1350.273206 1.000068
1350.274595 1.001004
1350.275983 1.001116
1350.277372 1.001663
1350.278761 1.000862
1350.280150 1.000672
1350.281539 1.000676
1350.282928 1.003395
1350.284317 1.005234
1350.285705 1.005038
1350.287094 1.005358
1350.288483 1.004895
1350.289872 1.004626
1350.291261 1.004572
1350.292650 1.006531
1350.294038 1.008066
1350.295427 1.009811
1350.296816 1.009023
1350.298205 1.008090
1350.299594 1.006166
1350.300983 1.006036
1350.302371 1.005741
1350.303760 1.005494
1350.305149 1.005567
1350.306538 1.005034
1350.307927 1.004465
1350.309316 1.004334
1350.310705 1.004289
1350.312093 1.003834
1350.313482 1.003687
1350.314871 1.003876
1350.316260 1.003186
1350.317649 1.002979
1350.319038 1.002871
1350.320426 1.002905
1350.321815 1.003155
1350.323204 1.002832
1350.324593 1.002418
1350.325982 1.002766
1350.327371 1.001913
1350.328759 1.002639
1350.330148 1.001590
1350.331537 1.002437
1350.332926 1.001876
1350.334315 1.001406
1350.335704 1.001943
1350.337093 1.001413
1350.338481 1.001352
1350.339870 1.001668
1350.341259 1.001398
1350.342648 1.001274
1350.344037 1.001373
1350.345426 1.000909
1350.346814 1.000953
1350.348203 1.001203
1350.349592 1.001158
1350.350981 1.000815
1350.352370 1.000686
1350.353759 1.000949
1350.355147 1.000367
1350.356536 1.000018
1350.357925 1.000859
1350.359314 1.000151
1350.360703 1.000737
1350.362092 1.000479
1350.363481 1.000311
1350.366258 0.998543
1350.367647 1.000076
1350.369036 1.000097
1350.370425 0.999908
1350.371814 1.000273
1350.373202 1.000005
1350.374591 1.000231
1350.375980 0.999923
1350.377369 1.000290
1350.378758 0.999300
1350.380147 1.000151
1350.381535 0.999726
1350.382924 0.999507
1350.384313 0.999984
1350.385702 0.999376
1350.387091 1.000008
1350.388480 1.000417
1350.389869 0.999712
1350.391257 1.000308
1350.392646 0.999790
1350.394035 0.999841
1350.395424 0.999349
1350.396813 0.999658
1350.398202 0.999687
1350.399590 0.999900
1350.400979 0.999536
1350.402368 0.999578
1350.403757 0.999634
1350.405146 0.999848
1350.406535 0.999717
1350.407923 0.998936
1350.409312 0.999036
1350.410701 1.000086
1350.412090 0.999170
1350.413479 0.999910
1350.414868 0.999625
1350.416257 0.999767
1350.417645 0.999746
1350.419034 0.999447
1350.420423 0.999187
1350.421812 0.999740
1350.423201 1.000199
1350.424590 1.001748
1350.425978 1.000390
1350.427367 1.000450
1350.428756 0.999959
1350.430145 0.999713
1350.431534 1.000690
1350.432923 0.999544
1350.434311 1.000675
1350.435700 1.000633
1350.437089 1.000461
1350.438478 1.000253
1350.439867 1.000517
1350.441256 0.999492
1350.442645 1.000555
1350.444033 1.000006
1350.445422 1.000029
1350.446811 1.000725
1350.448200 0.999528
1350.449589 1.000714
1350.450978 1.000365
1350.452366 1.000219
1350.453755 1.000257
1350.455144 1.000352
1350.456533 1.000162
1350.457922 1.000070
1350.459311 1.000106
1350.460699 1.000208
1350.462088 1.000213
1350.463477 1.000520
1350.464866 0.999663
1350.466255 1.000135
1350.467644 1.000450
1350.469033 1.000069
1350.470421 0.999582
1350.471810 0.999743
1350.473199 0.999553
1350.474588 0.999653
1350.475977 0.999775
1350.477366 0.999985
1350.478754 0.999455
1350.480143 1.000218
1350.481532 1.000141
1350.482921 0.999961
1350.484310 1.000093
1350.485699 1.000093
1350.487087 1.000056
1350.488476 1.000507
1350.489865 0.999828
1350.491254 1.000129
1350.492643 0.999937
1350.494032 0.999606
1350.495421 1.000002
1350.496809 1.000504
1350.498198 1.000341
1350.499587 0.999756
1350.500976 1.000402
1350.502365 0.999666
1350.503754 1.000257
1350.505142 0.999754
1350.506531 1.000141
1350.507920 0.999250
1350.509309 0.999443
1350.510698 0.999613
1350.512087 0.999815
1350.513475 0.999472
1350.514864 0.999720
1350.516253 1.000102
1350.517642 1.000249
1350.519031 1.000200
1350.520420 0.999783
1350.521809 0.999795
1350.523197 1.000099
1350.524586 0.999651
1350.525975 0.999921
1350.527364 0.999647
1350.528753 0.999863
1350.530142 0.999868
1350.531530 0.998877
1350.532919 0.999967
1350.534308 0.999991
1350.535697 0.999696
1350.537086 1.000078
1350.538475 0.999679
1350.539863 0.999917
1350.541252 0.999074
1350.542641 0.999689
1350.544030 0.999904
1350.545419 0.999906
1350.546808 0.999474
1350.548197 1.000569
1350.549585 1.000692
1350.550974 1.000479
1350.552363 1.000140
1350.553752 0.999791
1350.555141 0.999783
1350.556530 1.000244
1350.557918 0.999921
1350.559307 1.000230
1350.560696 0.999328
1350.562085 0.999526
1350.563474 1.000168
1350.564863 0.999365
1350.566251 0.999959
1350.567640 0.999926
1350.569029 0.999471
1350.570418 0.999563
1350.571807 0.999633
1350.573196 0.999104
1350.574585 0.999264
1350.575973 0.999844
1350.577362 0.999088
1350.578751 0.999638
1350.580140 0.999409
1350.581529 0.999712
1350.582918 0.999520
1350.584306 0.999309
1350.585695 0.999896
1350.587084 0.999797
1350.588473 0.999953
1350.589862 1.000309
1350.591251 1.001030
1350.592639 1.001011
1350.594028 1.001123
1350.595417 1.001270
1350.596806 1.001222
1350.598195 1.001276
1350.599584 1.001196
1350.600973 1.001697
1350.602361 1.000874
1350.603750 1.001406
1350.605139 1.001168
1350.606528 1.001550
1350.607917 1.001459
1350.609306 1.000150
1350.610694 1.001011
1350.612083 1.000238
1350.613472 1.000932
1350.614861 0.999711
1350.616250 1.000366
1350.617639 1.001148
1350.619027 0.999976
1350.620416 0.999229
1350.621805 1.001238
1350.623194 1.000250
1350.624583 0.999777
1350.625972 1.000886
1350.627361 1.000068
1350.628749 1.000523
1350.630138 1.000732
1350.631527 1.000129
1350.632916 1.000307
1350.634305 0.999645
1350.635694 0.999122
1350.637082 1.000893
1350.638471 1.000157
1350.639860 1.000446
1350.641249 1.000363
1350.642638 0.999904
1350.644027 1.000845
1350.645415 0.999694
1350.646804 0.999915
1350.648193 0.999735
1350.649582 0.999755
1350.650971 1.000145
1350.652360 0.999922
1350.653748 0.999588
1350.655137 0.999707
1350.656526 1.000155
1350.657915 0.999596
1350.659304 0.999519
1350.660693 0.999838
1350.662082 0.999687
1350.663470 0.999532
1350.664859 0.999494
1350.666248 1.000731
1350.667637 0.999295
1350.669026 0.999563
1350.670415 0.999627
1350.671803 1.000336
1350.673192 0.999649
1350.674581 0.999203
1350.675970 0.999551
1350.677359 0.999605
1350.678748 0.999938
1350.680136 1.000318
1350.681525 0.999277
1350.682914 0.999540
1350.684303 0.999818
1350.685692 0.999542
1350.687081 1.000005
1350.688470 0.999596
1350.689858 0.999389
1350.691247 0.999763
1350.692636 0.999619
1350.694025 0.999400
1350.695414 1.000308
1350.696803 1.000087
1350.698191 0.999695
1350.699580 1.000177
1350.700969 0.999773
1350.702358 1.000162
1350.703747 1.000393
1350.705136 1.000319
1350.706524 1.000129
1350.707913 1.000166
1350.709302 1.000039
1350.710691 1.000071
1350.712080 1.000014
1350.713469 1.000321
1350.714858 1.000418
1350.716246 0.999466
1350.717635 1.000254
1350.719024 1.000442
1350.720413 0.998448
1350.721802 1.000294
1350.723191 1.000339
1350.724579 1.000011
1350.725968 1.000296
1350.727357 1.000605
1350.728746 1.000131
1350.730135 1.000235
1350.731524 0.999394
1350.732912 1.000124
1350.734301 0.999554
1350.735690 1.000437
1350.737079 0.999304
1350.738468 1.000382
1350.739857 1.000035
1350.741246 1.000149
1350.742634 0.999330
1350.744023 0.999700
1350.745412 0.999936
1350.746801 0.999763
1350.748190 0.999660
1350.749579 1.000454
1350.750967 0.998897
1350.752356 1.000095
1350.753745 0.999897
1350.755134 0.999869
1350.756523 0.999923
1350.757912 0.999648
1350.759300 0.999929
1350.760689 0.999626
1350.762078 0.999867
1350.763467 1.000088
1350.764856 1.000205
1350.766245 0.999699
1350.767634 0.999732
1350.769022 1.000089
1350.770411 0.999996
1350.771800 0.999550
1350.773189 0.999997
1350.774578 0.999930
1350.775967 1.000255
1350.777355 0.999787
1350.778744 0.999803
1350.780133 0.999837
1350.781522 1.000565
1350.782911 1.000264
1350.784300 1.000302
1350.785688 0.999768
1350.787077 0.999888
1350.788466 1.001657
1350.789855 1.000612
1350.791244 1.001126
1350.792633 1.000624
1350.794022 1.000722
1350.795410 0.999939
1350.796799 1.000172
1350.798188 1.000250
1350.799577 1.000064
1350.800966 1.000094
1350.802355 1.000003
1350.803743 0.999981
1350.805132 1.000618
1350.806521 1.000244
1350.807910 1.000401
1350.809299 1.000570
1350.810688 1.000279
1350.812076 1.000204
1350.813465 0.999754
1350.814854 1.000221
1350.816243 1.000426
1350.817632 0.999565
1350.819021 0.999871
1350.820410 0.998935
1350.821798 1.000373
1350.823187 0.999621
1350.824576 0.999690
1350.825965 1.001241
1350.827354 0.999400
1350.828743 0.999948
1350.830131 0.999637
1350.831520 0.998950
1350.832909 1.000112
1350.834298 1.000051
1350.835687 0.999396
1350.837076 0.999985
1350.838464 0.999922
1350.839853 0.999458
1350.841242 0.999856
1350.842631 0.999882
1350.844020 1.000104
1350.845409 0.999767
1350.846798 1.000132
1350.848186 1.000500
1350.849575 0.999747
1350.850964 0.999601
1350.852353 0.999777
1350.853742 0.999162
1350.855131 1.000156
1350.856519 0.999559
1350.857908 0.999608
1350.859297 1.000146
1350.860686 0.999361
1350.862075 1.000451
1350.863464 0.999956
1350.864852 0.999968
1350.866241 0.999333
1350.867630 0.999832
1350.869019 1.000059
1350.870408 0.999958
1350.871797 0.999572
1350.873185 0.999696
1350.874574 1.000040
1350.875963 0.999837
1350.877352 1.000824
1350.878741 0.999728
1350.880130 1.000035
1350.881519 1.000526
1350.882907 0.999417
1350.884296 0.999222
1350.885685 1.000777
1350.887074 0.999888
1350.888463 1.000087
1350.889852 0.999767
1350.891240 1.000192
1350.892629 0.999721
1350.894018 1.000242
1350.895407 0.999421
1350.896796 0.999844
1350.898185 1.000399
1350.899573 0.999665
1350.900962 0.999472
1350.902351 1.000501
1350.903740 1.000165
1350.905129 0.999024
1350.906518 1.000582
1350.907907 0.999698
1350.909295 0.999524
1350.910684 1.000162
1350.912073 0.999159
1350.913462 1.000767
1350.914851 0.999845
1350.916240 1.001199
1350.917628 1.000772
1350.919017 1.001378
1350.920406 0.999989
1350.921795 1.001080
1350.923184 1.000494
1350.924573 1.001190
1350.925961 1.000171
1350.927350 1.000749
1350.928739 1.000639
1350.930128 0.999672
1350.931517 1.000257
1350.932906 1.000598
1350.934295 1.000403
1350.935683 0.999896
1350.937072 1.000011
1350.938461 1.000570
1350.939850 1.000546
1350.941239 0.999790
1350.942628 1.000408
1350.944016 0.999099
1350.945405 1.001233
1350.946794 1.000220
1350.948183 0.999880
1350.949572 1.000208
1350.950961 1.000241
1350.952349 0.999594
1350.953738 1.000249
1350.955127 0.999682
1350.956516 1.000452
1350.957905 0.999450
1350.959294 0.999408
1350.960683 1.000087
1350.962071 1.000369
1350.963460 0.999659
1350.964849 1.000218
1350.966238 1.000251
1350.967627 0.999176
1350.969016 1.000189
1350.970404 0.999979
1350.971793 1.000388
1350.973182 0.998738
1350.974571 0.999838
1350.975960 1.000459
1350.977349 1.000172
1350.978737 0.999950
1350.980126 0.999978
1350.981515 1.000172
1350.982904 1.000474
1350.984293 1.000441
1350.985682 0.998932
1350.987071 0.999731
1350.988459 1.000252
1350.989848 0.999788
1350.991237 1.000083
1350.992626 0.999246
1350.995404 0.999090
1350.996792 1.000160
1350.998181 1.000343
1350.999570 1.000254
1351.000959 0.999937
1351.002348 1.000668
1351.003737 0.999820
1351.005125 0.999953
1351.006514 1.000248
1351.007903 1.000221
1351.009292 1.000232
1351.010681 0.999952
1351.012070 1.000177
1351.013458 0.999511
1351.014847 0.999863
1351.016236 0.999992
1351.017625 1.000750
1351.019014 0.999198
1351.020403 1.000068
1351.021792 0.999783
1351.023180 1.000580
1351.024569 0.999852
1351.025958 0.999175
1351.027347 0.999817
1351.028736 0.999802
1351.030125 0.999982
1351.031513 0.999976
1351.032902 1.000165
1351.034291 0.999421
1351.035680 1.000268
1351.037069 0.999773
1351.038458 0.999925
1351.039846 0.999972
1351.041235 0.999686
1351.042624 0.999510
1351.044013 0.999737
1351.045402 0.999831
1351.046791 0.999331
1351.048180 1.000113
1351.049568 0.999612
1351.050957 1.000503
1351.052346 0.999646
1351.053735 1.000815
1351.055124 0.998941
1351.056513 0.999402
1351.057901 0.999923
1351.059290 1.000043
1351.060679 0.999352
1351.062068 1.000388
1351.063457 0.999816
1351.064846 0.999391
1351.066234 0.999988
1351.067623 1.000191
1351.069012 0.999815
1351.070401 0.999743
1351.071790 0.999908
1351.073179 1.000517
1351.074568 0.999187
1351.075956 0.999912
1351.077345 1.000186
1351.078734 1.000369
1351.080123 1.000665
1351.081512 1.000676
1351.082901 1.000183
1351.084289 0.999878
1351.085678 1.000294
1351.087067 1.000726
1351.088456 1.000339
1351.089845 1.000409
1351.091234 1.000761
1351.092622 0.999111
1351.094011 0.999896
1351.095400 1.000336
1351.096789 1.000019
1351.098178 0.999959
1351.099567 0.999642
1351.100956 0.999939
1351.102344 1.000395
1351.103733 1.000454
1351.105122 1.000511
1351.106511 0.999418
1351.107900 1.000715
1351.109289 0.999476
1351.110677 1.000598
1351.112066 0.999706
1351.113455 1.000414
1351.114844 0.999844
1351.116233 1.000564
1351.117622 1.000143
1351.119010 1.000515
1351.120399 0.998796
1351.121788 1.000229
1351.123177 1.000588
1351.124566 0.999682
1351.125955 0.999041
1351.127343 0.999651
1351.128732 1.000253
1351.130121 0.999711
1351.131510 0.999777
1351.132899 1.001300
1351.134288 0.998985
1351.135677 1.000517
1351.137065 0.999936
1351.138454 1.000116
1351.139843 1.000044
1351.141232 1.000014
1351.142621 0.999746
1351.144010 1.000026
1351.145398 1.000009
1351.146787 1.000510
1351.148176 0.999683
1351.149565 0.999960
1351.150954 1.000622
1351.152343 0.999927
1351.153731 0.999945
1351.155120 0.999570
1351.156509 0.999819
1351.157898 1.000161
1351.159287 1.000665
1351.160676 0.999890
1351.162065 1.000275
1351.163453 0.999639
1351.164842 0.999982
1351.166231 1.000434
1351.167620 1.000799
1351.169009 0.999616
1351.170398 1.000685
1351.171786 1.000769
1351.173175 1.000881
1351.174564 0.999220
1351.175953 1.000749
1351.177342 1.000718
1351.178731 1.000214
1351.180119 0.999412
1351.181508 1.000077
1351.182897 1.000009
1351.184286 1.000610
1351.185675 0.999690
1351.187064 0.999698
1351.188453 1.000021
1351.189841 1.000268
1351.191230 1.000421
1351.192619 0.999381
1351.194008 1.000662
1351.195397 0.999700
1351.196786 0.999445
1351.198174 1.000157
1351.199563 1.000494
1351.200952 1.000122
1351.202341 0.999528
1351.203730 0.999697
1351.205119 0.999544
1351.206507 0.999482
1351.207896 0.999828
1351.209285 1.000470
1351.210674 1.000087
1351.212063 0.999530
1351.213452 0.999694
1351.214841 0.999573
1351.216229 1.000620
1351.217618 0.999799
1351.219007 0.999730
1351.220396 1.000132
1351.221785 0.999306
1351.223174 0.999834
1351.224562 1.000543
1351.225951 0.999364
1351.227340 1.000050
1351.228729 1.000084
1351.230118 0.999881
1351.231507 1.000122
1351.232895 1.000293
1351.234284 0.999836
1351.235673 1.000664
1351.237062 0.999208
1351.238451 0.999748
1351.239840 1.000216
1351.241228 0.999912
1351.242617 1.000420
1351.244006 1.000191
1351.245395 1.000128
1351.246784 0.999917
1351.248173 0.999938
1351.249562 1.000548
1351.250950 0.999695
1351.252339 0.999901
1351.253728 1.000315
1351.255117 0.999966
1351.256506 0.999414
1351.257895 0.999897
1351.259283 1.000033
1351.260672 1.000211
1351.262061 1.000412
1351.263450 0.999933
1351.266228 0.999767
1351.267616 0.999926
1351.269005 1.000772
1351.270394 1.000716
1351.271783 1.000942
1351.273172 0.999091
1351.274561 1.000275
1351.275950 0.999833
1351.277338 1.000311
1351.278727 1.000593
1351.280116 1.000586
1351.281505 1.000088
1351.282894 1.000378
1351.284283 1.000275
1351.287060 0.999530
1351.288449 0.999624
1351.289838 1.000209
1351.291227 1.001050
1351.292616 0.999526
1351.294004 0.999556
1351.295393 0.999847
1351.296782 0.999972
1351.298171 1.000156
1351.299560 1.000146
1351.300949 0.999136
1351.302338 1.000423
1351.303726 1.000165
1351.305115 1.000136
1351.306504 1.000721
1351.307893 1.000444
1351.309282 0.999941
1351.310671 1.000164
1351.312059 0.999045
1351.313448 1.000663
1351.317615 0.999578
1351.319004 0.999817
1351.320392 1.000329
1351.321781 0.999734
1351.323170 0.999656
1351.325948 1.000099
1351.327337 0.998354
1351.328725 1.000256
1351.330114 0.999801
1351.331503 0.999279
1351.332892 1.000411
1351.334281 0.999929
1351.335670 0.999559
1351.338447 1.001570
1351.339836 1.000215
1351.341225 1.000885
1351.342614 0.999336
1351.344003 1.000907
1351.345392 1.000196
1351.346780 0.999819
1351.348169 1.000254
1351.349558 1.000166
1351.350947 1.000091
1351.352336 1.000019
1351.353725 0.999822
1351.355113 1.000234
1351.356502 1.000326
1351.357891 0.999854
1351.359280 0.999493
1351.360669 0.999965
1351.362058 0.998844
1351.363447 0.998599
1351.364835 1.000381
1351.366224 0.999813
1351.367613 0.997770
1351.369002 1.000360
1351.370391 0.999313
1351.371780 0.999728
1351.373168 0.999677
1351.374557 0.999572
1351.375946 1.000058
1351.377335 1.000277
1351.378724 0.999988
1351.380113 0.999215
1351.381501 1.000251
1351.382890 0.999653
1351.384279 1.000507
1351.385668 0.999814
1351.387057 1.000119
1351.388446 0.999243
1351.389834 1.000350
1351.391223 1.000107
1351.392612 1.000410
1351.394001 0.999044
1351.396779 0.999763
1351.398168 0.999427
1351.399556 0.999714
1351.400945 1.000144
1351.402334 0.999346
1351.403723 1.000583
1351.405112 0.999681
1351.406501 0.999475
1351.407889 1.000188
1351.409278 1.000197
1351.410667 1.000043
1351.412056 1.000309
1351.413445 1.000465
1351.414834 0.999672
1351.416222 0.999861
1351.417611 1.000758
1351.419000 0.999900
1351.420389 0.999996
1351.421778 1.000620
1351.423167 1.000459
1351.424556 1.000204
1351.425944 1.000270
1351.427333 1.000997
1351.428722 0.999609
1351.430111 1.000499
1351.431500 1.000208
1351.432889 1.001029
1351.434277 0.999738
1351.435666 1.000296
1351.437055 0.998878
1351.438444 1.000727
1351.439833 1.000205
1351.441222 1.000514
1351.442610 1.000549
1351.443999 1.000395
1351.445388 0.999623
1351.446777 1.000765
1351.448166 1.000109
1351.449555 0.999957
1351.450944 1.000661
1351.452332 0.999496
1351.453721 0.999896
1351.455110 0.999658
1351.456499 0.999235
1351.457888 1.000513
1351.459277 0.999518
1351.460665 0.999934
1351.462054 0.999600
1351.463443 0.999355
1351.464832 0.999861
1351.466221 0.999263
1351.467610 0.999288
1351.468998 1.000743
1351.470387 0.999394
1351.471776 0.999550
1351.473165 1.000131
1351.474554 1.000147
1351.475943 0.998104
1351.477331 1.001259
1351.478720 1.000060
1351.480109 0.999860
1351.481498 1.000126
1351.482887 0.999380
1351.484276 1.000107
1351.485665 1.000033
1351.487053 0.999619
1351.488442 0.999611
1351.489831 0.999420
1351.491220 1.000473
1351.492609 1.000150
1351.493998 1.000564
1351.495386 1.000152
1351.496775 0.999652
1351.498164 1.000574
1351.499553 0.999776
1351.500942 0.999764
1351.502331 0.999600
1351.503719 1.000391
1351.505108 0.999717
1351.506497 0.999864
1351.507886 0.998901
1351.509275 1.001074
1351.510664 0.999191
1351.512053 0.999849
1351.513441 0.999981
1351.514830 1.000046
1351.516219 0.999987
1351.517608 1.000330
1351.518997 1.000089
1351.520386 1.000552
1351.521774 0.999863
1351.523163 0.999516
1351.524552 1.000807
1351.525941 0.999182
1351.527330 0.999568
1351.528719 1.000480
1351.530107 1.000473
1351.531496 1.000204
1351.532885 0.999981
1351.534274 0.999430
1351.535663 1.000524
1351.537052 0.999520
1351.538440 1.000158
1351.539829 1.000634
1351.541218 0.999420
1351.542607 1.001071
1351.543996 1.000605
1351.545385 0.999472
1351.546774 1.000784
1351.548162 0.998954
1351.549551 1.000015
1351.550940 1.001161
1351.552329 0.999997
1351.553718 1.000231
1351.555107 1.000254
1351.556495 1.000243
1351.557884 1.000171
1351.559273 0.998661
1351.560662 1.000461
1351.562051 1.000627
1351.563440 0.999947
1351.564828 1.000429
1351.566217 1.000239
1351.567606 1.000641
1351.568995 1.000198
1351.570384 0.999288
1351.571773 1.000163
1351.573162 1.000549
1351.574550 1.000623
1351.575939 0.999728
1351.577328 1.000404
1351.578717 1.000430
1351.580106 1.000329
1351.581495 0.999579
1351.582883 0.999777
1351.584272 1.000112
1351.585661 1.000365
1351.587050 0.999817
1351.588439 1.000185
1351.589828 1.000298
1351.591216 0.999568
1351.592605 1.000676
1351.595383 0.999785
1351.596772 1.000511
1351.598161 0.999981
1351.599549 0.999865
1351.600938 1.000409
1351.602327 1.000094
1351.603716 1.000030
1351.605105 0.999888
1351.606494 0.999563
1351.607883 1.000590
1351.609271 0.998804
1351.610660 1.000389
1351.612049 0.999576
1351.613438 0.999713
1351.614827 0.999786
1351.616216 1.000030
1351.617604 0.999045
1351.618993 1.000305
1351.620382 0.999877
1351.621771 0.999914
1351.623160 0.999135
1351.624549 1.000162
1351.625937 0.999721
1351.627326 1.000604
1351.628715 0.999714
1351.630104 0.999230
1351.631493 1.000596
1351.632882 0.999331
1351.634271 0.999547
1351.635659 0.999286
1351.637048 0.999096
1351.638437 0.999526
1351.639826 0.999489
1351.641215 0.999967
1351.642604 1.000070
1351.643992 0.999747
1351.645381 0.998667
1351.646770 0.999446
1351.648159 0.999312
1351.649548 1.000122
1351.650937 1.000244
1351.655103 0.998975
1351.656492 1.000289
1351.657881 0.999802
1351.659270 1.000067
1351.660658 0.998965
1351.662047 0.999937
1351.663436 0.999973
1351.664825 0.999830
1351.666214 0.999569
1351.667603 0.999165
1351.668992 0.999897
1351.670380 0.999950
1351.671769 1.000272
1351.673158 0.999761
1351.674547 1.000112
1351.677325 0.998047
1351.678713 1.000134
1351.680102 1.000096
1351.681491 0.999660
1351.682880 0.999988
1351.684269 1.000523
1351.685658 0.999542
1351.687046 0.999561
1351.688435 1.000279
1351.689824 1.000291
1351.691213 0.999229
1351.692602 0.999601
1351.693991 1.000850
1351.695380 1.001009
1351.698157 1.000609
1351.699546 1.000824
1351.700935 1.000397
1351.702324 1.000678
1351.703713 1.001099
1351.705101 1.000448
1351.706490 0.999857
1351.707879 1.000371
1351.709268 1.000473
1351.710657 1.000853
1351.712046 1.000715
1351.713434 0.999605
1351.714823 0.999969
1351.716212 1.000439
1351.717601 1.001091
1351.718990 0.999715
1351.720379 1.000202
1351.721767 0.999955
1351.723156 1.000287
1351.724545 1.000188
1351.725934 0.999567
1351.727323 1.000096
1351.728712 1.000717
1351.730101 0.999903
1351.731489 1.000652
1351.732878 1.000567
1351.734267 1.000444
1351.735656 0.999829
1351.737045 0.999188
1351.738434 1.000082
1351.739822 1.000021
1351.741211 1.000061
1351.742600 0.999410
1351.743989 0.999817
1351.745378 0.999467
1351.746767 0.999835
1351.748155 0.999446
1351.749544 0.999654
1351.750933 1.000295
1351.752322 1.000415
1351.753711 1.000568
1351.755100 0.999758
1351.756489 0.999688
1351.757877 1.000285
1351.759266 0.999310
1351.760655 1.000122
1351.763433 0.999706
1351.764822 0.999965
1351.766210 0.999607
1351.767599 1.000304
1351.768988 0.999800
1351.770377 0.999980
1351.771766 1.000397
1351.773155 0.999258
1351.774543 1.000712
1351.775932 0.999375
1351.777321 1.000472
1351.778710 0.999680
1351.780099 0.999210
1351.781488 1.000076
1351.782876 0.999351
1351.784265 1.000105
1351.785654 0.999733
1351.787043 0.999729
1351.788432 0.999886
1351.789821 1.000052
1351.792598 0.999796
1351.795376 1.000482
1351.796765 1.000279
1351.798154 1.000059
1351.799543 1.000328
1351.800931 1.000061
1351.802320 1.000453
1351.803709 0.999704
1351.805098 1.000016
1351.806487 0.999436
1351.807876 1.000140
1351.809264 0.999197
1351.810653 0.999940
1351.812042 0.999804
1351.813431 0.999480
1351.814820 0.999710
1351.816209 0.999307
1351.817598 1.000620
1351.818986 0.999843
1351.820375 0.999300
1351.821764 1.000813
1351.824542 1.000119
1351.825931 1.000261
1351.827319 1.000202
1351.828708 0.999662
1351.830097 0.999822
1351.831486 1.000552
1351.832875 0.999578
1351.834264 1.000727
1351.835652 1.000208
1351.837041 0.999958
1351.838430 0.999289
1351.839819 1.000405
1351.841208 1.000371
1351.842597 0.999449
1351.843985 1.000896
1351.845374 0.999481
1351.846763 0.999869
1351.848152 1.000908
1351.849541 1.000350
1351.850930 1.000615
1351.852319 1.000198
1351.853707 0.999681
1351.855096 1.000345
1351.856485 0.999945
1351.857874 1.000541
1351.859263 1.000103
1351.860652 0.999919
1351.862040 0.999693
1351.863429 0.999799
1351.864818 0.999180
1351.866207 1.000149
1351.867596 1.000308
1351.868985 0.999823
1351.870373 0.999924
1351.871762 1.000198
1351.873151 0.999309
1351.874540 1.000306
1351.875929 0.999738
1351.877318 0.998421
1351.878706 1.000034
1351.880095 1.000267
1351.881484 1.000417
1351.882873 1.000497
1351.884262 1.000152
1351.885651 0.999983
1351.887040 1.000510
1351.888428 1.000238
1351.889817 0.999906
1351.891206 0.999274
1351.892595 1.000633
1351.893984 0.999292
1351.895373 0.999338
1351.896761 1.000307
1351.898150 0.999565
1351.899539 1.000590
1351.900928 0.999827
1351.902317 1.000078
1351.903706 0.999302
1351.905094 1.000129
1351.906483 0.999879
1351.907872 0.999885
1351.909261 1.000272
1351.910650 0.999588
1351.912039 0.999747
1351.913428 1.000199
1351.914816 1.000098
1351.916205 0.999979
1351.917594 0.999752
1351.918983 0.999883
1351.920372 1.000008
1351.921761 1.000025
1351.923149 1.000264
1351.924538 1.000425
1351.925927 0.999735
1351.927316 0.999035
1351.928705 1.000221
1351.930094 1.000368
1351.931482 0.999765
1351.932871 0.999646
1351.934260 1.000128
1351.935649 1.000401
1351.937038 0.999452
1351.938427 1.000353
1351.939815 0.999841
1351.941204 0.998936
1351.942593 1.000214
1351.943982 0.999803
1351.945371 0.999505
1351.946760 0.999042
1351.948149 0.999900
1351.949537 1.000112
1351.950926 0.999950
1351.952315 0.999398
1351.953704 0.999821
1351.955093 0.999608
1351.956482 0.998882
1351.957870 1.000106
1351.959259 1.000047
1351.960648 0.999668
1351.962037 0.999956
1351.963426 1.000170
1351.964815 0.999836
1351.966203 1.000069
1351.967592 0.998832
1351.968981 1.000240
1351.970370 0.999796
1351.971759 0.999744
1351.973148 0.999971
1351.974537 1.000386
1351.975925 1.000487
1351.977314 0.999763
1351.978703 0.999398
1351.980092 0.999449
1351.981481 1.000289
1351.982870 0.999558
1351.984258 1.000221
1351.985647 1.000161
1351.987036 0.999728
1351.988425 1.000625
1351.989814 1.000153
1351.991203 1.000045
1351.992591 1.000315
1351.993980 0.999562
1351.995369 1.000095
1351.996758 1.000214
1351.998147 1.000195
1351.999536 0.999926
1352.000924 0.999920
1352.002313 1.001342
1352.003702 1.000906
1352.005091 1.000375
1352.006480 1.000222
1352.007869 1.000806
1352.009258 0.999633
1352.010646 1.000953
1352.012035 0.999965
1352.013424 1.000727
1352.014813 0.999716
1352.017591 1.000363
1352.018979 1.000387
1352.020368 1.000351
1352.023146 1.000392
1352.024535 1.000632
1352.025924 1.000323
1352.027312 1.000934
1352.028701 0.999720
1352.030090 1.000501
1352.031479 1.000419
1352.032868 0.999938
1352.034257 1.000651
1352.035645 0.999737
1352.037034 1.000360
1352.038423 1.000232
1352.039812 1.000176
1352.041201 1.000324
1352.042590 1.000929
1352.043979 0.999262
1352.045367 0.999851
1352.046756 1.000227
1352.048145 0.999754
1352.049534 0.999833
1352.050923 1.000454
1352.052312 1.000657
1352.053700 1.000010
1352.055089 0.999566
1352.056478 0.999778
1352.057867 0.999595
1352.059256 0.999163
1352.060645 1.000029
1352.062033 1.000002
1352.063422 1.000002
1352.064811 0.998515
1352.066200 1.000603
1352.067589 0.999281
1352.068978 0.999285
1352.070366 1.000343
1352.071755 0.999881
1352.073144 0.999860
1352.074533 1.000493
1352.075922 0.999521
1352.077311 1.000639
1352.078700 0.999932
1352.080088 1.000212
1352.081477 0.999530
1352.082866 0.999719
1352.084255 1.000237
1352.085644 1.000700
1352.087033 1.000173
1352.088421 0.999605
1352.089810 1.000035
1352.091199 0.999484
1352.092588 0.999913
1352.093977 1.000137
1352.095366 1.000792
1352.096754 0.999881
1352.098143 0.999969
1352.099532 0.999553
1352.100921 1.000271
1352.102310 0.999415
1352.103699 0.999651
1352.105088 0.998998
1352.106476 0.999788
1352.107865 1.000256
1352.109254 0.999880
1352.110643 1.000020
1352.112032 1.000135
1352.113421 0.999842
1352.114809 1.000342
1352.116198 1.000228
1352.117587 0.999783
1352.118976 0.999885
1352.120365 0.999313
1352.121754 0.999653
1352.123142 0.999572
1352.124531 0.999027
1352.125920 0.999684
1352.127309 0.998406
1352.128698 1.000300
1352.130087 0.999668
1352.131475 0.999731
1352.132864 0.998833
1352.134253 0.999838
1352.135642 0.999850
1352.137031 0.999364
1352.138420 0.999540
1352.139809 0.999522
1352.141197 0.999563
1352.142586 0.999128
1352.143975 0.999332
1352.145364 0.999962
1352.146753 0.999704
1352.148142 1.000023
1352.149530 0.999837
1352.150919 0.999975
1352.152308 0.999328
1352.153697 0.999785
1352.155086 0.999195
1352.156475 0.999279
1352.157863 0.998843
1352.159252 0.999670
1352.160641 0.999397
1352.162030 0.999895
1352.163419 0.999347
1352.164808 0.999731
1352.166196 1.000290
1352.167585 0.999841
1352.168974 0.999547
1352.170363 0.999868
1352.171752 1.000132
1352.173141 0.999886
1352.174530 0.999585
1352.175918 0.999925
1352.177307 0.999013
1352.178696 0.999554
1352.180085 0.999459
1352.181474 0.999896
1352.182863 0.998680
1352.184251 0.999596
1352.198140 1.001072
1352.199529 1.000202
1352.200917 1.000583
1352.202306 1.000684
1352.203695 1.000486
1352.205084 1.000485
1352.206473 1.000362
1352.207862 1.000731
1352.209251 1.000564
1352.210639 1.000346
1352.212028 1.000191
1352.213417 1.000450
1352.214806 0.999833
1352.216195 0.999925
1352.217584 1.000965
1352.218972 1.000678
1352.220361 1.000723
1352.221750 1.000465
1352.223139 1.001002
1352.224528 1.000417
1352.225917 1.000083
1352.227305 1.000078
1352.228694 1.000453
1352.230083 1.000481
1352.231472 1.000705
1352.232861 0.999624
1352.234250 1.000729
1352.235638 1.000420
1352.237027 1.000600
1352.238416 1.000115
1352.239805 1.000507
1352.241194 1.000213
1352.242583 0.999917
1352.243972 1.000283
1352.245360 1.000199
1352.246749 1.000058
1352.248138 1.000093
1352.249527 0.999767
1352.250916 0.999982
1352.252305 1.000149
1352.253693 1.000209
1352.255082 1.000325
1352.256471 1.000446
1352.257860 1.000053
1352.259249 0.999870
1352.260638 1.000977
1352.262026 1.000380
1352.263415 1.000307
1352.264804 1.000241
1352.266193 1.000047
1352.267582 0.999951
1352.268971 0.999986
1352.270359 1.000045
1352.271748 0.999894
1352.273137 1.000604
1352.274526 0.999706
1352.275915 0.999975
1352.277304 1.000172
1352.278693 1.000027
1352.280081 1.000309
1352.281470 1.000315
1352.282859 1.000088
1352.284248 0.999856
1352.285637 0.999379
1352.287026 1.000414
1352.288414 1.000265
1352.289803 0.999973
1352.291192 0.999392
1352.292581 0.999783
1352.293970 0.999580
1352.295359 0.999592
1352.296747 0.999843
1352.298136 0.999724
1352.299525 0.999244
1352.300914 0.999516
1352.302303 0.999506
1352.303692 0.999753
1352.305080 0.999097
1352.306469 0.999592
1352.307858 0.999888
1352.309247 0.999422
1352.310636 0.999408
1352.312025 0.999612
1352.313414 0.999556
1352.314802 0.999504
1352.316191 0.999904
1352.317580 0.998987
1352.318969 0.999428
1352.320358 0.999457
1352.321747 0.999150
1352.323135 0.999593
1352.324524 0.999668
1352.325913 0.999364
1352.327302 0.999214
1352.328691 0.999886
1352.330080 0.999416
1352.331468 0.999426
1352.332857 0.999865
1352.334246 0.999612
1352.335635 0.999082
1352.337024 0.999645
1352.338413 0.999243
1352.339801 0.999554
1352.341190 0.999727
1352.342579 0.999507
1352.343968 0.999843
1352.345357 0.999065
1352.346746 1.000250
1352.348135 0.999242
1352.349523 0.999329
1352.350912 0.999739
1352.352301 1.005038
1352.353690 1.002418
1352.355079 1.001238
1352.356468 1.001068
1352.357856 1.001049
1352.359245 1.000995
1352.360634 1.000530
1352.362023 1.000646
1352.363412 1.000998
1352.364801 1.000019
1352.366189 1.001045
1352.367578 1.000561
1352.368967 1.000169
1352.370356 1.000582
1352.371745 1.000567
1352.373134 1.000376
1352.374522 1.000270
1352.375911 1.000206
1352.377300 0.999940
1352.378689 1.000299
1352.380078 1.000386
1352.381467 1.000342
1352.382856 1.000736
1352.384244 1.000120
1352.385633 1.000515
1352.387022 1.000752
1352.388411 1.000085
1352.389800 0.999996
1352.391189 1.000332
1352.392577 1.000288
1352.393966 1.000347
1352.395355 1.000119
1352.396744 1.000238
1352.398133 1.000518
1352.399522 0.999327
1352.400910 0.999925
1352.402299 1.000162
1352.403688 1.000207
1352.405077 0.999996
1352.406466 1.000212
1352.407855 0.999924
1352.409243 0.999793
1352.410632 1.000807
1352.412021 0.999939
1352.413410 1.000317
1352.414799 0.999561
1352.416188 1.000115
1352.417577 0.999636
1352.418965 0.999895
1352.420354 1.000181
1352.421743 0.999809
1352.423132 0.999964
1352.424521 0.999553
1352.425910 1.000453
1352.427298 0.999848
1352.428687 0.999947
1352.430076 1.000203
1352.431465 1.000256
1352.432854 1.000506
1352.434243 0.999833
1352.435631 1.000280
1352.437020 0.999880
1352.438409 0.999670
1352.439798 1.000010
1352.441187 1.000433
1352.442576 1.000145
1352.443964 1.000167
1352.445353 1.000031
1352.446742 0.999848
1352.448131 1.000045
1352.449520 1.000086
1352.450909 0.999985
1352.452298 0.999866
1352.453686 1.000082
1352.455075 1.000104
1352.456464 1.000136
1352.457853 0.999546
1352.459242 0.999928
1352.460631 0.999894
1352.462019 0.999851
1352.463408 0.999701
1352.464797 1.000220
1352.466186 1.000250
1352.467575 1.000045
1352.468964 0.999904
1352.470352 0.999961
1352.471741 1.000355
1352.473130 0.999306
1352.474519 1.000574
1352.475908 1.000353
1352.477297 0.999851
1352.478685 1.000310
1352.480074 0.999778
1352.481463 0.999727
1352.482852 1.000100
1352.484241 1.000060
1352.485630 0.999896
1352.487019 0.999803
1352.488407 0.999456
1352.489796 1.000095
1352.491185 1.000135
1352.492574 0.999798
1352.493963 0.999774
1352.495352 0.999842
1352.496740 1.000312
1352.498129 1.000197
1352.499518 0.999609
1352.500907 1.000090
1352.502296 1.000014
1352.503685 0.999459
1352.505073 0.999726
1352.506462 1.000011
1352.507851 0.999472
1352.509240 0.999752
1352.510629 0.999803
1352.512018 0.999985
1352.513406 0.999265
1352.514795 0.999462
1352.516184 0.999891
1352.517573 0.999725
1352.518962 0.999576
1352.520351 0.999824
1352.521739 1.000136
1352.523128 0.999556
1352.524517 0.999973
1352.525906 1.000053
1352.527295 1.000187
1352.528684 0.999674
1352.530073 0.999783
1352.531461 0.999683
1352.532850 1.000234
1352.534239 0.999754
1352.535628 1.000295
1352.537017 0.999964
1352.538406 0.999871
1352.539794 1.000122
1352.541183 0.999828
1352.542572 0.999237
1352.543961 0.999950
1352.545350 1.000078
1352.546739 0.999329
1352.548127 0.999790
1352.549516 1.000106
1352.550905 0.999844
1352.552294 1.000029
1352.553683 0.999582
1352.555072 1.000432
1352.556460 0.999606
1352.557849 1.000727
1352.559238 0.999948
1352.560627 1.000082
1352.562016 0.999346
1352.563405 0.999570
1352.564794 0.999877
1352.566182 0.999695
1352.567571 0.999819
1352.568960 1.000015
1352.570349 0.999582
1352.571738 0.999817
1352.573127 0.999638
1352.574515 1.000313
1352.575904 0.999567
1352.577293 0.999592
1352.578682 0.999705
1352.580071 1.000049
1352.581460 0.999713
1352.582848 1.000031
1352.584237 0.999973
1352.585626 0.999903
1352.587015 1.000377
1352.588404 1.000258
1352.589793 1.000188
1352.591181 1.000267
1352.592570 1.000215
1352.593959 0.999814
1352.595348 0.999425
1352.596737 1.000395
1352.598126 0.999897
1352.599515 0.999604
1352.600903 1.000094
1352.602292 1.000119
1352.603681 1.000770
1352.605070 1.000142
1352.606459 1.000406
1352.607848 1.000312
1352.609236 1.000503
1352.610625 1.000547
1352.612014 0.999870
1352.613403 1.000216
1352.614792 1.000558
1352.616181 0.999768
1352.617569 1.000261
1352.618958 1.000415
1352.620347 1.000378
1352.621736 1.000216
1352.623125 0.999904
1352.624514 0.999933
1352.625902 1.001019
1352.627291 0.999951
1352.628680 1.000599
1352.630069 1.000531
1352.631458 1.000461
1352.632847 1.000389
1352.634235 0.999966
1352.635624 1.000553
1352.637013 1.000230
1352.638402 0.999972
1352.639791 0.999963
1352.641180 1.000672
1352.642569 0.999969
1352.643957 1.000398
1352.645346 1.000099
1352.646735 1.000270
1352.648124 1.000074
1352.649513 1.000148
1352.650902 0.999794
1352.652290 0.999193
1352.653679 1.000214
1352.655068 1.000139
1352.656457 1.000520
1352.657846 1.000234
1352.659235 0.999914
1352.660623 0.999645
1352.662012 0.999950
1352.663401 0.999500
1352.664790 1.000043
1352.666179 0.999465
1352.667568 0.999500
1352.668956 0.999782
1352.670345 1.000088
1352.671734 0.999813
1352.673123 0.999870
1352.674512 0.999700
1352.675901 0.999678
1352.677289 0.999784
1352.678678 0.999487
1352.680067 0.999514
1352.681456 1.000228
1352.682845 0.999986
1352.684234 0.999422
1352.685623 0.999875
1352.687011 0.999772
1352.688400 0.999701
1352.689789 0.999396
1352.691178 0.999859
1352.692567 1.000099
1352.693956 0.999809
1352.696733 0.999090
1352.698122 0.999559
1352.699511 0.999427
1352.700900 0.999649
1352.702289 0.999185
1352.703677 0.999320
1352.705066 0.999797
1352.706455 0.999540
1352.707844 1.000010
1352.709233 0.999052
1352.710622 0.999751
1352.712010 0.999411
1352.713399 0.999497
1352.714788 0.999974
1352.716177 1.000172
1352.717566 0.999393
1352.718955 0.999786
1352.720344 0.999551
1352.721732 0.999616
1352.723121 0.999917
1352.724510 0.999423
1352.725899 0.999576
1352.727288 1.000660
1352.728677 0.999997
1352.730065 0.999941
1352.731454 1.000270
1352.732843 0.999978
1352.734232 1.000589
1352.735621 1.000261
1352.737010 1.000693
1352.738398 0.999637
1352.739787 1.000213
1352.741176 1.000231
1352.742565 1.000563
1352.743954 0.999468
1352.745343 1.000090
1352.746731 1.000769
1352.748120 1.000261
1352.749509 0.999776
1352.750898 0.999987
1352.752287 0.999737
1352.753676 1.000639
1352.755064 0.999773
1352.756453 1.000556
1352.757842 1.000481
1352.759231 1.000268
1352.760620 1.000304
1352.762009 0.999923
1352.763398 0.999777
1352.764786 1.000411
1352.766175 1.000615
1352.767564 1.000241
1352.768953 1.000125
1352.770342 1.000454
1352.771731 0.999953
1352.773119 1.000278
1352.774508 1.000184
1352.775897 1.000052
1352.777286 1.000067
1352.778675 1.000642
1352.780064 1.000483
1352.781452 1.000001
1352.782841 0.999783
1352.784230 1.000128
1352.785619 1.000038
1352.787008 0.999972
1352.788397 1.000495
1352.789785 0.999877
1352.791174 1.000356
1352.792563 0.999343
1352.793952 1.000455
1352.795341 0.999901
1352.796730 1.000265
1352.798118 1.000038
1352.799507 0.999947
1352.800896 1.000183
1352.802285 1.000105
1352.803674 0.999952
1352.805063 1.000473
1352.806451 1.000231
1352.807840 1.000478
1352.809229 0.999781
1352.810618 0.999726
1352.812007 1.000041
1352.813396 0.999772
1352.814785 0.999678
1352.816173 1.000537
1352.817562 0.999776
1352.818951 1.000278
1352.820340 1.000587
1352.821729 0.999750
1352.823118 0.999761
1352.824506 1.000171
1352.825895 1.000166
1352.827284 1.000434
1352.828673 0.999947
1352.830062 1.000229
1352.831451 0.999840
1352.832839 0.999777
1352.834228 0.999797
1352.835617 0.999989
1352.837006 1.000435
1352.838395 0.999535
1352.839784 1.000070
1352.841172 0.999960
1352.842561 0.999259
1352.843950 0.999588
1352.845339 0.999856
1352.846728 1.000263
1352.848117 0.999804
1352.849505 1.000137
1352.850894 0.999487
1352.852283 0.999837
1352.853672 0.999558
1352.855061 1.000220
1352.856450 0.999945
1352.857839 0.999824
1352.859227 1.000666
1352.860616 0.999106
1352.862005 1.000075
1352.863394 1.000013
1352.864783 1.000017
1352.866172 1.000107
1352.867560 0.999636
1352.868949 1.000493
1352.870338 1.000026
1352.871727 0.999864
1352.873116 1.000269
1352.874505 0.999315
1352.875893 1.000269
1352.877282 0.999887
1352.878671 0.999789
1352.880060 0.999568
1352.881449 0.999646
1352.882838 0.999668
1352.884226 1.000187
1352.885615 0.999875
1352.887004 0.999558
1352.888393 0.999972
1352.889782 1.000376
1352.891171 0.999652
1352.892559 0.999584
1352.893948 1.000426
1352.895337 0.999443
1352.896726 0.999491
1352.898115 0.999853
1352.899504 0.999904
1352.900892 0.999613
1352.902281 1.000010
1352.903670 0.999928
1352.905059 1.000101
1352.906448 0.999672
1352.907837 0.999539
1352.909226 0.999249
1352.910614 0.999617
1352.912003 0.999225
1352.913392 0.999193
1352.914781 0.999181
1352.916170 0.999156
1352.917559 1.000082
1352.918947 0.999056
1352.920336 0.999243
1352.921725 0.999918
1352.923114 0.999328
1352.924503 0.999299
1352.925892 0.999430
1352.927280 0.999289
1352.928669 0.999023
1352.930058 0.998765
1352.931447 0.999079
1352.932836 0.999299
1352.934225 0.998267
1352.935613 0.999598
1352.937002 0.999760
1352.938391 1.000225
1352.939780 1.000565
1352.941169 0.999993
1352.942558 0.999109
1352.943946 0.999777
1352.945335 0.999667
1352.946724 0.999851
1352.948113 0.999805
1352.949502 1.000840
1352.950891 1.001338
1352.952279 1.000830
1352.953668 1.001120
1352.955057 1.000751
1352.956446 1.001074
1352.957835 1.000610
1352.959224 1.000284
1352.960613 1.000020
1352.962001 1.000998
1352.963390 1.000607
1352.964779 1.000102
1352.966168 1.000564
1352.967557 1.000280
1352.968946 1.000647
1352.970334 0.999619
1352.971723 1.000181
1352.973112 1.000044
1352.974501 1.000252
1352.975890 0.999996
1352.977279 1.000437
1352.978667 1.001090
1352.980056 1.000708
1352.981445 1.000764
1352.982834 1.000940
1352.984223 1.000879
1352.985612 1.000982
1352.987000 1.000224
1352.988389 1.001121
1352.989778 1.000246
1352.991167 1.000835
1352.992556 1.000102
1352.993945 0.999623
1352.995333 1.000631
1352.996722 1.000606
1352.998111 1.000845
1352.999500 1.000342
1353.000889 1.000763
1353.002278 0.999860
1353.003666 1.000114
1353.005055 1.000266
1353.006444 0.999885
1353.007833 1.000029
1353.009222 0.999572
1353.010611 0.999587
1353.011999 1.000244
1353.013388 0.999637
1353.014777 0.999525
1353.016166 0.999641
1353.017555 1.000225
1353.018944 0.999383
1353.020333 0.999677
1353.021721 0.999849
1353.023110 0.999693
1353.024499 0.999488
1353.025888 0.999186
1353.027277 1.000176
1353.028666 1.000276
1353.030054 0.999956
1353.031443 1.000379
1353.032832 0.999773
1353.034221 1.000140
1353.035610 0.999044
1353.036999 0.999754
1353.038387 1.000129
1353.039776 0.998868
1353.041165 0.999718
1353.042554 0.999534
1353.043943 0.999695
1353.045332 0.999874
1353.046720 0.999516
1353.048109 0.999890
1353.049498 0.999544
1353.050887 0.999504
1353.052276 0.999938
1353.053665 0.999642
1353.055053 0.999745
1353.056442 0.999301
1353.057831 0.999624
1353.059220 1.000299
1353.060609 0.999788
1353.061998 0.999849
1353.063386 0.999096
1353.064775 0.999739
1353.066164 0.999885
1353.067553 0.999325
1353.068942 0.999430
1353.070331 0.999914
1353.071719 0.999504
1353.073108 0.999281
1353.074497 0.999367
1353.075886 0.999446
1353.077275 0.999191
1353.078664 0.999676
1353.080053 0.999621
1353.081441 1.000060
1353.082830 0.999698
1353.084219 0.999487
1353.085608 0.998913
1353.086997 0.998953
1353.088386 0.999610
1353.089774 0.999584
1353.091163 0.999654
1353.092552 0.999532
1353.093941 0.998829
1353.095330 0.999371
1353.096719 0.999541
1353.098107 0.999026
1353.099496 0.999812
1353.100885 0.999049
1353.102274 0.998954
1353.103663 0.999643
1353.105052 0.999436
1353.106440 0.999377
1353.107829 0.999682
1353.109218 0.999892
1353.110607 0.999144
1353.111996 0.999011
1353.113385 0.999454
1353.114773 0.999591
1353.116162 0.999133
1353.117551 0.999480
1353.118940 0.999454
1353.120329 0.999528
1353.121718 0.998908
1353.123106 0.998972
1353.124495 0.999876
1353.125884 0.998237
1353.127273 1.000162
1353.128662 0.999661
1353.130051 0.999104
1353.131439 0.999853
1353.132828 0.998753
1353.134217 0.999164
1353.135606 1.000145
1353.136995 0.998620
1353.138384 0.999195
1353.139772 0.999545
1353.141161 0.999102
1353.142550 0.999036
1353.143939 0.999017
1353.145328 0.998952
1353.146717 0.999374
1353.148105 0.998790
1353.149494 0.999573
1353.150883 0.998732
1353.152272 0.999298
1353.153661 0.999056
1353.155050 0.999592
1353.156439 0.998400
1353.157827 0.998275
1353.159216 0.998872
1353.160605 0.999796
1353.161994 0.999017
1353.163383 0.999003
1353.164772 0.999548
1353.166160 0.999241
1353.167549 0.998857
