2036.284030797741 1.0000895848326474
2036.2868086617896 1.000186715659579
2036.2881975942803 1.0005550773810785
2036.2895865263044 0.9997913682222801
2036.2909754583288 1.000102882721179
2036.292364390354 0.9995818725907248
2036.293753322378 0.9994462901771063
2036.2951422544024 0.9997367537075349
2036.2965311864275 1.0003542383014568
2036.2979201184517 0.9996434161676917
2036.299309050476 1.0000369345430704
2036.3006979825009 1.000118888631942
2036.3020869145253 1.0004374950237036
2036.3034758465496 1.0000729779743014
2036.3048647785745 1.0005215782651775
2036.3062537105989 0.9999603655232738
2036.3076426421576 1.0001794982682128
2036.3090315741824 0.9997957679600704
2036.3104205062068 0.999979941407354
2036.3118094382305 0.9998208442451483
2036.3131983702547 0.999528863206438
2036.314587302279 1.0005174402081403
2036.3159762343034 1.0001654590491549
2036.3173651663283 0.9997490190273041
2036.3187540983527 0.9995577902664631
2036.3201430299114 0.9996724048912645
2036.3215319619362 1.0001031327686465
2036.3229208939606 1.0000980450464583
2036.324309825985 1.0002032236676213
2036.3256987580098 0.999839296801617
2036.3270876895685 0.9997352478230124
2036.328476621593 1.000233492281397
2036.3298655536178 0.9998513821905546
2036.3312544856421 1.000056190164289
2036.3326434176665 1.0002346520796184
2036.3340323492257 1.000293428952751
2036.3354212812508 0.9997857028129966
2036.336810213275 0.9997722760431342
2036.3381991452993 1.0002055030604078
2036.3395880768587 0.9996104309597024
2036.3409770088829 0.9997113194415151
2036.3423659409073 1.0001327204107036
2036.3437548724667 0.9997075867457701
2036.3451438044908 0.9994916168919815
2036.3465327365152 0.9997478980769963
2036.347921668074 1.000438120550928
2036.3493106000974 0.9999966440304523
2036.3506995321218 1.0000589110340308
2036.352088463681 0.9998021656182423
2036.3534773957053 0.9999869345060952
2036.354866327264 1.0000925999790586
2036.356255259289 1.0000673692568907
2036.3576441913133 0.9999126091456627
2036.359033122872 1.000381762002171
2036.3604220548968 0.9998283248527768
2036.3618109864556 0.9999395162764757
2036.36319991848 1.000071095965286
2036.3645888500391 0.9999151139340657
2036.3659777820635 1.0002033489144244
2036.367366714088 1.000261207961825
2036.368755645647 0.9999445433803861
2036.3701445776715 0.9998913617871922
2036.3715335092302 0.9998049611106364
2036.372922441255 0.9996514619620767
2036.3743113728137 1.0002234713915246
2036.3757003048381 1.0000607413782021
2036.3770892363973 0.9994841929916927
2036.3784781684217 0.9999533469570613
2036.3798670999804 0.999623166866317
2036.3812560315396 0.9995537720831396
2036.382644963564 1.0001961636130472
2036.3840338951218 0.9999769706565984
2036.3854228271462 1.0006012389901295
2036.3868117587049 1.0001465805352086
2036.3882006907293 0.9999042161335058
2036.3895896222884 1.000557865349622
2036.3909785538472 1.0004898628911736
2036.3923674858715 1.0004845382338035
2036.3937564174307 0.9999309582656812
2036.3951453489894 1.0000601057789726
2036.3965342810138 1.0002073167205614
2036.397923212573 1.000091303475897
2036.3993121441317 1.0004388327181677
2036.400701076156 1.0004675812156896
2036.4020900077153 1.0003830623449714
2036.4034789392745 0.9998179729020807
2036.4048678712988 1.0001404538705931
2036.4062568028576 1.0010411787125775
2036.4076457344167 1.0000251395862023
2036.4090346664411 0.9999056790001974
2036.4104235979999 1.0000344412949926
2036.411812529559 1.0001110071510806
2036.4132014611178 1.0000627657229786
2036.4145903931421 0.999881846079105
2036.4159793247013 1.0002061897614303
2036.41736825626 1.0001883121637176
2036.4187571878188 0.999800100603827
2036.4201461198436 1.000603134679974
2036.4215350514016 1.0007924376339459
2036.4229239829597 1.000617750116027
2036.4243129145189 1.0003948589473093
2036.4257018460776 1.00054059676433
2036.427090778102 0.9993943864243164
2036.4284797096611 0.9999195095617359
2036.4298686412199 0.9999954381591147
2036.4312575727786 1.0002413034709283
2036.4326465043378 0.9996613862693663
2036.4340354358965 1.000071974477214
2036.4354243674552 0.9996925250572268
2036.43681329948 0.9995646498303653
2036.4382022310388 0.999779077750464
2036.4395911625975 1.0000551718838318
2036.4409800941567 0.9998787869909804
2036.4423690257154 1.0001960828694476
2036.443757957274 1.0000646020430095
2036.4451468888333 0.9999357566485865
2036.446535820392 0.9995564100725896
2036.4479247519507 0.9995911646409832
2036.44931368351 0.9995759636349487
2036.4507026150686 0.9995229928953322
2036.4520915466273 0.9994306885701949
2036.4534804781865 0.9996685894961185
2036.4548694097452 1.000236538517316
2036.456258341304 1.0001485080495807
2036.4576472728625 0.9999551402973688
2036.4590362044205 1.0001208897340295
2036.4604251359792 0.9997331717750388
2036.4618140675384 1.0006072985855083
2036.4632029990971 0.999844868750134
2036.4645919306558 0.9996107518962857
2036.465980862215 1.0002387432985207
2036.4673697937737 1.0001467927907441
2036.4687587253322 1.0000950209673796
2036.4701476568916 1.000101930504899
2036.4715365884508 0.9996292701433143
2036.4729255200095 0.9998322309612024
2036.4743144515683 0.9994862302436968
2036.4757033831274 1.0004374312871858
2036.4770923146862 0.9998351038296219
2036.4784812462449 0.9993016547927958
2036.479870177804 0.9999273706062897
2036.4812591093628 1.000017602022947
2036.4826480404558 0.9997905136632612
2036.484036972015 0.9991268323738642
2036.4854259035737 1.0002337064545999
2036.4868148351325 0.999670401297535
2036.4882037666916 1.0000627847996617
2036.4895926982504 1.0003531037804274
2036.490981629809 0.9996631720314302
2036.4923705609026 0.9999546361058624
2036.4937594924613 0.9999994592280805
2036.4951484240191 0.9995423781781688
2036.4965373555779 1.000252730219444
2036.4979262871366 0.999984497003475
2036.4993152182296 0.9998554228943435
2036.5007041497888 0.999532189002133
2036.5020930813475 0.9999222404228775
2036.5034820129063 0.9997024170621268
2036.5048709439998 0.9995025974365469
2036.5062598755585 0.9998520446296377
2036.5076488071172 1.000078666508332
2036.5090377386764 0.9996987265743835
2036.5104266697695 1.000622993009629
2036.5118156013282 0.9998685597666314
2036.5132045328874 1.000137151770033
2036.514593464446 1.0003926516148811
2036.5159823955391 1.0001300641708009
2036.5173713270983 0.9998827966803693
2036.518760258657 1.000160901413354
2036.5201491897499 1.000153511168268
2036.5215381213093 1.0002154226897915
2036.522927052868 0.9998472063128918
2036.5243159839608 0.9998392698402718
2036.5257049155202 0.9999459013120915
2036.527093847079 1.0003239364901744
2036.5284827781718 0.9999915242189432
2036.5298717097312 1.0000872837915262
2036.531260641289 1.000385510156236
2036.5326495723814 0.9998842194681898
2036.5340385039408 0.9999651330163404
2036.5354274354995 0.9996757924314095
2036.5368163665923 0.9994745174635323
2036.5382052981518 1.0002283284553526
2036.5395942292453 0.9997280813454604
2036.540983160804 1.000327893747997
2036.542372091897 0.9996933844631776
2036.5437610234562 0.9997170082377838
2036.545149955015 1.0000559739136312
2036.546538886108 1.0001446561719396
2036.5479278176672 1.000050924995118
2036.5493167487602 1.0000927723765107
2036.550705680319 0.9999116160021934
2036.5520946114125 1.0002016024417886
2036.5534835429712 1.000282415167372
2036.5548724740643 1.0010020173217746
2036.5562614056234 1.000173287143471
2036.5576503367165 1.0008189444827795
2036.5590392682752 1.0001815892001327
2036.5604281993687 1.0003323350854032
2036.5618171309275 1.0001284366963124
2036.5632060620205 1.0001238080915653
2036.5645949935797 1.0000247137088205
2036.5659839246728 0.9998120901385266
2036.5673728562306 1.0000865293209624
2036.5687617873236 1.0002888135355954
2036.5701507188824 1.0001052314523702
2036.5715396499752 1.0001336146818363
2036.5729285815346 1.0001968761278734
2036.5743175126277 1.000000180401223
2036.5757064437205 1.000318951510651
2036.57709537528 0.9998852630281937
2036.578484306373 1.0004994820264346
2036.5798732379315 1.0000059534462156
2036.5812621690252 1.0004861417430322
2036.5826511001183 0.9997958366308173
2036.5840400316768 0.9999983762984801
2036.5854289627705 1.000647078820996
2036.5868178943292 1.000382536881643
2036.588206825422 0.9999154457264099
2036.5895957565158 1.0003525916872196
2036.5909846880743 1.0003663661666258
2036.5923736191671 1.000012508969021
2036.593762550261 1.0000945394506453
2036.5951514818196 1.0000757161384528
2036.5965404129124 1.0000722281847727
2036.5979293440064 1.0001863135553697
2036.5993182755649 1.0000356631300429
2036.6007072066577 0.9996620109984748
2036.6020961377517 0.9997929965600262
2036.6034850693102 0.9998540989709347
2036.6048740004026 1.0000371066975724
2036.6062629314956 1.0005001875477777
2036.6076518625891 0.9999283727288336
2036.6090407941479 0.9997699018787277
2036.610429725241 0.999810736411572
2036.6118186563344 0.9997628634547565
2036.6132075878932 0.9994116378077708
2036.6145965189862 0.9997567874582196
2036.6159854500797 1.0000562928387149
2036.6173743811728 0.9999681848430547
2036.6187633122656 0.9996324710365706
2036.620152243825 1.0002093559055205
2036.621541174918 0.9997968376315887
2036.622930106011 0.9998985389854476
2036.6243190371047 0.9995257709079548
2036.6257079686634 1.0000215313660883
2036.6270968997562 1.0001573961894845
2036.62848583085 1.0003200851828347
2036.629874761943 0.9996414218723396
2036.6312636930359 0.9999852646992293
2036.6326526241296 1.0002947659112997
2036.6340415556883 0.9996394960956537
2036.6354304867812 0.9995207107794786
2036.636819417875 0.9999006417209624
2036.638208348968 1.0000493783856672
2036.6395972800608 0.9996198287370862
2036.6409862111536 0.999594868640848
2036.6423751427117 0.9999632518912646
2036.6437640738045 1.0001213712521664
2036.6451530048985 0.9999910384451305
2036.6465419359913 0.9998498785134653
2036.6479308670841 1.0000068565040166
2036.649319798178 1.0000399363160108
2036.650708729271 0.9999157971469066
2036.6520976603638 0.9997571360822827
2036.6534865914577 0.9999194664601865
2036.6548755225506 0.999863832842063
2036.6562644536434 1.000095509427015
2036.657653385203 1.0001116281665772
2036.6590423162959 0.9995670805343879
2036.6604312473887 1.0000292301412315
2036.6618201784827 0.9997994792957261
2036.6632091095755 1.0002687239647345
2036.6645980406684 0.9998994389571916
2036.6659869717623 0.9998104862738173
2036.6673759028552 1.0005883281988437
2036.668764833948 0.9999148362730357
2036.6701537650417 0.9998589632748186
2036.6715426961346 0.9997786128861373
2036.6729316272276 1.0000076982807995
2036.6743205583214 1.0000890108042877
2036.675709489415 0.999660197140989
2036.6770984205073 0.9996978479121315
2036.6784873515996 1.0003471976643876
2036.6798762826934 0.9997954584806276
2036.6812652137864 1.0002957759430475
2036.6826541448793 1.0001465046110762
2036.684043075973 0.9996739144031924
2036.685432007066 0.9999272291062886
2036.686820938159 0.9994012360302189
2036.6882098692527 0.9994740700286131
2036.6895987998798 0.999830704634375
2036.6909877309727 1.000109996802936
2036.6923766620666 1.0000185232573628
2036.6937655931595 0.9998302237966699
2036.6951545242523 1.0000989905668485
2036.6965434553463 0.9999130380343132
2036.697932386439 0.9999517080931642
2036.699321317532 0.9997035131288656
2036.700710248626 1.0001472202967716
2036.7020991797187 0.9998078573648542
2036.703488110346 1.0000400519448467
2036.7048770414399 1.0022503879742857
2036.7062659725327 1.004433176678804
2036.7076549036256 1.0032120366604405
2036.7090438347195 1.001817160743439
2036.7104327658124 1.0007555108451258
2036.7118216969052 1.0004945696267016
2036.7132106275335 1.0005130253473369
2036.7145995586257 1.000390584995294
2036.7159884897178 1.000181308724257
2036.7173774208115 1.0006710472257527
2036.7187663519044 1.0000256775938159
2036.7201552829974 1.0004393398861084
2036.7215442136255 0.9999441959017302
2036.7229331447184 1.0005373512324531
2036.7243220758114 1.0001359600175324
2036.7257110069052 0.9999487071773331
2036.727099937998 1.0003395038733567
2036.7284888686254 0.9997423380599216
2036.7298777997191 1.0001756408349969
2036.731266730812 1.0000734784828005
2036.732655661905 0.9999936263194045
2036.734044592533 0.9998624866537795
2036.735433523626 0.999845892882987
2036.736822454719 1.0000087183921458
2036.7382113858127 0.9994701731280854
2036.73960031644 0.9996290908902883
2036.740989247533 1.000497702918855
2036.7423781786265 1.0002753618152043
2036.7437671097205 0.9994687026671463
2036.7451560403476 1.0001759144711777
2036.7465449714405 1.000294950632743
2036.7479339025344 1.0000342682987755
2036.7493228331616 1.0000697982493925
2036.750711764254 1.0006267329843348
2036.752100695347 1.0001954422224455
2036.7534896259742 1.000393344039329
2036.754878557067 0.9998754994075851
2036.756267488161 0.9998001754896843
2036.7576564187882 0.999645080776886
2036.759045349881 1.0000693721984362
2036.760434280975 0.9997728293571557
2036.7618232116022 1.0005142105827591
2036.763212142695 0.9997122997564827
2036.7646010737888 0.9998007885024309
2036.765990004416 1.0001772072202204
2036.767378935509 0.9997840836077321
2036.7687678666027 0.9996287037655942
2036.77015679723 0.999830973880175
2036.771545728323 0.9993988608831486
2036.772934658951 0.9995395804255323
2036.7743235900439 0.9995883310083161
2036.775712521137 0.999963455718609
2036.777101451765 0.9996842672593202
2036.7784903828579 0.9997000785565785
2036.7798793134853 1.0001707549792267
2036.781268244579 0.9997095210733956
2036.7826571752062 0.9995547605729188
2036.7840461062992 0.999823240746584
2036.785435037393 0.9999462695340144
2036.7868239680201 0.9997101351372468
2036.7882128991125 0.9999796261170102
2036.7896018297397 1.0009531158261518
2036.7909907608328 0.9999617170774228
2036.7923796914602 0.9998718706956562
2036.7937686225537 0.9998847332563486
2036.795157553181 1.0004884058156531
2036.7965464842741 1.0002582330489265
2036.797935414902 0.9999465749911944
2036.799324345995 1.000108411552609
2036.8007132766224 1.000159551395561
2036.802102207716 0.9998642473325863
2036.8034911383434 1.0002648932758933
2036.8048800694364 0.9995943708042166
2036.8062690000643 1.0000918218629418
2036.8076579311582 0.9992051596179743
2036.8090468617854 0.9998770517219249
2036.8104357928783 1.0004632447806092
2036.8118247235066 0.9997623414778598
2036.8132136545994 0.9999147921080667
2036.8146025852266 0.9997706977985666
2036.8159915163203 1.0001351406081243
2036.8173804469475 1.000117894278396
2036.8187693775749 0.9998369202466698
2036.8201583086686 1.0001037113895896
2036.8215472392958 0.9999092683574599
2036.8229361703889 0.9998689510011338
2036.8243251010163 1.0002146879354934
2036.8257140321084 1.0006876204642676
2036.8271029627358 1.001539026710713
2036.828491893364 1.0003277640483397
2036.8298808244567 1.0002449640127618
2036.8312697550841 1.0000368913852726
2036.8326586861779 1.000294347288343
2036.834047616805 1.0004339749449316
2036.8354365474324 1.0005394758882697
2036.836825478526 1.000609042231374
2036.8382144091534 0.9999851000507559
2036.8396033397808 1.0002966734720926
2036.8409922708743 1.000168220907696
2036.8423812015017 1.0000454189437968
2036.843770132129 1.0002422906747948
2036.8451590632226 1.0000378480556762
2036.84654799385 1.0005969101250158
2036.8479369244774 1.000126336437357
2036.849325855571 0.9997949689107268
2036.8507147861983 0.9996923682270024
2036.8521037168257 1.000296813552431
2036.8534926479192 0.9998859262690838
2036.8548815785466 1.0000281125335104
2036.856270509174 0.9999990989707904
2036.8576594402675 1.0000717207791134
2036.859048370895 1.0000074482213468
2036.8604373015216 0.9998468340048211
2036.8618262321488 1.0002756341236607
2036.8632151632419 0.999947625328175
2036.8646040938693 1.0000229433687389
2036.8659930244971 1.000114594160995
2036.8673819551245 1.0000723704859584
2036.8687708862176 1.0003608212719755
2036.8701598168454 1.0001384271730438
2036.8715487474728 0.9998241627417064
2036.8729376781002 1.0002587053944878
2036.8743266091938 0.9998735331253736
2036.8757155398218 1.0002293278424357
2036.877104470449 1.0006717513284307
2036.8784934010764 0.9998924578614654
2036.8798823321702 0.9999643337346489
2036.8812712627973 1.0008365122841576
2036.8826601934247 1.0002906575657606
2036.8840491240528 1.0004635024817197
2036.88543805468 0.9998443237017555
2036.886826985773 1.0000893923517369
2036.888215916401 0.9999190152543083
2036.8896048470283 0.9997446272214775
2036.8909937776557 1.0000458022342367
2036.8923827082835 1.0000511431115722
2036.893771638911 0.9995684798057973
2036.895160570004 1.000447532864044
2036.8965495006319 0.9999946251652716
2036.8979384312588 1.0000019470452455
2036.8993273618853 1.0001521233221609
2036.9007162925132 1.0004856621677032
2036.9021052231406 1.0004129079228954
2036.903494153768 1.0003558812260618
2036.9048830848615 1.0000748046169448
2036.9062720154889 1.001043325827553
2036.9076609461163 1.0003457848128556
2036.9090498767441 1.0001649460780102
2036.9104388073715 0.999944862264872
2036.911827737999 0.9997768187231766
2036.9132166686268 0.9998161305996618
2036.9146055992542 1.0000284004027016
2036.9159945298816 1.000045742496979
2036.917383460975 0.9999991115644178
2036.9187723916025 1.000158619103259
2036.92016132223 1.0002951378956548
2036.9215502528577 0.9997480910088239
2036.9229391834851 0.9994293315001701
2036.9243281141125 0.9997696991649178
2036.9257170447404 0.9993841624829362
2036.9271059753678 0.9997245202312864
2036.9284949059952 1.0002613811862289
2036.929883836623 0.9995946794807996
2036.9312727672504 0.9994958608165716
2036.9326616978778 0.9997110503376331
2036.934050628505 0.9998667600808521
2036.9354395591317 0.9997134250252455
2036.9368284897591 1.0003318000278336
2036.938217420387 0.9998359372446997
2036.9396063510144 0.9999545878699841
2036.9409952816418 1.0002017488811348
2036.9423842122696 1.0000912651961245
2036.9437731428975 1.0005302823651145
2036.945162073525 0.9993844717474623
2036.9465510041523 0.9994019710325612
2036.9479399347802 1.0003259609272328
2036.9493288654076 0.9997565451152592
2036.950717796035 0.999763479872829
2036.9521067266628 1.0006562898358795
2036.9534956572902 0.9998997870463536
2036.9548845879176 0.999992922899926
2036.9562735185455 1.0000428050015817
2036.9576624491729 1.0001953830054977
2036.9590513798003 1.000176756868538
2036.960440310428 1.0003152320811295
2036.9618292410555 1.0003961185063277
2036.963218171683 1.0005520417346303
2036.964607101845 0.9999984880274153
2036.9659960324725 1.0001419962983897
2036.9673849631 0.9995020321500789
2036.9687738937278 1.0000241363599645
2036.9701628243552 0.9998895154229022
2036.9715517549816 1.00029885363527
2036.972940685609 1.0001238930677951
2036.9743296162364 1.000006820658043
2036.9757185468638 1.000707177153777
2036.9771074774917 1.0016081086420365
2036.9784964076534 1.0018019442110098
2036.9798853382808 1.0016200583731727
2036.9812742689087 1.0013939422923195
2036.982663199536 1.0013122152057148
2036.9840521301635 1.001142788510576
2036.9854410607913 1.0009055773396989
2036.9868299914187 1.000643751552839
2036.9882189215805 1.0011675480030382
2036.9896078522083 1.0014747350602724
2036.9909967828357 1.0008437133409815
2036.9923857134631 1.0011126491415743
2036.993774644091 1.0006566416318794
2036.9951635747184 1.000736968847826
2036.9965525048801 1.0007972735850061
2036.997941435508 1.000474732269709
2036.9993303661354 1.001095645223332
2037.0007192967628 1.0002993640910172
2037.0021082273906 1.000601727550758
2037.0034971575524 1.0008445712043847
2037.0048860881798 1.001772553714243
2037.0062750188076 1.0026180788370507
2037.0076639494341 1.0024717894047614
2037.0090528795952 1.0020055338747513
2037.0104418102233 1.0021121688091406
2037.011830740851 1.0015626634094583
2037.0132196714785 1.0012679241042686
2037.014608602106 1.0007342617621973
2037.015997532268 1.000919146334358
2037.0173864628955 1.000789514081025
2037.018775393523 1.0011649730422576
2037.0201643241508 1.0010568369441197
2037.0215532543125 1.0003831486245922
2037.02294218494 1.0009067524548128
2037.0243311155677 1.0002186475454913
2037.0257200457295 1.0008818736037066
2037.0271089763569 1.000535227414498
2037.0284979069847 1.0006118171531215
2037.0298868376121 1.0015406907993032
2037.0312757677739 1.0023249901702476
2037.0326646984017 1.001364096527255
2037.0340536290291 1.0009133153398178
2037.0354425591909 1.00097855818845
2037.0368314898187 1.0011141688284562
2037.0382204204461 1.0008370569235887
2037.0396093506079 1.0012875790881246
2037.0409982812357 1.0007496121093928
2037.0423872118631 1.001153188429429
2037.043776142024 1.001644792559664
2037.0451650726513 1.000626851580163
2037.0465540032787 1.0003661136220332
2037.0479429334405 1.0004434380165899
2037.0493318640683 1.000808829902362
2037.0507207946957 1.00070231937368
2037.0521097248575 1.0006224346826704
2037.0534986554853 1.0009750866306335
2037.054887585647 1.0002107902034703
2037.0562765162742 1.0002958741460166
2037.0576654469023 0.9999881295307762
2037.059054377064 1.0001442539677123
2037.0604433076912 0.9999821428758511
2037.0618322378537 0.9999368182482575
2037.063221168481 1.0000351678611317
2037.0646100991082 1.0001000285709438
2037.0659990292706 0.999582187477495
2037.067387959898 0.9998448729617159
2037.0687768900596 1.000529464423153
2037.0701658206876 1.000353833117381
2037.071554751315 1.000307623791526
2037.0729436814765 0.9997375692878354
2037.0743326121046 0.9998498944149783
2037.0757215422668 1.0002103630241703
2037.0771104728942 1.0002590232974509
2037.078499403056 1.0000524263632273
2037.0798883336838 0.9999943807546826
2037.0812772638449 0.9998230535517068
2037.0826661944716 1.0
2037.0840551246338 1.0001191399565703
2037.0854440552612 0.9999178633716369
2037.086832985423 0.9999903157687082
2037.0882219160508 0.9995909906759384
2037.0896108462125 1.0003231663849572
2037.09099977684 0.9997598669314886
2037.092388707002 1.0004022542738396
2037.0937776376295 0.9996920167968013
2037.0951665677912 0.999869443729261
2037.096555498419 0.9998077550972098
2037.0979444285808 0.9997364445115272
2037.0993333592082 0.999966645037747
2037.1007222893704 0.999666454464758
2037.1021112199978 0.9995669931373433
2037.1035001501596 1.0000471615388504
2037.1048890807874 0.9997042438909597
2037.1062780109492 0.9996292933561504
2037.1076669415763 0.9998224789364085
2037.1090558717387 0.9995980413105945
2037.1104448023661 0.9993094739539947
2037.1118337325277 0.9992999190361416
2037.11322266269 0.9995402568704164
2037.1146115933175 0.9998961820205907
2037.116000523479 0.9997162823847939
2037.1173894541062 0.9993661690251793
2037.1187783842674 0.9997186787451722
2037.120167314429 0.9998352855029369
2037.121556245057 0.9995991551598837
2037.1229451752188 0.9996454164987529
2037.124334105846 1.000134349785883
2037.1257230360084 0.9998440165744044
2037.1271119661699 0.9996395681607028
2037.128500896797 0.9994825138817041
2037.1298898269597 0.9997889193285172
2037.1312787575869 0.9989894811370088
2037.1326676877484 0.9995245334125539
2037.134056617911 0.9999639039632672
2037.1354455485382 0.9997552782068461
2037.1368344786997 0.9995837681158728
2037.1382234088624 0.9994998046728283
2037.1396123394895 0.9995362009750357
2037.141001269651 0.9991696925220933
2037.1423901998137 1.0005078382970671
2037.1437791304415 1.0012370819322067
2037.1451680606033 1.0003272419675273
2037.146556990765 0.999758155181189
2037.1479459213929 1.0000505558514274
2037.1493348515546 1.0000926851737426
2037.1507237817164 1.000357890493397
2037.1521127123442 1.0001068465321667
2037.153501642505 0.9994253127360605
2037.154890572666 0.9997634213703824
2037.1562795032942 0.9999120974574474
2037.157668433456 0.9992231039248042
2037.1590573636174 0.9995617448030547
2037.1604462937798 1.0000794164320426
2037.1618352244072 0.9994165974935623
2037.1632241545688 0.9997033692272105
2037.1646130847312 0.9995876214980842
2037.166002014893 0.999974065810456
2037.16739094552 0.9996535938428741
2037.1687798756825 0.9998930368354249
2037.1701688058442 0.9995068956036683
2037.1715577364714 0.9998137417700842
2037.1729466666338 0.9998589173384675
2037.1743355967956 1.0000845536344916
2037.175724526957 0.9995735285075308
2037.1771134571195 0.9999335525025161
2037.1785023877467 0.9999746042702949
2037.1798913179082 1.0002992496291647
2037.1812802480708 0.9999662388743646
2037.1826691782323 0.9995231634127948
2037.1840581088595 1.0000737363801318
2037.1854470390222 1.0001403014138057
2037.1868359691837 0.99963287584828
2037.1882248993452 0.999662096413603
2037.1896138295078 0.9999704821478241
2037.1910027596687 1.0001028339384264
2037.1923916902952 1.0009373045629202
2037.1937806204578 1.0000041826526156
2037.1951695506193 1.000117531688742
2037.1965584807808 1.0005366263464954
2037.1979474109435 1.0001545756021384
2037.199336341105 1.0000597506236024
2037.2007252717322 1.0002160571963628
2037.2021142018948 1.0002628986282607
2037.2035031320563 1.0002513658720789
2037.2048920622178 1.000420332979003
2037.2062809923802 0.9998007403973004
2037.2076699225418 1.00060177516504
2037.2090588527035 1.0006794389072577
2037.2104477833316 1.0008290318394588
2037.211836713494 1.0003318227254117
2037.2132256436557 1.000065658583372
2037.2146145738172 0.9999257393016949
2037.2160035039797 1.0002228383766398
2037.2173924341414 0.9994194935465032
2037.218781364303 0.999823228091619
2037.2201702944653 0.9999057905422067
2037.221559224627 1.0001038268125755
2037.2229481552542 0.9996084704672392
2037.2243370854167 0.9996654027720852
2037.2257260155784 0.9996386425361046
2037.2271149457392 0.999949461505169
2037.228503875901 0.9997610486190194
2037.2298928060625 1.0000164278102877
2037.231281736224 1.0001344674878403
2037.2326706663866 1.0002015503727786
2037.2340595965481 0.9992935006781545
2037.2354485267097 1.000500346258009
2037.2368374568723 1.0000830918581987
2037.2382263870338 1.0005439450363431
2037.2396153171953 1.0000133804892037
2037.241004247358 0.9999799293812891
2037.2423931775195 1.0004548110243467
2037.243782107681 1.0002720838125663
2037.2451710378436 0.9995472883564106
2037.2465599680052 1.0002666436977172
2037.2479488981667 1.0002656857002676
2037.2493378283293 0.9998342451740259
2037.2507267584908 0.9997390939260075
2037.2521156886523 0.9998811952510355
2037.253504618815 1.0000808152919018
2037.2548935489765 0.9998607692228665
2037.256282479138 1.000075139925713
2037.2576714093004 0.9997115677977542
2037.259060339462 1.0003612990807391
2037.2604492696237 1.0003322069435432
2037.261838199786 0.9998777378698736
2037.2632271299476 0.9999833959003284
2037.264616060109 0.9997849852962792
2037.2660049902704 1.0003594897622463
2037.267393920432 1.0003798543187017
2037.2687828505937 1.0002216999320088
2037.270171780756 1.0007220733215587
2037.2715607109176 1.0005488091665287
2037.2729496410793 1.0004223693547143
2037.2743385712417 1.000453840904127
2037.2757275014042 1.000021918483666
2037.2771164311 1.0004179413539531
2037.2785053612615 0.9996415443525857
2037.2798942914242 0.9999111329881096
2037.2812832215857 1.0002289742758688
2037.2826721517472 0.9996099580790039
2037.2840610819098 1.0000656333191278
2037.2854500120714 0.9999412350493515
2037.2868389422329 1.0004044830070555
2037.2882278723955 1.0000005374740975
2037.2896168020914 0.9999813677838233
2037.2910057322529 1.0002564884715748
2037.2923946624155 1.0006494248693356
2037.293783592577 1.0010043197453573
2037.2951725227385 1.0005228195349982
2037.2965614529012 1.000241492726017
2037.2979503830627 1.0009124328685377
2037.2993393127585 0.999997193348379
2037.3007282429203 1.000193717567311
2037.3021171730813 1.0003152954667858
2037.3035061032429 0.9998887517576983
2037.3048950334053 1.0002009380012813
2037.3062839635668 1.000054220129426
2037.3076728932629 0.9995885147915825
2037.3090618234253 1.0001477898608513
2037.3104507535868 1.000181287477872
2037.3118396837485 0.9997580463039184
2037.313228613911 1.0006270325114655
2037.3146175440725 0.9998686349843309
2037.3160064737685 0.9996701562786893
2037.317395403931 1.0000285415784818
2037.3187843340925 1.000060904230784
2037.3201732642542 0.9998226627351532
2037.321562193951 1.0001565579136502
2037.3229511241125 1.0004555804575688
2037.3243400542742 0.9999317532896348
2037.3257289844366 0.9999579058563581
2037.3271179145981 1.0001134441734654
2037.3285068442942 0.9999385016836806
2037.3298957744564 0.9996232512604216
2037.3312847046182 0.9999530709285747
2037.33267363478 0.999873543224514
2037.3340625644764 1.000202460416481
2037.3354514946382 0.9995353179826866
2037.3368404247992 1.0000708691495188
2037.338229354495 0.999365527390207
2037.3396182846568 0.9993012934101992
2037.3410072148185 0.9998129519854374
2037.3423961449807 0.9995107417996116
2037.3437850746777 0.9990789823263477
2037.3451740048392 0.9998974928616644
2037.3465629350007 0.9998217332483432
2037.3479518646977 0.9995920671538777
2037.3493407948592 1.000240292439182
2037.3507297250208 0.9999626877812036
2037.3521186551834 0.9996567308659546
2037.3535075848793 0.9998778560403889
2037.3548965150408 0.9994111926879242
2037.3562854452032 0.9996695701116107
2037.357674374899 0.9996205619146126
2037.3590633050608 0.9993994475872956
2037.3604522352232 0.9995119214207815
2037.361841164919 1.0000793957470264
2037.3632300950808 0.9990003939325444
2037.3646190252432 0.9998526117185563
2037.366007954939 1.0002480327954872
2037.3673968851008 0.9994522434290851
2037.3687858147975 0.9997480317856022
2037.370174744959 0.9993852184891943
2037.3715636751208 0.9997710171595657
2037.3729526048176 1.0001828394955754
2037.3743415349786 0.9995952856146421
2037.3757304651394 0.9996577262012563
2037.377119394836 1.0000361133725908
2037.3785083249977 1.0001363346942727
2037.3798972546938 0.9998194942508263
2037.381286184856 0.999981137812514
2037.3826751150177 0.9999255665522468
2037.3840640447138 0.9996763032747628
2037.385452974876 1.000400215358242
2037.386841904572 0.9997826140416765
2037.3882308347338 1.00009132348138
2037.3896197644303 0.9999404909419694
2037.391008694592 0.999759697512529
2037.3923976247538 1.0000116390275575
2037.3937865544503 1.0001277299974078
2037.395175484612 0.9997651934155076
2037.3965644143082 0.999755882952262
2037.3979533444704 0.9999631736594138
2037.3993422741664 0.9999505801018659
2037.4007312043282 0.9999804230495434
2037.4021201340247 1.0002776578758386
2037.4035090641864 1.000345638980294
2037.4048979938825 1.000095973723254
2037.4062869240447 1.0001770853153717
2037.4076758537408 0.9999779165717925
2037.4090647839025 0.9995983804628001
2037.4104537135986 0.9998755573880087
2037.41184264376 0.9996573506550803
2037.4146205036177 0.999987227561347
2037.4160094333145 0.9998423153407896
2037.417398363476 0.9996624294882882
2037.418787293172 0.9997306484199124
2037.4201762233345 1.0002034598681826
2037.4215651530303 0.9994952630704752
2037.422954083192 1.000032347900114
2037.4243430128888 1.00029703927579
2037.4257319430503 0.9999179968210936
2037.4271208727464 1.0000150398071468
2037.4285098029086 0.9998084222931278
2037.4298987326047 1.000149620868954
2037.4312876627664 0.9998724020264802
2037.432676592463 1.0000538319645373
2037.434065522159 1.0010361430191865
2037.4354544523208 1.000671344052995
2037.4368433820173 1.0002169369834766
2037.438232312179 1.0003360564589174
2037.439621241875 1.0009051625717813
2037.4410101720373 1.0010943610891165
2037.4423991017334 1.0010158960680169
2037.4437880314294 1.0079022842376508
2037.4451769615916 1.007415726550744
2037.4465658912877 1.0045224112283484
2037.4479548214488 1.0033512120213266
2037.4493437511446 1.0017820710087415
2037.4507326808407 1.001969298952345
2037.4521216110024 1.001317910980849
2037.453510540699 1.0011140000196004
2037.4548994708607 1.0013469424343324
2037.4562884005568 1.0016016078936827
2037.4576773302533 1.001544985693937
2037.459066260415 1.0010972254194057
2037.4604551901111 1.0010315322936545
2037.4618441198077 1.0017275850284655
2037.4632330499694 1.001314916734235
2037.4646219796655 1.0018277535244942
2037.466010909362 1.0013026501017865
2037.4673998395238 1.0010245590768463
2037.4687887692198 1.0013986413492877
2037.4701776989164 1.0016012653180826
2037.471566629078 1.0010000723618784
2037.4729555587742 1.0009269197224786
2037.4743444884707 1.000807635325765
2037.4757334186331 1.0007974250368545
2037.477122348329 1.000666844865948
2037.478511278025 1.000837758800063
2037.4799002081872 1.0011235552731752
2037.4812891378833 1.0008345941762693
2037.4826780675794 1.0005514198075365
2037.4840669972755 1.0002735595232164
2037.4854559274363 1.000886077565922
2037.4868448571324 1.0001165473483598
2037.488233786829 1.0002870996649986
2037.4896227169907 1.000097211155759
2037.4910116466867 1.0008393899581607
2037.4924005763833 1.001421654595429
2037.4937895060793 1.0013230263728028
2037.495178436241 1.0015649041360877
2037.4965673659376 1.0006253349635765
2037.4979562956337 1.0001988359503753
2037.4993452253298 1.0002725350112307
2037.500734155492 1.0003088164132075
2037.502123085188 1.0003624642652842
2037.503512014884 1.0001658356583545
2037.5049009445806 0.9998161422234486
2037.5062898742767 0.9997476948962938
2037.5076788044385 1.0004750119543682
2037.509067734135 0.9999413992894872
2037.510456663831 0.9993626719845762
2037.5118455935271 0.9999507084643771
2037.5132345232237 0.9992267896817211
2037.5146234533854 0.9991658047126096
2037.5160123830815 0.9996352675728883
2037.517401312778 0.9997659549417313
2037.518790242474 0.9999251677459857
2037.5201791721693 0.9998562431127681
2037.521568102331 0.9994252712715421
2037.522957032027 0.9997838562456653
2037.5243459617232 0.9999681333329992
2037.5257348914197 0.999830103631414
2037.5271238211158 0.9994414369964205
2037.5285127508118 0.999991108341104
2037.5299016805084 0.9999002220953516
2037.53129061067 0.9994985405578821
2037.5326795403662 0.9997127164905628
2037.5340684700627 0.9995503932537265
2037.5354573997588 0.9992361853020783
2037.5368463294549 0.9996333963675148
2037.5382352591514 0.9993805942487708
2037.5396241888475 0.9993530180713314
2037.5424020487058 0.9998721658659229
2037.5437909784023 0.9994059421185665
2037.5451799080984 0.9992735632836969
2037.5465688377944 0.9994255642928138
2037.547957767491 0.9990368864866209
2037.549346697187 0.9994852446651503
2037.5507356268831 0.9999809016657806
2037.5521245565797 0.9995591822586197
2037.5535134862757 0.9996997312442443
2037.5549024159718 0.9997222293014425
2037.556291346134 1.000247512579154
2037.5576802758294 1.0004513406225062
2037.5590692055248 0.9999430591795974
2037.5604581352213 0.9998298906889505
2037.5618470649174 1.0000638068580137
2037.5632359946135 0.999753005360106
2037.56462492431 0.9998411039680852
2037.566013854006 1.0000440524979228
2037.5674027837022 0.9998122070884243
2037.5687917133987 1.0001242825399388
2037.5701806430948 0.9998207960190689
2037.5715695727908 0.99980682494167
2037.5729585024874 0.9996850988413548
2037.5743474321835 0.9998584556538758
2037.5757363618795 0.9999752845352949
2037.577125291576 1.0002135491534987
2037.5785142212721 0.9996235201179422
2037.5799031509682 0.9997420227351943
2037.5812920806648 1.0001131397658216
2037.5826810103608 1.0002380471180448
2037.584069940057 1.0000810223504064
2037.5854588697534 0.9997643906922978
2037.5868477994495 0.9992675371909827
2037.5882367291456 1.0007419166612328
2037.5896256588421 0.9999103108862342
2037.5910145885382 1.000267641178333
2037.5924035182343 0.9999961184593652
2037.5937924479301 1.0000859331084502
2037.5951813776255 0.9997874007218104
2037.5965703073214 1.000387706248138
2037.5979592370181 1.0003130640767273
2037.5993481667142 1.0001408282468736
2037.60073709641 0.999891777742301
2037.6021260256412 1.0004504593825636
2037.6035149553372 1.0002754667091136
2037.604903885033 1.0004105831295849
2037.6062928147298 1.0001128325626294
2037.6076817444264 0.9997438662905579
2037.6090706741224 1.000287441820957
2037.6104596038185 0.9997958823429266
2037.611848533515 1.00014271272335
2037.6132374632111 1.000184235840036
2037.6146263929072 0.999992831080849
2037.6160153226037 1.0004493849573612
2037.6174042518342 0.9995210870463724
2037.6187931815302 0.9998809257725441
2037.6201821112268 0.9997478636673756
2037.6215710409228 1.0004601335313363
2037.622959970619 1.0005799503642316
2037.6243489003155 1.0003218915535586
2037.6257378300115 1.0004746971878316
2037.6271267597076 1.0004839132314534
2037.6285156889385 1.000372120651471
2037.6299046186346 1.000321574595595
2037.6312935483297 1.0003081978107617
2037.6326824780258 1.0002409110465693
2037.6340714077219 1.0003213643395434
2037.635460337418 1.0001698022100107
2037.6368492666488 1.0010304843680429
2037.638238196345 1.0007265086230985
2037.639627126041 1.0011334125322437
2037.6410160557375 1.000645778524744
2037.6424049854336 1.0008756922825688
2037.643793914664 1.0008894104032144
2037.6451828443605 1.000172519806601
2037.6465717740566 1.0007853882162954
2037.6479607037525 1.0007525949250626
2037.6493496334492 1.000835119373227
2037.6507385626796 1.0004452866308489
2037.6521274923755 1.000647924313448
2037.6535164220722 1.000018475177254
2037.6549053517683 1.0003463158735604
2037.6562942814642 1.000742641436869
2037.6576832106953 1.0010340364367878
2037.6590721403913 1.0002283018058984
2037.6604610700872 1.0008235434397637
2037.661849999784 1.0006353803584167
2037.6632389290144 1.000642138703309
2037.6646278587102 1.0005664320984355
2037.666016788407 1.0007826718160624
2037.6674057181021 0.9999633448668314
2037.6687946473317 1.001057457504253
2037.6701835770286 1.0010889136746852
2037.6715725067245 1.0015715658081468
2037.6729614359547 1.0019505837164675
2037.6743503656517 1.0137349703811005
2037.6757392953482 1.0351008161632165
2037.6771282250443 1.0250950890924215
2037.6785171542747 1.0226821380124922
2037.6799060839712 1.0178123297975687
2037.6812950136673 1.0150732207732396
2037.6826839428977 1.013399760512472
2037.6840728725942 1.011970166907931
2037.6854618022903 1.0107788189407203
2037.6868507315207 1.0096158157393502
2037.6882396612173 1.0084513764800838
2037.6896285909133 1.007645502785391
2037.6910175201438 1.0068338876194627
2037.6924064498403 1.007042835347659
2037.6937953795364 1.0060604277293468
2037.6951843087668 1.0051045710576156
2037.6965732384633 1.0053765486874902
2037.6979621681594 1.0050478846339128
2037.6993510973896 1.0046969743404142
2037.7007400270863 1.0038562927348746
2037.7021289567824 1.0047441023202517
2037.703517886012 1.004333749196825
2037.704906815708 1.0039724327384805
2037.706295745404 1.0035412682278875
2037.7076846746343 1.0035699747405094
2037.709073604331 1.0029729211488505
2037.7104625335614 1.002914616649329
2037.7118514632573 1.0024789062413926
2037.713240392954 1.003003664194379
2037.7146293221845 1.0021288324036834
2037.7160182518803 1.0023935743701506
2037.7174071811114 1.002224397828411
2037.7187961108073 1.0022467650034557
2037.720185040503 1.0138825056642329
2037.7215739697344 1.0114186924508335
2037.7229628994303 1.0069224653812356
2037.7243518286605 1.0054131989851456
2037.7257407583575 1.0046624536432232
2037.7271296875876 1.0037806228413402
2037.7285186172835 1.0028871899075895
2037.7299075465148 1.0023530440896964
2037.7312964762107 1.0024849678763241
2037.7326854059065 1.002071560961628
2037.7340743351378 1.0019072275057674
2037.7354632648337 1.002150083323332
2037.7368521940639 1.0014477739981085
2037.7382411237609 1.0011081015957521
2037.7396300529917 1.0012153271138249
2037.741018982687 1.0008226700512712
2037.7424079119166 1.0009892188809295
2037.7437968416134 1.0011983466925427
2037.7451857708438 1.0021152886893923
2037.7465747005397 1.0018707006811818
2037.7479636297708 1.0012413474771251
2037.7493525594668 1.0009654826068726
2037.750741488697 1.000911602117067
2037.7521304183938 1.0010820385215013
2037.7535193476242 1.0006314918790369
2037.75490827732 1.0007209564723498
2037.7562972065512 1.0000404708166009
2037.7576861362472 1.0001884814076158
2037.7590750654774 0.9998754784169813
2037.7604639951742 1.0002025961366527
2037.7618529244046 1.0002571961401143
2037.7632418536348 1.0000517169649026
2037.7646307833315 1.0001982925757056
2037.766019712562 1.0000502830656044
2037.7674086422578 0.9999873718916654
2037.768797571489 1.0007143275957353
2037.7701865011848 1.0000884388828781
2037.771575430415 1.0000517210194055
2037.772964360112 0.9994793546089025
2037.7743532893421 1.001051735520833
2037.7757422185723 1.0002330435202604
2037.7771311482684 1.0000581225672904
2037.7785200774981 0.9997683212508708
2037.779909007194 1.0000940053223166
2037.7812979364253 1.0000901188602636
2037.7826868656555 0.9998372751102753
2037.7840757953513 0.9997147405995563
2037.7854647245827 0.9997914078533736
2037.7868536542785 0.9996554176892928
2037.7882425835087 1.000027090514612
2037.78963151274 0.9996817806599789
2037.7910204424359 1.000120928732667
2037.792409371666 0.9994908490386838
2037.7937983008972 0.9998962879768278
2037.795187230593 0.9994080306146923
2037.7965761598234 1.000384551750473
2037.7979650890545 0.9998045169738845
2037.7993540187504 0.9996706942662159
2037.8007429479808 0.9993862328437573
2037.8021318772119 0.999135611071046
2037.8035208069086 0.9993817643824733
2037.804909736139 1.0000470843143063
2037.8062986653692 0.9999591961742046
2037.807687595066 0.9991591257827926
2037.8090765242964 0.9991162569118343
2037.8104654535266 0.999810380395834
2037.8118543832234 0.9999113803435977
2037.8132433124529 0.9995923720678405
2037.8146322416824 0.9994511316579684
2037.8160211713794 0.9997477594425789
2037.8174101006095 0.9990468249095905
2037.8187990298397 0.9996165088855274
2037.820187959071 0.9995773560767871
2037.821576888767 0.9997457583296466
2037.822965817997 0.9996101854536869
2037.8243547472284 1.00006494128739
2037.8257436769243 0.9994766190452248
2037.8271326061545 1.0001506028153029
2037.8285215353858 1.0004992331025309
2037.829910464616 0.9997151154907673
2037.8312993943118 0.9996086653476907
2037.8326883235432 0.9988466268775169
2037.8340772527733 0.9995821889527263
2037.8354661820035 0.9996204890189674
2037.8368551117005 1.0001759625778668
2037.8382440409307 0.999657701175701
2037.839632970161 0.9998280952274601
2037.8410218993922 0.9999857488878594
2037.8424108286224 0.999623169771569
2037.8437997583183 0.9997480721259863
2037.8451886875494 1.0000776115523837
2037.8465776167795 1.0002022416665144
2037.84796654601 1.0006227371279133
2037.8493554757067 1.0001862049279562
2037.8507444049364 1.000277011661682
2037.852133334166 1.0002988247186082
2037.853522263397 0.9998080229169722
2037.8549111926272 0.9999533966113107
2037.8563001218577 0.9994632614117602
2037.8576890515544 1.0001272406774788
2037.8590779807846 1.0000283368260119
2037.860466910015 1.0001334216580315
2037.8618558392461 0.9993274157180179
2037.8632447684763 0.9999192343705925
2037.8646336977067 0.9999417601136229
2037.8660226274033 0.9994226728563007
2037.8674115566337 0.9999873565030508
2037.868800485864 0.9999901125183428
2037.870189415095 0.9994483201991273
2037.8715783443263 1.0003232512386653
2037.8729672735565 1.00014994487638
2037.8743562027867 0.9998172678359087
2037.875745132018 1.000222295021994
2037.8771340617138 1.0000418952550296
2037.878522990944 1.0000807362232507
2037.8799119201753 0.9995580042146043
2037.8813008494055 1.0002287373607772
2037.8826897786357 0.999804763869483
2037.884078707867 1.0005890233996828
2037.8854676370972 1.0002697025377036
2037.886856566327 1.0003954846527436
2037.8882454955574 0.9998164304352583
2037.8896344247876 0.9997896862824377
2037.8910233540178 1.0006231032761455
2037.8924122837145 0.9997155702902616
2037.8938012129447 0.9998662351816942
2037.8951901421751 1.00031310609218
2037.8965790714062 1.0001427657802957
2037.8979680006364 1.000047130208053
2037.8993569298668 0.9996332028366127
2037.900745859098 0.9995282556968057
2037.902134788328 0.9998374313603241
2037.9035237175585 1.000796430102959
2037.9049126467896 1.0002939095712033
2037.9063015760198 1.0000565522905087
2037.9076905052502 0.9998865929134785
2037.9090794344813 1.0003002262432041
2037.9104683637115 1.0008072626288023
2037.911857292942 1.000716780183352
2037.913246222173 1.0000446236534632
2037.9146351514032 0.9999135698253246
2037.9160240806336 1.0003300146725171
2037.9174130098645 0.9997862837344647
2037.918801939095 0.9998148908716906
2037.9201908683253 0.9995281591115139
2037.9215797975562 1.0003143277234832
2037.9229687267866 0.9996857853503628
2037.9243576560164 1.0001303553602299
2037.9257465852465 1.0005526846839994
2037.927135514477 0.9997221830949583
2037.9285244437074 0.9998677178607345
2037.9299133729382 1.0001887978162567
2037.9313023021687 0.9999722227171738
2037.932691231399 0.9999386247369428
2037.93408016063 0.9995813449016052
2037.9354690898613 1.000201952168295
2037.9368580190915 0.9996111471937769
2037.9382469483216 1.0003755403755403
2037.9396358770873 0.9999838597349768
2037.9410248063175 0.9997824337645517
2037.9424137355477 0.9994658529935273
2037.9438026647788 0.9997097597180091
2037.945191594009 0.9998525070206178
2037.9465805232394 1.0003985020499364
2037.9479694524705 1.000494100764512
2037.9493583817007 0.9996473921087962
2037.950747310931 0.999444132928982
2037.9521362401622 1.0000507087553736
2037.9535251693924 1.0003429045552115
2037.9549140981571 0.9998955185123373
2037.9563030273882 0.9999048188488446
2037.9576919566184 0.9998685687587939
2037.9590808858488 1.0000073218752787
2037.9604698150793 1.0000756804503712
2037.9618587443088 1.0002326846909977
2037.9632476735392 0.999947664884572
2037.9646366023044 1.0003668898174602
2037.9660255315348 1.000342107202713
2037.9674144607652 1.0001788581718318
2037.968803389996 1.0001981272443867
2037.9701923192265 0.999916269959336
2037.971581248457 0.9998030074555255
2037.9729701776878 1.0001695644480555
2037.9743591064525 1.0001078022929957
2037.975748035683 0.9995655444973551
2037.9771369649138 0.999324656125956
2037.9785258941442 1.0000803748022893
2037.9799148233747 0.9995986004620147
2037.9813037521399 1.0004244571093925
2037.9826926813703 0.9997409760155797
2037.9840816106007 0.999495811132375
2037.9854705398316 0.9998277727358899
2037.986859469062 1.0003634898434755
2037.9882483978267 0.9998767540264304
2037.9896373270576 1.0000362599669135
2037.991026256288 0.9997925213678677
2037.9924151855184 1.0000390830011279
2037.9938041147493 0.9997950351066919
2037.995193043514 1.0000679626438405
2037.9965819727436 0.9999232106106005
2037.997970901974 1.0008237481055144
2037.999359831205 0.9998701909717761
2038.0007487599696 1.0003338348461375
2038.0021376892 0.9996854937316103
2038.0035266184311 0.9996863283095425
2038.0049155476613 1.0001065206744981
2038.006304476426 1.000495083897956
2038.0076934056572 1.0003607072095084
2038.0090823348874 0.9997981751454222
2038.010471263652 0.9998379835400164
2038.0118601928832 0.9997551076391403
2038.0132491221134 1.0001949927401688
2038.0146380513438 1.0003997817865256
2038.016026980109 1.0001121237346369
2038.0174159093394 0.9999102155595294
2038.0188048385698 1.0000291279622613
2038.020193767335 1.0003111637705193
2038.0215826965655 1.0000783781524234
2038.022971625796 1.0002052886389496
2038.024360554561 1.0002870961224246
2038.0257494837915 1.0001443910879466
2038.027138413022 1.0000792838934591
2038.0285273417871 1.0002052398077292
2038.0299162710176 0.9998086314772028
2038.031305200248 1.0000114126315005
2038.0326941290132 0.9999428760554565
2038.034083058243 1.000007448441915
2038.0354719874726 1.0000568854592355
2038.0368609162379 0.9998819019197246
2038.0382498454683 1.0002685180435114
2038.0396387746987 1.0003235479404515
2038.041027703464 1.000607578304853
2038.0424166326943 0.999796830007451
2038.043805561459 1.0000610960156626
2038.04519449069 0.9998985323597966
2038.0465834199204 0.9997912339150988
2038.047972348685 1.0001355349349406
2038.049361277916 0.9997956144091
2038.0507502066807 1.000085372274786
2038.0521391359111 1.000138785058773
2038.053528065142 1.0003565800923047
2038.0549169939068 1.0002170749614576
2038.0563059231372 1.0001638442733183
2038.0576948519024 1.0001482847991017
2038.0590837811328 0.9999753656459152
2038.0604727103632 1.0002637714535116
2038.0618616391284 0.9997598384229922
2038.0632505683589 1.0001394602509743
2038.0646394971236 1.0005513605313827
2038.0660284263545 1.0005483634182113
2038.0674173551197 0.9994995795879668
2038.06880628435 0.9999153933506144
2038.0701952131142 1.0002919225019669
2038.0715841423444 1.0004472038910224
2038.0729730715748 1.0001214473641356
2038.0743620003395 1.0005949873115245
2038.0757509295704 0.9997782514423121
2038.0771398583352 1.0000763811557893
2038.0785287875656 0.9999893629871617
2038.0799177163308 1.000154629522568
2038.0813066455612 0.999415728373431
2038.082695574326 1.0002168968082634
2038.0840845035568 1.0000522265393756
2038.0854734323216 1.0001564408369363
2038.086862361552 0.9998764922055463
2038.0882512903172 0.9999352104784971
2038.0896402195476 0.999892536956048
2038.0910291483124 0.9994100280092448
2038.0924180775432 0.9996209855481657
2038.093807006308 0.9999331036096463
2038.0951959350728 0.9995526960640679
2038.0965848643036 1.0003534237929947
2038.0979737930684 0.9996593745245924
2038.0993627222988 0.9997560838828609
2038.100751651064 0.9998845316257718
2038.1021405802944 0.9997754928472983
2038.1035295090592 1.0000898640288118
2038.10491843829 0.9999338786978264
2038.1063073670548 0.9996163708538508
2038.1076962962843 1.000148596895455
2038.109085225049 0.9996978725926439
2038.1104741538138 0.9999171035810892
2038.1118630830442 0.9999966937276045
2038.1132520118094 1.0003547985237928
2038.1146409410399 0.9999458358401541
2038.1160298698046 0.9998915503864179
2038.1174187985698 0.9994448197413563
2038.1188077278002 1.0001949614108063
2038.120196656565 0.9998624491872088
2038.1215855857959 0.999869782288732
2038.1229745145606 0.9998899209757655
2038.1243634433254 1.0000473146330513
2038.1257523725562 1.0000866947019618
2038.127141301321 0.9995313491918675
2038.1285302300857 1.0000794222007838
2038.1299191593166 0.9998837814171957
2038.1313080880818 1.0002365285876424
2038.1326970173122 0.9996221131110156
2038.134085946077 0.9998090392038426
2038.1354748748422 0.9998464964575134
2038.1368638040726 1.0001667935857224
2038.1382527328374 0.9995431457583296
2038.1396416616026 1.0000124466575042
2038.141030590833 0.9996126449244339
2038.1424195195978 0.9999209287237084
2038.1438084483625 0.9996108324007522
2038.145197377592 0.9999396881027056
2038.1465863063568 1.0001176187471295
2038.147975235122 1.0004967616982239
2038.1493641643524 1.0002082441720948
2038.1507530931171 0.9998512264049678
2038.1521420218824 1.0003755481078027
2038.153530950647 1.0002403054260316
2038.1549198798775 0.9994009731885438
2038.1563088086427 0.9999246474698328
2038.1576977374075 0.9997218000176326
2038.159086666638 0.999870340777633
2038.160475595403 0.9998074325618548
2038.1618645241679 1.0001362785128658
2038.1632534529326 1.0000881065958702
2038.1646423821635 0.9998745447058377
2038.1660313109282 0.999429672681556
2038.167420239693 0.9999361284225272
2038.1688091684582 0.9997153412825267
2038.1701980976886 0.9997661591795604
2038.1715870264534 1.0002139354174866
2038.1729759552186 0.999383811732802
2038.1743648839833 1.0001065785745429
2038.1757538132138 0.999985384356245
2038.177142741979 0.9993706181150831
2038.1785316707437 1.0000336828814453
2038.1799205995076 1.0000339838933188
2038.1813095282723 0.9996614198064782
2038.1826984575027 1.0000804808592998
2038.1840873862673 1.000798321071598
2038.1854763150327 1.000874359118105
2038.1868652437975 1.00045661424776
2038.188254172562 1.0001834658307522
2038.189643101793 1.000615007814822
2038.1910320305578 1.000027370077251
2038.1924209593224 0.9995623153517891
2038.1938098880878 1.0002703973114024
2038.195198816853 1.000193100257112
2038.1965877456178 0.9999331661665358
2038.1979766748482 1.0007576754265255
2038.1993656036134 1.0009645579979454
2038.2007545323781 1.0000988383456446
2038.202143461143 1.0005115230139034
2038.203532389908 1.000422190927876
2038.2049213186729 0.9999744925153581
2038.2063102479033 1.000357107405948
2038.2076991766685 1.0002104400905096
2038.2090881054332 1.0005422881262123
2038.210477034198 1.000065936754019
2038.2118659629632 1.00061726099997
2038.213254891728 1.0000759252517701
2038.2146438204927 0.9996493093548129
2038.216032749258 1.000351897061476
2038.2174216780218 0.9999286454046016
2038.2188106072517 1.000470546728852
2038.220199536017 1.0002143075885463
2038.2215884647817 0.9997507937507832
2038.2229773935464 1.0000535477779446
2038.2243663223117 1.0007138779129783
2038.2257552510764 1.0007059402407417
2038.2271441798412 1.000446682913073
2038.2285331086064 0.9999158251589274
2038.2299220373711 1.000374607913192
2038.2313109661359 1.0003865849429106
2038.232699894901 0.9999493976941715
2038.2340888236658 0.9997334495004133
2038.2354777524304 0.9996817023113947
2038.2368666811958 1.0001439872333326
2038.2382556104262 0.9997270655320711
2038.2396445391907 0.9999474103667164
2038.2410334679562 1.0001492850563554
2038.242422396721 0.9998188827871978
2038.2438113254855 0.9998279073193063
2038.245200254251 1.0000149829618452
2038.2465891830157 0.9997206170085814
2038.2479781117802 1.0002724649879782
2038.2493670405456 0.9999891687047052
2038.2507559693104 1.0002449083287666
2038.252144898075 1.000258387934884
2038.2535338268394 0.9999132888898276
2038.2549227556035 1.0000799719105433
2038.256311684368 1.0000331562432905
2038.2577006131337 0.9996647059910215
2038.259089541899 0.9997144089700857
2038.2604784706637 0.9995900255311856
2038.2618673994284 0.9997772302608681
2038.2632563281936 0.9996848590889268
2038.2646452569584 0.9996814266693417
2038.2660341857231 0.9996206480815919
2038.2674231140227 0.9998121888418628
2038.2688120427874 0.9999410269139926
2038.2702009715522 0.9992570592012971
2038.2715899003174 0.9997471963527914
2038.2729788290821 1.0004160650452767
2038.274367757847 0.9999185197898219
2038.275756686612 0.9998451630358612
2038.2771456153769 0.9999882051315381
2038.2785345441416 0.9999510148177168
2038.2799234729068 1.0003233397499796
2038.2813124016716 0.9999496904094635
2038.2827013304363 1.0003246053568549
2038.2840902592015 0.9997615085657421
2038.2854791875006 0.9998255993967593
2038.2868681162652 1.0000532592013394
2038.2882570450306 0.9992316161547167
2038.2896459737954 0.999776788723335
2038.2910349025592 0.9998629680518167
2038.292423831324 0.9994870753273483
2038.2938127600887 0.9996416192526831
2038.2952016888532 1.0001656801486054
2038.2965906176187 1.0003144515744877
2038.2979795459178 0.9999866996563336
2038.2993684746823 0.9999059946806952
2038.3007574034477 0.9998695234059543
2038.3021463322125 0.9995317145014797
2038.303535260977 0.9999642511002717
2038.3049241897425 0.9997178609769594
2038.306313118507 0.9995918349414687
2038.3077020468058 0.999479831572075
2038.3090909755715 1.0003030272391096
2038.310479904336 0.9994967387321716
2038.3118688331006 1.0001622575465408
2038.3132577618662 0.9998515843550652
2038.314646690165 0.9999972916802584
2038.3160356189296 0.9995090110436404
2038.3174245476953 1.0000680093354548
2038.3188134764598 0.9999845925447296
2038.3202024052243 0.9996946778062423
2038.3215913335243 1.0000660839323718
2038.3229802622895 1.0002620497284198
2038.3243691910543 0.9992258246550322
2038.325758119819 0.9999634065955759
2038.3271470485836 1.0001591339262457
2038.328535976882 1.0001595554835987
2038.3299249056465 1.0001685835902865
2038.331313834412 0.999726268360649
2038.3327027631767 0.9998879313836725
2038.3340916914756 1.000319173766673
2038.335480620241 1.0000533261621882
2038.3368695490058 1.0000456825835662
2038.3382584777703 0.9999518495664896
2038.33964740607 1.0002245019772726
2038.3410363348348 1.000140840246894
2038.3424252635994 1.000422883294864
2038.3438141923648 1.0000161305097879
2038.3452031206639 0.9999584699336463
2038.3465920494284 0.9997392627032993
2038.3479809781938 1.0000346085698524
2038.349369906493 1.0002434036936931
2038.3507588352575 1.0000125795013954
2038.352147764023 0.9998199738609991
2038.3535366927877 1.0001185730759548
2038.3549256210865 1.0001794248293627
2038.356314549852 1.000061092410547
2038.3577034786165 1.0000707228647203
2038.3590924069154 1.000754477267332
2038.360481335681 1.0000795709907762
2038.3618702644455 1.0004549138429415
2038.363259192744 1.0005134783090475
2038.3646481215087 0.9996829219524545
2038.3660370502732 0.9999982544986685
2038.367425978572 1.0005123939384273
2038.3688149073378 1.0004026082320352
2038.3702038361023 1.0001612478598094
2038.3715927644012 0.999759602637726
2038.3729816931668 1.0000521243532985
2038.3743706219313 0.9998052863521503
2038.3757595502302 0.9996376569962415
2038.3771484789959 1.0001817737069028
2038.3785374072947 1.0000429755836688
2038.3799263360593 1.0003654735588126
2038.3813152648247 1.0005067393199678
2038.3827041931236 1.0005266621351654
2038.3840931218883 0.9998368254551808
2038.385482050188 0.9997837379353997
2038.3868709789535 1.000603584247944
2038.3882599077183 1.0000380398430038
2038.3896488360172 1.0002923998079238
2038.3910377647826 1.0000247377408242
2038.3924266930817 1.0005135941133074
2038.3938156218462 1.0001697329240402
2038.3952045506117 0.9998340589417583
2038.3965934789107 1.0004035654116334
2038.3979824076753 1.0001620881625986
2038.399371335975 1.00016762479636
2038.400760264739 0.9999552200159787
2038.4021491930373 0.9999782721639576
2038.4035381218027 1.0003990442198776
2038.4049270501016 0.9996546446324566
2038.4063159788661 0.9989665525784772
2038.4077049076318 0.9994517534290388
2038.4090938359307 1.0001543207740258
2038.4104827646952 1.0002902245195422
2038.4118716929952 1.0000042733208814
2038.4132606217597 1.0002540516605414
2038.4146495500586 1.0002957026751431
2038.4160384788242 1.0001812853346905
2038.4174274071231 1.0002169754750303
2038.4188163358876 1.0000686135665873
2038.4202052641876 0.9999859763938772
2038.4215941929522 1.0001792968206202
2038.422983121251 1.0003318711502134
2038.4243720500167 0.9999669573457252
2038.4257609783156 0.9998001785873781
2038.42714990708 1.0002969640273283
2038.42853883538 0.999637312644385
2038.4299277641446 1.000124587184577
2038.4313166924435 0.9996064970242315
2038.432705621209 0.9997996974878346
2038.4340945495078 1.0000820346914658
2038.4354834778069 0.9995798339558685
2038.4368724065716 0.9992905746092879
2038.4382613348698 0.9998339440508817
2038.4396502636346 0.9997714096555045
2038.4410391919344 0.99973451537289
2038.4424281206989 0.9999895876279352
2038.443817048998 0.9998276839281468
2038.4452059772977 0.9999323498054334
2038.4465949060623 0.9999981943973232
2038.4479838343614 0.9995836268950303
2038.4493727631268 0.999723801264989
2038.4507616914257 0.9997144113681248
2038.4521506201904 0.9998167302583579
2038.4535395484902 1.0002055400104846
2038.45492847679 0.9998023440050918
2038.4563174055545 0.999777246014413
2038.4577063338534 1.0001887480975473
2038.4590952621534 0.9998433322997157
2038.460484190918 0.9996693906477818
2038.4618731192168 0.9996300280479306
2038.4632620479824 0.9995687578190858
2038.4646509762813 1.0003366881776345
2038.4660399045802 0.999322231271711
2038.4674288333458 0.9997751409130988
2038.4688177616447 0.9999865180952741
2038.4702066899436 0.999705084328127
2038.4715956187092 0.9997609368530828
2038.4729845470074 0.9993473323836229
2038.4743734753056 1.0001935615622368
2038.4757624040712 1.0004395452010217
2038.47715133237 1.0002362333012398
2038.478540260669 0.9999886247140907
2038.4799291894344 1.000104363727935
2038.4813181177333 1.0002698765687854
2038.4827070460324 0.9998551916066022
2038.4840959747978 0.9998572985845656
2038.4854849030967 1.0003398703148287
2038.4868738313958 1.0000013842695579
2038.4882627601612 0.9999829073347636
2038.48965168846 1.0002328555511373
2038.4910406167592 1.0001238599751545
2038.492429545059 1.0005230629473245
2038.4938184738235 1.0004191215227327
2038.4952074021226 0.9997502981797225
2038.4965963304223 0.9999744220496617
2038.4979852587212 1.000084978533592
2038.499374187486 1.0002452453250674
2038.5007631157857 1.0001692934331239
2038.5021520440846 0.999597982764173
2038.5035409728494 1.000079560857767
2038.5049299011491 0.9999415031875346
2038.506318829448 1.0005837027589841
2038.507707757747 0.9994064319355627
2038.5090966860466 1.0000668006491098
2038.510485614811 1.0000975525444724
2038.5118745431091 0.9996490919992194
2038.5132634714087 0.9996779202991153
2038.5146523997078 1.0003605912734024
2038.5160413284725 0.9996403156724939
2038.517430256772 1.0001967199106245
2038.518819185072 1.0005976171617885
2038.520208113371 0.9995612524074401
2038.5215970416698 1.000100253546394
2038.5229859704355 1.0002046579327093
2038.5243748987343 1.000070104229042
2038.5257638270332 0.9999790592513068
2038.5271527553332 1.0005635307339673
2038.528541683632 1.000487164309582
2038.529930611931 1.0000333356760571
2038.5313195406964 1.0003014011754947
2038.5327084689952 0.9999241240144546
2038.5340973972943 1.000250248322873
2038.535486325594 1.0001158865334854
2038.536875253893 1.0000968718398195
2038.538264182192 0.9998812884267047
2038.5396531109575 1.000131705955534
2038.5410420392564 0.9998489218943643
2038.5424309675554 0.999888513067556
2038.5438198958552 1.0000137777576694
2038.545208824154 1.000323924696653
2038.5465977524527 0.9997315492448303
2038.5479866807516 0.9997820305320898
2038.5493756090505 0.9994772532990828
2038.5507645373496 0.9997861262794672
2038.5521534661148 1.0001886638986335
2038.5535423944139 1.000051376610407
2038.554931322713 0.9997050394518006
2038.5563202510125 1.0002337149132854
2038.5577091793116 0.9998865425781761
2038.5590981076107 1.0000341690678258
2038.5604870359102 0.9999094654557776
2038.5618759642093 0.9998745767340744
2038.5632648925084 0.9998936472711893
2038.564653820808 1.0000052333616096
2038.566042749107 1.000008481522372
2038.5674316774061 0.9998894410620106
2038.5688206057057 1.0001413543527455
2038.5702095344705 0.9997822584288093
2038.5715984627695 0.9999516403979996
2038.572987391069 1.000363353318668
2038.5743763193682 0.9994124843114124
2038.5757652476673 0.9995505902622798
2038.5771541759668 0.9998368870641999
2038.5785431042668 1.0001969115796037
2038.5799320325657 0.9995759315822653
2038.5813209608646 0.999668797421299
2038.5827098891643 1.000034641438558
2038.5840988174627 0.9997109647210972
2038.585487745761 0.998969711106253
2038.5868766740607 1.0000517801516997
2038.5882656023596 1.0001529929700812
2038.5896545306587 1.0003871037035608
2038.5910434589584 0.9992749350451369
2038.5924323872573 0.9999412475508287
2038.5938213155564 0.9998800308997106
2038.5952102438562 1.0001816044658343
2038.596599172155 1.0003619395461738
2038.5979881004541 0.9998033687207499
2038.599377028754 1.00017028969211
2038.6007659570528 0.9999192462275722
2038.6021548848862 1.0000153928372317
2038.6035438131858 0.9996613626509581
2038.6049327414848 0.9996599846893901
2038.606321669784 0.9996930004462496
2038.6077105980835 0.9997876405986683
2038.6090995263826 1.000127641726808
2038.6104884546817 0.9998975517390772
2038.6118773829812 0.9997786933722422
2038.6132663112803 1.0004973751780988
2038.6146552395794 1.0000984152913677
2038.616044167879 1.0003146588269285
2038.617433096178 0.9995015665395144
2038.6188220244771 1.0000339656903243
2038.6202109523106 0.9999196861797589
2038.6215998806088 0.9998474903414557
2038.6229888089078 0.9998607780427496
2038.6243777372074 1.0003880831774778
2038.6257666655065 0.9998090270284762
2038.6271555938056 1.0003069211623765
2038.6285445221051 1.0003467087077023
2038.6299334504042 0.9999752956482774
2038.6313223787033 0.9997999650660145
2038.6327113065372 0.999895596291234
2038.6341002348363 1.0002866389179679
2038.6354891631354 1.0000266259051906
2038.636878091435 1.0000564964994108
2038.638267019734 0.9996092187355756
2038.6396559480331 1.0000234994009756
2038.641044875867 1.000145381665034
2038.6424338041668 1.0000248208466744
2038.6438227324657 1.0004100484774299
2038.6452116607647 1.0002996454556026
2038.6466005890645 1.0002527059518953
2038.6479895173634 0.9999330535041924
2038.6493784451968 0.9997498859402967
2038.6507673734966 0.9999170102488436
2038.6521563017955 1.0003187324926983
2038.6535452300946 1.000278465361409
2038.654934158394 1.0000147822795562
2038.656323086227 1.0004136560828236
2038.6577120145253 1.0005327456826778
2038.6591009428248 0.9999293373101527
2038.660489871124 0.9999744634285653
2038.6618787989573 0.9998379507456789
2038.6632677272569 1.0001701581431277
2038.664656655556 1.0000598426211165
2038.666045583855 0.9998832005570805
2038.6674345121546 0.9997715716399882
2038.668823439988 1.0003038859369122
2038.6702123682871 1.0006569685255302
2038.6716012965867 1.0002146007965582
2038.6729902248858 1.0001148682328598
2038.6743791527192 1.0000820642610022
2038.6757680810188 1.0004688267178843
2038.6771570093179 0.9995981030222353
2038.6785459371513 0.9999901479779716
2038.6799348654508 1.0002142180213223
2038.68132379375 0.9997447558408502
2038.682712722049 1.0001822537252987
2038.684101649883 1.0000455925764473
2038.685490578182 0.9996713670410275
2038.686879506481 1.0000794686806902
2038.688268434315 0.9999161476601263
2038.689657362614 1.0000278100459736
2038.6910462909132 1.000069974319725
2038.692435218747 0.9999868462179934
2038.6938241470455 1.0001100334070312
2038.6952130753439 0.9994053389880084
2038.6966020031778 1.0000504497899068
2038.6979909314769 0.9997503382925145
2038.699379859776 1.0003238878554066
2038.7007687876098 0.9999653476804746
2038.702157715909 1.0001808849743319
2038.703546644208 0.9997611065343548
2038.704935572042 0.9996965553902314
2038.7063245003415 0.9999031977587519
2038.7077134286405 0.9996869016061575
2038.709102356474 0.9997628086482488
2038.7104912847735 1.0001559428954772
2038.7118802130726 0.9996102397832954
2038.713269140906 1.000368256494341
2038.7146580692056 0.9989308170175237
2038.716046997039 1.0000281606282233
2038.7174359253381 0.9997870870774225
2038.7188248536377 0.9996773325065104
2038.720213781471 1.0000426892190628
2038.7216027097702 1.000158446130387
2038.722991637604 0.9999719616483381
2038.7243805659032 0.999513211025302
2038.7257694937366 1.0001403670387934
2038.7271584220362 0.9998566338541502
2038.7285473503352 0.999425404114229
2038.7299362781678 0.9997408333375858
2038.7313252064669 0.9997453390808337
2038.7327141343003 0.999987993606115
2038.7341030625994 1.000219593002559
2038.7354919904333 0.9997767496160802
2038.7368809187324 1.0001739027290062
2038.7382698470315 0.9997158298443853
2038.7396587748653 1.0001022851425247
2038.7410477031644 1.0002054663657323
2038.7424366309979 1.0002085842596975
2038.7438255592974 1.000116025282347
2038.7452144871309 0.9999053451083139
2038.74660341543 0.9997419690027886
2038.7479923432638 0.999567494063847
2038.749381271563 0.9998124995798646
2038.7507701993964 1.000079164113389
2038.752159127696 0.9995977630777715
2038.7535480555293 0.9999867363251662
2038.7549369838284 1.0000494529863542
2038.7563259116623 0.9999183195308744
2038.7577148399614 1.0003567238301
2038.7591037677948 1.0004663029503653
2038.7604926960944 1.0005874624389215
2038.7618816239278 1.0000487895568984
2038.763270552227 1.0004514607934236
2038.7646594800608 1.0001919719364514
2038.7660484078942 1.000123438491086
2038.7674373361924 1.000601219998333
2038.7688262640258 0.9999843981149803
2038.7702151923254 0.9997245108146757
2038.7716041201588 0.9998377457118874
2038.772993048458 1.000231075592981
2038.7743819762918 1.0001492267032634
2038.775770904591 0.9994557246949785
2038.7771598324243 0.9999482192429653
2038.7785487602582 0.9999749200321023
2038.7799376885573 0.9996128877190189
2038.7813266163907 1.0001324146663373
2038.7827155446903 0.9995715040729012
2038.7841044725237 1.0001400896837958
2038.7854934003572 1.0003429883833308
2038.7868823286567 0.9997462273668407
2038.7882712564901 0.999925849646961
2038.7896601847892 0.9994921147607072
2038.791049112623 1.0005214951318822
2038.7924380404565 0.9999344322401894
2038.7938269687556 1.00010881732247
2038.7952158965895 1.0004635744626378
2038.796604824423 0.9997634184167246
2038.797993752722 1.0000475074570812
2038.799382680556 0.9998261695555831
2038.800771608855 1.0002711173092207
2038.8021605366885 1.0000378476798233
2038.8035494645217 0.9997612228270257
2038.80493839282 1.0000966843853398
2038.8063273206535 0.999756435594158
2038.8077162484874 0.9998891660670159
2038.8091051767865 0.9996459153723346
2038.81049410462 1.0002280149398364
2038.8118830324538 0.9998796982452975
2038.813271960753 1.000936634625907
2038.8146608885863 0.999494168545919
2038.8160498164202 1.0000307630255778
2038.8174387442536 0.9993728815714011
2038.8188276725527 0.9999060361377698
2038.8202166003866 0.999850512189133
2038.82160552822 0.9996893388169439
2038.822994456519 1.0005596099075837
2038.824383384353 0.9998066921336589
2038.8257723121865 1.0002364736077107
2038.8271612400197 0.9994518785391142
2038.8285501683195 0.9996824775004792
2038.8299390961529 1.0008809600750141
2038.831328023986 0.9998657067255511
2038.8327169518202 0.9999546170388499
2038.8341058801198 0.9996742329276532
2038.8354948079532 0.9999918470281878
2038.8368837357866 0.9998775880432412
2038.8382726636205 1.0000153461678851
2038.839661591919 0.9999622347961036
2038.8410505197517 0.999751176069216
2038.8424394475855 1.000364565984555
2038.843828375419 1.0000035364875606
2038.845217303718 1.0001053128315565
2038.846606231552 1.0001912610426131
2038.8479951593854 1.0003142463018522
2038.8493840872188 0.9996010135227468
2038.8507730150527 1.0004476440462082
2038.8521619433518 1.0000631086455787
2038.8535508711852 0.9998592821182573
2038.8549397990191 1.0000998424455048
2038.8563287268526 0.9997219342683773
2038.857717654686 1.0006170037015427
2038.8591065829855 0.999942771580163
2038.860495510819 1.000113974468281
2038.8618844386524 1.0001765895471093
2038.8632733664863 1.0000259455054505
2038.8646622943197 0.9999076651580316
2038.8660512221531 1.000147576147165
2038.867440149987 0.9998889157445695
2038.8688290782861 0.9991495127777692
2038.8702180061196 0.9999058763080482
2038.8716069339534 0.999906237894054
2038.8729958617869 0.9996396998737093
2038.87438478962 0.9995773442119521
2038.8757737174542 0.9999844240809939
2038.8771626452867 1.0003745922572564
2038.8785515735851 1.000367754072147
2038.8799405014192 1.000141671288705
2038.8813294292527 0.9998843888115685
2038.8827183570859 1.0005921800131399
2038.88410728492 1.0002335483907294
2038.8854962127534 1.0001385449391145
2038.8868851405866 0.9996784726925804
2038.8882740684207 1.0002655179933813
2038.8896629962542 0.999949748608279
2038.8910519240874 0.9997159870880136
2038.8924408519215 0.9996108828234443
2038.8938297802204 0.9995947193130291
2038.8952187080536 0.9990930338061108
2038.896607635888 0.9999074128749763
2038.8979965637218 1.0002391883024584
2038.8993854915552 1.0001775011325877
2038.9007744193887 0.9998789143540027
2038.9021633472225 0.9996998669222389
2038.903552275056 0.999545439194004
2038.9049412028894 0.999411858682252
2038.9063301307233 1.0001030508623967
2038.9077190585567 1.0000065265935936
2038.9091079863902 0.9997337333978552
2038.910496914224 0.9997464318591753
2038.9118858420575 0.9997589511970174
2038.91327476989 0.999770811133406
2038.9146636977234 0.9997386062468318
2038.9160526255569 0.9992181119282952
2038.9174415533903 0.9993500774985886
2038.9188304812242 0.9998414746782139
2038.9202194090576 1.000045916301706
2038.9216083368908 1.000015085568397
2038.922997264725 1.000108589806913
2038.9243861925584 0.9999832389857839
2038.9257751203916 1.0002362656451913
2038.9271640482257 1.0000002394325114
2038.928552976059 1.0007456346226342
2038.9299419038923 1.0005462403924599
2038.9313308317264 1.0009170496934447
2038.9327197595599 1.0004754057003795
2038.934108687393 1.0002084600547623
2038.9354976152272 1.000044647444685
2038.9368865430606 1.0006058400756956
2038.9382754708938 1.0003675770912455
2038.9396643982623 1.0001147227052871
2038.9410533260957 0.9998508703676907
2038.942442253929 1.000476102366078
2038.943831181763 0.9996687834803203
2038.9452201095962 0.999859558075279
2038.9466090374294 1.0008208463621302
2038.9479979652638 0.9999069556208229
2038.949386893097 1.0000983073132084
2038.9507758209297 1.000060310913529
2038.9521647487632 1.000326793944392
2038.9535536765964 0.9999305391442733
2038.954942603964 1.0001690098410392
2038.9563315317982 1.0003149167836587
2038.9577204596321 1.0007516106326702
2038.9591093874656 1.0000772285214081
2038.960498315299 0.9998788670425517
2038.9618872431329 1.000390844523855
2038.9632761709663 1.0004218170324957
2038.9646650987997 1.000210603695703
2038.966054026168 1.000180094298595
2038.9674429540014 1.0005201709021887
2038.9688318818348 1.0011186191444243
2038.9702208096687 1.000086722814805
2038.9716097375021 1.000061122917709
2038.9729986653354 0.9999104112530165
2038.9743875927038 1.0002444788769473
2038.9757765205372 1.0002035077122724
2038.9771654483704 1.0001246842751959
2038.9785543762046 0.9998258054226837
2038.979943304038 0.9996562247243848
2038.9813322314055 0.9998665352748703
2038.9827211592396 0.9999501910499117
2038.984110087073 0.9995004847761165
2038.9854990149063 0.9994654586750227
2038.9868879427395 0.999969985070263
2038.9882768701068 0.999452867700289
2038.98966579794 0.9998062882423779
2038.9910547257741 0.9998459907770237
2038.9924436536073 0.9991580541539233
2038.9938325809749 0.9998697333629059
2038.9952215088092 0.9997826953523946
2038.9966104366424 1.0002815036948183
2038.9979993644756 1.0002982345162246
2038.99938829231 0.9995840145625389
2039.0007772196775 0.9990067934439745
2039.0021661475107 0.9993708062466997
2039.003555075345 0.9996011900460335
2039.0049440027126 0.9996724511318607
2039.0063329305458 1.0004867093035892
2039.0077218583801 0.9993877302675698
2039.0091107862133 0.9997545373094026
2039.0104997135809 0.9997901039009597
2039.0118886414152 0.9992191256250924
2039.0132775692484 1.000323015367882
2039.014666496616 0.9995510180738383
2039.0160554244503 0.9992375910290794
2039.0174443522835 1.0005262262158419
2039.0188332801167 1.000447989639769
2039.0202222074854 0.9996828249659296
2039.0216111353193 0.9998040130830828
2039.0230000631518 0.99984363367379
2039.024388990519 0.999536472526049
2039.025777918353 0.9993849681287544
2039.0271668461864 0.9997084448297858
2039.028555773554 1.0002068909440973
2039.029944701388 0.9995970432954725
2039.0313336292215 1.000094328970942
2039.032722556589 1.0002827999561283
2039.0341114844232 0.9999676828045161
2039.035500411791 1.000087809392212
2039.0368893396242 1.0004607168821587
2039.0382782674583 1.0003104820607311
2039.039667194826 1.0000828446870573
2039.0410561226593 0.9998430948223322
2039.0424450504934 1.000439881962319
2039.043833977861 1.0000823000388268
2039.0452229056941 1.0000155278789031
2039.0466118330628 1.000153721025244
2039.048000760896 1.0002046580946755
2039.0493896887292 1.0001007434351947
2039.050778616098 0.9998344674977051
2039.052167543931 1.0000305736841313
2039.0535564712986 0.9995282721432639
2039.054945399133 0.9999974324340543
2039.0563343269662 0.9999062565288297
2039.0577232543337 0.9999792217717619
2039.059112182168 0.9997625505639827
2039.060501109535 1.0000466287029817
2039.0618900373674 1.000145016180737
2039.0632789647361 0.999435773994381
2039.0646678925693 0.999842336876724
2039.0660568199369 1.0002714394967211
2039.067445747771 0.9999107564877049
2039.0688346756042 0.99975490159502
2039.070223602972 1.0000273383626768
2039.071612530806 0.9997142089030254
2039.0730014581736 1.0000630297919624
2039.074390386007 0.999993434615726
2039.0757793133755 0.9999182932760499
2039.0771682412087 1.0002171214011217
2039.0785571685765 0.9996311197654636
2039.0799460964106 1.0000831909618093
2039.0813350237781 1.0000664789660312
2039.0827239516116 1.0002826768669832
2039.08411287898 1.0002962128082562
2039.0855018068141 1.0005333334606301
2039.086890734182 1.0004504368503526
2039.088279662015 1.000237591766986
2039.0896685893836 1.0006328589784712
2039.091057517217 1.0005376162212494
2039.0924464445845 1.000954876207659
2039.093835371953 1.0000637765641471
2039.0952242997862 1.0005295769344278
2039.0966132271533 1.0002087916060525
2039.0980021549867 0.9999266872928498
2039.0993910823543 1.0006241180373454
2039.1007800101875 1.0004672180033956
2039.1021689375561 1.000208995926667
2039.1035578653893 1.0003926280870854
2039.104946792757 1.000370905391452
2039.1063357201256 1.0002685525820947
2039.1077246479588 1.0000175331177634
2039.1091135753263 0.9999282596849127
2039.1105025031607 0.99997769740229
2039.1118914305282 0.9994547968249056
2039.1132803578957 1.000171968225233
2039.11466928573 0.9998374587661928
2039.1160582130976 1.000006856759083
2039.1174471409308 0.9996621242540887
2039.1188360682993 0.9999108690830784
2039.1202249956668 0.9998156641367185
2039.1216139235003 0.9999297739789222
2039.1230028508687 0.9998971686383065
2039.124391778702 0.999802451285077
2039.1257807060697 1.0000827366321328
2039.1271696334381 1.0002012909443334
2039.1285585612713 0.9994799538139383
2039.1299474886391 1.0001263562586102
2039.1313364160076 1.0002057384335008
2039.1327253438403 1.0005858452167138
2039.1341142712072 1.0003756903996441
2039.1355031985756 0.9999244355700603
2039.1368921264088 0.999410286144704
2039.1382810537766 0.9998988181386542
2039.1396699811448 0.9998193330553414
2039.1410589089783 1.0000610145795052
2039.142447836346 0.9999325531343667
2039.1438367637143 0.9998865609793124
2039.1452256915486 0.9996867458337434
2039.1466146189161 0.9995105370366664
2039.1480035462837 0.999668541950353
2039.1493924736524 0.9997967485970769
2039.1507814014856 0.9994928449077555
2039.1521703288531 0.9993870768641351
2039.1535592562218 0.9995205209870048
2039.154948184055 0.9994715801611466
2039.1563371114225 0.9991114555940419
2039.1577260387912 0.9994354112225241
2039.1591149661588 1.0002495297644343
2039.160503893992 0.9987388569820558
2039.1618928213607 0.9997541721066807
2039.1632817487282 0.9996259140452662
2039.1646706760957 0.9993393882070255
2039.16605960393 0.9994250383645176
2039.1674485312976 0.9996094057477611
2039.1688374586652 0.9994414055764657
2039.170226386033 0.9993578396549552
2039.1716153138655 0.9997873460670096
2039.1730042412332 0.9993752828461385
2039.1743931686017 0.9996261604355112
2039.1757820959692 0.999730943092083
2039.177171023337 0.9994835757935856
2039.178559951171 0.9995639511525296
2039.1799488785387 0.9999001280717611
2039.1813378059064 1.0004253009929998
2039.1827267332749 1.0075481267801047
2039.1841156606424 1.0116197824082125
2039.1855045880102 1.0078256198905715
2039.1868935158443 1.005835148976735
2039.1882824432118 1.003388210220146
2039.1896713705796 1.0034491230250298
2039.1910602979478 1.0029402421490354
2039.1924492253156 1.003103282798624
2039.1938381526834 1.002658800624638
2039.1952270805173 1.002416669152684
2039.196616007885 1.0011997012955287
2039.1980049352528 1.0007265435867234
2039.199393862621 1.000747461013005
2039.2007827899888 1.0009204842742272
2039.2021717173566 1.0008323790449944
2039.2035606447248 1.0007163108101047
2039.2049495725582 1.0004425747114072
2039.2063384999253 1.0011368782490715
2039.2077274272929 1.000895703763503
2039.2091163546615 1.0004904930966845
2039.210505282029 1.0000110659943777
2039.2118942093966 1.0005573235334502
2039.2132831367653 0.9998358079924387
2039.2146720641329 1.0000107077756417
2039.2160609915004 0.9999571706656178
2039.2174499188689 1.0000785172610087
2039.218838846702 0.9996986721350596
2039.2202277740698 1.000774879441059
2039.2216167014383 1.000142503297619
2039.2230056288058 1.0001372638695685
2039.2243945561736 0.9998816532716804
2039.225783483542 0.999951236116863
2039.2271724109096 0.9993718040142698
2039.2285613382774 0.99972611295896
2039.2299502656458 0.9999978594225721
2039.2313391930134 0.999602582571141
2039.2327281203811 1.0011637357904761
2039.2341170477496 1.001232252871223
2039.2355059751171 1.0007368918100843
2039.236894902485 1.0002046372148412
2039.2382838298533 1.0003222196486925
2039.239672757221 1.0005161245832719
2039.2410616845887 0.999977767563803
2039.2424506119569 0.9994779763935004
2039.2438395393242 1.0000979571651387
2039.245228466691 1.000226099865291
2039.2466173940593 0.9995323676142106
2039.248006321427 0.999841197711583
2039.2493952487948 1.0007679428035343
2039.250784176163 0.9996905066847703
2039.2521731035308 0.9997138159962834
2039.2535620308986 1.000432226123785
2039.2549509582668 1.000064171328892
2039.2563398856346 0.9995925330765345
2039.2577288130024 0.9995949285385737
2039.2591177403706 0.9994591381356687
2039.2605066677384 0.9996572266774834
2039.2618955951061 0.9996511843278164
2039.2632845224744 1.0004996763864773
2039.2646734498421 1.0005363595973324
2039.2674513045781 1.0017324209554694
2039.268840231481 1.0013208856755567
2039.2702291588485 1.000997976678222
2039.2716180862162 1.0008510005433384
2039.2730070135847 1.0007322952044106
2039.2743959409522 1.0005827176354158
2039.27578486832 1.0004257909348695
2039.2771737956884 1.0003402597066355
2039.278562723056 0.9998097487269969
2039.2799516504233 1.000359938158563
2039.2813405777908 1.0003751196517692
2039.2827295051584 0.9998709293620265
2039.2841184320605 1.0007014815889579
2039.285507359429 1.0005599221143116
2039.2868962867965 1.0002484862285441
2039.2882852141643 1.0004492234986628
2039.2896741415325 0.9996019634727589
2039.2910630689003 0.9996314227698347
2039.292451996268 1.0000281316523345
2039.2938409231706 1.000019584351225
2039.2952298505384 0.9996990099254326
2039.2966187779061 1.0002806801503117
2039.2980077052744 0.9994942083173419
2039.2993966326421 0.9999773342920176
2039.30078556001 0.9997688464595833
2039.3021744869125 0.9991577789284783
2039.3035634142802 0.999710732466211
2039.304952341648 1.0000748636644874
2039.3063412690162 0.9992376414815096
2039.307730196384 0.9993684119368246
2039.309119123286 0.9996423496453923
2039.3105080506543 0.9997186400492878
2039.311896978022 0.9995906731357154
2039.3132859053899 0.999769907644012
2039.314674832758 0.9996837005822187
2039.3160637596595 0.9994177172166788
2039.3174526870266 0.9995689450205086
2039.3188416143948 0.9997031987889846
2039.3202305417626 1.0000116200357398
2039.3216194686647 0.9992741422975139
2039.323008396033 0.9989674421185399
2039.3243973234007 0.999413844925941
2039.3257862507685 0.9993746367854884
2039.327175177671 0.999634285676351
2039.3285641050388 0.9997489325484413
2039.3299530324066 0.999067736831303
2039.3313419597748 0.9992141698801152
2039.3327308866776 0.9991704790575295
2039.3341198140452 0.9991727755454437
2039.335508741413 0.9986657980547646
2039.3368976687814 0.9989515475566763
2039.3382865956833 0.9995324887160315
2039.339675523051 0.9991653979166588
2039.3410644504193 0.9993601306660578
2039.3424533773214 0.999311942204567
2039.3438423046891 0.9989008187046409
2039.3452312320574 0.9997266632370229
2039.3466201589595 0.9996667285108606
2039.3480090863272 0.999785214614789
2039.3493980136955 1.0080145228884987
2039.3507869405976 1.0071649206475601
2039.3521758679653 1.0063377161683231
2039.353564795333 1.0042005044581033
2039.3549537222343 1.0032723858834633
2039.356342649602 1.002518184170822
2039.3577315769703 1.0019772278059516
2039.3591205038724 1.0016638483721847
2039.3605094312402 1.0014864694731496
2039.3618983586084 1.0016066749535681
2039.3632872855105 1.0014828435547547
2039.3646762128783 1.0008622957822613
2039.3660651402465 1.000589800188158
2039.3674540671486 1.0009854827459763
2039.3688429945164 1.000559209852233
2039.370231921419 1.0000178853647614
2039.3716208487867 1.0008387962078167
2039.3730097761545 1.0007740911594194
2039.374398703057 1.0006630876435116
2039.3757876304248 1.000216124421349
2039.377176557327 1.0001463652741993
2039.3785654846952 1.0000460626335772
2039.379954412063 1.000221303512024
2039.381343338965 0.999767695130762
2039.3827322663333 0.9998149459501282
2039.3841211932354 1.0003487810009304
2039.3855101206032 1.0003770598894226
2039.3868990475057 1.0006738252510212
2039.3882879748735 1.000712738547235
2039.3896769022404 1.0003765352600829
2039.3910658291425 1.0004166433882955
2039.3924547565107 1.0001659396450762
2039.3938436834128 1.0004265484513593
2039.3952326107806 1.0001852163066094
2039.3966215376831 0.9995359715537899
2039.398010465051 0.9999351499934499
2039.399399391953 1.0003134671968825
2039.4007883193212 0.9996569634699819
2039.4021772462233 0.9997155481679065
2039.4035661735911 0.9999305461145994
2039.4049551004937 0.9999074773778047
2039.4063440278615 0.9996785505552308
2039.4077329547636 0.9999228649472884
2039.4091218821318 0.9999417963216695
2039.410510809034 0.9994018994424511
2039.4118997364017 0.999409375725638
2039.4132886633042 0.9997511270843994
2039.414677590672 0.9988501692834293
2039.416066517574 1.0003848855196227
2039.4174554449423 1.0006198831695865
2039.4188443718444 0.9998616233052846
2039.4202332992122 1.0002189102503454
2039.4216222261148 0.9998761808643971
2039.4230111534825 0.9998746488097195
2039.4244000803847 1.0009547194994883
2039.4257890072872 0.9997476520943043
2039.4271779346543 0.9996044671445223
2039.4285668615557 1.0000014188895345
2039.429955788924 1.0006319673812607
2039.431344715826 1.0000202173399513
2039.4327336431938 0.9996261714948317
2039.4341225700964 0.99983425546954
2039.4355114969985 1.0000686825852645
2039.4369004243663 0.9995535245143649
2039.4382893512688 0.9997860514277994
2039.4396782786366 1.002047409428464
2039.4410672055387 1.0011137347302017
2039.4424561324413 1.0014937624759073
2039.443845059809 1.0013682410261067
2039.4452339867112 1.0010513553035425
2039.4466229140794 1.0013371716121682
2039.4480118409815 1.000724202573419
2039.4494007678836 1.0010069812251245
2039.4507896952518 1.0012336015504877
2039.452178622154 1.0005899925352708
2039.453567549056 1.0009850500559045
2039.4549564764243 1.0006209026511148
2039.4563454033268 1.0004685496256094
2039.457734330229 1.000847959732784
2039.4591232575967 1.0005767407918211
2039.4605121844993 1.0006074329183035
2039.4619011114014 1.0000759700477158
2039.4632900387683 1.0001991912316162
2039.4646789656704 0.999654205911106
2039.4660678925725 1.0006024874224844
2039.4674568199403 1.0000388648441378
2039.4688457468428 1.0002564504493672
2039.470234673745 1.000254668910336
2039.4716236011127 1.0001441014095953
2039.4730125280153 1.000673353826471
2039.4744014549174 1.0003546745527327
2039.4757903818195 1.0002774213069485
2039.4771793091877 1.000503330995399
2039.4785682360898 1.000313061452865
2039.479957162992 0.9996974609034347
2039.4813460903601 1.0002092415077999
2039.4827350172623 1.0004233073874047
2039.4841239441644 1.0001954097713386
2039.485512871067 1.00038608260751
2039.4869017984347 1.000292915517663
2039.4882907253368 0.9998531350530621
2039.4896796522394 0.9998100518349535
2039.4910685791415 1.0004594451149604
2039.4924575065093 0.9995189735710505
2039.4938464334118 0.99999976392372
2039.495235360314 1.0003899807523724
2039.496624287216 0.9993886159823808
2039.4980132141186 0.9997244163675669
2039.4994021414855 0.9997971266572858
2039.5007910683871 1.0000213604531627
2039.5021799952897 0.9994644745289075
2039.5035689221918 0.9998136715079426
2039.5049578495596 1.0000454295404348
2039.5063467764621 0.9996351628015202
2039.5077357033642 0.999455480614166
2039.5091246302661 0.9992534007254802
2039.510513557169 0.9994977670868616
2039.511902484071 0.9999663774736152
2039.5132914114386 0.999843456000755
2039.5146803383413 0.999724084725689
2039.516069265244 0.9999282814283933
2039.517458192146 0.9996020267149299
2039.5188471190481 0.9997030082854556
2039.5202360459507 0.9998906676139782
2039.5216249733185 0.9991849395798577
2039.5230139002206 0.9996767509901197
2039.5244028271231 1.0002842010289492
2039.5257917540252 0.999880664092533
2039.5271806809274 0.9994427283717056
2039.52856960783 1.0006244587866633
2039.529958534732 0.999536037013281
2039.5313474616341 0.9996736467896182
2039.5327363890024 0.999807709176104
2039.5341253159045 0.9992378273422515
2039.5355142428066 0.9994525329956737
2039.5369031697085 0.9996828977440709
2039.53829209661 0.9995970966439965
2039.539681023512 0.9999913953581847
2039.5410699504146 0.9996016093098011
2039.5424588773167 0.9996326234609698
2039.5438478042188 0.9995044103939225
2039.5452367311213 0.9997430811942387
2039.5466256580235 0.9996101614000156
2039.5480145849256 0.9995203843147523
2039.5494035122938 0.9991104523789772
2039.550792439196 0.9993571128522638
2039.552181366098 0.9995253970322469
2039.5535702930006 0.9996627959681144
2039.5549592199027 0.9997051082021979
2039.5563481468048 0.9995793010955372
2039.5577370737074 1.000115919547122
2039.5591260006095 0.9991657499968783
2039.5605149275113 0.9996455620815271
2039.5619038544141 1.000168435573923
2039.5632927813162 0.9996288713366062
2039.5646817082181 0.99948155504279
2039.566070635121 0.9999894007976489
2039.567459562023 0.9999468889151631
2039.568848488925 0.9995106023594713
2039.5702374158277 0.9997511922870316
2039.5716263427298 1.0002603348582135
2039.573015269631 0.9998484695959012
2039.5744041965331 1.0000386164889348
2039.5757931234357 0.9995720603311347
2039.5771820503378 0.9998215339113233
2039.57857097724 0.9994140107924192
2039.5799599041425 1.0000791010914303
2039.5813488310446 1.0000886305589929
2039.5827377579467 0.9995997106994705
2039.5841266848493 0.9995692519825295
2039.5855156117514 1.0003039763710446
2039.5869045386535 0.9999801126986303
2039.5882934650904 1.0000449496481572
2039.5896823919925 1.0001617853573073
2039.5910713188946 0.999993528965644
2039.5924602457972 1.0004804746581384
2039.5938491726993 1.001700755247041
2039.5952380996014 1.0009170359266886
2039.596627026504 1.0010717815565442
2039.598015953406 1.0019172054699652
2039.5994048803082 1.001268797289348
2039.6007938072107 1.0013680077805784
2039.6021827341128 1.0008829027537598
2039.603571661015 1.0009827034750336
2039.6049605874518 1.0009707473252065
2039.606349514354 1.0010387834003465
2039.607738441256 1.0008851956005838
2039.6091273681586 1.0007157636203876
2039.6105162950598 1.0005050630393715
2039.6119052219613 0.9999210810044095
2039.613294148864 1.0011103657185432
2039.6146830757662 1.0008107899274346
2039.6160720022024 1.0003825589797046
2039.6174609291052 1.0002364854614947
2039.6188498560073 1.0002403538328264
2039.6202387829092 1.000338524831308
2039.621627709812 1.000244445277944
2039.623016636714 1.0001536675156983
2039.6244055631503 1.0001870487053197
2039.625794490053 1.0009360188445087
2039.6271834169552 1.0004201408024196
2039.628572343857 1.0002655432428178
2039.6299612707598 1.0001913594620495
2039.631350197196 0.9996874689261367
2039.632739124098 1.0003449541957243
2039.634128051001 0.9999234907942149
2039.6355169779035 0.9998332386119247
2039.6369059048056 1.0004370386430768
2039.638294831242 1.0002797905883194
2039.6396837581447 1.000419724711351
2039.6410726850468 1.0004231110517876
2039.6424616119489 0.9999843734854471
2039.6438505388514 0.9999680434533842
2039.645239465288 0.9996074951624161
2039.646628392189 1.0002136882163224
2039.6480173190912 0.9999342167939591
2039.6494062459933 1.0000360615480177
2039.6507951724298 1.0001393055232055
2039.6521840993323 0.9997480645011254
2039.6535730262344 1.000167713564962
2039.6549619531365 1.0001092197178938
2039.6563508795734 0.9998819782558148
2039.6577398064755 1.000361680300918
2039.6591287333774 1.0000513135385194
2039.6605176598146 0.9999955381795045
2039.6619065867167 1.0000732639955365
2039.6632955136186 1.000084531588163
2039.6646844405213 1.00007748389597
2039.6660733669578 0.9999846213699096
2039.6674622938597 0.9996836368033113
2039.6688512207625 1.0002557787329667
2039.670240147199 0.9999003459837201
2039.6716290741008 0.9992907177928894
2039.6730180010036 0.9999396735847998
2039.67440692744 0.9999639701978377
2039.675795854342 1.0000772197962924
2039.6771847812447 0.9997936994061876
2039.6785737076812 0.9999240787567315
2039.679962634583 1.0002385472670907
2039.6813515614858 1.000632887777522
2039.6827404879214 1.0000205319800841
2039.6841294148226 1.0000293298412832
2039.6855183417256 0.9997096489802814
2039.6869072681618 1.0000875118583847
2039.6882961950637 0.9999275071187892
2039.689685121501 0.9997298660473409
2039.691074048403 0.9997640104984833
2039.6924629753048 1.0004080352568734
2039.6938519017422 0.9999413602475723
2039.695240828644 1.0001796632042017
2039.6966297550803 1.0002986798281237
2039.6980186819833 0.9998935267425527
2039.6994076088858 1.0001792829362628
2039.7007965353223 1.0001664932557335
2039.7021854622244 0.9999130061340055
2039.7035743886613 1.0000391568108349
2039.7049633155634 1.0002833444682122
2039.7063522424655 0.9998599175119287
2039.7077411689024 1.0005413082170072
2039.7091300958045 1.0000141825550353
2039.7105190222408 1.0002461306503685
2039.7119079491436 0.99993307918268
2039.71329687558 0.9999685922102822
2039.7146858024819 1.0007567952195104
2039.716074728919 0.9998285638821012
2039.7174636558211 1.000055072570415
2039.718852582723 0.9998531861648641
2039.7202415091592 0.9998108967524387
2039.7216304360609 0.9998493338588293
2039.723019362497 0.9996614284136071
2039.7244082894 1.0000049201540993
2039.7257972158363 1.0001065976569834
2039.7271861427382 0.9999684907404359
2039.7285750691753 0.9998150543206192
2039.7299639960772 0.9999027881984405
2039.7313529225135 1.000272063048357
2039.7327418494165 0.999670683847476
2039.7341307758527 1.0004043641347633
2039.7355197027546 0.9997524523784068
2039.736908629192 0.9997803330132784
2039.7382975560938 0.9995938246833056
2039.73968648253 0.9999187454865108
2039.741075409433 0.9997931270168506
2039.7424643358693 0.9997512262205924
2039.7438532623055 0.9998476996679595
2039.7452421892085 1.0001275930059368
2039.7466311156447 1.0000244637693916
2039.7480200425466 0.9995656432851039
2039.749408968984 1.000010299492867
2039.7507978958859 1.0000009362665785
2039.752186822322 0.9997096552785455
2039.753575749225 1.0000194254854178
2039.7549646756613 0.9999327163677791
2039.756353602097 0.9995815741447456
2039.757742528999 0.9996198563901918
2039.759131455436 0.9999780044695386
2039.7605203823382 0.9994324721401264
2039.7619093087744 0.9996214318696106
2039.7632982352116 0.999408427792453
2039.7646871621137 0.9997561051501468
2039.7660760885499 0.999590720119703
2039.7674650154527 0.9992889708370436
2039.7688539418891 0.9992718101401081
2039.7702428683253 1.000221627550866
2039.7716317952281 0.9994097614486631
2039.7730207216646 0.9997888001639079
2039.7744096481008 0.9996428720524227
2039.7757985750036 0.9993682122722574
2039.77718750144 0.9996433709976433
2039.7785764278763 0.9996931958701171
2039.779965354779 0.9996234099857502
2039.7813542812153 0.9991776437892874
2039.7827432081172 0.9995868528486519
2039.7841321345545 0.9996860038862572
2039.7855210609907 0.9995837365240399
2039.786909987427 0.9996544741794843
2039.78829891433 0.9992836184735966
2039.7896878407662 0.9992106036707982
2039.7910767672024 0.9997382049955396
2039.7924656941045 0.9998351006353592
2039.7938546205403 0.9994570596214212
2039.7952435469765 0.9992966426753146
2039.7966324738795 1.0001986460750925
2039.7980214003157 0.9997439913029488
2039.799410326752 0.9994783098407238
2039.8007992531893 1.0002376406975466
2039.8021881800912 0.9999093406683275
2039.8035771065274 1.0000207946354513
2039.8049660329646 0.999954791441354
2039.8063549598664 1.0000353941116813
2039.807743886303 0.9994307989069657
2039.80913281274 0.9997271516040764
2039.8105217391762 0.9998057672753248
2039.8119106660783 0.999316772841335
2039.8132995925155 0.9999242063269616
2039.8146885189517 0.9991806740917493
2039.8160774453881 0.9991355207550339
2039.817466372291 1.0002525711639396
2039.818855298728 0.9991409410360772
2039.8202442251645 1.0010060830306284
2039.8230220780379 1.0033263558244463
2039.82441100494 1.0029841042476904
2039.8257999313762 1.002298098121142
2039.8271888578133 1.0026871539746416
2039.8285777842498 1.0016618383402658
2039.8299667106853 1.0018116443040543
2039.8313556375874 1.0011229713457686
2039.8327445640236 1.0016550597750034
2039.8341334904599 1.0010525646677346
2039.8355224168972 1.0011944308868765
2039.8369113433334 1.0020997965754723
2039.8383002697697 1.0011037082013339
2039.8396891966727 1.0009632465019411
2039.841078123109 1.001421528474365
2039.8424670495451 1.0006101701567693
2039.8438559759825 1.0006478860109111
2039.8452449024187 1.0007212126179632
2039.846633828855 1.0007360088844117
2039.8480227552923 1.0012599663704425
2039.8494116821942 1.0006881091149125
2039.8508006086304 1.0006063593955412
2039.8521895350677 1.0010930351144012
2039.853578461504 1.0006965720646235
2039.8549673879402 1.0006915218418295
2039.8563563143773 1.00115352492212
2039.8577452408135 1.0006323132005914
2039.85913416725 1.0004659590749732
2039.860523093687 1.00091496028948
2039.861912020589 1.0001690030245471
2039.8633009470254 1.0009963761878622
2039.8646898734626 1.0008079872981548
2039.8660787998983 1.0005485190161623
2039.8674677263339 1.0006871436565543
2039.868856652771 1.0008339258688215
2039.8702455792072 1.0011935697538141
2039.8716345056437 1.0006009757746082
2039.8730234320808 1.0001813373947932
2039.874412358517 1.000703622277825
2039.8758012849535 1.0009139204761472
2039.8771902113904 1.0004858525206575
2039.8785791378277 1.0006021618789878
2039.879968064264 1.000838640855787
2039.8813569907002 1.00040927423824
2039.8827459171375 1.0004558110601907
2039.8841348435737 1.0009059376980154
2039.88552377001 0.9998170794802491
2039.8869126964473 1.0006965480450751
2039.8883016228835 1.000382733839469
2039.8896905493198 1.0003277813854468
2039.8910794757571 1.000351334522956
2039.8924684021933 1.0009771217960097
2039.8938573286296 1.000271658939142
2039.895246255067 1.0006143366604556
2039.8966351815031 1.0008866087323876
2039.8980241079394 1.0008053524387892
2039.8994130343767 1.000113597438436
2039.900801960813 1.0005411464303753
2039.9021908872492 1.000243160881537
2039.9035798136856 1.0006977411635682
2039.9049687401211 1.0001118363173456
2039.9063576665576 1.0006418489728435
2039.9077465929947 1.0005224218075655
2039.909135519431 1.0007257777506207
2039.9105244458674 1.0003754749554123
2039.9119133723045 1.000711871414917
2039.9133022987407 1.00061437753027
2039.9146912251772 1.0007307296721137
2039.9160801516143 1.000065993878893
2039.9174690780505 1.0005007731961468
2039.918858004487 0.9998926185076025
2039.9202469304585 0.9999582606440895
2039.9216358568947 0.9999958028280544
2039.9230247833311 0.9994737342808138
2039.9244137097683 0.9993587922350439
2039.9258026362045 0.9992834945878544
2039.927191562641 0.9992401455870796
2039.9285804890778 0.9990454697057274
2039.9299694155143 0.9995109652776021
2039.9313583419507 0.9993314509821842
2039.932747267922 0.9998590655803176
2039.9341361943584 0.9993509446331759
2039.9355251207949 0.9990741610141546
2039.9369140472318 0.9994214801854341
2039.9383029736691 0.999263543405304
2039.9396919001047 0.9991437271368676
2039.9410808265402 0.9989348569050915
2039.942469752512 0.999156333264446
2039.9438586789481 0.9982620909109453
2039.9452476053843 0.999318012251069
2039.9466365318217 0.998913470151869
2039.948025458258 0.9989223633633274
2039.9494143846941 0.9989052641921069
2039.9508033106658 0.9995715374021273
2039.952192237102 0.9986606148140894
2039.9535811635383 0.9989879875584036
2039.9549700899754 0.9992817889678729
2039.9563590164116 0.9993079112112323
2039.9577479423824 0.9998963867531687
2039.9591368688195 0.9991085803035525
2039.9605257952558 0.9993095798821554
2039.9619147216922 0.9995662211945583
2039.9633036476637 0.9989946931791217
2039.9646925741 0.9995718208220481
2039.9660815005363 1.0003147784581985
2039.9674704269735 0.9993682371158422
2039.9688593534097 0.9998819465235232
2039.9702482793805 0.9992823653461941
2039.9716372058176 1.0003800215194032
2039.9730261322538 1.0000172470070907
2039.9744150586903 0.9998111009481894
2039.975803984661 0.999583285895591
2039.9771929110966 1.000744274522284
2039.978581837533 0.9999066610997374
2039.9799707635043 1.0001010284627594
2039.9813596899407 0.9995054677623593
2039.9827486163772 1.0002770931691407
2039.984137542814 1.0000720107750491
2039.9855264687849 0.9994887069844747
2039.9869153952213 0.9992708197393687
2039.9883043216582 0.9999133105276324
2039.989693247629 0.9992771307543928
2039.9910821740655 0.9996043137721877
2039.9924711005024 1.0000669956170885
2039.9938600264732 1.0001722056573636
2039.9952489529096 1.0001366678581898
2039.9966378793465 0.9997243372355266
2039.9980268053182 1.00024292123445
2039.9994157317544 1.0009110947455815
2040.0008046581906 0.9996730797483856
2040.0021935841623 0.9998573957599705
2040.0035825105986 0.9997182911855549
2040.0049714370348 0.9996698273455656
2040.0063603630063 0.9999928933153825
2040.0077492894425 1.0000751439005695
2040.009138215879 0.9999263711509121
2040.0105271418504 0.9996687899602933
2040.0119160682866 0.9997593133276808
2040.013304994257 0.9996807958760691
2040.0146939206932 0.999687206282622
2040.0160828471294 0.9999236949180699
2040.0174717731002 1.0002117885613906
2040.0188606995373 1.0000107174543529
2040.0202496259735 1.0002968247786717
2040.0216385519443 1.0013686386128293
2040.0230274783814 1.001659131578237
2040.024416404352 1.0007588342330462
2040.0258053307884 1.0016111454139398
2040.0271942567597 1.000549723792626
2040.0285831831961 1.0014156798912703
2040.0299721096326 1.0010112972584382
2040.0313610356038 1.0007202621041136
2040.0327499620403 1.001121977531722
2040.034138888011 1.0004251889877682
2040.035527814448 1.0000252781587622
2040.0369167404187 1.000320109815839
2040.0383056668552 1.0001951166098402
2040.0396945928264 1.0005859279672038
2040.0410835192629 1.0001369870992167
2040.0424724452337 0.9998786232050766
2040.0438613716706 1.0000981955090056
2040.045250298107 0.9998074549304176
2040.0466392240778 1.000369477049034
2040.0480281505147 0.9999557378947219
2040.0494170764848 0.9999004108431276
2040.0508060029206 0.9997781103340249
2040.0521949288918 0.9992652654839941
2040.0535838553283 1.000173548343813
2040.054972781299 0.9996420732681728
2040.056361707736 0.999544354184953
2040.0577506337074 0.9995731265145855
2040.059139559678 0.9993323812117257
2040.0605284861144 1.0000280695738748
2040.061917412086 0.999448278657364
2040.0633063385221 0.9995695267321454
2040.064695264493 0.9998986717378938
2040.06608419093 0.9994230156203904
2040.0674731169006 0.9999807829111863
2040.068862043337 0.9998778272680221
2040.0702509693085 0.9999249964914896
2040.0716398957447 1.0000669669659528
2040.0730288217155 0.9997055811243959
2040.074417747687 0.9996217321847564
2040.0758066741232 0.9997874580943061
2040.077195600094 0.9995907583118047
2040.078584526531 1.000031793351137
2040.0799734525017 0.9999466620952899
2040.0813623789381 0.9995968232185106
2040.0827513049094 0.9997147963956041
2040.0841402308802 1.0001154083277066
2040.0855291573166 1.0003030178810828
2040.0869180832874 0.9999625014906239
2040.0883070092573 1.0002657485415565
2040.0896959356937 0.9995847276186993
2040.091084861665 1.0001015463813678
2040.0924737881014 1.0011013096933787
2040.0938627140722 1.0009191990992696
2040.0952516400434 1.0010495296299413
2040.09664056648 1.0016514906581198
2040.0980294924507 1.000855794760949
2040.099418418422 1.0011525348445822
2040.1008073448584 1.0008269560965677
2040.1021962708292 1.001264020221528
2040.1035851968004 1.0009805972861674
2040.1049741232368 1.0013490708307915
2040.1063630492076 1.00152842663927
2040.1077519751789 1.0011137632054985
2040.1091409016153 1.0009875504111292
2040.110529827586 1.001320621912395
2040.1119187535573 1.0008605432892748
2040.1133076799938 1.001049098515418
2040.1146966059646 1.0008773536366586
2040.1160855319358 1.0017729996975042
2040.117474458373 1.0008312803897017
2040.1188633843435 1.0010789922997085
2040.1202523103143 1.001120935191288
2040.1216412362858 1.0004266758585192
2040.1230301627215 1.001170342207592
2040.1244190886914 1.0014243320937282
2040.1258080146627 1.0010810474258818
2040.1271969406334 1.0010458909109377
2040.12858586707 1.00076968293359
2040.1299747930411 1.0005823269703449
2040.131363719012 1.0006150614705913
2040.1327526454484 1.001620149580321
2040.1341415714196 1.0000925772600904
2040.1355304973904 1.0009946456355854
2040.1369194233612 1.0004597359033829
2040.1383083493324 1.000586873458045
2040.1396972757689 1.000622599473507
2040.1410862017397 1.001063330598175
2040.142475127711 1.0007374864335372
2040.1438640536817 1.0002645690563665
2040.1452529801181 1.0011224751241612
2040.1466419060894 1.0008571283950076
2040.1480308320602 1.0006378958330195
2040.149419758031 1.000542214097963
2040.1508086840022 1.0009423612089647
2040.152197609973 1.000352831525392
2040.1535865364094 1.0002431387536275
2040.1549754623807 1.0003718115384777
2040.1563643883514 1.0007609295395596
2040.1577533143222 1.0006654000669835
2040.159142240293 1.0013260690046324
2040.1605311667286 1.0007137535991963
2040.1619200926993 1.0008692809761583
2040.1633090186706 1.0006284275567265
2040.1646979446414 1.0006806676769993
2040.1660868706122 1.0004402803028654
2040.1674757965834 1.0010746551416596
2040.1688647225542 1.0011942244361651
2040.1702536489906 1.000561557240922
2040.1716425749619 1.0005858745391736
2040.1730315009327 1.000967328974746
2040.1744204269035 1.0003470062328375
2040.1758093528747 1.0013470361188033
2040.177198278846 1.0002017992152537
2040.1785872048167 1.0007837906823578
2040.1799761307875 1.0004961712949594
2040.1813650567588 1.0004243238154302
2040.1827539827295 1.0004873193337804
2040.184142909166 1.0006895056151417
2040.1855318351372 1.0006284113342574
2040.186920761108 1.00048766906414
2040.1883096870788 1.0003941638137823
2040.18969861305 1.000637416388588
2040.1910875390208 1.0009581049178449
2040.1924764649916 1.0003815887670142
2040.1938653909629 1.0001311162957294
2040.1952543169336 1.0002291624867996
2040.1966432429037 1.0004164058792877
2040.1980321688743 1.0001226167318857
2040.199421094845 1.0006469699483855
2040.2008100208159 0.9996589313921107
2040.2021989467871 1.0001259945652325
2040.203587872758 1.0001265774732155
2040.2049767987287 1.000199473799064
2040.2063657247 1.0003087022476576
2040.2077546506707 1.0000394760698743
2040.2091435766415 1.0003040493410014
2040.2105325026128 1.000370310894628
2040.2119214285835 0.9995963808427396
2040.2133103545543 1.0005725910215348
2040.2146992805256 1.0000009316127532
2040.2160882064964 1.0002340696395606
2040.2174771324671 1.0002768098555022
2040.2188660584384 0.9999606384077607
2040.2202549844092 1.000413183680409
2040.22164391038 1.0000402938563397
2040.2230328363512 1.0003187444566182
2040.224421762322 0.9999713510462284
2040.2258106882928 0.999705586919115
2040.227199614264 1.0006050209870658
2040.2285885402348 1.0003449653345942
2040.2299774662056 0.9995695446303954
2040.2313663921768 1.000589323713769
2040.2327553181476 1.0002848826652626
2040.2341442441175 0.9999727457789152
2040.2355331700883 1.00015304544716
2040.2369220960595 0.999870945664281
2040.2383110220303 0.9997473619179715
2040.2396999475354 0.9996350707174244
2040.2410888735067 0.9999792663647787
2040.2424777994775 1.0002771135000519
2040.2438667254482 1.0001863764629824
2040.2452556514195 1.0001545793461493
2040.2466445773903 0.9997278788893311
2040.248033503361 0.999321082451787
2040.2494224293323 0.9997731851227614
2040.250811355303 1.0004192729487866
2040.2522002808082 0.9997142279973615
2040.2535892067795 1.0000916864718765
2040.2549781327502 1.0001932790163763
2040.256367058721 0.9998289696516667
2040.2577559846923 0.9996957983708261
2040.259144910663 1.0003117814956983
2040.2605338366338 0.9997596348780394
2040.2619227621394 1.0000167781403202
2040.2633116881102 0.9995254252297138
2040.264700614081 0.999892102786195
2040.2660895400522 1.0004308979211214
2040.267478466023 0.9992702055927444
2040.268867391993 1.0002231504816146
2040.270256317498 0.9998494425704395
2040.2716452434688 1.0004028562355607
2040.2730341694396 1.0000011653702312
2040.2744230954108 0.9999843836603675
2040.2758120213816 1.0004160584579616
2040.2772009468868 0.9996859083083022
2040.278589872858 0.9996101420866011
2040.2799787988288 0.9999420731135212
2040.2813677247996 0.9994560321396773
2040.2827566507708 0.9996025314434345
2040.284145576276 0.9997369178097201
2040.2855345022467 0.9997781731210168
2040.286923428218 0.9995820941385118
2040.2883123541887 0.9997922643050856
2040.2897012796939 0.9997332697284225
2040.2910902056651 0.9998306064034277
2040.2924791316364 1.0000186536604019
2040.2938680576071 1.0000902400174605
2040.2952569831123 0.9997978285103074
2040.2966459090835 0.9997984048448131
2040.2980348350543 1.0005461542937184
2040.299423761025 1.0000652977079922
2040.3008126865307 0.9995596954855844
2040.3022016125014 1.0001800452072058
2040.3035905384722 1.000007230005362
2040.3049794639778 0.9997645508781763
2040.306368389948 0.9995989408493148
2040.307757315918 1.0002933116317714
2040.3091462418893 1.0000977353506315
2040.3105351673944 1.0001832303736478
2040.3119240933652 0.9996500886442101
2040.3133130193364 1.000283204172946
2040.3147019448415 0.9998553604918117
2040.3160908708123 1.0008173578961415
2040.3174797967836 1.00007722396864
2040.3188687222887 0.9999156574924261
2040.3202576482595 0.9996149039295549
2040.3216465742307 0.9993848264581788
2040.3230354997359 1.000163336202606
2040.3244244257066 1.0003522342783806
2040.3258133516779 0.9998911408358727
2040.327202277183 1.0001716364420454
2040.3285912031538 0.9994447005659527
2040.3299801286594 1.0001662808561842
2040.3313690546302 1.0002437703489604
2040.332757980601 1.0000561310642846
2040.3341469061065 0.9994845308489673
2040.3355358320773 1.000421191056885
2040.336924758048 1.0002569955723701
2040.3383136835537 0.999800068394583
2040.3397026095245 0.9999648677802997
2040.3410915350296 1.0000056026639734
2040.3424804610002 1.0001550123198608
2040.3438693865046 0.9997512476430686
2040.3452583124752 1.0002330019747967
2040.3466472384466 1.000218767572762
2040.3480361639517 1.0004022939393473
2040.3494250899223 1.0004996732860536
2040.350814015428 1.0009199320888327
2040.3522029413994 1.0010486791937487
2040.3535918669045 1.0005383369206895
2040.3549807928753 1.0007757191952555
2040.3563697188465 1.0004763764008735
2040.3577586443516 1.0002237176692355
2040.3591475703224 1.0004128867850657
2040.360536495828 1.0007921744745596
2040.3619254217988 0.9997497505972179
2040.363314347304 1.0001522803752636
2040.3647032732752 1.0003481324463528
2040.3660921987803 1.0000523211006678
2040.367481124751 0.9998846090284091
2040.3688700502566 0.9997428149360752
2040.3702589762274 0.9997322950617666
2040.3716479017326 0.9998467537849596
2040.3730368277038 1.0000626087330304
2040.374425753209 1.0000905286898851
2040.3758146791797 1.0001726528009411
2040.3772036046853 0.9999425250565054
2040.378592530656 0.9999926401465055
2040.3799814561603 1.0000857510294796
2040.381370382131 1.0002798104439043
2040.3827593076362 0.9997991600708256
2040.384148233607 1.0000762961435397
2040.3855371591126 1.0001544677819583
2040.3869260850834 1.0004312869656806
2040.3883150105885 0.9996608947097939
2040.389703936094 0.9998229630171496
2040.3910928620649 0.9999567617545799
2040.3924817875697 0.9999741729138609
2040.3938707135412 0.9994483792869228
2040.3952596390463 0.9997094536150176
2040.396648565017 1.000020920986227
2040.3980374905227 0.9995572532449492
2040.3994264160278 0.9990470476503698
2040.4008153419984 1.0008205389070446
2040.4022042675042 1.0001133833763138
2040.403593193475 1.0002217490847736
2040.40498211898 0.9991724707109106
2040.4063710444857 1.0001125781207987
2040.407759970457 0.9998024258135234
2040.409148895962 0.9993404981816643
2040.4105378219328 0.9999580269632917
2040.4119267474384 1.0000589281736885
2040.4133156729436 0.9996472350100019
2040.4147045989143 0.99996807799353
2040.4160935244195 1.0001152977418013
2040.4174824499237 0.9999410625441008
2040.4188713758945 0.9999953222474496
2040.4202603014 0.9996326652190799
2040.4216492269052 0.999738844520916
2040.423038152876 1.0003071292224566
2040.4244270783815 1.000162108713893
2040.4258160038867 1.0001512374805075
2040.4272049298575 0.9995534053195299
2040.428593855363 0.9995784220890916
2040.4299827808682 0.9996764348406916
2040.431371706839 0.9999425609599596
2040.4327606323445 0.9999163532056669
2040.4341495578497 1.0001410933918922
2040.4355384838204 0.9994705872924337
2040.436927409326 0.9995622959560289
2040.4383163348311 1.0000031591761431
2040.4397052603363 0.9999296764214402
2040.4410941863075 0.9995621291569208
2040.4424831118126 0.9999505005702967
2040.4438720373175 0.9998599221298109
2040.445260963289 0.9998046801400311
2040.4466498887941 0.9999056716169172
2040.448038814299 1.0000848518101173
2040.4494277398048 0.9997970498729455
2040.4508166657756 0.9999125664281536
2040.4522055912798 0.9997550130727973
2040.453594516785 0.9997631963598493
2040.45498344229 1.0000750355892278
2040.4563723682606 0.9997587299714269
2040.4577612937665 0.9997641054133886
2040.4591502192716 0.999698065759381
2040.4605391447765 0.9994930480259138
2040.4619280702823 0.9999652261226987
2040.463316996253 1.0000499966395702
2040.464705921758 1.000433594422826
2040.4660948472638 0.9998779845054374
2040.4674837727694 1.0012607132440103
2040.4688726982745 1.0009989205129954
2040.4702616242453 1.0012513132533092
2040.4716505497508 1.0007570667171923
2040.473039475256 1.0008168221087923
2040.474428400761 1.0003520386975553
2040.4758173262667 1.0003144587427202
2040.4772062522375 1.0000521189821314
2040.4785951777426 1.000560561751745
2040.4799841032482 1.0007414324146287
2040.4813730287533 0.9998237121971012
2040.4827619542584 1.0006700375490447
2040.484150879764 1.0001704451206541
2040.4855398052691 1.000434156469476
2040.48692873124 1.0003976213014425
2040.4883176567455 1.0007870695647416
2040.4897065822497 1.000636899093438
2040.4910955077542 1.0016639272373418
2040.49248443326 1.0008719643087503
2040.493873358765 1.0006067216746923
2040.49526228427 1.00058682447808
2040.4966512097758 1.000482322346946
2040.4980401357466 1.0008425777629548
2040.4994290612515 1.000098324118719
2040.5008179867573 1.000282092339945
2040.5022069122624 1.0001304451167115
2040.5035958377673 1.000010665794025
2040.5049847632731 0.9997542074826415
2040.5063736887782 1.0000504030899204
2040.5077626142831 1.0010501660291435
2040.509151539789 0.999756764895747
2040.510540465294 1.000068460343291
2040.511929390799 0.9996832405407091
2040.5133183163048 1.0000555700993943
2040.5147072422756 0.9999167587303385
2040.5160961677805 0.999886271731772
2040.5174850932863 0.9998857976879073
2040.5188740187912 0.999415011926651
2040.520262944296 0.999694068182575
2040.521651869802 0.999400542396557
2040.5230407953077 0.9996585109576703
2040.5244297208128 0.9990666890187596
2040.525818646317 0.9999839333447247
2040.5272075718221 1.0001727533792462
2040.5285964973273 0.999872511092825
2040.5299854228324 0.9998954944747541
2040.531374348338 1.0000468008839385
2040.532763273843 1.000279528037495
2040.5341521993482 1.0005367943430135
2040.5355411248538 1.0004109431232662
2040.536930050359 1.0003603978595277
2040.538318975864 0.9999140028169063
2040.5397079013696 0.9997599479065838
2040.5410968268748 0.9995639917749793
2040.5424857523797 0.9988445974811982
2040.5438746778855 0.9998561432522209
2040.5452636033906 0.9993347793189943
2040.5466525284298 0.9999804027067735
2040.5480414539356 0.9998129371010978
2040.5494303794408 0.9997486147699737
2040.5508193049457 0.9999044647473158
2040.5522082304515 0.9995176054639456
2040.5535971559566 0.9998028071111982
2040.5549860814615 1.0000991879849426
2040.5563750069673 0.9996981973897068
2040.5577639324724 0.9991507837758614
2040.5591528579773 0.9995403865777384
2040.5605417834831 0.9997957178708824
2040.5619307089883 0.9993870097251888
2040.5633196344925 0.999901137285204
2040.564708559532 0.9996317743941832
2040.5660974850368 0.9994663061894743
2040.5674864105417 0.9995552932956384
2040.5688753360478 0.9995979014306559
2040.5702642615527 0.999553139993078
2040.5716531870576 0.9994375493641747
2040.5730421125636 1.000027836180904
2040.5744310380685 0.9999366902384922
2040.5758199631077 0.9998915814206498
2040.5772088886138 1.0005405931159308
2040.5785978141187 1.0002989739964283
2040.5799867396236 1.0004749757225493
2040.5813756651296 1.0002085396211182
2040.5827645906352 1.000441421737524
2040.5841535161403 1.0004920868949316
2040.5855424411798 1.0005727217360825
2040.5869313666853 1.0001840237101507
2040.5883202921905 1.0001587675035002
2040.5897092176956 1.0004310813407475
2040.5910981432012 1.0005283023746574
2040.5924870682406 1.0003193492374818
2040.5938759937455 1.0003272439010857
2040.5952649192513 0.9999762547400888
2040.5966538447565 1.0000129312939194
2040.5980427702614 0.9997058552786809
2040.5994316953006 0.9993289120062321
2040.6008206208053 1.0000839490774773
2040.6022095463102 1.0004843200928992
2040.603598471816 1.0006863610868422
2040.604987397321 1.000740020019229
2040.6063763223603 1.0002195598806356
2040.6077652478662 1.0007177544435386
2040.6091541733713 1.0005738354105023
2040.6105430988762 1.0007852294990822
2040.6119320239163 1.0022263892619663
2040.6133209494212 1.0011083348697534
2040.6147098749261 1.0006248326026173
2040.6160988004322 1.0004994710617925
2040.6174877254714 1.000194223869184
2040.6188766509763 1.0000677642913243
2040.6202655764823 1.0000385903191713
2040.6216545015216 0.9997069082812353
2040.6230434270265 1.0000680116579983
2040.6244323525325 1.0000431863526418
2040.6258212780374 1.00039811198656
2040.6272102030766 1.000475572452245
2040.6285991285827 0.9999588073431207
2040.6299880540876 1.000121701065461
2040.6313769791268 1.000285318626398
2040.6327659046328 0.9999731616400263
2040.6341548301377 0.9998321336461031
2040.6355437551765 1.0000209550709152
2040.6369326806816 1.000081588011154
2040.6383216061872 0.9999784539749826
2040.6397105312267 0.9997081132850136
2040.6410994567316 1.0000954955086496
2040.6424883822374 1.0001484907580696
2040.6438773072769 1.0000593519473915
2040.6452662327818 1.0002799343043531
2040.6466551582876 1.0000282658045596
2040.648044083327 0.9993585697542436
2040.649433008832 0.9997777374687278
2040.6508219343377 1.0001427639693425
2040.6522108593772 0.9999689012859672
2040.653599784882 1.0002378467833195
2040.6549887099222 0.9999946985420166
2040.6563776354274 1.0002397562803775
2040.6577665609323 1.000136791894285
2040.6591554859724 0.9999571103751534
2040.6605444114775 0.9997296868951759
2040.6619333365168 0.9998656618962106
2040.6633222620226 0.9998653015336534
2040.6647111875275 0.9998919293625801
2040.6661001125667 1.0000286394797469
2040.6674890380727 0.9995375022173139
2040.668877963112 1.0002470555481298
2040.6702668886169 0.9998507695270903
2040.6716558136573 0.9998741025088493
2040.6730447391615 0.9999060436231088
2040.6744336642 0.999421377689347
2040.675822589706 1.000071211349863
2040.677211515211 0.9995679931501447
2040.6786004402502 1.000466460312611
2040.6799893657562 1.000553741522749
2040.6813782907955 1.000023230860866
2040.6827672163004 1.000292227112591
2040.6841561413407 1.0000827897552984
2040.6855450668456 0.9996491290971402
2040.6869339918849 0.9998504449969016
2040.688322917391 0.9997026448683298
2040.6897118424301 1.000298784819844
2040.691100767935 0.9997940375887299
2040.6924896929752 1.0002854825965326
2040.69387861848 0.9998251635228347
2040.6952675435195 0.9995851878069283
2040.6966564690254 0.9998292771616261
2040.6980453940655 1.0001497289127947
2040.6994343195706 0.9997234199034541
2040.7008232446099 0.9994725386138315
2040.7022121701157 0.9993548601791901
2040.7036010951551 0.999954211108739
2040.70499002066 0.9996976368228782
2040.7063789457002 0.9997731570158275
2040.7077678707396 0.9999111233128035
2040.7091567962439 1.000170797821767
2040.7105457212833 0.9997358220984932
2040.7119346467882 1.0000881814332399
2040.7133235718275 0.9996418254388937
2040.7147124973335 0.999570619513283
2040.7161014223727 0.9993453309166265
2040.717490347412 0.999921128784062
2040.718879272918 1.0004727806908054
2040.7202681979572 1.0000872634248994
2040.7216571234621 0.9996303800224772
2040.7230460485025 0.9996778353178701
2040.7244349735417 0.9999859458701054
2040.7258238990466 0.9997017765613149
2040.727212824087 0.9999208629482095
2040.728601749592 0.9995581081832907
2040.7299906746312 1.000536771886478
2040.7313795996715 1.000064028420113
2040.7327685251764 1.0000321340595157
2040.7341574502157 0.9999607756219072
2040.735546375256 0.9999703438553177
2040.736935300761 1.0000899181650171
2040.7383242258002 0.9999164580678582
2040.7397131513062 0.9998865569246717
2040.7411020763454 1.0000085086308241
2040.7424910013847 0.9999327548835141
2040.7438799268905 1.0005740357157293
2040.7452688519297 0.9995775778212991
2040.7466577769687 1.0002742210143365
2040.7480467024736 1.000314305238259
2040.7494356275129 1.0005514485542828
2040.7508245525523 1.0002671675546047
2040.7522134775925 0.9996761906113011
2040.7536024030983 1.0001214199585329
2040.7549913281377 1.0001823163972199
2040.756380253177 1.0000540353914078
2040.7577691786828 0.9996735243887687
2040.7591581037223 1.0002639373276558
2040.7605470287615 0.9996786942094831
2040.7619359538016 0.9994977329389151
2040.7633248793065 1.0002443464430444
2040.7647138043458 1.000198231481856
2040.7661027293861 0.9998100380799132
2040.767491654891 0.9998317936100498
2040.7688805799303 0.9998688109122823
2040.7702695049707 1.000220276277558
2040.77165843001 1.0000494521634908
2040.7730473555148 0.9997414865670031
2040.7744362805552 0.9998886622958237
2040.7758252055944 1.0002982953974002
2040.7772141306336 1.0004025586733407
2040.778603055674 0.9997059346296824
2040.779991981179 0.9999398822188527
2040.7813809062181 1.0003738609755535
2040.7827698312576 1.000016214437714
2040.7841587562964 0.9998855470548961
2040.7855476818013 1.0005222228798012
2040.7869366068414 1.0006767197286588
2040.7883255318807 1.0003494450133712
2040.7897144569201 1.0015552975845294
2040.7911033819603 1.0021296296933808
2040.7924923069995 1.0017542132725399
2040.7938812325046 1.0008500966287945
2040.7952701575448 1.0015726806423288
2040.796659082584 1.000961088257342
2040.7980480076235 1.0005019595958042
2040.7994369326636 1.0007555788761835
2040.8008258581685 1.0005413151186873
2040.802214783208 1.0012326778627079
2040.8036037082481 1.0009281774863938
2040.8049926332874 1.000032088755366
2040.8063815583268 1.000314271477507
2040.807770483367 1.0003217468926024
2040.8091594084071 1.0007360124185367
2040.8105483334466 1.00010244296266
2040.8119372589515 1.0003296102261365
2040.8133261839916 0.9997865659238877
2040.8147151090309 1.0000665681095404
2040.8161040340701 1.0002078881900318
2040.8174929591105 1.0002950860647946
2040.818881884149 1.0003086069104965
2040.8202708091876 1.000053194325149
2040.821659734228 1.0002113664437762
2040.8230486592672 1.0002478707640698
2040.8244375843065 1.0003016782124345
2040.8258265098125 1.0003891439733164
2040.8272154348517 0.9997674967853053
2040.828604359891 0.9998387094671617
2040.8299932849313 1.0000342507923607
2040.8313822099706 0.9999706069162163
2040.8327711350098 1.0007896205317457
2040.8341600600502 1.000513836971797
2040.8355489850894 1.000046348431147
2040.8369379101287 1.000326825394511
2040.8383268351688 1.0002692284666128
2040.839715760208 1.0004323771913028
2040.8411046852475 1.000131131307493
2040.8424936102876 1.0001780911380806
2040.8438825353269 1.000077785789556
2040.8452714603663 0.9994510824194589
2040.8466603854065 0.9997854732544206
2040.8480493104457 0.9997709934165647
2040.8494382354852 1.0002118211375672
2040.8508271605253 0.999154096322952
2040.8522160855646 0.9995383606632045
2040.853605010604 0.9996249290514513
2040.8549939356442 0.9990883132145839
2040.856382860683 1.0000644162346943
2040.8577717857215 0.9994898625001483
2040.8591607107614 0.9997107500377282
2040.860549635801 0.9998769613073567
2040.8619385608404 0.9994505089644402
2040.8633274858803 0.9997639829426949
2040.8647164109198 0.9994734730451307
2040.8661053359592 0.9999638046767443
2040.8674942609991 0.9997069815647611
2040.8688831860395 1.0002202792442951
2040.8702721110787 0.9996086783440435
2040.871661036118 0.9994784496065879
2040.8730499611584 0.9999718675963258
2040.8744388861976 1.0003322643261836
2040.8758278107712 0.9999812431249524
2040.8772167358115 0.999823106704529
2040.8786056608508 0.9999749488053311
2040.87999458589 0.9999462143958298
2040.8813835109304 1.0004622460288757
2040.8827724359696 0.9999713827974752
2040.8841613610089 1.0000546248549027
2040.8855502860492 0.9998912199410473
2040.8869392110885 0.9996047611554323
2040.8883281361277 1.000245017812783
2040.8897170607022 1.0000726895070084
2040.8911059857414 1.0000255375475593
2040.8924949107804 1.0002922119805486
2040.8938838358197 0.9997069426323869
2040.895272760859 0.9998003024805616
2040.8966616858984 1.0006436725020922
2040.8980506109385 1.0001059767312166
2040.899439535512 0.9999903760356158
2040.9008284605516 1.0001608827305102
2040.9022173855917 0.999588028710846
2040.903606310631 0.9999622112592622
2040.9049952356704 0.9996105676514223
2040.9063841607106 0.9995727555165641
2040.9077730852841 0.9994067009279449
2040.9091620103236 0.9991041810036929
2040.9105509353635 1.0000436226274254
2040.911939860403 1.0003337840844901
2040.9133287854424 1.0005282806059204
2040.9147177104824 1.000196390994498
2040.9161066350562 1.0000517155104802
2040.9174955600956 0.999689572661279
2040.9188844851355 0.9997918093939502
2040.920273410175 1.0001347181999651
2040.9216623347488 0.9999444691710555
2040.9230512597887 0.9998457663823275
2040.924440184829 1.0001111914094112
2040.9258291098683 1.0001585289276642
2040.9272180349076 0.9999451723740124
2040.9286069594814 0.9997802027629512
2040.9299958845202 1.0008794709662179
2040.9313848095594 1.0001248966183112
2040.9327737345998 1.0003138011357269
2040.9341626591734 0.999634674233149
2040.9355515842126 1.0000693567323675
2040.9369405092527 0.9996865129918058
2040.9383294338263 0.9999185016389499
2040.9397183588658 1.0004630754995105
2040.941107283906 1.001022490081937
2040.9424962089452 1.000036409984998
2040.943885133519 1.0000951942039105
2040.945274058559 0.9999976200517305
2040.9466629835983 1.0006071497295257
2040.9480519081721 1.0003660674078143
2040.9494408332123 1.0001569781924087
2040.9508297582515 0.999911212112953
2040.9522186828253 1.000377305087108
2040.9536076078655 1.0002361528604133
2040.9549965329047 1.000385549064005
2040.9563854574785 1.0000322593816173
2040.9577743825187 0.9999747629472925
2040.959163307558 0.9998936905141581
2040.9605522321317 0.9997260614819943
2040.9619411571716 0.9999382092836087
2040.963330082211 1.0002589597699152
2040.964719006785 0.9996772095281651
2040.9661079318244 1.0001699153602415
2040.967496856863 0.9997704203534264
2040.9688857814367 0.9999273603538528
2040.9702747064766 1.000026198850466
2040.971663631516 0.9998869835810604
2040.97305255609 1.0007851907288186
2040.9744414811298 1.0003418142571798
2040.9758304057036 0.9999106720144354
2040.977219330743 1.000270609562332
2040.978608255783 1.0000902861403629
2040.9799971803577 1.0003842671087604
2040.981386105397 1.0002758826069478
2040.9827750299705 0.9997434049472574
2040.984163955011 0.9999873722723215
2040.9855528800501 1.0001255673164715
2040.9869418046237 1.0000346693420439
2040.9883307296639 1.000478121560113
2040.9897196542374 1.0000408676573003
2040.991108579277 1.0002821523842116
2040.9924975038514 1.000614252590436
2040.9938864288906 1.0000787655003296
2040.9952753534644 1.0001506252556847
2040.9966642785046 0.9998851201519274
2040.9980532035438 0.999888452790146
2040.9994421281176 0.9998622293554682
2041.0008310531578 0.9995607506152828
2041.0022199777309 0.9995044185177274
2041.0036089027694 1.0004770055778185
2041.004997827344 0.9996636285963848
2041.0063867523832 1.000220878330489
2041.007775676957 1.000376090737642
2041.0091646019969 0.9998974803165188
2041.0105535265707 0.9995810849232893
2041.0119424516101 1.0001968875317975
2041.0133313761844 0.9999795534948234
2041.0147203012239 0.999545392033201
2041.0161092257977 1.0005220484544666
2041.0174981508376 1.0005248090778198
2041.0188870754114 0.9999434810520823
2041.0202760004508 0.9997616940293235
2041.021664925025 0.999848914632892
2041.023053849599 1.0001723768048436
2041.0244427746384 0.9999976745327287
2041.0258316992126 0.9996320269305483
2041.027220624252 0.9999746566392033
2041.028609548826 0.9998091729148623
2041.0299984738658 1.0000736498228229
2041.0313873984396 1.00125385721083
2041.032776323479 0.9999152551166886
2041.0341652480533 1.0003932032436733
2041.035554172628 1.0000068587731492
2041.0369430976673 0.9999977335469525
2041.0383320222409 1.000186511457959
2041.0397209472803 1.0001814476299908
2041.0411098718532 0.9996960263679231
2041.042498796427 0.9999552614236078
2041.0438877214672 0.9998011155425638
2041.0452766460407 1.0001777730159531
2041.0466655710802 0.9996689017883956
2041.0480544956547 0.9998698830743414
2041.0494434202283 1.0002048767344869
2041.0508323452677 1.0001755888012172
2041.0522212698422 0.9997018532354204
2041.0536101948815 1.0001522704284622
2041.0549991194553 0.999681904349336
2041.0563880440297 0.9998629954295013
2041.057776969069 0.9995494098020286
2041.0591658936428 0.999402117633818
2041.060554818217 0.9999403232118715
2041.0619437432565 1.000765856993558
2041.0633326678303 0.9992497545633316
2041.0647215924046 0.9993649773552358
2041.066110517444 0.9994170017404599
2041.0674994420178 1.0005857626956782
2041.068888366592 0.9996992900188401
2041.0702772916316 0.999790248313406
2041.0716662162054 0.9999413822402037
2041.0730551407796 0.9996972909781071
2041.0744440653534 0.9998407308709896
2041.0758329903922 0.9999598829417672
2041.0772219149658 1.0001540855322162
2041.0786108395396 1.0000497316550343
2041.079999764579 1.0004726750025912
2041.0813886891533 0.9997269656606628
2041.082777613727 0.9998801666918932
2041.084166538301 1.000353122672631
2041.0855554633408 0.9995372354121077
2041.0869443879146 0.9998859471957013
2041.0883333124884 0.9996061168218333
2041.0897222375283 0.9994780100771943
2041.0911111621028 1.0001180651998196
2041.0925000866764 1.0002933511939938
2041.0938890112502 1.0010064405145658
2041.0952779358247 0.999981784392545
2041.096666860864 1.0010501620452186
2041.0980557854377 1.0006912006154092
2041.0994447100122 1.000353107534444
2041.1008336345858 1.000048739059022
2041.1022225596253 0.9999574713644005
2041.1036114841997 1.0000925267698941
2041.1050004087733 1.0001955134063776
2041.1063893333471 0.9998180403603923
2041.1077782579216 0.9998124187284726
2041.1091671829608 1.0005508146530797
2041.1105561075346 1.0002380173868595
2041.1119450321085 1.0001540832877824
2041.1133339566813 1.0003302239386724
2041.1147228812551 1.0001282821207647
2041.1161118058294 1.000204589276869
2041.1175007308689 1.00012542285398
2041.1188896554427 1.0004741018148886
2041.120278580017 0.9999052838693231
2041.1216675045907 1.0005402894842492
2041.1230564291645 1.0002060595368634
2041.1244453537388 1.0009756328420711
2041.1258342787783 1.000559930625737
2041.127223203352 1.0005888776415297
2041.1286121279263 0.999861516407885
2041.1300010525001 1.0000586947904369
2041.131389977074 0.9998175732762782
2041.1327789016482 0.9998704076998867
2041.134167826222 1.0000661136473272
2041.1355567507958 1.0000190696566136
2041.13694567537 0.9996393368101592
2041.1383346004095 1.000033180114936
2041.1397235249833 0.9996295045213363
2041.1411124495576 0.9995412424419797
2041.1425013741314 1.0000639762214136
2041.1438902987052 1.0003494313727905
2041.1452792232794 1.0002212434491757
2041.146668147854 0.9998316689589188
2041.1480570724275 0.9994348875321538
2041.1494459970008 1.0002198943705665
2041.1508349215744 0.9998913341788574
2041.152223846148 1.000020095322401
2041.1536127707218 1.0000283499232219
2041.1550016952963 1.0004837630159347
2041.1563906203355 1.0001427184320257
2041.1577795449093 0.9998372965286916
2041.1591684694836 0.9993038149183765
2041.1605573940574 0.9999596795975713
2041.1619463186312 1.000146392116339
2041.1633352432054 0.9997341853123834
2041.1647241677792 0.9998789033115337
2041.166113092353 1.0001988251783398
2041.1675020169273 1.0000926256906089
2041.168890941501 0.9998288621167806
2041.170279866075 0.9995701609990313
2041.1716687906492 0.9992947993607234
2041.173057715223 1.0005429890791748
2041.1744466397968 1.000112098129254
2041.175835564371 0.9991664363847675
2041.1772244889448 0.9994681864145182
2041.1786134135186 0.9997588915331541
2041.180002338093 1.0000838054523469
2041.1813912626667 0.9997040324323943
2041.1827801872405 1.0000730975771834
2041.184169111349 0.9999812606931544
2041.1855580359222 1.0004644950475416
2041.1869469604953 0.999965451480886
2041.1883358850696 1.0002511334838537
2041.1897248096434 0.9998576595992492
2041.1911137342172 1.0002499622870746
2041.1925026587915 0.9997823043565959
2041.1938915833653 0.9999418448618558
2041.195280507939 0.9997950982174922
2041.1966694325133 0.9999420181516728
2041.1980583570871 1.0004574113548355
2041.199447281661 1.000396573390249
2041.2008362062352 1.0000889645283748
2041.2022251308097 1.0002304224633503
2041.2036140549176 1.0001459547438438
2041.2050029794914 1.0003058584018596
2041.2063919040659 1.0002892498271745
2041.2077808286394 1.000010138997828
2041.2091697532132 1.000243807804135
2041.2105586777875 0.9994361351514278
2041.2119476023613 0.9998884532291089
2041.213336526935 0.999115208110627
2041.2147254510437 0.9985293787689066
2041.2161143756175 0.9987351190122907
2041.2175033001913 0.9984557796975891
2041.2188922247656 0.9981513240944437
2041.2202811493394 0.9975228416394739
2041.2216700739132 0.9981216376231054
2041.223058998487 0.9974040252715357
2041.2244479225942 0.9973846766240817
2041.225836847168 0.9977090804981431
2041.2272257717423 0.9979594200432915
2041.228614696316 0.9968310603580496
2041.2300036208899 0.9967700502548043
2041.2313925449985 0.9971012359693221
2041.2327814695723 0.9968670808633101
2041.234170394146 0.9967545853708261
2041.2355593187203 0.9968087656565054
2041.2369482432941 0.9975511293052065
2041.2383371674023 0.9975134993671226
2041.2397260919765 0.9973302804969444
2041.2411150165503 0.9976259029016524
2041.2425039411241 0.9970504993433859
2041.2438928656984 0.9969174960229376
2041.2452817898065 0.9972184597313087
2041.2466707143803 0.9965564110083346
2041.2480596389546 0.9970832409306459
2041.2494485635284 0.9966137095147058
2041.2508374876365 0.9966545885411239
2041.2522264122108 0.9965172526044241
2041.2536153367846 0.9965049595914746
2041.2550042613584 0.9963647403266461
2041.256393185467 0.9971748028698705
2041.2577821100415 0.9969496424114527
2041.2591710346146 0.9972905144910034
2041.2605599587218 0.9972586277551705
2041.261948883296 0.9971446076771964
2041.26333780787 0.9968169171631032
2041.2647267324437 0.9967593629099593
2041.2661156565523 0.9962679856971467
2041.267504581126 0.9972704694763879
2041.2688935057 0.9970264594924957
2041.2702824298085 0.9971539881904284
2041.2716713543823 0.9974244568093179
2041.273060278956 0.9968647632663705
2041.2744492030647 0.9974461186358836
2041.2758381276385 0.9972063512314958
2041.2772270522123 0.9971343448647586
2041.278615976321 0.9967831594841893
2041.2800049008947 0.9967421453473606
2041.2813938254685 0.9965648955797122
2041.282782749577 0.9968967284257395
2041.284171674151 0.9968910929352394
2041.2855605987247 0.9967910126277449
2041.2869495228333 0.9970518630644707
2041.288338447407 0.9968160179849109
2041.289727371981 0.9967149130165769
2041.2911162960895 0.9963584006823522
2041.2925052206633 0.9961941991243352
2041.2938941447715 0.9966205762166916
2041.2952830693453 0.9969788984234476
2041.2966719939182 0.9966559540010579
2041.2980609180263 0.9961870278631307
2041.2994498426006 0.9965415806729092
2041.3008387667087 0.9975291692327536
2041.3022276912825 0.9967959864296707
2041.3036166158568 0.9967140593541728
2041.305005539965 0.9965514615612191
2041.3063944645387 0.9966389048899005
2041.3077833886473 0.9965503146301707
2041.309172313221 0.9964938106949391
2041.3105612373292 0.9969681869828293
2041.3119501619035 0.9962475209915767
2041.3133390864778 0.996980187533562
2041.314728010586 0.9964276322463734
2041.3161169351597 0.9970889416508892
2041.3175058592683 0.9971867794084183
2041.318894783842 0.9973901332754012
2041.3202837079502 0.996945047342357
2041.3216726325245 0.9967509327096497
2041.3230615566326 0.9967159591699162
2041.3244504812064 0.9965947816123847
2041.325839405315 0.9960960896612572
2041.3272283298888 0.9964876935476611
2041.328617253997 0.9964360369871037
2041.3300061785712 0.9969206433758091
2041.3313951026794 0.9967637047806489
2041.3327840272523 0.9968592132483043
2041.3341729513604 0.9966568539449545
2041.3355618759342 0.99655504043295
2041.3369508000424 0.9968947925177224
2041.3383397246166 0.9965927710118165
2041.3397286487248 0.996931213126439
2041.3411175732986 0.9973977008445254
2041.3425064974072 0.9972544912076564
2041.343895421981 0.9975988366334257
2041.345284346089 0.9976391680015253
2041.3466732706634 0.9980657904777763
2041.3480621947715 0.997903381402222
2041.3494511188796 0.9983419600527008
2041.350840043454 0.9988860980349542
2041.352228967562 0.9991062247510696
2041.3536178921358 0.9998170243847166
2041.3550068162444 0.999760779968098
2041.3563957408182 1.0002670432763525
2041.3577846649264 0.9998685166346205
2041.359173589035 0.9995909571739421
2041.3605625136088 0.9995645914170163
2041.361951437717 0.9997788679460657
2041.3633403622912 0.9998111353668448
2041.3647292863993 0.9998839120493216
2041.3661182105075 0.9994525195861611
2041.3675071350817 0.9993250263666409
2041.3688960591899 0.9998454504806682
2041.3702849837628 1.0019993974027235
2041.371673907871 1.0019128655830776
2041.3730628319795 1.0006529310448835
2041.3744517565533 1.000656345438931
2041.3758406806614 1.0003623654023224
2041.37722960477 1.0004025680504884
2041.3786185293438 1.0002295181129266
2041.380007453452 1.0003371242663825
2041.3813963775606 1.0005058962544315
2041.3827853021344 1.000327078300922
2041.3841742262425 1.0004172232930444
2041.3855631503511 1.0007703999922561
2041.386952074925 1.0007601906014152
2041.388340999033 1.000225048393191
2041.3897299231417 1.000577216691637
2041.3911188477155 0.999763826069404
2041.3925077718236 1.0003609764864818
2041.3938966959322 1.0000922117764621
2041.395285620506 1.000373141309989
2041.3966745446141 1.0001703440200278
2041.3980634687227 0.9999588964168212
2041.3994523928309 0.9993643706305203
2041.4008413174047 1.0007645215061027
2041.4022302415133 1.000099209189966
2041.4036191656214 0.9996447240076605
2041.4050080901952 0.9998672590519151
2041.4063970143031 0.999465125478777
2041.4077859384106 1.0000878963274824
2041.4091748625187 0.999773471392703
2041.410563787093 0.9997819937265108
2041.4119527112011 0.999873193053549
2041.4133416353093 0.9998077453987085
2041.4147305594179 0.9996233509445137
2041.4161194839917 1.0001343178263593
2041.4175084080998 0.9995894152968802
2041.4188973322084 0.9996308410339525
2041.4202862563166 1.000093431849092
2041.4216751804247 0.999945837640702
2041.423064104999 0.9999671538899703
2041.4244530291076 1.0000747003264896
2041.4258419532157 1.0001748033387379
2041.4272308773238 1.000208433454152
2041.4286198014324 0.9999906921430518
2041.4300087260062 1.0002272344854515
2041.4313976501144 1.0000381931264262
2041.432786574223 1.0002866919104478
2041.4341754983311 1.0004142485652334
2041.4355644224393 1.0005470927007445
2041.4369533470135 0.9999238506126783
2041.4383422711217 1.0003952242307466
2041.4397311952298 1.0001780659182613
2041.4411201193384 0.9999174222332139
2041.4425090434459 1.0004330720507333
2041.4438979675533 1.0000998759808175
2041.445286891662 1.0002235969561266
2041.4466758162357 1.0001382554018103
2041.4480647403439 1.000096935795831
2041.4494536644524 1.0004054041392783
2041.4508425885606 1.0002759774511707
2041.4522315126687 0.9998087661730424
2041.4536204367773 1.0000019219633625
2041.4550093608855 1.0001382623189354
2041.4563982849936 0.9995578214785604
2041.4577872095679 1.000394131607403
2041.459176133676 0.9999765753694695
2041.4605650577842 0.999736621229374
2041.4619539818927 0.9998056329680122
2041.463342906001 1.0005506701532032
2041.464731830109 0.9999475034086746
2041.4661207542176 1.0002732362208517
2041.4675096783258 1.0004369763304188
2041.468898602434 1.0000656519387685
2041.4702875265425 0.9996403238959001
2041.4716764506506 1.00042803364491
2041.4730653747588 1.0001283626956743
2041.4744542988674 1.0001165301081965
2041.4758432234416 0.9998522943924728
2041.4772321475498 0.999653529978697
2041.4786210716572 0.9996290808762269
2041.4800099957652 1.00042786521627
2041.4813989198733 1.000001982255688
2041.4827878439814 0.9998419595810577
2041.48417676809 0.9998220161943038
2041.4855656921982 1.000478809855662
2041.4869546163063 0.9998434597532984
2041.488343540415 0.9998612398263563
2041.489732464523 1.000065655965265
2041.4911213886312 0.9999762124173464
2041.4925103127398 0.999551819294693
2041.493899236848 1.0000036041949947
2041.495288160956 0.9999840814415077
2041.4966770850647 0.9998142631373539
2041.4980660091728 0.9999751909947997
2041.499454933281 0.9998667039823431
2041.5008438573896 1.000033819625102
2041.5022327814977 0.9997892728971847
2041.5036217056058 1.0001677167988918
2041.5050106297144 0.9997431384445339
2041.506399553357 0.9999547668773161
2041.507788477465 0.9995801668387788
2041.5091774015737 0.9997229545658103
2041.5105663256818 0.9999775936828843
2041.51195524979 0.9997332868307309
2041.5133441738985 0.9999872049824879
2041.5147330980067 0.999970084908401
2041.516122022114 1.0000099116178036
2041.517510946222 0.9995477303379534
2041.5188998703302 1.0000885435835967
2041.5202887944383 0.9993550864313934
2041.521677718547 1.00020087440436
2041.523066642655 0.9999065310975124
2041.5244555662973 1.0006717613928522
2041.5258444904061 0.999896139407466
2041.5272334145143 1.0006651507900386
2041.5286223386222 0.9997737183369361
2041.530011262731 1.0004180823750828
2041.5314001868396 0.9998627420215571
2041.5327891109478 1.0001859134323385
2041.534178035056 1.0007039459054303
2041.5355669586988 1.0006414722662509
2041.536955882807 1.0001536548776895
2041.5383448069151 0.9999243742055612
2041.5397337310237 1.0001929982192266
2041.5411226551319 0.9996795989977828
2041.54251157924 1.0001227177605037
2041.5439005033486 0.9997768504607963
2041.545289426991 0.9995032467062464
2041.5466783510992 0.9997926500073882
2041.5480672752078 1.0000217440153953
2041.549456199316 0.9998886976185796
2041.550845123424 1.000020962942683
2041.552234047532 0.9999348890837945
2041.5536229711738 0.9995995460039773
2041.555011895282 0.9993309385912266
2041.5564008193905 0.9996874848337345
2041.5577897434987 1.0001021689795637
2041.5591786671412 0.9998146434108015
2041.5605675912498 1.0000156765296464
2041.561956515358 0.9992720370074282
2041.563345439466 0.9999211378540342
2041.5647343635746 0.9994141536255686
2041.5661232872171 0.9998381335592136
2041.5675122113253 0.9995877989943809
2041.5689011354339 1.0001251068934198
2041.570290059542 0.9996047419435165
2041.5716789831845 0.999835015054651
2041.573067907293 1.000182100691232
2041.5744568314012 0.9991946670369513
2041.5758457555091 0.9999950151305802
2041.5772346791523 0.9997551427529161
2041.5786236032604 0.9999437859850774
2041.5800125273684 0.9990651794619135
2041.5814014514772 0.9996180993406554
2041.5827903751197 0.9999001865826264
2041.5841792992276 0.9997975522742729
2041.5855682233364 0.9998110664494191
2041.5869571469793 0.9993395191605804
2041.5883460710868 0.9993683510738122
2041.5897349951942 0.9996988915377172
2041.5911239188372 1.000068880776264
2041.5925128429453 0.9998432631812962
2041.5939017670535 0.9995999946193541
2041.5952906906964 0.9999269176037117
2041.5966796148045 1.0004981204136292
2041.5980685389127 0.9997525335734055
2041.5994574630213 0.9998740161716877
2041.6008463866638 1.000123580594604
2041.602235310772 1.0006639536461035
2041.6036242344148 1.0002301025541624
2041.605013158523 1.0005974076865816
2041.6064020826311 1.00049430171956
2041.607791006274 1.0013861930307502
2041.6091799303822 1.0007057774495278
2041.6105688544903 1.0014629508768291
2041.6119577781333 1.0010378258211001
2041.6133467022414 1.0013486182335938
2041.6147356263496 1.0018015963493927
2041.6161245499925 1.0004651692025204
2041.6175134741006 1.000754818354233
2041.618902397743 1.0014677066195208
2041.6202913218517 1.0011277779807597
2041.6216802459599 1.0013235630469288
2041.6230691696023 1.000703772782925
2041.624458093711 1.0002722353179512
2041.6258470173525 1.0007822924392749
2041.62723594146 1.000659017832869
2041.6286248651031 1.0008457978490906
2041.6300137892113 1.000263216781655
2041.6314027133192 1.000799847787561
2041.6327916369623 1.0002905282739427
2041.6341805610705 1.0007714307070728
2041.6355694847127 1.0005530050973008
2041.6369584088216 1.0003318830858978
2041.6383473324645 1.0001327983935477
2041.6397362565726 1.0003773777696157
2041.641125180215 1.0004341635049434
2041.6425141043237 1.000363078625793
2041.6439030279662 0.9995976674799163
2041.6452919520743 0.999608597856449
2041.646680876183 1.0003784904109558
2041.6480697998254 0.9999434523357517
2041.6494587239335 1.0002519404124006
2041.6508476475765 1.0004376627166172
2041.6522365716846 1.000354997270891
2041.653625495327 0.999708214672366
2041.6550144194357 0.9998211864897659
2041.6564033430782 0.9997408184111845
2041.6577922671863 0.9994080576783028
2041.6591811908293 1.00001086388536
2041.6605701144717 1.0002053904242687
2041.661959038579 1.000137624843679
2041.6633479622215 1.0002747055378103
2041.6647368863296 0.99968316661019
2041.666125809972 1.0000851640605504
2041.6675147340807 1.0000613966016412
2041.6689036577231 0.9997900657277919
2041.6702925818313 1.000178063522286
2041.6716815054742 1.000401973209548
2041.6730704295824 0.9999229431862032
2041.6744593532246 1.0002056016178795
2041.6758482768678 1.0003494469400558
2041.677237200976 0.9997292921713409
2041.6786261246182 0.9996859689071412
2041.680015048727 0.9998336553111212
2041.6814039723695 0.99953121734251
2041.6827928960117 0.9998991876141903
2041.6841818201206 1.0000191420474334
2041.685570743763 0.9998421850896473
2041.686959667871 0.9999637570324258
2041.688348591514 0.9999116138606987
2041.6897375151566 0.9994376496780707
2041.6911264392645 0.9998601944245536
2041.6925153629077 1.0001258235004098
2041.6939042870163 0.9995663748832236
2041.6952932106587 0.9995315211337189
2041.6966821343012 0.9995952457637003
2041.6980710584098 1.00020639354401
2041.6994599820516 0.9990146577977269
2041.7008489056934 0.9999223035305276
2041.702237829802 1.0002693242068286
2041.7036267534445 0.9991403240802431
2041.705015677087 1.00000965910209
2041.7064046011956 0.9991873287111979
2041.707793524838 0.9993866965893299
2041.7091824484805 0.9992108088294624
2041.7105713725891 0.9995650675450103
2041.7119602962316 0.9997788781346769
2041.713349219874 0.9995740819636669
2041.7147381439827 0.9995866256263678
2041.7161270676252 1.0002944144397925
2041.7175159912676 0.9990000595974775
2041.7189049153762 0.9991660172702749
2041.7202938390187 0.999080461769611
2041.7216827626612 0.9999709077839133
2041.7230716863041 0.9995870757591817
2041.7244606104123 0.9993207605250778
2041.7258495340545 0.999914226119862
2041.7272384576977 0.9998241363185854
2041.7286273813402 0.999807824309673
2041.730016305448 0.9995039726571975
2041.7314052290913 0.999787137490468
2041.7327941527337 0.999790499409104
2041.734183076376 0.9991956583423413
2041.735572000484 0.9997148168908527
2041.736960924126 1.0000818053750569
2041.7383498477682 1.0004908239785506
2041.7397387714113 1.0005375357115205
2041.7411276955195 1.0002108613253342
2041.7425166191617 1.000714378369976
2041.743905542805 1.000787169579632
2041.7452944664478 1.000656664536355
2041.7466833900903 1.0006370445450834
2041.7480723141985 1.000342474337812
2041.7494612378414 1.0001313268351937
2041.7508501614839 1.0002202543977272
2041.7522390851263 1.0004005059843533
2041.7536280087693 1.000656665554135
2041.7550169328774 0.9997600867741133
2041.75640585652 1.0000230854640066
2041.7577947801628 1.0003690621910866
2041.7591837038053 1.0005956450396871
2041.7605726274478 1.0005857429248712
2041.7619615510907 1.0006267448635762
2041.7633504751989 1.0005206731649283
2041.7647393988414 1.0001043245399737
2041.7661283224843 1.000257690623161
2041.7675172461268 1.0003412032104637
2041.7689061697693 0.9998040099010672
2041.7702950934122 1.0006080490295437
2041.7716840175194 0.9998294330763139
2041.7730729411612 0.9996952615966063
2041.7744618648044 0.9998844130590462
2041.7758507884469 0.999934353816741
2041.777239712089 0.9997462912784749
2041.7786286357323 0.9999976020215438
2041.7800175593748 0.9994373233280077
2041.781406483017 0.9996560806199302
2041.7827954066602 1.0001282257559805
2041.7841843303027 1.0005932271870697
2041.7855732544106 0.9998307736270858
2041.7869621780537 0.9997875555890714
2041.7883511016962 0.999943652495589
2041.7897400253385 1.0001092167617638
2041.7911289489816 1.0000958477254778
2041.792517872624 0.9999953845145909
2041.7939067962664 1.0000322480003092
2041.7952957199095 0.9997832575184197
2041.7966846435518 1.0004045292410086
2041.798073567194 0.9997046844526104
2041.7994624908374 0.9998693965015525
2041.8008514144803 1.000167342329302
2041.8022403381228 0.9994006476002679
2041.8036292617653 0.9999774048235128
2041.8050181854082 1.0004924718984758
2041.8064071090507 1.0000256510681602
2041.8077960326932 1.0001072176732122
2041.8091849563355 1.000143653826999
2041.8105738799773 1.0002381591912608
2041.8119628036197 1.000104754600363
2041.8133517272627 0.9996505047066805
2041.8147406509052 1.0000035356400607
2041.8161295745476 0.9997673122558067
2041.8175184981906 0.9998329335343324
2041.818907421833 1.0003037451919994
2041.8202963454755 0.9999967642785944
2041.8216852691185 1.0001114499215356
2041.823074192761 0.9994717658993012
2041.8244631164032 1.0001230075901015
2041.8258520400464 1.000014079923156
2041.8272409636888 1.0004277190204174
2041.828629887331 0.9999820864386252
2041.8300188109743 1.000649247673699
2041.8314077346167 1.0006690032755818
2041.832796658259 1.0001998521836697
2041.8341855819021 1.000322236029295
2041.8355745055446 1.000386805273587
2041.8369634291869 0.9993849116945731
2041.83835235283 1.000025937647453
2041.8397412764725 0.9994004520001296
2041.8411302001148 0.9996976253647754
2041.8425191232923 0.9998136545734415
2041.8439080469348 1.0003118884236086
2041.8452969705763 0.9998262994493273
2041.8466858942188 0.9998357058061795
2041.848074817861 0.999908600676355
2041.8494637415033 0.9989646706279866
2041.8508526651467 0.9999896384266077
2041.8522415887896 0.9998873420227911
2041.8536305124321 0.9998678792469021
2041.8550194360746 0.9998945323434746
2041.8564083592519 1.0000956438278947
2041.8577972828944 0.9999592158690874
2041.8591862065368 0.999924361940869
2041.8605751301798 0.9995110843536992
2041.8619640538222 0.9994917491124623
2041.8633529774647 0.9996312289549587
2041.864741900642 1.0002521704111467
2041.8661308242845 0.999418240202662
2041.867519747927 1.000505101464914
2041.86890867157 0.9997783220391546
2041.8702975952124 1.0006346601316853
2041.8716865188549 0.9994823544233339
2041.8730754420321 0.9996355295626121
2041.8744643656746 0.9994618981755912
2041.8758532893169 0.9994523290683817
2041.87724221296 0.9994323420724275
2041.8786311366025 1.0003455215651318
2041.880020059779 0.9996350882822926
2041.8814089834223 1.0003275449301121
2041.8827979070638 1.0004751712969477
2041.8841868307056 1.0001308682997945
2041.8855757543488 1.0005257968834007
2041.8869646775256 1.0000480110494856
2041.8883536011679 1.0002291556094696
2041.889742524811 1.0000299908231673
2041.8911314484535 1.0002240587229
2041.89252037163 0.9997220114328484
2041.8939092952733 0.999837064908085
2041.8952982189155 0.9999557054838467
2041.8966871425578 0.9997003587135967
2041.8980760657355 0.9999074036664437
2041.8994649893777 0.9998890300321005
2041.90085391302 0.9999797098192923
2041.9022428366634 0.9996590835908361
2041.90363175984 1.0000145437003782
2041.9050206834822 0.9999875513149163
2041.9064096071256 0.9999713327614648
2041.9077985307686 1.0000149018524498
2041.9091874539454 0.9996598376460861
2041.9105763775879 1.0004307603848381
2041.9119653012308 0.9993777511010389
2041.9133542244076 0.9995502278123658
2041.91474314805 0.9996189932493527
2041.916132071693 0.9995240371131373
2041.9175209948698 1.0000989723392057
2041.9189099185114 0.9993347945474335
2041.920298842154 0.999722064472785
2041.9216877653307 0.9994379193466318
2041.923076688973 0.9997560629165014
2041.9244656126161 1.0000735327068873
2041.925854535793 0.9999295201163528
2041.9272434594352 0.9999730171735819
2041.9286323830784 1.0000947068502906
2041.9300213062552 1.000108644429218
2041.9314102298974 1.0005624721927138
2041.9327991535406 1.0002486254857275
2041.9341880767174 0.999810663967666
2041.9355770003597 1.0002898287862616
2041.9369659235372 1.0012774147769934
2041.9383548471797 1.0000708253976287
2041.939743770822 1.000515445294009
2041.9411326939994 1.0004773301096603
2041.942521617642 1.0002429662700372
2041.9439105412841 0.9998080607430029
2041.9452994644616 1.000595299722016
2041.946688388104 1.0002589165315066
2041.9480773112805 0.9996983873321483
2041.9494662349239 1.0000553808606376
2041.9508551581005 0.999293761109926
2041.9522440817427 1.0002856830168414
2041.953633005386 0.9996234833033144
2041.955021928562 0.9998738797031239
2041.9564108522036 1.0003031241521538
2041.9577997753813 0.999982359526367
2041.9591886990243 1.0004478179920342
2041.960577622201 0.9999086927710865
2041.9619665458436 0.9999551546393601
2041.9633554690208 1.0003118786046015
2041.9647443926633 1.000300631972892
2041.9661333163058 0.9997323787297772
2041.967522239483 0.9993479999172519
2041.9689111631255 1.0002161324359125
2041.9703000863021 0.999849756435632
2041.9716890099453 1.0002411146299486
2041.973077933122 0.9999668197700126
2041.9744668567644 1.000127277833821
2041.9758557799419 0.9997901065142186
2041.9772447035843 0.999966523046551
2041.978633626761 0.9998939514865712
2041.980022550404 0.9994894371290932
2041.981411473581 0.9998521722814001
2041.9828003972232 1.0001480045183222
2041.9841893204007 1.0005692353829254
2041.9855782440432 1.0007683948527408
2041.9869671672197 1.0003307848830711
2041.9883560903972 1.0001022106428654
2041.9897450140397 1.0007108005765064
2041.9911339372163 1.0001768599628313
2041.9925228608586 1.0007070091207104
2041.9939117840347 1.0012521827144858
2041.995300707677 1.0001285612389599
2041.9966896308547 1.0002690124279439
2041.998078554497 0.9995644234614386
2041.9994674776735 1.0002779678642613
2042.0008564008513 1.000017570672802
2042.0022453244935 1.0007313840555765
2042.00363424767 0.9999324089878954
2042.0050231713135 0.9998941626424367
2042.00641209449 1.0005277430537336
2042.0078010176667 1.000097825752435
2042.00918994131 1.0006688156972334
2042.0105788644873 0.9992460351109682
2042.0119677881298 0.9994587227062957
2042.0133567113066 1.0000939955375723
2042.014745634484 0.9996639989550087
2042.0161345581264 0.9997277618769708
2042.0175234813032 1.00004427690261
2042.0189124049461 0.999999581736138
2042.020301328123 1.0001901281997045
2042.0216902512996 0.9993677262678965
2042.0230791749427 0.9996050571092797
2042.0244680981195 0.9993974388672304
2042.0258570212961 0.9997476271937434
2042.0272459449393 0.9995564426702152
2042.0286348681152 1.000314260790213
2042.0300237912913 0.9999141471360363
2042.0314127149345 0.9997772747341247
2042.0328016381113 0.9992876837150804
2042.034190561288 0.9990816143337313
2042.035579484931 0.9998486158265164
2042.036968408108 0.9999125399283006
2042.0383573312845 0.999927894292914
2042.0397462549276 0.9996608020710788
2042.0411351781042 0.9997763404919708
2042.0425241012808 0.9996479087578306
2042.0439130244586 0.9999816011690187
2042.0453019481008 1.0001551343094548
2042.0466908712774 1.0001738893986962
2042.0480797944551 1.0004885099508665
2042.0494687180974 1.0010084317712857
2042.050857641274 1.0005701575420851
2042.0522465644517 1.000523620223974
2042.0536354876283 1.0009899215570677
2042.0550244112706 1.0002941824743703
2042.0564133344483 1.0009418233885936
2042.0578022576249 1.000433411045877
2042.0591911808015 0.9997429171248793
2042.0605801044449 1.0000643300003584
2042.0619690276221 1.0003555154591883
2042.063357950799 1.0001647950079118
2042.0647468739758 1.0005112851259153
2042.066135797618 1.000372528638027
2042.0675247207942 1.0005271627379921
2042.0689136439707 1.0003054473920323
2042.0703025671482 0.9998273889223824
2042.071691490325 0.9997104459836624
2042.0730804139673 0.9998235092700039
2042.0744693371448 1.000152898066383
2042.0758582603216 0.9997963967054609
2042.0772471834982 1.0002200855377223
2042.0786361066757 1.0001715278671566
2042.0800250303182 0.9997451586869444
2042.0814139534948 1.0001021268544534
2042.0828028766723 0.9995097353867073
2042.0841917998491 0.99982387876648
2042.0855807230257 1.0004021078261722
2042.0869696462032 0.9995922209273916
2042.0883585698457 0.9996606655470183
2042.0897474930223 0.9998211972617024
2042.0911364161998 0.9995130453851375
2042.0925253393764 0.9998681396172131
2042.093914262553 1.0000097341688077
2042.0953031857307 0.9998580488906613
2042.0966921089073 0.9998235328578534
2042.0980810325495 0.999975635013942
2042.0994699557273 0.9995585066476907
2042.1008588789039 1.0001732399410208
2042.10224780208 1.000068375782552
2042.1036367252568 1.0001606968090726
2042.1050256484334 1.0002831723037184
2042.10641457161 1.0002745721961555
2042.1078034947877 1.0002546255532387
2042.1091924179643 1.000360320894599
2042.1105813416066 1.000455743904888
2042.1119702647843 0.9997800714257308
2042.113359187961 1.0002181368260703
2042.1147481111375 1.0000781656288473
2042.1161370343152 1.0000268114396829
2042.1175259574925 1.0000347530657339
2042.1189148806693 0.999725499174109
2042.120303803846 0.9995593795079405
2042.1216927270234 0.9998798591151075
2042.1230816502002 0.9995967056693008
2042.1244705733768 0.9996159947759525
2042.1258594965543 0.9998145970794472
2042.1272484197311 0.9994814125045567
2042.1286373429077 1.000473622759114
2042.1300262660852 1.0001967433276993
2042.131415189262 0.9999885954938706
2042.1328041124386 0.9996019794031208
2042.1341930356161 1.0002465961521088
2042.135581958793 0.9997909621241401
2042.1369708819695 0.9998325209354801
2042.1383598051461 0.9997759791627185
2042.1397487283223 1.0001133824350725
2042.1411376514989 0.9997996871058858
2042.1425265746766 0.9995257622790732
2042.1439154978532 0.9999383849513602
2042.1453044210298 0.9998768902452058
2042.1466933442075 1.0005461656876122
2042.148082267384 0.999893848832379
2042.1494711905607 0.9999936716017427
2042.1508601137384 1.000323103648152
2042.152249036915 0.999965373471291
2042.1536379600916 0.9998126607204455
2042.1550268832693 1.0002784987668742
2042.156415806446 0.9997033549191533
2042.1578047296225 0.9999174967191216
2042.1591936528002 0.9998422774609298
2042.1605825759768 0.9999479436363304
2042.1619714991534 0.9996488028732856
2042.1633604223312 1.0004643181528519
2042.1647493455077 1.0001297184256517
2042.1661382686843 1.000100825323023
2042.167527191862 0.9999785695068198
2042.1689161145737 1.0004537383027776
2042.1703050377505 1.0001540696289661
2042.171693960927 1.0002008683841699
2042.1730828841046 0.9998997157957591
2042.1744718072814 1.000345857113497
2042.1758607304573 1.0001738816924006
2042.1772496536341 1.0000750313555855
2042.178638576811 0.999624965357197
2042.1800274999875 0.9996984477220447
2042.1814164226994 0.9999084368790465
2042.1828053458762 0.9997875085466629
2042.1841942690528 0.999694994204293
2042.1855831922303 0.9992128395726103
2042.1869721154071 1.0000719226463284
2042.1883610385837 0.999741201214325
2042.1897499617612 0.9995275290431467
2042.1911388844721 0.9995168500557428
2042.1925278076487 0.9996828971064674
2042.1939167308265 0.9999109521672285
2042.195305654003 1.000789486955829
2042.1966945771796 0.9999545816140047
2042.1980835003574 0.9999289782476487
2042.1994724230683 1.000041836796507
2042.200861346245 1.0000188593033899
2042.2022502694226 1.000029362931805
2042.2036391925992 1.0007787093882583
2042.2050281157758 0.9998417881578645
2042.2064170384879 1.000378845772471
2042.2078059616645 1.0000115777370144
2042.209194884841 0.9998572483351408
2042.2105838080188 0.9996868656896701
2042.2119727311947 0.9995309837483094
2042.213361653905 0.99967266232711
2042.2147505770824 0.999872586331563
2042.216139500259 0.9997782943681458
2042.2175284234359 1.0004347572583425
2042.2189173461477 1.000355385007885
2042.2203062693252 0.9997580648578345
2042.221695192502 1.0002128127223575
2042.2230841156786 0.9998349304183374
2042.2244730383904 0.9999665803385089
2042.2258619615673 0.9999005169003405
2042.2272508847439 0.9995009117029671
2042.2286398079214 1.000367497293303
2042.2300287306325 0.9995602914799612
2042.231417653809 0.999702324453336
2042.2328065769866 1.0000486975552394
2042.2341954996978 0.9996056428638993
2042.2355844228744 0.9992686424559768
2042.2369733460519 1.000009966233565
2042.2383622692287 1.0005935587241197
2042.2397511919396 0.9995807616066671
2042.241140115117 1.0002951676649015
2042.2425290382937 0.9999125715905889
2042.2439179610046 1.0000347327508774
2042.2453068841824 0.999803597689292
2042.246695807359 1.0007928292665897
2042.2480847300694 0.9997120509397106
2042.2494736532462 1.000266762868399
2042.2508625764228 1.0000260795127942
2042.2522514991338 1.0004893042355163
2042.2536404223115 0.9999461100754524
2042.255029345488 1.0001675184725372
2042.256418268199 0.9999314887494739
2042.2578071913767 1.0002307774664274
2042.2591961145533 1.0007927075914569
2042.2605850372643 1.0004514674572231
2042.261973960442 1.0002131716061866
2042.263362883153 1.0006416040255803
2042.2647518063295 0.9994977453444766
2042.266140729507 1.0005113240553798
2042.267529652218 1.0003891615552785
2042.2689185753948 1.0001375577876983
2042.2703074981066 0.9998473440429624
2042.271696421284 1.0001233539012686
2042.273085344461 1.0001016309044841
2042.2744742671719 1.0005997591653644
2042.2758631903494 0.9999529143482155
2042.2772521130605 1.0000128307169511
2042.278641036237 1.0000527553353757
2042.2800299594146 1.0001543271672688
2042.2814188821258 0.9997849217751426
2042.2828078053024 1.0003583037551713
2042.2841967280142 0.9996573311587608
2042.28558565119 1.0001984877572263
2042.2869745739006 1.0002329224238828
2042.288363497078 1.0002693863749574
2042.289752419789 0.9999960015640449
2042.2911413429656 1.0001550446720224
2042.2925302661433 1.000377408170278
2042.2939191888543 1.000094412031172
2042.2953081120309 1.0001274746934983
2042.296697034743 0.9995940591796307
2042.2980859579195 1.0003231666247117
2042.2994748806304 1.0002529850777
2042.3008638038082 1.0003706182007077
2042.302252726519 1.0000260210222407
2042.3036416496957 1.0001247348117015
2042.3050305724078 1.0002403389931664
2042.3064194955844 1.0004019605888832
2042.3078084182953 1.0001931934665156
2042.309197341473 0.9999425251340632
2042.310586264184 1.0003985072421246
2042.3119751873605 1.0002267392343627
2042.3133641100726 1.0004584935603797
2042.3161419559601 1.0002840988613904
2042.317530878672 1.0000448833623463
2042.3189198018486 1.0002073483317682
2042.330031184935 1.0001422919569531
2042.3314201081125 0.9998784778043828
2042.3328090308237 0.9995794449198188
2042.3341979540003 0.9999048581153371
2042.3355868767121 0.9998095350650064
2042.3369757994233 0.9996447333903757
2042.3383647225999 0.9999757065716768
2042.3397536453117 0.9998080385412768
2042.3411425684883 0.9995372211373843
2042.3425314911992 0.999324716872641
2042.3439204139113 0.9998714838783002
2042.3453093370879 0.9999197738146864
2042.3466982597988 0.9995562432968652
2042.3480871825109 1.000086197438217
2042.3494761056875 0.9999988061169077
2042.3508650283984 1.0003305896422647
2042.3522539511105 0.999480412028963
2042.353642874287 0.9993114694539638
2042.355031796998 1.0003236735889753
2042.3564207201757 0.9994345513144981
2042.3578096428867 0.9993636263127744
2042.3591985655971 1.0000066861659942
2042.360587488774 0.9996176319375775
2042.3619764114849 0.9995131525815032
2042.3633653341958 1.0003363498755105
2042.3647542569076 0.9991723660158908
2042.3661431800842 0.9996523583334835
2042.3675321027954 1.000081433919986
2042.3689210255072 0.9998781464456434
2042.3703099486838 1.0002417391077993
2042.371698871395 0.999799215441652
2042.3730877941068 0.9997894805345618
2042.3744767172843 0.9997769400291685
2042.3758656399955 0.999954862136067
2042.3772545627064 0.9996523276760604
2042.3786434854183 0.999737705567962
2042.380032408595 0.999831324492627
2042.381421331306 1.0000413182800252
2042.3828102540178 0.9996547630370989
2042.384199176729 0.9994112054745412
2042.3855880999056 0.9993834933862126
2042.3869770226174 0.9999766530952084
2042.3883659453286 0.999704547590588
2042.3897548680395 0.9994882681441486
2042.391143791217 1.0000795374550653
2042.392532713928 0.9994807913706869
2042.3939216366389 0.9997120588235997
2042.39531055935 0.9999133539325252
2042.3966994825262 1.0000907677169328
2042.398088405237 1.0004722970800586
2042.3994773279492 0.9994655300630979
2042.40086625066 0.999551517688626
2042.402255173371 0.9996278310697038
2042.4036440965488 1.0002690975985817
2042.4050330192597 0.9998530869565763
2042.4064219419706 0.9998655669875043
2042.4078108646827 1.0000229931160403
2042.4091997873936 1.0003406031572473
2042.4105887105702 0.9999865022956848
2042.4119776332823 0.9999248060485799
2042.4133665559932 1.0000141550442008
2042.4147554787041 0.9998503846815894
2042.416144401416 1.0001969809003783
2042.417533324127 1.0001313419684954
2042.418922246838 1.000091384758623
2042.4203111700156 1.0007391508778065
2042.4217000927265 1.0008526460398997
2042.4230890154377 1.0004870427165253
2042.4244779381495 1.0008124044561648
2042.4258668608613 1.0010714044441584
2042.4272557835725 1.0004982829189726
2042.4286447062834 1.0005869910315273
2042.430033629461 1.000680244761479
2042.4314225521712 1.0003636622122825
2042.4328114748816 1.0003510617003035
2042.4342003975935 1.0006836147041438
2042.4355893203044 1.0000418753314633
2042.4369782430153 1.0006846518860872
2042.4383671657274 1.000363390175251
2042.4397560884383 1.0000443266939474
2042.4411450111493 1.0002363924398867
2042.4425339338613 1.0005501575646725
2042.4439228565723 1.000235862864981
2042.4453117797489 1.0000946930264172
2042.446700702461 0.9997859374336282
2042.4480896251719 1.0002831302241904
2042.4494785478828 1.0000786252294978
2042.4508674705949 1.0003616459989335
2042.4522563933058 1.000049471151597
2042.4536453160167 1.0003754612081475
2042.4550342387288 1.0007569103169422
2042.4564231614397 0.9996955090573508
2042.4578120841506 0.9999333167501572
2042.4592010068627 1.0004568725407472
2042.4605899295736 1.0000283832302554
2042.4619788522846 1.0000445175634636
2042.4633677749966 1.0002549206375764
2042.4647566977076 0.9995630550625916
2042.4661456204185 0.9999548228706946
2042.4675345431303 1.0000225291754317
2042.4689234658408 0.999692535111056
2042.470312388551 1.0006228264644235
2042.471701311263 1.0002751438215123
2042.4730902339738 0.9999576279087335
2042.474479156685 0.9999797399518229
2042.4758680793968 0.9998480166864888
2042.4772570021087 1.0000241455594732
2042.4786459248198 0.9996141412913464
2042.4800348475308 1.0003664054338546
2042.4814237702426 1.0008303516095427
2042.4828126929538 1.0000982904658597
2042.4842016156647 1.0003286653417152
2042.4855905383765 1.0161827530781313
2042.4869794610875 1.0132309882691821
2042.4883683837984 1.0094488112370863
2042.4897573065105 1.0067786678874453
2042.4911462292214 1.0053379426932092
2042.4925351519323 1.0042223525701603
2042.4939240741787 1.003685551626121
2042.4953129968897 1.0024547284227798
2042.4967019196006 1.002882696403497
2042.4980908423126 1.0027750266330278
2042.4994797650236 1.002964163202284
2042.5008686877345 1.0039227494501728
2042.5022576104466 1.010867313665182
2042.5036465331575 1.010329198610035
2042.505035455868 1.0086231016115297
2042.5064243785791 1.0073650229753492
2042.5078133008244 1.0063597614400863
2042.5092022235353 1.0056167605250501
2042.5105911462474 1.0045972732321276
2042.5119800689583 1.003600377634357
2042.5133689916693 1.0037797130075834
2042.514757914381 1.002977062252497
2042.516146837092 1.0030950756955717
2042.5175357598032 1.0028948848514938
2042.5189246820494 1.0023628623754601
2042.5203136047603 1.0020965081140363
2042.5217025274715 1.002299690787038
2042.5230914501833 1.001915892295588
2042.5244803728951 1.0019167603824175
2042.5258692956063 1.0013197691015816
2042.5272582178516 1.001594314803122
2042.5286471405634 1.0011929439035945
2042.5300360632746 1.0012874683381219
2042.5314249859855 1.0002913450652566
2042.5328139086973 1.0008109399426834
2042.5342028309428 1.000586123375177
2042.5355917536538 1.0001564813414754
2042.5369806763656 1.0004844599609266
2042.5383695990765 0.9998576425357829
2042.5397585217875 1.0009129998527653
2042.5411474440339 1.0001610873960467
2042.5425363667441 1.0006109934987766
2042.5439252894544 0.9996864699466382
2042.5453142121664 0.9996306771511146
2042.5467031344117 0.9998906997497933
2042.5480920571226 0.999589080107364
2042.5494809798347 0.9998179037927702
2042.5508699025456 0.9999925775248205
2042.5522588252566 0.9999335572477259
2042.553647747503 0.9998019781872421
2042.555036670214 0.9996674704069116
2042.5564255929248 0.9997006725757578
2042.5578145151712 0.9995646107175775
2042.5592034378822 0.9994057172597064
2042.560592360593 0.9992248289413036
2042.5619812833052 0.9990142953860565
2042.5633702055504 0.9999152754319401
2042.5647591282614 0.9993076403139344
2042.5661480509732 0.9995376002654843
2042.5675369732185 0.9992873802896907
2042.5689258959296 0.9996507049466312
2042.5703148186415 0.9995044973292765
2042.5717037413524 0.9995150660948834
2042.573092663598 0.9995562405878952
2042.5744815863097 0.9993662649604238
2042.5758705090216 0.9994293756756587
2042.577259431267 0.999526442750563
2042.5786483539773 0.9989744110686666
2042.5800372766885 0.9990392838739645
2042.581426198934 0.9996561533398288
2042.582815121645 0.99931802859091
2042.5842040443567 0.9996542825532013
2042.585592966602 0.999169970682341
2042.586981889313 0.9992887428444582
2042.588370812025 0.9993128192275739
2042.5897597342703 0.9990930548301561
2042.5911486569812 0.9997719655772054
2042.5925375792276 0.9994541136156381
2042.5939265019385 0.9999478614806299
2042.5953154246495 0.9999967711593254
2042.5967043468959 0.9999682490328213
2042.5980932696068 1.0005527546754083
2042.5994821923177 1.00038844553914
2042.6008711145641 1.0000316337649597
2042.602260037275 0.999813362436275
2042.6036489595203 1.0002446500956443
2042.6050378822324 1.0011868802576247
2042.6064268049433 1.0013853557256753
2042.6078157271886 1.000637086051051
2042.6092046499007 1.0008096365528476
2042.610593572146 1.0007457857423947
2042.6119824948569 1.0004501132370314
2042.6133714171033 1.0006397199203796
2042.6147603398135 1.0006218535002391
2042.6161492620581 1.0009397604103476
2042.61753818477 1.0005873578812243
2042.6189271074809 1.0009000203965546
2042.6203160297264 1.0003685237969113
2042.6217049524382 1.0001967389899293
2042.6230938746835 1.0002395150693202
2042.6244827973946 1.0001956726259977
2042.6258717196408 0.9999507069278601
2042.6272606423527 1.000199032476034
2042.6286495645982 1.000065927228783
2042.630038487309 0.9999831288494043
2042.6314274095553 0.9999402316034341
2042.6328163322664 1.0000054445270896
2042.6342052545117 1.0003366730800285
2042.6355941772235 0.9998497581770802
2042.6369830994688 1.000239878836356
2042.6383720221797 1.0002148738284933
2042.6397609444261 0.9998092345896943
2042.641149867137 1.0002115949863717
2042.6425387893823 1.0003051341833407
2042.6439277120944 0.9998593074130631
2042.6453166343397 0.9994291352401298
2042.6467055570506 0.9999857563378611
2042.648094479297 0.9998726410235831
2042.649483402008 0.9998796401173673
2042.6508723242532 0.9999791114251646
2042.6522612469644 1.000306155594917
2042.6536501692092 0.9995932759749705
2042.6550390914545 1.0003237724197735
2042.6564280141665 1.0006476253209469
2042.6578169364118 1.000474884801675
2042.6592058591227 0.9996487206920035
2042.660594781369 1.0003212352675377
2042.6619837040798 1.0000494497695407
2042.6633726263253 1.0002718024965718
2042.6647615485715 0.9998710396325025
2042.6661504712824 1.0000198175634623
2042.667539393528 1.0000596941468303
2042.6689283162398 1.0001661549791858
2042.670317238485 1.0000779601318353
2042.6717061607305 1.000252987452481
2042.6730950834424 1.000016048014702
2042.6744840056876 1.0000013772940028
2042.6758729283988 1.0000989883664417
2042.677261850645 1.000058089460404
2042.6786507728912 1.0000135944717572
2042.6800396956023 0.9997762537560293
2042.6814286178476 0.9998868656601284
2042.6828175400938 0.9992097192493944
2042.684206462805 0.9998342135944613
2042.6855953850502 0.9996775827535104
2042.6869843072964 0.9998965575465583
2042.6883732300066 1.0000521720556528
2042.6897621522512 0.999845755598398
2042.6911510744976 0.9992899163144752
2042.6925399972085 0.9996004395284995
2042.6939289194538 0.999435565236905
2042.6953178417002 0.9999306870150899
2042.6967067644111 0.9997109388699513
2042.6980956866564 0.9999435641740344
2042.6994846089028 1.0011797186383307
2042.7008735316138 1.0005839670227286
2042.702262453859 1.000566906024991
2042.7036513761054 1.0007698537056273
2042.7050402988164 0.9999736964682685
2042.7064292210616 0.9998096383968401
2042.707818143308 1.000143748713587
2042.7092070655533 1.0001858773705508
2042.7105959882642 0.9995937775517724
2042.7119849105104 0.999884643738516
2042.7133738327557 1.0002418042878642
2042.7147627554668 0.999696343391936
2042.716151677713 0.999932219260086
2042.7175405999583 0.9998368060737147
2042.7189295222038 0.9995312625016893
2042.7203184449156 0.9999736287330776
2042.721707367161 0.9990592837064698
2042.7230962894064 0.9996170081238032
2042.7244852116526 0.999876288615304
2042.7258741338978 0.9996988049118356
2042.7272630566085 0.9999593001837426
2042.7286519788538 0.9998639306130046
2042.7300409011 0.9991066543669543
2042.7314298233455 0.9998000212087819
2042.7328187460564 0.9995261193369986
2042.7342076683026 0.9995633949825853
2042.7355965905479 0.999878720974491
2042.7369855127931 0.999897422658873
2042.7383744350395 0.9999294350632315
2042.7397633577505 0.9997327217309464
2042.7411522799957 0.9999922656194915
2042.7425412022421 1.000014270048924
2042.7439301244874 1.000231804403612
2042.7453190467327 0.9996622968122006
2042.746707968979 1.0001121310304457
2042.74809689169 1.0002407578373123
2042.7494858139353 1.0002086219825446
2042.7508747361817 1.0000212285323469
2042.752263658427 1.0006601999178184
2042.7536525806722 1.0002424623621111
2042.7550415029186 0.9998868921427222
2042.7564304256296 0.9997892508455305
2042.7578193478748 1.0002147736438134
2042.7592082701212 1.0001404075718128
2042.7605971923665 1.0007527412376722
2042.7619861146113 1.0000879923387285
2042.7633750368566 0.9996693141330389
2042.7647639591019 1.0000840384122127
2042.7661528813474 1.0003726936319777
2042.7675418040592 1.0003867410274823
2042.7689307263045 1.0002567546571275
2042.77031964855 1.0000005999107213
2042.7717085707961 1.000014458215278
2042.7730974930414 1.0005892641259755
2042.774486415287 0.9999561426902074
2042.775875337533 0.9999697011368134
2042.7772642597793 1.00000971991116
2042.7786531820248 0.9999272183376668
2042.78004210427 1.000173168454084
2042.7814310265162 0.9999747981209479
2042.7828199487617 1.0000147014974945
2042.784208871007 1.0002770555185174
2042.7855977937188 1.0004534291207352
2042.786986715964 1.0005253324374956
2042.7883756382093 1.000467253179629
2042.7897645604558 1.0002745627925107
2042.791153482701 0.9999744334396206
2042.7925424049463 1.0003044657070965
2042.7939313271927 1.000148425700273
2042.795320249438 1.0002263357862746
2042.7967091716832 1.0008593912199364
2042.7980980939287 1.000016386346104
2042.7994870161735 1.000326654601295
2042.8008759384188 1.0004190429793074
2042.8022648606652 0.9996297493514761
2042.8036537829105 1.0000223907618957
2042.8050427051558 1.0002158685084646
2042.8064316274022 1.000008044198428
2042.8078205496474 1.0000307365989929
2042.8092094718927 1.0003154170940816
2042.8105983941389 1.0003096611269864
2042.8119873163841 0.9996543113284904
2042.8133762386296 0.9999698611017052
2042.8147651608758 0.9999614552087611
2042.816154083121 0.999891748536714
2042.8175430053666 1.0002576338822597
2042.8189319276128 0.9996213186720155
2042.820320849858 1.0001415807035228
2042.8217097716379 0.9996017901430452
2042.823098693884 0.9997612018948212
2042.8244876161302 0.9994937540076807
2042.8258765383757 1.0001797801170276
2042.827265460621 0.9990417021397163
2042.8286543828672 1.0000142914660433
2042.8300433051127 0.9999467961142428
2042.831432227358 0.9995298640515041
2042.8328211496041 0.9999821046375471
2042.8342100718496 0.9998220635654042
2042.8355989940942 1.0000969875137735
2042.8369879163397 1.0000959087789203
2042.838376838585 0.9996718482689816
2042.8397657603646 0.9997992250073271
2042.841154682611 0.9999636638491636
2042.8425436048562 0.999783599496543
2042.8439325271015 0.9999831824640188
2042.845321449348 0.9997919970332999
2042.8467103715932 0.9996673562807045
2042.8480992938385 0.999775289402742
2042.8494882160849 0.999517231623401
2042.8508771378645 1.000160085250652
2042.8522660601097 1.0002934465662636
2042.8536549823561 0.9997437310216182
2042.8550439046014 0.999862131094046
2042.8564328268467 0.9999011771513404
2042.857821749093 1.0003480193953678
2042.8592106708727 0.9996397182052067
2042.860599593118 0.9997447877340467
2042.8619885153641 0.9999917691013024
2042.8633774376094 1.0002043350513259
2042.864766359855 0.9997918753020631
2042.866155282101 0.999910776428923
2042.8675442038807 1.0003666955592885
2042.8689331261262 1.0003183949864356
2042.8703220483724 1.0002381842095285
2042.8717109706172 1.0004409836067545
2042.8730998928618 0.9996508821534983
2042.8744888146423 1.0000537808476726
2042.8758777368885 1.0004266490526708
2042.877266659134 0.9993633774622401
2042.8786555813792 0.9998724802147525
2042.8800445036254 0.9995218840221405
2042.881433425405 0.9998501799103099
2042.8828223476503 0.9996540771835777
2042.8842112698967 0.9993595840950643
2042.885600192142 1.0000378630025217
2042.8869891139216 1.0004315261463075
2042.888378036168 1.0003735945353744
2042.8897669584132 0.9997782793322199
2042.8911558806585 0.999544049993662
2042.8925448024393 1.000582960600783
2042.8939337246845 0.9994911982710478
2042.8953226469298 1.000063173267141
2042.8967115691762 1.0002465065910608
2042.8981004909558 1.000277107267021
2042.899489413201 0.9999060461892082
2042.9008783354475 0.9997817920690013
2042.902267257227 0.9995701291001319
2042.9036561794724 0.9994416562658515
2042.9050451017188 1.0004068022970893
2042.9064340234984 0.9996625653497838
2042.9078229457432 1.0000165925153568
2042.9092118679885 1.0004608685285652
2042.9106007902337 1.0004190325926197
2042.9119897120136 1.000807055677042
2042.9133786342597 1.000031082839555
2042.914767556505 1.0001390038152098
2042.9161564782848 1.000064332468272
2042.917545400531 1.0000186385926972
2042.9189343227763 1.0001365446436952
2042.9217121668023 0.9995308958476345
2042.9231010890485 1.0005453536738829
2042.9244900108283 1.0004364089925506
2042.9258789330736 1.0003432155933885
2042.927267854854 0.9998608589153898
2042.9286567770996 1.0004922932682458
2042.9300456993449 1.0002575466180124
2042.9314346211254 1.0002012056342628
2042.9328235433707 0.9999968730358757
2042.934212465616 1.000110167325646
2042.9356013873967 1.0000711410562373
2042.936990309642 0.9996031557029634
2042.9383792314215 0.9994662167395778
2042.939768153668 1.0004944621977876
2042.9411570759132 1.0001496878056038
2042.9425459976928 1.0001148087811338
2042.9439349199392 1.0002101949165427
2042.9453238417182 0.9997809011476257
2042.9467127639628 0.9998444693237393
2042.9481016862092 1.0000605653228583
2042.9494906079888 1.0003241821152877
2042.950879530234 0.9996590926861307
2042.9522684520148 0.9999935041489542
2042.95365737426 0.9996929471801784
2042.9550462960397 1.0002311490241758
2042.956435218286 0.9995251248930553
2042.9578241400657 1.000546096657003
2042.959213062311 0.9997896554258735
2042.9606019840915 0.9995076661226834
2042.9619909063367 0.9997111537423005
2042.9633798285822 0.9998185214909172
2042.9647687503627 0.9997379745129084
2042.966157672608 0.9999316655722732
2042.9675465943878 0.9998985195585655
2042.968935516634 1.000112129008033
2042.9703244384136 0.9999274524151608
2042.9717133606591 1.000048305531585
2042.9731022824396 1.0005829817806613
2042.9744912046858 1.0007473386100825
2042.9758801264657 1.000365221526016
2042.977269048711 1.0004856057772649
2042.9786579704914 1.000041029029723
2042.980046892737 1.0003987429610106
2042.9814358145159 1.0000956559677172
2042.9828247367614 0.9999536755391445
2042.984213658541 0.9996710317528358
2042.9856025803206 0.9996703649683694
2042.986991502567 1.0000409115674809
2042.9883804243466 0.9996714409309635
2042.9897693465919 0.9998317778702585
2042.9911582683726 0.99995529657653
2042.9925471906179 1.0000421770125294
2042.9939361123975 0.9998259351981953
2042.9953250346439 1.0000820694053258
2042.9967139564235 1.0001980757291888
2042.998102878203 0.9999812270652049
2042.9994918004495 0.9995612985010801
2043.000880722229 1.0001482613230974
2043.0022696444744 0.9995629141304374
2043.0036585662551 0.9994387142512786
2043.0050474885004 1.0000276192994277
2043.00643641028 1.000100670109107
2043.0078253320607 1.000051448726951
2043.009214254306 0.9994945335001533
2043.0106031760856 1.0002152471397614
2043.0119920983318 1.0004396479663031
2043.0133810201114 1.000144304460025
2043.0147699418912 1.0001013395109515
2043.0161588641374 1.0000275617055736
2043.017547785917 1.0002472161702003
2043.0189367076964 1.000024192188523
2043.0203256299417 0.9997710138429805
2043.0217145517222 0.9998824658413719
2043.0231034739677 0.9998060329237296
2043.0244923957473 0.9994643126998333
2043.0258813175278 0.9997869492449909
2043.0272702397733 0.9996316710866137
2043.028659161553 1.000358944155295
2043.0300480833334 0.9999832080992573
2043.0314370055787 1.0002258806229636
2043.0328259273583 1.0004393668879632
2043.034214849139 0.9999507059254548
2043.0356037713843 0.9996571047215542
2043.036992693164 1.00005471213532
2043.0383816149447 0.9994978344826823
2043.0397705367243 1.000178284770496
2043.0411594589696 1.000078068053433
2043.0425483807503 1.0004146018086102
2043.04393730253 1.0000315408063094
2043.0453262247752 0.9996060353340258
2043.046715146556 0.9999847108229737
2043.0481040683355 1.0001912369763828
2043.0494929901151 1.0004695784099633
2043.0508819123615 1.0003871766515142
2043.0522708341412 0.9999526258121784
2043.0536597559208 0.9998403588770969
2043.0550486781663 1.0003682852133606
2043.0564375999452 1.0003257902339502
2043.057826521725 0.9999876593300883
2043.0592154435055 0.9999552720066994
2043.0606043657508 1.000154894597026
2043.0619932875306 0.9999556321761719
2043.0633822093112 1.0002149184077616
2043.0647711310908 1.0000243817701178
2043.0661600533363 0.9999644203099226
2043.0675489751168 1.000012823289116
2043.0689378968964 0.9994077750698771
2043.0703268186762 1.0002146285135636
2043.0717157404567 1.0000015653291632
2043.073104662703 1.000241724968642
2043.0744935844828 1.0001111406924366
2043.0758825062624 0.9994129210707872
2043.0772714280429 0.9994582529989803
2043.0786603498227 1.0002033831198514
2043.080049272068 1.000371066316228
2043.0814381938485 1.0000938063259421
2043.082827115628 1.0001876141429755
2043.0842160374077 1.0003655972725674
2043.0856049591885 0.9995292694964647
2043.086993880968 0.9999268425428135
2043.0883828032133 0.9999188936735801
2043.089771724994 1.0003311726625277
2043.091160646773 1.0000558786037335
2043.092549568552 0.999811407009686
2043.0939384903327 1.0005656071813867
2043.0953274121123 1.0004248887497216
2043.0967163343576 0.9993146064283076
2043.0981052561383 0.9997818306020307
2043.099494177918 1.000102010442762
2043.1008830996975 0.9994560419509504
2043.1022720214783 0.9995062594070561
2043.1036609432579 1.0002873693175682
2043.1050498650375 0.9998097632923006
2043.106438786818 0.9996100098123843
2043.1078277090633 0.9998960584910066
2043.109216630843 1.0001914444966031
2043.1106055526236 1.0002753365480421
2043.1119944744032 1.0005642889865425
2043.113383396183 1.0003656162021155
2043.1147723179636 1.0004424625537383
2043.1161612397432 1.0001994624751283
2043.117550161523 0.9996310642237328
2043.1189390833035 0.9998487745863254
2043.120328005084 1.0000973245212081
2043.1217169268639 1.000250600257177
2043.1231058486435 0.9999441702644324
2043.1244947708897 0.9998754518934143
2043.1258836926695 1.0004233325176648
2043.127272614449 1.0000728743529916
2043.1286615362287 1.0001785134491274
2043.1300504580079 1.0000784763140054
2043.1314393797875 0.9997211450974809
2043.1328283015682 1.000338300412935
2043.1342172233478 1.000267052626171
2043.1356061451274 1.000208873837552
2043.1369950669082 0.9995726738445013
2043.1383839886878 0.9996006779200005
2043.1397729104674 0.999835030002676
2043.1411618322481 1.0002244787479397
2043.1425507540278 1.0000489071922785
2043.1439396758074 0.9999334450893679
2043.145328597588 0.9996454185205851
2043.1467175193677 1.0001251610741109
2043.1481064411473 1.0001117302351472
2043.149495362928 0.9997049831940406
2043.1508842847077 1.0004858345732677
2043.1522732064873 1.0001239587360762
2043.153662128268 1.0002561106822188
2043.1550510500476 1.0005257154229172
2043.1564399718272 0.9998951935837753
2043.1578288936078 0.9997575588336948
2043.1592178153874 0.9998139376538749
2043.1606067371672 1.0003885699595485
2043.1619956589477 0.9998527870117185
2043.1633845807273 1.00008685848055
2043.1647735025067 0.9996004617609138
2043.1661624238207 1.0001716704382964
2043.1675513456012 0.9998115237136177
2043.168940267381 0.999927596899533
2043.1703291891606 0.9993396942426542
2043.1717181109411 1.0000646336093564
2043.173107032721 0.9996612291250669
2043.1744959545006 1.000031684731381
2043.175884876281 1.0002362507286455
2043.1772737980607 0.9996886309828978
2043.1786627198403 0.9998145275693715
2043.180051641621 1.0000230110806183
2043.1814405634007 1.0000342758943237
2043.1828294847146 0.999838980831189
2043.1842184064953 1.0005593229619938
2043.185607328275 0.9999027129532131
2043.1869962500546 0.9994505528597245
2043.1883851718353 0.9997327752536873
2043.189774093615 0.9995048270030004
2043.1911630153945 1.0001851182515873
2043.1925519371753 1.0000966256154387
2043.1939408584892 0.999671507765501
2043.1953297802688 1.0000434941042897
2043.1967187020496 1.0002275924865565
2043.1981076238292 0.9997921653067752
2043.1994965456088 0.9998899975083773
2043.2008854673895 1.000445372606928
2043.2022743891685 1.000327782102555
2043.2036633104817 0.9999078278327534
2043.2050522322622 1.0002072968865525
2043.2064411540418 0.9996700476789236
2043.2078300758217 0.9999933732249129
2043.2092189976022 0.9999157795303293
2043.2106079189161 0.9998646930894677
2043.211996840696 1.0000086750844706
2043.2133857624765 0.9997843874331911
2043.214774684257 0.9998598728578123
2043.2161636060368 1.0001764538936337
2043.2175525273508 1.0000651235380262
2043.2189414491313 1.000011145141613
2043.2203303709111 0.9999733721016255
2043.2217192926908 0.9999918670700921
2043.2231082144713 0.9997073349406417
2043.2244971357854 1.0002803746369031
2043.225886057565 0.9998569217205178
2043.2272749793456 1.0001189204624523
2043.2286639011252 0.9998548738529071
2043.2300528224391 1.0001562101454784
2043.2314417442199 1.000175728036375
2043.2328306659995 1.0000750622576968
2043.234219587779 0.999527458151371
2043.2356085090942 1.0001975348803585
2043.2369974308738 0.9996364378329478
2043.238386352653 1.000221811665149
2043.2397752744328 0.9997854776501869
2043.2411641957467 1.0009206777370028
2043.2425531175263 0.9999408426144263
2043.243942039307 0.9998859627356582
2043.245330960621 0.9996108425764245
2043.2467198824006 1.000332527896952
2043.2481088041814 0.9994765129303415
2043.249497725961 0.9997119330209937
2043.250886647275 0.9999598804823908
2043.2522755690557 0.9995466394513796
2043.2536644908353 0.9999751213032244
2043.2550534121492 1.000294145994723
2043.2564423339297 0.9996988682832764
2043.2578312557093 1.0004748558324923
2043.2592201770235 0.9998113361664231
2043.260609098804 0.9999697007901829
2043.2619980205845 1.0000881263400414
2043.2633869418987 1.000180528803018
2043.2647758636783 1.0003954496961784
2043.2661647854588 1.0002868424489237
2043.267553706773 0.9997404463130757
2043.2689426285526 1.000532115206737
2043.2703315503331 1.000116071940027
2043.2717204716473 1.0002609351368377
2043.273109393427 1.0001339007803047
2043.2744983152065 1.0005566219977664
2043.27588723652 1.000401517163865
2043.2772761582996 1.0002532211763497
2043.2786650796147 0.999956270694999
2043.2800540013943 1.0001253445544718
2043.281442923174 0.999955849506689
2043.282831844489 0.9998969424617296
2043.2842207662686 1.0001222103190803
2043.2856096875826 0.9999957837984867
2043.2869986093633 1.0001334722987159
2043.288387531143 1.0000774569777986
2043.2897764524569 0.9999899414714097
2043.2911653742376 1.0001620798940043
2043.2925542955516 1.0001503950142818
2043.2939432173312 1.0000130699231855
2043.2953321386462 1.0000223453565806
2043.2967210604259 0.9999472386923965
2043.2981099822055 0.9998664113263922
2043.2994989035205 1.00039233114869
2043.3008878253002 0.9998983341435083
2043.302276746614 1.0001623759993337
2043.3036656683948 1.000153100747881
2043.3050545897088 1.0001799017954223
2043.3064435114884 1.0004193084746809
2043.3078324328033 0.9996866348278497
2043.3092213545829 0.9998058269150516
2043.310610275897 0.999686999512401
2043.3119991976769 0.9998107068038106
2043.3133881194567 0.9998199219232049
2043.3147770407709 0.9995716095861886
2043.3161659625505 0.9992292865103458
2043.3175548838653 0.9997027248674684
2043.3189438056452 0.9993562508201945
2043.3203327269591 1.0000090939635895
2043.3217216487396 0.9997214604625925
2043.3231105700538 1.0000199944112007
2043.3244994918334 0.9995318212496663
2043.3258884131483 1.0001320702845171
2043.3272773344622 0.9993323684815292
2043.3286662562418 1.0000787709040997
2043.330055177557 1.0000475754726157
2043.3314440993365 0.999590189726198
2043.3328330206505 0.9995022667189151
2043.3342219424312 0.9998202989986186
2043.3356108637452 0.9996410812175393
2043.3369997855248 1.0001202015073485
2043.3383887068399 0.9999374305540877
2043.3397776286195 0.9993946649944678
2043.3411665499334 0.999328788534364
2043.3425554712485 1.000054137450108
2043.343944393028 1.0001075517140978
2043.345333314342 1.000055341049606
2043.3467222361228 1.000431224768067
2043.348111157436 0.9999199697896494
2043.349500079215 0.9998042914725037
2043.35088900053 0.9998982926717792
2043.352277921844 0.9999000995030628
2043.3536668436236 0.9995425326601091
2043.3550557649385 1.0009140265286278
2043.356444686718 1.0000695497350156
2043.3578336080323 1.0002164161462102
2043.359222529347 1.000130065118065
2043.3606114511276 0.9999925333801563
2043.3620003724418 0.9997249418271232
2043.3633892942214 0.9997471016951051
2043.3647782155363 1.0006858317811798
2043.3661671368504 0.9999726029591333
2043.36755605863 0.999760534004954
2043.368944979945 1.0006715482013009
2043.370333901259 1.0000973023993591
2043.3717228230387 1.000359462266126
2043.3731117443535 1.0006322768511589
2043.3745006656677 1.0007168688402175
2043.3758895874473 1.0002663101574656
2043.3772785087622 1.0005469492466743
2043.3786674300761 1.0002357814626157
2043.3800563518557 1.0005061172999996
2043.3814452731708 1.0007482100187652
2043.3828341944848 0.999986573617218
2043.384223116264 1.0005452396592012
2043.385612037578 1.0005350610380197
2043.387000958892 1.0007775685530687
2043.3883898806716 1.0005587125961333
2043.3897788019867 1.0008660551881552
2043.3911677233007 1.0005156548042382
2043.3925566450803 1.0003093291206455
2043.3939455663954 1.0002630900863803
2043.3953344877093 1.00008831777929
2043.3967234090233 0.9997808032798234
2043.398112330804 1.0003202734605579
2043.399501252118 1.00003521756539
2043.400890173432 1.0002568733022854
2043.402279094747 1.0000194443608343
2043.4036680165266 0.9996550610875978
2043.4050569378405 0.9995812020458433
2043.4064458591554 0.9996696959884768
2043.4078347804702 0.9998416826378586
2043.40922370225 1.0000044545033282
2043.410612623564 0.99985661541099
2043.4120015448789 1.000447784579922
2043.413390466193 1.0000296151511112
2043.4147793879727 0.9999393860632849
2043.4161683092875 0.9998181606087846
2043.4175572306017 0.9995860065395077
2043.4189461519156 1.0000759602760259
2043.4203350736962 0.9996173151473562
2043.4217239950094 0.9997962013521011
2043.423112916323 1.0000197416385284
2043.4245018376378 0.9993095317184167
2043.4258907589517 0.9996834192454858
2043.4272796807313 1.0003606328335852
2043.4286686020464 0.9998191444696847
2043.4300575233603 0.9994250030392868
2043.4314464446743 0.9997857489467544
2043.4328353659894 0.9998420829452108
2043.434224287769 0.9994346623022002
2043.435613209083 0.9994079541403371
2043.437002130398 0.999820427848704
2043.438391051712 0.9999143075208209
2043.439779973026 0.9997074231301212
2043.441168894341 0.9993195385233986
2043.442557815655 0.9993685329384628
2043.4439467374345 0.9997059942925827
2043.4453356587496 0.9996536516464845
2043.4467245800636 0.999471819767431
2043.4481135013775 0.9997477679236252
2043.4495024226926 0.9996408532902237
2043.4508913440065 0.9996682357179809
2043.4522802653205 1.0002217131743893
2043.4536691871012 0.9996222221005546
2043.4550581084159 0.9998859891288379
2043.45644702973 1.0000631709735033
2043.4578359510433 0.9995520359353091
2043.4592248723575 0.9997324061881551
2043.4606137936717 0.999587245085037
2043.4620027149856 0.9994660344103404
2043.4633916363005 0.9993823024106148
2043.4647805576146 0.9999570483790455
2043.4661694789286 0.9995110600996648
2043.467558400709 1.000206026327217
2043.4689473220233 1.0000221361186024
2043.4703362433372 0.999914284760462
2043.471725164652 0.9995009368336526
2043.4731140859662 1.0002808930643112
2043.4745030072802 0.9997265717029621
2043.475891928595 0.9999556725911422
2043.477280849909 0.9999765436136621
2043.478669771223 1.0000936429770384
2043.480058692538 0.999889098056263
2043.481447613852 1.0003877266911125
2043.482836535166 0.9999053407141917
2043.484225456481 0.9999165884570693
2043.485614377795 0.999717597262666
2043.487003299109 1.0010646826667484
2043.488392220424 1.00070731586019
2043.489781141738 1.0000981395519173
2043.4911700630519 0.9999861092144076
2043.492558984367 1.000001322908096
2043.493947905681 1.0003600643858621
2043.4953368269944 1.0001675815404152
2043.4967257483086 0.9997490232862978
2043.4981146696225 1.000019601611084
2043.4995035909365 1.0000460569203409
2043.5008925122513 1.0001576487038535
2043.5022814335662 1.0001096663623386
2043.5036703548803 1.0002703726741908
2043.5050592761943 0.9999527443451034
2043.5064481975091 1.0001680368432952
2043.5078371188233 1.000836981978375
2043.5092260401373 1.0005992578893221
2043.5106149614521 1.0002407685693435
2043.5120038827663 1.000127746143825
2043.5133928040802 1.0001107915409366
2043.514781725395 0.999834566579768
2043.5161706467093 0.999832345681684
2043.5175595680232 1.000017913218272
2043.518948489338 0.9995967184701198
2043.5203374106522 1.0002507771717997
2043.5217263319662 1.0001051898571731
2043.523115253281 0.9999813666324835
2043.5245041745952 1.000436974773753
2043.5258930954435 1.0000177912735007
2043.5272820167584 0.9995029943553285
2043.5286709380723 1.000107225115584
2043.5300598593863 0.9999760790799173
2043.5314487807004 0.9999208461873135
2043.532837702014 1.0003671536164962
2043.5342266233279 0.9998861718306532
2043.535615544643 1.0002772931191402
2043.537004465957 0.9997352131477069
2043.5383933872708 1.0001323905062005
2043.5397823081203 1.0006927070513214
2043.5411712294342 1.0003121832909527
2043.5425601507482 1.000152452545014
2043.5439490720632 1.0003994812512416
2043.5453379933772 0.9998382405280425
2043.5467269146911 1.0005037133764534
2043.5481158360062 1.0000349099323744
2043.5495047568552 0.9997195246026133
2043.5508936781694 1.000737582673128
2043.5522825994833 1.000289416036905
2043.5536715207982 0.9998238425291599
2043.5550604421123 0.9997767441949886
2043.5564493634263 0.9996520870033618
2043.5578382847411 1.0004571846019505
2043.5592272055897 1.0001404564329437
2043.5606161269036 0.9997485289907145
2043.5620050482185 1.000330702352324
2043.5633939695326 1.0000849414438675
2043.5647828908466 1.0000640350542063
2043.5661718116958 0.9999981378551815
2043.567560733009 1.0001496899789588
2043.5689496543225 1.00055634069819
2043.5703385756374 0.9996463906407345
2043.5717274969513 0.999831397882737
2043.5731164177996 1.0000848099392443
2043.5745053391147 1.0006839919398505
2043.5758942604286 0.9996319434855468
2043.5772831817426 0.9999890690539692
2043.578672102592 1.0002273245147837
2043.580061023906 1.0000971140316324
2043.58144994522 0.9999572392918058
2043.582838866535 1.0003080277348677
2043.584227787849 1.0004083746101975
2043.5856167086972 1.000291441889682
2043.5870056300123 0.9998508891582185
2043.5883945513262 1.0000213184007645
2043.5897834726402 0.9994152261701962
2043.5911723934896 0.9999871494062275
2043.5925613148036 0.9999491387606899
2043.5939502361175 1.0001215961193004
2043.595339156967 0.9996558139786241
2043.5967280782816 1.0000619070307712
2043.5981169995957 0.9998886765831373
2043.59950592091 1.000103815854092
2043.6008948417589 0.9995337661952451
2043.602283763073 0.9996687482430208
2043.603672684387 1.0003768176905459
2043.6050616052353 1.000202216297829
2043.606450526549 1.0001845613860236
2043.607839447863 0.9996605413614801
2043.6092283687121 0.9997476596831499
2043.6106172900263 0.9995990704052901
2043.6120062113403 1.0000926964614147
2043.6133951326551 1.0001205523506989
2043.6147840535036 0.9999007616498349
2043.6161729748176 0.9996340295157357
2043.6175618961324 0.9997500195109652
2043.618950816981 0.999837610656631
2043.620339738295 1.0000198105606137
2043.621728659144 0.9999671028836303
2043.623117580458 1.000113577615653
2043.624506501772 1.0007319429119346
2043.6258954226214 1.0001718030702205
2043.6272843439353 0.9995273990023215
2043.6286732652493 0.9998163769656638
2043.6300621860987 0.9999984393174823
2043.6314511074127 1.0002955049217506
2043.6328400287266 0.9994422520818907
2043.634228949576 1.0002797698432357
2043.63561787089 0.9997283969646725
2043.6370067917383 1.0001902097499153
2043.6383957130533 1.000145011331111
2043.639784634368 0.9996458200675913
2043.6411735552156 1.0000194462266818
2043.6425624765293 0.9994496920460124
2043.6439513973783 0.999855117772626
2043.6453403186924 0.9998901695044646
2043.6467292400066 0.9998629237570413
2043.6481181608556 0.9996255685488624
2043.6495070821697 0.9995741437053747
2043.650896003018 0.9996232399837077
2043.652284924333 0.9993317692272378
2043.6536738451814 0.9999234865412826
2043.6550627664953 0.9999426309001134
2043.6564516878102 1.0000239434100204
2043.6578406086587 1.000165680623924
2043.6592295299727 1.0003340553096463
2043.6606184508219 1.0002038983467731
2043.662007372136 1.000158531525242
2043.6633962929843 1.0001317071569669
2043.6647852142992 0.9998900164519308
2043.6661741351477 1.000150121501215
2043.6675630564616 0.9998357214127959
2043.6689519773108 1.0005609228918517
2043.670340898625 0.9994511498794005
2043.6717298194733 0.9996798637092937
2043.6731187407881 1.0003717241063204
2043.6745076616364 0.9995914478823082
2043.6758965829504 1.000427621210636
2043.6772855037998 1.0000961646155848
2043.678674425113 1.0004296416505487
2043.6800633459607 0.9997626882312439
2043.6814522672757 1.0001280708357092
2043.682841188124 0.9998256236847545
2043.684230109438 0.9994081432222621
2043.6856190302874 0.999844587093219
2043.687007951602 0.9998261171031433
2043.6883968724505 0.9999615534470664
2043.6897857937647 1.0002121998478735
2043.6911747146137 0.9999529787849754
2043.6925636359279 1.0002076322297038
2043.6939525567764 1.0001444159717348
2043.695341478091 0.9996336334891975
2043.6967303989395 1.0004611117404663
2043.698119319788 0.9999609603373218
2043.6995082411026 0.9999742741379047
2043.7008971619512 0.999976133721678
2043.702286083265 0.9999615032004812
2043.7036750041143 1.0001364741004717
2043.7050639254285 1.0002205959508441
2043.7064528462768 1.0001006712596505
2043.707841767126 0.999930449355919
2043.7092306884401 1.0000511421302754
2043.7106196092884 1.0001744064709177
2043.7120085306033 0.9999887889049728
2043.7133974514518 0.9997354366192049
2043.7147863722994 1.0000386672102057
2043.7161752936136 0.9999404721904118
2043.717564214462 1.0003314401460999
2043.718953135776 0.9998548158081967
2043.7203420566252 0.9997346964954282
2043.7217309774735 1.0000878722771058
2043.7231198987874 1.0001327634713566
2043.7245088196369 1.0001295831342936
2043.7258977404852 1.0001603855486387
2043.727286661799 1.0000041953254843
2043.7286755826485 0.9998783989122186
2043.7300645039625 1.0000016780415912
2043.7314534248108 1.000095885706156
2043.7328423456602 1.000151015425926
2043.7342312669748 1.0001022920428835
2043.7356201878233 0.9996936718243694
2043.7370091086718 0.9994040203757201
2043.7383980299865 1.0002261965031038
2043.739786950835 1.0002554298465491
2043.7411758716835 0.9994364294383713
2043.742564792998 0.9993482513748553
2043.7439537138466 0.9996433996522907
2043.7453426346951 0.9994798540499941
2043.7467315560098 0.9995923781178221
2043.7481204768583 0.9994256671145748
2043.7495093977068 0.999535432845395
2043.750898318555 0.9994304346763445
2043.7522872398686 0.9997612319520768
2043.7536761607169 0.9997782511056447
2043.755065081566 0.9997583715078199
2043.7564540028802 0.9994219436445666
2043.7578429237285 0.9996496782897928
2043.7592318445777 1.0001861456712058
2043.7606207654262 0.999956399653473
2043.7620096867402 0.9993499063008663
2043.7633986075894 0.9998362085764902
2043.7647875284379 0.9997397378970188
2043.7661764492861 0.9999574227276402
2043.767565370601 1.0004548609763775
2043.7689542914495 1.0012064487206587
2043.7703432122978 1.0007866433621748
2043.771732133147 1.000576448391702
2043.773121054461 1.00035698283758
2043.7745099753092 1.0000277819291006
2043.7758988961587 0.9998953417373678
2043.777287817007 1.0002860061678425
2043.7786767383209 1.0003213212163244
2043.7800656591703 1.0001995996751327
2043.7814545800193 1.000615485817126
2043.7828435008678 1.0003279979440114
2043.7842324217163 1.000271298049222
2043.785621343031 1.0002617731783598
2043.7870102638794 1.000090986483838
2043.788399184727 0.999951515163124
2043.7897881055756 1.0003377079137796
2043.791177026424 0.9997121602163281
2043.7925659477382 1.0002807104572187
2043.7939548685872 0.9997857924300517
2043.7953437894357 1.0003655600535029
2043.7967327102842 1.0000471600126661
2043.7981216311332 1.000125018582226
2043.7995105519817 0.9998123283965807
2043.8008994732957 1.0000514046330955
2043.8022883941449 1.0000975406880808
2043.8036773149934 1.0002626944080737
2043.8050662358417 0.9998908565819584
2043.8064551566908 1.0000987889763948
2043.8078440775394 0.9997772966966255
2043.8092329988533 0.9998058424838664
2043.8106219197025 1.0002109053691841
2043.812010840551 1.00000005982995
2043.8133997613993 1.0000528882234918
2043.8147886822485 1.0000832789009195
2043.816177603097 0.9998668890168483
2043.8175665239453 1.0005015613669963
2043.8189554447945 1.000334464906699
2043.8203443661087 0.999896749783689
2043.821733286957 0.9995259358549637
2043.8231222078061 1.0005196312896876
2043.8245111286544 1.0001696962156608
2043.8259000495023 1.000171904849888
2043.8272889703508 1.0004125265724353
2043.8286778911997 0.9996975959355363
2043.8300668120482 1.0000466513873405
2043.8314557328968 1.0001735032592716
2043.8328446537457 0.9993649124378781
2043.8342335745942 1.0003133189749236
2043.8356224954427 1.0003050594477199
2043.8370114167574 0.9999064092948189
2043.838400337606 1.000174199973317
2043.8397892584544 1.0001270131950204
2043.8411781793034 1.000169346491173
2043.8425671001519 0.9997896968309699
2043.8439560210004 1.000377244925715
2043.8453449418494 1.0002111896807413
2043.8467338626979 1.0000100450556622
2043.8481227835464 0.999966636765316
2043.8495117043954 0.9998957871148989
2043.8509006252439 1.0001185591387691
2043.8522895460922 0.9999255662480421
2043.8536784669413 0.9998819854989234
2043.8550673877899 0.9999610811850068
2043.8564563086381 1.0000312656701984
2043.8578452294873 1.0002137734931151
2043.8592341503359 1.0003711049818214
2043.8606230711841 0.9998759022714846
2043.8620119920324 0.9997873772629722
2043.8634009128805 1.000084281631195
2043.8647898337288 1.0003574407386566
2043.866178754578 1.0002642471722982
2043.8675676754265 0.9995596203674145
2043.8689565962748 0.999672115118075
2043.870345517124 0.999764999861044
2043.871734437973 1.0001881982767158
2043.8731233588214 1.0001587299690071
2043.87451227967 1.0001009367636853
2043.875901200519 1.000042130442663
2043.8772901213674 1.0001523226788331
2043.878679042216 1.0000489404628812
2043.880067963065 0.9998840754714095
2043.8814568839134 0.9997223848515584
2043.882845804762 0.9997572259778601
2043.8842347251452 0.9995644756747804
2043.8856236459937 0.9998792457357643
2043.8870125668423 0.9998132267152238
2043.8884014876912 0.9999909184679169
2043.8897904085397 1.0000026885518774
2043.8911793293883 0.9996360978722868
2043.8925682502372 1.0000923029716897
2043.8939571710857 1.0002145909542146
2043.8953460919342 0.9996847529387812
2043.8967350127832 1.0000054362069182
2043.8981239336308 0.9996410400483775
2043.8995128544786 1.0001023274996106
2043.9009017748622 0.9998509618219144
2043.9022906957107 1.0000504748579058
2043.903679616559 0.9999370423662466
2043.9050685374082 0.9999937282721963
2043.9064574582567 0.9998301892663968
2043.907846379105 1.000039002370723
2043.9092352999542 1.0001875415547887
2043.9106242208027 0.9997054348699894
2043.9120131411853 0.9994930627900384
2043.9134020620345 1.000099139587823
2043.914790982883 0.9996905843399246
2043.9161799037313 0.999698833458904
2043.9175688245805 0.999019218285319
2043.9189577454295 0.9990619117913582
2043.920346666278 1.0001953938760144
2043.9217355866608 0.9994431514676975
2043.9231245075098 0.999581222501865
2043.9245134283583 1.0002122798805428
2043.9259023492068 0.9996438793859368
2043.9272912700558 1.0001268243691472
2043.9286801909043 0.9997325050703126
2043.9300691112871 0.9996344118789928
2043.931458032136 1.000204492860393
2043.9328469529846 0.9996682824463918
2043.9342358738322 1.000095524874558
2043.9356247946807 1.0001207765448248
2043.9370137150636 1.0001217281311143
2043.938402635912 0.9992590825518508
2043.939791556761 1.0000180285430043
2043.9411804776096 1.000291971273513
2043.942569398458 0.9999911055486632
2043.9439583188414 1.0000164155622873
2043.94534723969 1.000378861091151
2043.9467361605382 1.0004317968413172
2043.9481250813874 1.0003117526077423
2043.9495140017702 0.9998831927916404
2043.9509029226185 1.0006815459221035
2043.9522918434677 0.9995116073965666
2043.9536807643162 0.9999427651373678
2043.9550696846989 1.000053294409118
2043.956458605548 0.9998754508416945
2043.9578475263966 1.0004540818731877
2043.9592364472448 1.0001098620690971
2043.9606253676284 0.9999886023864335
2043.9620142884773 1.000052391761485
2043.9634032093259 1.0003740121913176
2043.9647921301744 1.00000059668527
2043.9661810505577 0.9996740411257115
2043.9675699714062 0.9999837711783884
2043.9689588922547 0.9998106896564479
2043.970347812638 1.0001270778951104
2043.9717367334858 1.0001218236438694
2043.9731256543337 0.9996909168571715
2043.974514574717 0.9999148123996637
2043.9759034955655 0.9997037625261147
2043.977292416414 1.0008024271811649
2043.978681337263 1.000136775723186
2043.9800702576458 1.0001667139867965
2043.9814591784943 1.000325364672363
2043.9828480993433 0.9999503769325262
2043.9842370197262 0.9998058081378438
2043.9856259405747 1.000122976251926
2043.9870148614236 1.0003557952067599
2043.9884037818065 0.9999728659664019
2043.989792702655 0.9999410825204301
2043.991181623504 1.000348185740008
2043.9925705438868 1.0004449524314725
2043.9939594647353 1.0001756619791273
2043.9953483855843 0.9998001956067718
2043.9967373059671 1.000213034592811
2043.9981262268154 1.0000153823837006
2043.999515147199 1.0001631197073289
2044.0009040680475 0.999543150406893
2044.0022929888958 0.999596045273691
2044.0036819092793 0.9999207139937357
2044.0050708301278 0.9999249488322718
2044.006459750976 1.0001703055443605
2044.0078486713587 0.9998639148659031
2044.0092375922072 0.9996651915304723
2044.01062651259 0.9999400381204967
2044.0120154334386 0.9999276430664654
2044.0134043542876 1.0000276545507947
2044.0147932746704 0.9999409978022575
2044.016182195519 0.9996575014279216
2044.0175711159022 0.9996569779831831
2044.0189600367507 1.000131340250984
2044.0203489571336 0.9998478083629603
2044.0217378779826 1.0003291611776677
2044.023126798831 1.0001490825524078
2044.024515719214 1.0004444903102303
2044.025904640063 0.9997233055713413
2044.0272935604457 1.000014775591533
2044.0286824812943 1.0005967219849872
2044.0300714016776 1.000104255991711
2044.031460322526 1.0002001639438016
2044.032849242909 1.0000079824224675
2044.034238163758 0.999686908709585
2044.0356270846064 0.9993826564832387
2044.0370160049893 0.9995494571983743
2044.0384049258382 0.9997138640832953
2044.039793846221 1.0000358549402033
2044.0411827670696 0.999935558468064
2044.042571687453 0.999750342266935
2044.0439606083005 0.9998116916273524
2044.0453495286827 1.0002270092131678
2044.0467384495319 1.0005179593378695
2044.0481273699147 1.0001049219468845
2044.049516290763 0.9997512220368925
2044.0509052111465 0.9997704030747887
2044.0522941319955 1.0002107725743679
2044.0536830523783 1.0000527507742636
2044.0550719732269 0.9992986662513438
2044.0564608936102 0.9992778563490179
2044.0578498144587 0.9997797340044025
2044.0592387348415 0.9989235718155515
2044.0606276556905 0.9992424289326189
2044.0620165760733 0.9999141616389913
2044.0634054969219 0.9997168974147186
2044.0647944173052 1.0004394005248283
2044.066183337688 0.9998365548767894
2044.0675722585365 0.9991444758518876
2044.0689611789198 0.9997327700355815
2044.0703500997683 0.999805387099343
2044.0717390201512 0.9991663506559573
2044.0731279410002 0.9998850261976021
2044.074516861383 0.9996957953707339
2044.0759057822315 0.9997616201262592
2044.0772947026148 1.0000611696275423
2044.0786836229977 1.0005145671655928
2044.0800725438462 0.9997950856980884
2044.0814614642288 1.0001226822310079
2044.0828503850767 0.9998594734693407
2044.0842393054595 0.9999515729740548
2044.0856282258428 0.9993442973261227
2044.0870171466913 1.0001199279718311
2044.0884060670742 1.000199515333592
2044.0897949879231 1.0001860653251087
2044.0925728286888 1.0014466518171914
2044.0939617495378 1.0004672883298666
2044.0953506699207 1.0011797065426926
2044.096739590769 1.0011016146625755
2044.0981285111525 1.0005857549255637
2044.0995174315358 1.0006038123685181
2044.1009063523843 1.0002024530361293
2044.1022952727672 1.0002313496223292
2044.1036841931505 1.0003939350651807
2044.105073113999 1.0000379411175264
2044.1064620343818 1.0003923609149539
2044.1078509547651 1.000757103374343
2044.1092398756136 1.0001735115320949
2044.1106287959965 1.0002705444948774
2044.1120177163798 1.000078841564131
2044.1134066372283 0.9998317395761478
2044.1147955576112 1.0006610066707096
2044.1161844779945 0.9996166559653754
2044.1175733988423 1.0004104386485773
2044.1189623192245 1.0001375604784584
2044.1203512396078 1.0001590746373918
2044.1217401604563 0.999961362227571
2044.1231290808391 1.0002603496721971
2044.1245180012224 1.000480735796807
2044.125906922071 1.0003091841971095
2044.1272958424538 1.0003135697984025
2044.128684762837 1.00010245857797
2044.1300736836856 1.000142747692206
2044.1314626040685 0.999507472476875
2044.1328515244518 1.0000533632389323
2044.1342404448346 1.0001952621301993
2044.1356293656831 1.0010016667082349
2044.1370182860664 1.0002748786903177
2044.1384072064493 0.9998554950388214
2044.1397961268322 0.9997044652835833
2044.1411850476811 0.9998798651209708
2044.1425739680644 0.999671928212522
2044.1439628884473 0.999700576319294
2044.1453518092958 1.00005988265139
2044.146740729679 0.9999913268546126
2044.148129650062 1.0005011212856079
2044.1495185704448 0.9995889507587957
2044.150907490828 1.0000250660061596
2044.1522964116766 1.0000915882870103
2044.1536853320595 0.999307709065804
2044.1550742524423 0.9998698139848525
2044.1564631728243 0.9996259669005056
2044.1578520936728 1.0001780420364492
2044.159241014056 1.000109386748906
2044.160629934439 0.9998230404430972
2044.1620188548218 0.9998914526825735
2044.163407775205 1.0001448822540733
2044.1647966960536 0.9996039635941011
2044.1661856164365 0.9997113256529253
2044.1675745368198 1.0007884538064626
2044.1689634572026 0.9996364234804413
2044.1703523775855 0.9993355660025414
2044.1717412984344 0.9999257939336719
2044.1731302188173 0.9996459612573338
2044.1745191392001 0.9992196474558821
2044.1759080595834 0.9997192346133742
2044.1772969799663 0.9996129969398267
2044.1786859003491 0.9997801519990143
2044.180074821198 0.9998985080445135
2044.181463741581 1.0001405412809745
2044.1828526619638 0.9994814173153204
2044.184241582347 1.0009070415360157
2044.18563050273 1.0000125808557356
2044.1870194231128 1.000095183410837
2044.1884083439618 1.0001332757822476
2044.189797264345 1.0004291253142044
2044.1911861847275 1.0003612305620517
2044.1925751051094 0.9994909248755821
2044.1939640254927 1.0001117791225553
2044.1953529458756 1.0000530397218867
2044.1967418662584 1.000097769711513
2044.1981307866417 0.9998578597450611
2044.1995197074903 1.0001995576985137
2044.200908627873 1.0000147112368105
2044.2022975482564 1.0003430902489885
2044.2036864686393 0.9999485147269828
2044.205075389022 0.9997504133482358
2044.2064643094054 1.0000769842573718
2044.2078532297883 1.0002266746613668
2044.2092421501711 0.9999108043878547
2044.2106310705544 1.000227132447513
2044.2120199909373 0.9997561524075917
2044.2134089113201 1.0002159680182319
2044.214797832169 1.0000562135545823
2044.216186752552 0.9999383335276223
2044.2175756729348 0.999940114882187
2044.218964593318 0.9995919668820827
2044.220353513701 1.0001555703247234
2044.2217424340838 0.9999165264769952
2044.2231313544671 1.000199547124067
2044.22452027485 1.0002185096527203
2044.2259091952328 1.0004984129389136
2044.2272981156154 0.9999480741496402
2044.2286870359976 0.9994431832326669
2044.2300759563805 0.9993951939374297
2044.2314648767638 1.000667252246005
2044.232853797147 1.00041996232785
2044.23424271753 1.0000253650041881
2044.2356316379128 0.9999676432172835
2044.237020558296 0.9996692165789931
2044.238409478679 0.999826853022274
2044.2397983990618 0.99937072648028
2044.241187319445 0.9999447777398832
2044.242576239828 1.0001962319205346
2044.2439651602108 0.9994170138811128
2044.245354080594 0.9998324574872722
2044.246743000977 1.0002784351942084
2044.2481319213598 1.0001604187854427
2044.249520841743 1.0001862391758845
2044.250909762126 1.0004390420448508
2044.2522986825088 0.9999964461073503
2044.2536876028921 0.9998189959058484
2044.255076523275 1.0002986207535383
2044.2564654436578 1.0000267693377372
2044.2578543640411 1.0001089680852613
2044.259243284424 0.9999095128522544
2044.2606322048068 0.9997807787624244
2044.2620211251901 1.0001142838329589
2044.263410045573 1.0001826096626092
2044.264798965955 0.9996546925751443
2044.2661878863378 1.0001190046099189
2044.2675768067206 0.9996981809988066
2044.2689657271035 0.9997678146324852
2044.2703546474868 1.0002099164383396
2044.2717435678696 0.9996668487120222
2044.2731324877868 0.9998773530079944
2044.2745214081701 0.9998633903554301
2044.2759103285534 0.9999283838144579
2044.2772992489363 0.9997613685796045
2044.2786881693191 1.0000350356351468
2044.2800770897024 1.0005117810845758
2044.2814660100853 0.999805072909478
2044.2828549304681 1.0005686597134358
2044.2842438508515 0.9999293501826244
2044.2856327712343 1.000050410758934
2044.2870216916172 0.9995684548672659
2044.2884106115348 1.0006491180761872
2044.2897995319177 0.9995894427874918
2044.2911884523005 0.999555627856076
2044.2925773726838 0.9993072127130253
2044.2939662930667 0.9997740494491006
2044.2953552134495 0.9996382602375724
2044.2967441338328 0.9999267807853381
2044.2981330542157 1.0001279791675464
2044.2995219741329 0.9996271998402826
2044.3009108945157 1.000090238468458
2044.3022998148977 0.9995883283944961
2044.3036887352805 1.0000286181230769
2044.3050776556638 1.0000873875210856
2044.3064665760467 0.9997237794445082
2044.3078554959638 0.9998530280304988
2044.3092444163472 1.0002803326156535
2044.31063333673 0.9999413587647129
2044.3120222571129 0.9995164690179592
2044.3134111774962 0.999870789181378
2044.314800097879 1.0000820378291324
2044.3161890177962 0.9999119377535853
2044.3175779381795 1.0002746940039997
2044.3189668585624 0.9997220096057974
2044.3203557789452 0.9999501247649097
2044.3217446993285 0.999354132130266
2044.3231336192462 1.0002124822320893
2044.324522539629 0.9995438584798482
2044.3259114600119 0.9999354813094317
2044.3273003803952 0.9996839196888966
2044.328689300778 0.9996071341600806
2044.3300782206952 1.000021975804403
2044.3314671410785 0.9997242518055954
2044.3328560614614 0.9998652041613519
2044.3342449818442 0.9998243368687262
2044.3356339022275 0.9995701373127192
2044.3370228221447 0.9997951783519347
2044.338411742527 0.9996745907461876
2044.3398006629095 0.9995966552265569
2044.3411895832924 0.999805954927924
2044.3425785032096 1.0003590182975328
2044.3439674235929 0.9997548419598614
2044.3453563439757 0.9995926069377267
2044.3467452643586 0.9999241934931568
2044.3481341842762 1.0008252088614373
2044.349523104659 1.0012982332374512
2044.350912025042 1.0006728609068167
2044.3523009449596 1.0007103704043894
2044.3536898653424 1.0007726667000367
2044.3550787857253 0.9999176021712418
2044.3564677061086 0.9998149095984482
2044.3578566260258 0.9998413588371036
2044.3592455464086 0.9999163160754813
2044.360634466792 0.9998218991989595
2044.362023386709 1.0001575563680036
2044.363412307092 1.0004686335902537
2044.3648012274753 1.000017583206032
2044.3661901478588 0.9997950303654785
2044.3675790677758 1.000097346798264
2044.3689679881586 1.0000145128410916
2044.3703569085421 1.000245054517846
2044.371745828459 1.0005746769786832
2044.373134748842 1.0003588753822341
2044.3745236692248 1.000092722903619
2044.375912589141 1.0001482787806224
2044.377301509524 0.9999905634738495
2044.3786904299072 1.0001363512407964
2044.3800793498244 1.000010497122491
2044.3814682702073 1.0005231826156182
2044.3828571905906 0.9998896130998116
2044.3842461105078 1.000342467005415
2044.3856350308906 0.9999283024701804
2044.387023951274 1.0004591742881266
2044.3884128711911 1.000309875367137
2044.389801791574 1.000344172142195
2044.3911907114916 0.9999671051196578
2044.3925796318745 1.0000538790562559
2044.3939685522573 1.0003484866883037
2044.395357472175 0.9999392887351132
2044.3967463925578 1.0001942665206995
2044.3981353129407 1.0000997217574368
2044.3995242328583 1.0000174445933783
2044.4009131532412 1.0004226570584671
2044.4023020731584 1.000182914835112
2044.4036909935417 1.0000411303419356
2044.4050799139245 0.9997795096204395
2044.4064688338417 0.99971317666856
2044.407857754225 1.0000936789785198
2044.4092466741429 0.9998365710990541
2044.410635594525 1.0004208653543099
2044.412024514907 1.0002381097970106
2044.4134134348249 1.000051483829954
2044.4148023552075 0.9999492254824462
2044.4161912751247 0.9997238762032412
2044.4175801955082 0.9998284919007774
2044.4189691154252 0.9999223774777368
2044.420358035808 0.999763728176216
2044.4217469561913 1.0001350897434025
2044.4231358761085 1.000309856291926
2044.4245247964914 0.9994799468028918
2044.425913716409 1.0004304134500965
2044.4273026367919 0.9997192729924133
2044.428691556709 1.0002443282867866
2044.4300804770924 1.0003041300221192
2044.4314693970096 1.000053923721952
2044.4328583173924 1.0000721693712717
2044.43424723731 0.9995346292137953
2044.435636157693 0.9995816232054325
2044.43702507761 0.9994648728961301
2044.4384139979934 0.9996202735325356
2044.4398029179106 0.999947269296995
2044.4411918382934 1.0007214805109637
2044.442580758211 0.9997772118957314
2044.443969678594 1.0001373381466412
2044.4453585985111 1.000163808895741
2044.4467475188944 0.9994309342316006
2044.448136438811 0.9996341729744079
2044.449525359193 1.0002946244914375
2044.4509142791107 1.0000816531587948
2044.4523031994943 1.0001401208286258
2044.4536921194112 0.9995897770608321
2044.455081039794 0.9992277077519084
2044.456469959712 1.0002726714615908
2044.4578588800946 0.999955066768782
2044.4592478000118 1.0001103282795611
2044.4606367203953 1.000484573052328
2044.4620256403123 1.0003503574845956
2044.4634145606951 1.0003758595169783
2044.464803480613 0.9993873193209382
2044.4661924009956 1.000227656555627
2044.4675813209128 0.9992071265716661
2044.4689702408307 0.9995325086940332
2044.4703591612133 0.9999291037217254
2044.4717480811305 1.0000219850062257
2044.4731370015138 0.9998119027913626
2044.474525921431 0.9993944734505232
2044.4759148418138 0.9997611398238335
2044.4773037617315 0.9996925081659886
2044.4786926816487 0.999956393782247
2044.4800816020315 0.9992074904667908
2044.4814705219492 0.9993310532104157
2044.482859442332 0.9999630994575385
2044.4842483622485 0.9992512208202916
2044.4856372821655 0.9990378471134048
2044.4870262025483 0.9998433664946714
2044.4884151224655 0.9993973500557237
2044.4898040428488 1.000163666294178
2044.491192962766 0.9996874868195217
2044.4925818826832 0.9999202312002914
2044.4939708030665 0.9994418841783386
2044.4953597229844 0.9997297079506741
2044.496748643367 0.9999079106728829
2044.4981375632842 0.9996813448492384
2044.499526483202 1.000251692464459
2044.5009154035847 0.9999305913348155
2044.502304323502 0.9998654173418797
2044.5036932434198 0.9994766096660107
2044.5050821638024 0.9994539719489538
2044.5064710837196 0.9994913405782466
2044.5078600036375 0.999763646341661
2044.50924892402 1.0007373198306748
2044.5106378439373 1.0002912740698806
2044.5120267638551 1.000285740951292
2044.5134156842378 1.0011149986415238
2044.514804604155 1.0005411695625108
2044.5161935240728 1.0004333827247214
2044.5175824444555 1.0008525209230326
2044.5189713643726 1.0004588092790039
2044.5203602842905 0.9997741872825423
2044.5217492046727 1.000116773319632
2044.523138124589 1.0009653807832308
2044.5245270445066 1.000629136888968
2044.5259159648895 1.0004400581533917
2044.5273048848067 1.0004058894929186
2044.5286938047243 0.9999684362657216
2044.5300827251071 0.9996400276573274
2044.5314716450243 0.9997010538438633
2044.532860564942 0.9996025186334055
2044.5342494848592 1.0002322830502706
2044.535638405242 0.9999114318178672
2044.5370273251597 0.9997852165652809
2044.5384162450778 0.9998193607717283
2044.5398051654604 0.9994206947674862
2044.5411940853774 1.00019035555321
2044.5425830052955 1.000231512403447
2044.5439719252124 0.9998632573575106
2044.545360845595 0.9996222737688424
2044.546749765513 0.9996252231833468
2044.5481386854299 0.9996452923969099
2044.549527605347 0.9993700009286418
2044.5509165257306 1.0000396296387488
2044.5523054456476 0.9996523794422009
2044.5536943655648 0.9991614126486359
2044.5550832854826 0.9992201858846143
2044.5564722058652 0.999509066215339
2044.557861125782 0.9997523177862438
2044.559250045699 0.9998466862786329
2044.560638965616 0.9996794392448878
2044.562027885533 0.9998490445740432
2044.5634168059166 0.999963434991869
2044.5648057258336 0.9993081111892507
2044.5661946457508 0.9991289689596318
2044.5675835656684 0.9996421369556167
2044.5689724855856 0.9996857427386009
2044.5703614059685 0.9999903922729504
2044.5717503258861 1.0009483686885725
2044.5731392458033 1.0013613905331058
2044.5745281657205 1.001518635298558
2044.5759170856381 1.0017977254464085
2044.577306006021 1.0018402613934974
2044.5786949259382 1.0014298567815194
2044.5800838458558 1.0015623735249715
2044.581472765773 1.0010665732459652
2044.5828616856902 1.0008200915878285
2044.5842506060735 1.0007503474969965
2044.5856395259916 1.0009052989155567
2044.5870284459086 1.0006955793228094
2044.5884173658255 1.0006442451397268
2044.5898062857436 1.0007358148323497
2044.5911952056606 1.0008173001523684
2044.5925841255776 1.0003429271738866
2044.5939730459604 1.0003828480333392
2044.5953619658767 1.0004205389292453
2044.5967508857939 0.9998941381829287
2044.5981398057118 1.00057038706342
2044.5995287256287 1.0001394586965144
2044.600917645546 1.0005359145281312
2044.6023065654638 1.0005135276964243
2044.6036954853807 1.0004906756408052
2044.6050844057636 1.0002384781511515
2044.6064733256815 1.0004995313162353
2044.6078622455984 1.0008382948934367
2044.6092511655156 1.0002738016000128
2044.6106400854335 1.0001883406486527
2044.6120290053505 1.000605265871608
2044.6134179252676 1.0009623068678026
2044.6148068451855 1.0001389325857426
2044.6161957651025 1.000412566699746
2044.6175846854853 1.0001976721500305
2044.618973605403 0.999751427623483
2044.6203625253202 1.0002781705622052
2044.6217514452374 0.9998041060953898
2044.623140365155 1.0006002950221853
2044.6245292850722 0.9999049862891237
2044.6259182049894 0.9996658278821702
2044.627307124907 0.9997704400227173
2044.6286960448251 0.9998318728186317
2044.630084964742 0.999795377066016
2044.6314738846586 1.0000871576940062
2044.6328628045758 0.9997145538798854
2044.6342517244927 1.0000334568428952
2044.6356406444097 0.9994737166564877
2044.6370295643278 0.999572345141801
2044.6384184842448 0.9997436028801632
2044.6398074041617 0.9995690995736729
2044.6411963245455 0.9994858391132573
2044.6425852444625 0.9999678369231421
2044.6439741643794 0.9996451656213438
2044.6453630842973 0.9998203668655924
2044.6467520042142 1.000432578354102
2044.6481409241314 0.9997831910880545
2044.6495298440493 0.9998309084600847
2044.6509187639663 1.0004733483702515
2044.6523076838835 1.0001894266266484
2044.6536966038013 0.9998584022370341
2044.6550855237183 1.0007497088914983
2044.6564744436355 0.9999027232690968
2044.6578633635534 1.0001094326885496
2044.6592522834703 1.0001559602051286
2044.6606412033875 0.9994760170232506
2044.6620301233054 0.9997601122562413
2044.6634190432223 0.9998605367686101
2044.6648079631395 0.9995658425390146
2044.6661968830574 1.0000429001582396
2044.667585802974 0.9997364112704229
2044.6689747228902 0.9997517317122178
2044.6703636423422 1.0000202209199793
2044.6717525622603 0.9996043601960878
2044.6731414821772 0.9998713186588295
2044.6745304020942 1.0005539795836318
2044.6759193220123 0.9997760778445038
2044.6773082419293 0.9995956424750233
2044.6786971618462 0.9997572742068728
2044.6800860817643 0.9999014865941719
2044.6814750016813 0.9997713097907456
2044.6828639215983 0.9999253300813552
2044.6842528415164 1.0002029691215841
2044.6856417614333 0.999851487722615
2044.6870306813503 0.999933165343099
2044.6884196012684 0.9995634834766345
2044.6898085211853 0.999644813879552
2044.6911974411023 0.9996400336763042
2044.6925863605547 1.0001542162909183
2044.6939752804717 0.9998113235321263
2044.6953642003887 0.9999433402874855
2044.6967531203065 0.9991995419679142
2044.6981420402235 0.9995107644095828
2044.6995309601407 0.9992624264324685
2044.7009198800586 0.9991320784956151
2044.7023087999755 0.9997016674732392
2044.7036977198923 0.9996758598649335
2044.7050866398092 0.999826429121409
2044.7064755592605 0.9999980143791652
2044.7078644791777 0.9994682161320076
2044.7092533990956 0.9993745571970071
2044.7106423190125 0.9999755902972717
2044.7120312389297 0.9995055124731383
2044.7134201588476 0.999400768571824
2044.7148090787655 1.0002294798852998
2044.7161979986824 0.9996275850954627
2044.7175869181337 1.0000636439042978
2044.7189758380518 1.0008062110951181
2044.7203647579688 1.0002501253253995
2044.7217536778858 1.0007726592814281
2044.7231425978039 1.0005119024919167
2044.7245315177208 1.0001070714692133
2044.7259204371721 1.0004875904380433
2044.7273093570902 0.9998409762424111
2044.7286982770072 1.0002075899945826
2044.7300871969242 1.000528651498525
2044.7314761168423 1.0005035378995453
2044.7328650367592 1.0003098443528298
2044.7342539562105 1.000000933946734
2044.7356428761286 1.0004212003884196
2044.7370317960456 0.9999980154465963
2044.7384207159625 0.9997627934526323
2044.7398096358806 0.9999039292583152
2044.7411985553313 1.00152544616682
2044.7425874752475 1.0009552053858368
2044.7439763951654 1.0002773493156265
2044.7453653150824 1.0005483812830394
2044.7467542349996 1.000056961088573
2044.7481431544518 1.0003484132257894
2044.7495320743687 1.0000916242909184
2044.750920994286 1.0003936841070789
2044.7523099142038 1.0000627921644716
2044.7536988341217 1.000275090256331
2044.7550877535732 0.9995924486761935
2044.7564766734902 0.9999078009929949
2044.757865593408 1.0006269375896
2044.7592545133252 1.000370879018284
2044.7606434327765 1.0000679194894975
2044.7620323526944 1.0000284743390773
2044.7634212726116 0.9999267147921758
2044.7648101925286 1.000243072861061
2044.7661991119808 1.000220312072985
2044.7675880318977 0.999847255416715
2044.7689769518147 0.9998725799228432
2044.7703658717328 0.9998350105317888
2044.771754791184 1.0001810878901674
2044.773143711101 0.9993345888598064
2044.7745326310192 1.0000537870706383
2044.7759215509361 1.0003931848580194
2044.777310470387 1.00014327000247
2044.7786993903042 0.9997876655129826
2044.7800883102211 1.0003379776778403
2044.7814772296724 0.9996715970277372
2044.7828661495905 0.9997019362246181
2044.7842550695075 1.0000465459303343
2044.7856439894244 0.9999102934268179
2044.7870329088769 0.9998233907208505
2044.7884218287938 1.000339679262056
2044.7898107487108 0.9999552082693001
2044.791199668163 0.9999199834834712
2044.79258858808 1.0003840935130652
2044.7939775079972 1.0001552434978518
2044.7953664274494 1.0003255257310537
2044.7967553473673 0.9997577567976218
2044.7981442672844 0.9996751895679986
2044.7995331867357 1.0000265906609167
2044.8009221066536 0.9999608149099267
2044.8023110265708 0.9995623307282313
2044.803699946022 0.9999084569135847
2044.80508886594 0.9999456587206733
2044.8064777858572 0.99992665288425
2044.8078667053085 0.9990672537035069
2044.8092556252263 0.9998437471030538
2044.8106445451435 0.9998464324222784
2044.8120334645948 0.9999826263602889
2044.8134223845127 0.9996841337183583
2044.814811304429 1.0000754376784504
2044.8162002238796 0.9998055217369101
2044.8175891437977 0.9998877224695321
2044.818978063249 0.9999492837229431
2044.820366983166 0.9997966726837095
2044.821755903084 0.9996368392587603
2044.8231448225354 1.0002496032695347
2044.8245337424523 0.9998813215371449
2044.8259226623704 1.0000622526433767
2044.8273115818217 0.9997522765204888
2044.8287005017387 0.9999658439368675
2044.8300894211911 0.9998223450730134
2044.831478341108 0.9997638305977627
2044.832867261025 1.000069357472376
2044.8342561804775 0.999636898565895
2044.8356451003945 0.9998023072930309
2044.8370340198458 0.9998366966328152
2044.8384229397639 0.9997685112334994
2044.8398118596815 0.9993081064951852
2044.841200779133 0.9999029078685422
2044.84258969905 1.0001606133237726
2044.8439786185022 1.0004364930574292
2044.8453675384194 1.0003825228324872
2044.8467564578707 0.9993783199393564
2044.8481453777886 0.999923544103747
2044.8495342977058 1.0001804147861806
2044.8509232171564 1.0004182819392757
2044.8523121370736 1.0008519355778203
2044.853701056525 0.9996566671258423
2044.855089976442 0.9997602758284732
2044.8564788958943 1.000166301064595
2044.8578678158115 0.999874372371711
2044.8592567352628 0.9995548311137624
2044.8606456551806 0.9999420820107074
2044.8620345746322 0.9998721625058107
2044.8634234945491 1.0002838727751209
2044.864812414467 1.0000869322022048
2044.8662013339183 1.0001845831148402
2044.8675902538353 1.0003972459170134
2044.8689791732877 1.0004069127152415
2044.8703680932047 0.9997422463879828
2044.871757012656 1.0001654637336705
2044.873145932574 0.9999277558941577
2044.8745348520254 0.999873224620338
2044.8759237719423 1.0000778356016546
2044.8773126913948 0.9997128956685697
2044.8787016113117 1.0001012546841943
2044.880090530763 0.999687033966369
2044.8814794506811 0.9995360290024985
2044.882868370133 0.9997787351808499
2044.8842572900503 1.0000325079195818
2044.8856462095018 0.9999801923832257
2044.8870351294188 1.0000006990871437
2044.8884240488696 0.9999737844398183
2044.8898129687866 0.9996832014757056
2044.8912018882388 1.000016428232045
2044.8925908076903 1.0000403131422357
2044.8939797276073 1.0001845532215838
2044.8953686470595 1.0004302704400596
2044.8967575669767 0.9998620529274024
2044.898146486428 0.9999720380096655
2044.8995354063459 0.9998516859624433
2044.9009243257974 0.9996335845347275
2044.9023132457144 1.000160778821934
2044.9037021651666 0.9998572807663638
2044.9050910850838 0.9998266410325297
2044.906480004535 0.9996084301345458
2044.9078689239873 0.9996961592572865
2044.9092578439045 1.00015692946702
2044.9106467633558 1.0005437167742393
2044.9120356832736 1.0002789046062366
2044.9134246027252 1.0001022880961703
2044.9148135226421 1.0002487281660941
2044.9162024420943 1.000207951797123
2044.9175913615456 1.0000252802201732
2044.9189802814626 1.000290314042439
2044.920369200915 1.000277265089774
2044.921758120832 1.0006417842183757
2044.9231470402833 1.0003899149153697
2044.9245359597348 1.0002573403150339
2044.925924879652 1.0004856680737721
2044.9273137991036 1.0000330842539453
2044.9287027190207 1.000161575956193
2044.9300916384727 1.000221569034947
2044.9314805579243 0.9999732068385467
2044.9328694778415 0.9998242142587049
2044.9342583972934 0.9999216017016974
2044.935647316745 0.9998018504211814
2044.9370362366622 1.0006211228601287
2044.9384251561141 1.0001642497108156
2044.9398140760313 1.0006169247767638
2044.9412029954826 1.0000299376434998
2044.9425919149348 0.9999100710310718
2044.943980834852 1.000210493503008
2044.9453697543033 1.000350512401604
2044.9467586737555 0.9999972042856438
2044.9481475936727 0.9998641742129968
2044.949536513124 0.9999824101639897
2044.9509254325762 1.000368571219224
2044.9523143524934 1.0001485242283206
2044.9537032719447 0.9996860606258285
2044.955092191397 1.000080844067985
2044.9564811113141 1.000155748143254
2044.9578700307654 0.9999072730434932
2044.9592589502176 0.9999532868741592
2044.960647870134 0.9999112330188008
2044.9620367895845 1.000240091423459
2044.963425709037 0.9993151362347683
2044.964814628954 1.0002278620805345
2044.9662035484052 1.0001232506389113
2044.9675924678577 0.9996380514938443
2044.9689813877753 0.9997779597953456
2044.9703703072269 1.0000453167682877
2044.9717592266784 0.9998688254013669
2044.9731481461304 0.9999066861418087
2044.9745370660476 0.9999589928026543
2044.975925985499 0.9998469209976044
2044.977314904951 0.9994257759829669
2044.9787038248683 0.9998597346701877
2044.9800927443198 1.0000701328936785
2044.9814816637718 1.00019688655944
2044.9828705832233 1.0002215871042364
2044.9842595031405 0.9995722005875951
2044.9856484225925 0.9996743718784992
2044.987037342044 0.999478642821634
2044.9884262619612 0.9999709901008671
2044.9898151814132 1.0002201980827388
2044.9912041008647 0.9999530474970588
2044.992593020316 1.0001730148958252
2044.9939819402339 0.9998246536297514
2044.9953708596854 0.9997745524604191
2044.9967597791367 1.0003755149786553
2044.998148698588 0.9999419772746656
2044.9995376185047 0.9996265758673168
2045.000926537956 1.0003784394383297
2045.0023154574083 0.999552929500233
2045.0037043768598 0.9999342844379258
2045.005093296311 1.000140753513682
2045.006482216229 0.9999553732526385
2045.007871135681 0.9995829738196347
2045.0092600551325 0.9998083224191692
2045.010648974584 1.000228034732125
2045.0120378945016 0.9997118357102324
2045.0134268139532 0.9995561542378589
2045.0148157334047 0.9995602275071053
2045.0162046528567 0.9994353035057212
2045.0175935723082 0.9994383260438076
2045.0189824922254 0.9994869119428791
2045.0203714116774 0.9994567233917987
2045.021760331129 0.9995754651238131
2045.0231492505804 0.9997070290308127
2045.0245381700324 0.9998919701795742
2045.0259270899496 1.0001835481429298
2045.0273160094011 0.9996959466861335
2045.0287049288531 0.9998183118572666
2045.0300938483047 0.9999576949110824
2045.0314827677562 0.9999613071967333
2045.0328716872082 1.0001186446584323
2045.0342606071245 1.0000413747561074
2045.0356495265755 1.0007165494484387
2045.0370384460275 1.000623785965888
2045.038427365479 1.000206766148302
2045.0398162849303 1.000165508977988
2045.0412052043825 1.0003552670733045
2045.0425941242997 1.000132993990793
2045.043983043751 1.0000335694109932
2045.0453719632033 0.9996955388752097
2045.0467608826548 1.000059098113826
2045.048149802106 1.0000354362369794
2045.0495387215583 0.9999550045438417
2045.0509276410103 1.000330361748446
2045.0523165609275 1.0009683039447772
2045.053705480379 1.0003372452067583
2045.055094399831 1.0005114133064683
2045.0564833192825 1.0002685932950766
2045.057872238734 1.0000037305272307
2045.059261158186 0.9999523183261191
2045.0606500776375 1.0005135473918554
2045.062038997089 0.9999491689591156
2045.063427916541 1.0000193534140938
2045.0648168364582 1.0000176049153857
2045.0662057559098 1.0005289737594272
2045.0675946753618 1.000501935278215
2045.0689835948133 1.0000682089268578
2045.070372514264 0.9998937788573753
2045.0717614337154 1.0002354163698213
2045.073150353167 1.0007998972027152
2045.0745392726185 1.0000576033306385
2045.0759281920705 1.0001416805363943
2045.077317111522 1.0004772916236662
2045.0787060314392 0.9999190696697028
2045.0800949508912 1.0004783636092873
2045.0814838703427 1.0001155705751952
2045.0828727897942 0.9998875759008448
2045.0842617092462 0.9999773746922405
2045.0856506286977 0.9998816229206017
2045.0870395481493 0.9998387000459991
2045.0884284676013 0.99978796047014
2045.0898173870528 0.9997856222762482
2045.091206306504 0.9993797121551806
2045.0925952259563 1.0002815750754501
2045.0939841454083 1.0008123155624336
2045.0953730648598 1.0001783546301282
2045.0967619843113 1.0002957096898408
2045.0981509037633 1.0000724420772515
2045.0995398232149 0.9999532205657325
2045.1009287426664 1.0000792119773176
2045.1023176621184 1.0002411426451494
2045.10370658157 1.0001444325004392
2045.1050955010214 1.00011130211103
2045.1064844204734 0.9995481298842487
2045.1078733399243 0.99985112279779
2045.1092622598408 0.9996497326848993
2045.1106511792927 0.9995624447367703
2045.1120400987443 0.9999379237042653
2045.1134290181958 0.9997486537103917
2045.1148179376478 0.9992517750213983
2045.1162068570993 0.9992791776393599
2045.1175957765508 1.0001417882875638
2045.1189846960028 1.000272615186043
2045.1203736154544 0.9994326962554685
2045.1217625349059 1.0000282435334855
2045.1231514543579 0.9999633523539285
2045.1245403733437 0.9997789410154171
2045.1259292927953 1.000138545507939
2045.1273182122472 0.9999668508583935
2045.1287071316988 1.000012839875892
2045.1300960511503 1.0000524115560827
2045.1314849706023 0.9998154451513146
2045.1328738900543 0.9996634484729456
2045.1342628095058 1.0001769783813201
2045.1356517289573 1.0004856559869826
2045.1370406484093 0.9996362138170802
2045.1384295678608 1.0002961986055432
2045.1398184873124 1.0000593117594203
2045.1412074067644 1.0003757304296463
2045.1425963262159 1.0000711084167495
2045.1439852456665 1.0000259221967451
2045.145374165118 1.0003134136609588
2045.1467630845696 0.9996267851487581
2045.148152004021 0.9998565945933826
2045.149540923473 1.0005827507869178
2045.1509298429246 1.000532553065234
2045.1523187623761 1.0003705808121361
2045.153707681828 0.9999760567247725
2045.155096600814 1.0004229340268471
2045.1564855202655 1.0003598728566043
2045.1578744397175 1.0009334535732293
2045.159263359169 1.0003081386927817
2045.1606522786205 1.0001496357053923
2045.1620411980725 1.000283163213454
2045.163430117524 0.9999995327161214
2045.1648190369756 0.9995848022676291
2045.1662079564276 0.9998089835447794
2045.167596875879 1.0001761854929472
2045.1689857953306 1.0004855794811591
2045.170374714317 1.0003677031174143
2045.1717636337685 0.9999865626812943
2045.17315255322 0.9998993916290096
2045.174541472672 1.000068710684897
2045.175930392124 1.0001650061269627
2045.1773193115755 0.9997776076496424
2045.178708231027 1.0000543437611025
2045.180097150479 0.9997332969002719
2045.18148606993 0.9996566154013018
2045.182874988915 1.000197646129274
2045.184263908367 1.0000312084398844
2045.1856528278186 0.9996348359491151
2045.18704174727 0.9999797772150466
2045.188430666722 0.9996211298490061
2045.1898195861736 0.9992176790506093
2045.1912085056251 1.0002208403624635
2045.1925974246114 0.999940023597733
2045.193986344063 0.9998436807992319
2045.1953752635145 1.000434601734338
2045.1967641829665 1.000261917111653
2045.198153102418 0.9999520578579801
2045.1995420218695 0.9997145575419721
2045.2009309408559 0.9998000305684266
2045.2023198603074 1.0002633606408224
2045.203708779759 0.9999902931821534
2045.205097699211 1.0003018591647472
2045.2064866186624 1.0000461989006533
2045.207875538114 0.9996646635371715
2045.2092644571003 0.9998033757379697
2045.2106533765518 1.0001842331514397
2045.2120422960033 1.0002708045761879
2045.2134312154553 0.9997266099422266
2045.2148201349075 0.9996046972588171
2045.2162090538932 1.0004187170621528
2045.217597973344 0.9999706334688366
2045.2189868927953 0.9999695793075642
2045.2203758122469 0.9999732053273426
2045.2217647316984 0.9998463625425091
2045.2231536506847 1.000861951241831
2045.2245425701362 0.9997926363676257
2045.2259314895878 0.9994087769934203
2045.2273204090397 0.9999094170248244
2045.2287093284913 1.00008929939301
2045.2300982474771 1.0001575391126545
2045.2314871669291 0.9998196301399558
2045.2328760863807 0.9997776006386373
2045.2342650058322 1.0002342312666785
2045.2356539252842 0.9997776990079686
2045.23704284427 0.9999026001658373
2045.2384317637216 0.9998782455179132
2045.2398206831735 0.999879411180012
2045.241209602625 1.0002113312911276
2045.242598521611 1.0000463659786119
2045.243987441063 1.0001401565655388
2045.2453763605145 0.9997809162991365
2045.246765279966 0.9997306713041165
2045.2481541989523 1.0002383060526576
2045.2495431184038 1.0004594166895322
2045.2509320378554 0.9997595662589365
2045.2523209573073 0.9998251430887015
2045.2537098762925 1.0004965971383823
2045.2550987957434 1.0002529938483844
2045.2564877151954 0.9999920350588597
2045.257876634182 0.9991235874113792
2045.2592655536332 0.9998999618004017
2045.2606544730847 1.000222929108075
2045.262043392537 0.9999012411978142
2045.2634323115226 1.0000056235128445
2045.2648212309741 0.9997055739088573
2045.266210150426 1.000027768443519
2045.267599069412 1.0000742867621342
2045.2689879888635 1.0005799055746396
2045.2703769083155 1.0002377597663135
2045.271765827767 1.000123865247267
2045.2731547467529 0.9997937446260807
2045.2745436662049 1.0010350477092336
2045.2759325856564 0.9999203072296929
2045.2773215046423 0.999669963515498
2045.2787104240942 1.0000101968854493
2045.2800993435458 1.0001447554740133
2045.2814882625316 0.9999867545601236
2045.2828771819836 0.9998885224940156
2045.2842661014352 0.9999170037023617
2045.285655020421 1.0005811145394694
2045.287043939873 0.9999871040503833
2045.2884328593245 0.9998865110531552
2045.2898217783104 1.0002937002526877
2045.291210697762 1.000268152751157
2045.2925996172125 1.000311666748746
2045.2939885361984 0.9997063781949693
2045.2953774556504 1.0001140997907623
2045.2967663751026 1.0005061423707189
2045.2981552940882 1.0000676686870715
2045.2995442135398 1.000012666461345
2045.300933132992 0.9994752574012574
2045.3023220519776 1.0003490620833189
2045.3037109714292 0.9998288629095722
2045.3050998908814 0.9999393543691951
2045.306488809867 0.9994562758378953
2045.3078777293185 1.0000574836632017
2045.3092666487707 0.999835401973487
2045.3106555677564 1.000410163321497
2045.312044487208 1.0002551900972632
2045.3134334061945 0.9999462614198883
2045.3148223256458 0.9999567023119674
2045.3162112450973 1.0004065914517462
2045.3176001640836 1.0000495207517766
2045.3189890835351 1.0006149301520322
2045.3203780029867 1.00040465152087
2045.321766921973 1.0003138298378003
2045.3231558414245 0.9998899080544464
2045.3245447604104 1.0003010642533325
2045.3259336798624 1.000320679333109
2045.3273225993134 0.9999454161799121
2045.3287115182984 1.000257318583062
2045.3301004377504 1.0001119949135056
2045.3314893567363 1.0017578988017923
2045.3328782761878 1.00116024833829
2045.3342671956398 1.0002077980869428
2045.3356561146256 1.0003879055191771
2045.3370450340772 1.0004034207164991
2045.3384339530635 0.9999165181958631
2045.3398228725157 1.0000081019597584
2045.3412117915013 0.9996432639772591
2045.3426007109529 1.000259166046641
2045.343989630405 1.0003162478095757
2045.3453785493907 0.9999215512742281
2045.3467674688422 1.0003364749010277
2045.3481563878288 0.9999301186174808
2045.34954530728 0.9997198754861217
2045.350934226266 0.9999400968809621
2045.3523231457182 1.000102543995544
2045.3537120651695 0.9999667570139764
2045.3551009841553 1.0001831374248435
2045.3564899036076 0.999378317373445
2045.3578788225932 0.9997511754551386
2045.3592677420447 0.9996840816138554
2045.3606566610313 0.9999616983064894
2045.3620455804826 1.000086476243472
2045.3634344994678 0.9997736950186702
2045.364823418919 1.000050879522461
2045.366212337905 1.0000499416211825
2045.3676012573565 0.9997489892587145
2045.3689901763428 1.0001038871907328
2045.3703790957943 1.0003741981007566
2045.3717680147802 0.9997464887159272
2045.3731569342322 0.9995705289792447
2045.374545853218 0.9992793663219238
2045.3759347726696 0.9998247415761057
2045.3773236921215 1.000097331163052
2045.3787126111083 0.9994471397150706
2045.3801015305596 0.9999621458016755
2045.3814904495453 0.9992408866425205
2045.3828793689977 0.9999748401437968
2045.3842682879833 1.0003059288349803
2045.3856572074346 1.000144858317513
2045.3870461264214 0.999827267795121
2045.3884350458727 0.9993235013491168
2045.3898239648584 0.9994745825794962
2045.391212883845 0.9999236772826197
2045.3926018032962 0.9999134421923211
2045.393990722282 0.9996947991660902
2045.3953796417343 0.9999441320807001
2045.39676856072 1.0002746483354488
2045.3981574801714 1.000618369102953
2045.399546399158 0.999770850542089
2045.4009353186088 0.9999958826469686
2045.4023242375938 0.999438953915517
2045.403713157046 1.0003753033456941
2045.4051020760317 0.9999651739590161
2045.4064909954832 1.0004062830921285
2045.4078799144697 1.0001842657955264
2045.409268833921 1.0003876128169227
2045.410657752907 1.0003157293341736
2045.4120466718934 1.0002946777479935
2045.4134355913448 1.0000230669620964
2045.4148245103306 0.9996112580058136
2045.4162134297826 1.000071325215441
2045.4176023487685 1.0001027555676922
2045.41899126822 1.0000221294433538
2045.4203801872063 0.9995969429345827
2045.4217691066588 0.9998686229602567
2045.4231580256444 1.000097595811362
2045.42454694463 0.9998668440823085
2045.4259358640825 1.000136105377587
2045.4273247830681 1.0002589176465269
2045.4287137025194 1.0005407037980556
2045.4301026215062 1.0005045781785304
2045.4314915409575 1.0002800337689166
2045.4328804599431 1.000199730622744
2045.43426937893 1.0001362611380527
2045.4356582983812 1.0004031482545612
2045.4370472173664 0.9998932897760887
2045.4384361368177 0.9996807968441527
2045.4398250558033 1.0009906130870216
2045.4412139747892 0.9996420280928437
2045.4426028942414 1.000482972509676
2045.443991813227 1.0003879284854484
2045.4453807326786 0.9995775344955572
2045.4467696516651 1.0004980048584633
2045.4481585706508 1.0003022104485169
2045.4495474901023 1.0000888409100843
2045.4509364090889 1.0000212098898889
2045.4523253285402 0.9999602885198118
2045.453714247526 1.0002557203583573
2045.4551031665126 1.0000177951837983
2045.4564920859639 1.0001068942803781
2045.4578810049497 0.9999306982644866
2045.4592699239363 1.0003010295115
2045.4606588433885 0.9996637138788571
2045.4620477623744 1.000176343579532
2045.46343668136 1.0002957650081585
2045.4648256008122 0.9998565313259193
2045.4662145197979 1.0003563878424
2045.4676034392492 0.9997346132574767
2045.468992358236 1.0001237983454645
2045.4703812772216 0.999729753088414
2045.4717701966729 1.0007903819373614
2045.4731591156597 0.999947997177933
2045.4745480346446 0.9993956318035644
2045.4759369540952 1.000518423859385
2045.477325873082 0.9999413853645742
2045.4787147920676 1.0001526175022082
2045.480103711519 1.0002351876594653
2045.4814926305057 1.0008273237162948
2045.4828815494914 0.9999870245454315
2045.4842704689427 1.000140613478203
2045.4856593879294 1.0003993268187419
2045.487048306915 1.0003631260695143
2045.4884372263664 0.9999602407311647
2045.489826145353 0.9997673327651155
2045.4912150643386 1.0001793460382695
2045.49260398379 1.0005010103393854
2045.4939929027767 0.999905480669735
2045.4953818217623 0.9998299518814567
2045.4967707412138 1.0002674171340271
2045.4981596602004 1.0003993745492432
2045.499548579187 1.0000639688341952
2045.5009374981728 1.0000728237988648
2045.502326417624 1.000242796085518
2045.5037153366106 0.9998879806283213
2045.5051042555965 1.000031045804484
2045.5064931750478 0.9998980048858492
2045.5078820940344 0.9995988504314187
2045.5092710130202 0.9997335389463466
2045.5106599320052 0.9996648141519031
2045.5120488514567 1.0008038233085854
2045.5134377704424 1.0000962312080524
2045.514826689428 1.0002868173593342
2045.5162156088804 0.9999432009399595
2045.517604527866 1.0000336557673941
2045.5189934468517 1.0001021525973213
2045.5203823658385 1.000023620140894
2045.5217712852898 1.00003838442438
2045.5231602042754 0.9989433401046949
2045.5245491232622 0.9998790537515129
2045.5259380422478 0.9999364529951782
2045.5273269616991 0.999604881654673
2045.528715880686 1.000008386994347
2045.5301047996716 1.0001169508986967
2045.5314937186572 0.9996940230172662
2045.5328826381096 0.9998555112020759
2045.5342715570953 0.999562970782606
2045.535660476081 0.9994635839680135
2045.5370493950677 0.9998933027444236
2045.538438314519 0.9998304340510168
2045.5398272335046 0.9994792265515757
2045.5412161524912 1.0006054100710786
2045.5426050714777 1.0000307269040045
2045.5439939909293 0.9999745900248238
2045.545382909915 0.999604296199187
2045.5467718289005 1.0002407664528765
2045.548160747886 0.9997515386694836
2045.5495496673373 1.000106860061312
2045.5509385863238 0.9995052775127173
2045.5523275053097 0.9996706425992233
2045.5537164242953 1.0000458708925897
2045.5551053432819 0.9993272765363987
2045.5564942627334 0.9996325275107782
2045.557883181719 0.9997181161789371
2045.5592721007056 0.9995056159474272
2045.5606610196912 1.0000871511426674
2045.5620499386769 0.9992571094343318
2045.5634388581293 0.9998829200727267
2045.564827777115 0.9995974160354019
2045.5662166961006 0.9996004743214273
2045.5676056150874 0.9996827771781717
2045.568994534073 1.0001288112577964
2045.5703834535243 0.9998578163285053
2045.571772372511 0.9998734244897824
2045.5731612914967 0.9998557924471205
2045.5745502104824 0.9997218654017832
2045.5759391294691 1.0003616734085572
2045.5773280489204 1.0001167769698305
2045.578716967906 1.0001366598348582
2045.5801058868929 1.0000880341165332
2045.5814948058792 0.999948999665717
2045.582883724865 0.9997905471441103
2045.58427264385 1.0001699357806058
2045.5856615633015 1.00022745790934
2045.5870504822874 0.9998270918337638
2045.588439401273 1.0001047433592414
2045.5898283202596 0.9998501571042399
2045.5912172392455 1.0000369297330158
2045.592606158231 1.000315336803143
2045.5939950776833 1.000170105029498
2045.5953839966692 0.9998584169523681
2045.5967729156548 0.9998736826951922
2045.5981618346414 1.0003712706596257
2045.5995507536272 0.9997825096047405
2045.6009396726129 0.9999480227757329
2045.6023285915994 0.9997997786553627
2045.603717511051 1.0003970242481997
2045.6051064300366 1.0007724102586693
2045.6064953490231 1.0004607635174765
2045.607884268009 1.0006554695648961
2045.6092731869946 1.0006329957908444
2045.6106621059812 1.000299872483135
2045.6120510249668 1.0005469462385483
2045.6134399439525 0.9998270744346252
2045.614828863405 1.0004816035954682
2045.6162177823905 1.0004445475233503
2045.6176067013762 1.0000792470652229
2045.618995620363 1.0002352624817348
2045.6203845393486 1.0003643989348558
2045.6217734583338 1.0000422938727551
2045.6231623773197 1.0002870673833517
2045.624551296306 1.000080211825569
2045.6259402152918 1.0002412385442794
2045.6273291347434 0.9999699031949298
2045.6287180537297 0.9998053097240268
2045.6301069727156 1.0000547478665218
2045.6314958917014 1.000080110998766
2045.6328848106878 0.9995571178170898
2045.6342737296736 0.9997668746266676
2045.6356626486595 1.0003740597393316
2045.6370515676458 1.000379767270462
2045.6384404866317 0.9997039010854194
2045.6398294056173 1.0004095537571016
2045.6412183250695 1.0003991405497519
2045.6426072440554 1.000173202605081
2045.643996163041 0.999571537981842
2045.6453850820276 0.9999641944771048
2045.6467740010135 0.9996452481691805
2045.648162919999 0.9999034821253995
2045.6495518389856 0.9996548207700425
2045.6509407579715 1.000044112985689
2045.6523296769572 1.0003587305468726
2045.6537185959437 1.0000213470080686
2045.6551075149296 1.0001503851246816
2045.6564964339152 1.000191548318864
2045.6578853529008 1.000215990611703
2045.6592742718867 0.9999817330821356
2045.6606631908726 1.0003576460272288
2045.662052110324 1.000504048581315
2045.6634410293104 1.000610010434951
2045.6648299482963 0.9999398506802034
2045.6662188672822 0.9997891702562299
2045.6676077862685 1.0001683625525615
2045.6689967052544 0.9998743458031973
2045.6703856242402 1.0001395436590104
2045.6717745432265 0.9999461261369877
2045.6731634622124 1.0003265813741813
2045.6745523811983 0.999488151168316
2045.6759413001846 0.9999718725711164
2045.6773302191705 0.9998976920173662
2045.6787191381563 1.000132579147496
2045.6801080571427 0.9996135214322307
2045.6814969761285 1.0005117271700064
2045.6828858951144 0.9994228424522524
2045.6842748141007 1.0003094846907765
2045.6856637330866 1.0000137713427617
2045.6870526520725 1.0007004711677756
2045.6884415710588 0.9999101221353508
2045.6898304900446 1.0007198881234727
2045.6912194090303 1.000464389980243
2045.6926083280168 0.9996616965307449
2045.6939972470018 0.9999685314681163
2045.695386165987 0.9996095351794196
2045.6967750849735 0.9996409899461747
2045.6981640039598 0.9999675774089362
2045.6995529229457 1.0004456220013749
2045.7009418419316 0.9995540033102338
2045.702330760918 0.9996060097938102
2045.7037196799038 1.0000557097637717
2045.7051085988896 1.0003390261373235
2045.706497517876 1.0002163253533314
2045.7078864368618 0.9997081083161687
2045.7092753558477 0.9994273583923835
2045.710664274834 1.0001626522221039
2045.7120531938199 1.0002466621009622
2045.7134421128058 0.9998360273758237
2045.714831031792 0.999908979277457
2045.716219950778 1.000120257279279
2045.7176088697638 0.999243962903558
2045.7189977887501 0.9999227528966178
2045.720386707736 0.9997341397799624
2045.7217756267219 0.999713091694896
2045.7231645457082 1.000216914015997
2045.724553464694 0.9999340316077745
2045.72594238368 0.9999422306802634
2045.7273313026662 0.9995177370993188
2045.728720221652 0.9995112980961548
2045.730109140637 1.0003521273688203
2045.731498059623 1.0006665981878802
2045.7328869786088 0.999843776899145
2045.7342758975944 1.000272033882486
2045.735664816581 0.9999486343942432
2045.7370537355669 1.0007405522512647
2045.7384426540868 0.9997619381705151
2045.7398315730734 1.0007605938197115
2045.7412204920597 1.0014121104960294
2045.7426094110456 1.0006258867124833
2045.7439983300314 1.0007195086505158
2045.7453872490178 0.9998946262979935
2045.7467761680036 1.000295082680835
2045.7481650869895 1.0001060960507053
2045.7495540059758 0.9998086151036821
2045.7509429249617 1.000593923542425
2045.7523318439476 1.0005812196810548
2045.7537207629339 1.00012229214499
2045.7551096819197 0.9994475223566669
2045.7564986009056 1.0002742277217933
2045.757887519892 0.9998710305763422
2045.7592764384121 0.9998774504846417
2045.760665357398 0.9996758850634178
2045.7620542763843 0.9995781803712631
2045.7634431953702 1.0002858240663626
2045.764832114356 0.9997941304815288
2045.7662210333424 0.9994873277853346
2045.7676099523273 0.9998548085215972
2045.7689988713128 1.000030110584394
2045.770387790299 1.000168531041311
2045.771776709285 0.9995779405498437
2045.7731656282708 0.9995824456236004
2045.7745545467915 0.999776692240722
2045.7759434657773 0.9998178708242274
2045.7773323847632 1.0002673715625463
2045.7787213037495 0.9999917856878826
2045.7801102227359 1.000066550534595
2045.7814991417217 0.9996843789110346
2045.7828880607076 0.9996372197099591
2045.784276979694 0.9994281251004621
2045.7856658986798 0.9994437034301066
2045.7870548172 0.9992907901914235
2045.7884437361863 0.9995947743394393
2045.7898326551722 0.999797082320035
2045.791221574158 0.9994262362239532
2045.7926104931444 0.9995828199962963
2045.7939994121302 0.9995754218686916
2045.795388331116 0.9994407049594797
2045.7967772501024 0.9999181750389562
2045.7981661686226 0.9998299133570542
2045.7995550876085 0.9997562950269058
2045.8009440065948 0.9998863623639773
2045.8023329255807 0.9997743836319256
2045.8037218445656 0.999878730019788
2045.8051107635515 0.9996265284635345
2045.8064996825374 1.0001424834896064
2045.8078886010576 1.0000344307694324
2045.809277520044 1.000389713238491
2045.8106664390298 1.0004358363781116
2045.8120553580156 1.00002144703375
2045.813444277002 0.9997759906545207
2045.8148331959878 0.9998475968683361
2045.8162221149737 0.9996056905914009
2045.8176110334944 0.9995344159780524
2045.8189999524807 0.9999211090588609
2045.8203888714665 0.9998214766242827
2045.8217777904524 1.0005448865165376
2045.8231667094387 1.0001524348093886
2045.8245556284246 1.0001763965241304
2045.8259445469448 1.0002768802379143
2045.8273334659311 1.000215980996533
2045.828722384917 1.000584912220851
2045.8301113039029 1.0002512814998883
2045.8315002228892 1.0002746561076652
2045.832889141875 1.0005963628482575
2045.8342780603953 0.9998451368038704
2045.8356669793816 1.0003338212687545
2045.8370558983675 1.0006865016932436
2045.8384448173533 1.0010058669111603
2045.8398337363396 1.0007180045910802
2045.8412226553248 1.0006906673110112
2045.8426115738444 1.000676442268997
2045.8440004928307 1.000902909127419
2045.8453894118165 1.0012138571340414
2045.8467783308024 1.0008406939767793
2045.8481672497887 1.0010444810361172
2045.849556168309 1.0010953937610338
2045.8509450872948 1.00101155458184
2045.8523340062811 1.0007547999619113
2045.853722925267 1.0001119811013108
2045.8551118442529 0.99999421589063
2045.8565007627735 1.000262798971846
2045.85788968176 1.0002316792133235
2045.8592786007457 1.0002715238727211
2045.8606675197316 1.0004639851228956
2045.8620564387181 1.0002872869986381
2045.863445357238 1.0002874148155627
2045.864834276224 1.0003694933193878
2045.8662231952103 1.0008549064550538
2045.8676121141962 0.9999884879253845
2045.869001033182 1.000371499542873
2045.8703899517027 1.0003042254408345
2045.8717788706886 1.0002302657618853
2045.8731677896744 0.9995899211519911
2045.8745567086607 1.0000597181541757
2045.875945627181 1.0000004176231978
2045.8773345461661 0.9997950598994869
2045.8787234651518 0.9998689768740603
2045.8801123841376 1.0000618142186783
2045.8815013031235 0.9995059449206155
2045.8828902216442 1.0002592090983826
2045.88427914063 0.9997234172830005
2045.885668059616 0.9998644192486237
2045.8870569786022 1.0000276303380635
2045.8884458971224 1.0003574758647096
2045.8898348161083 1.0001330288252397
2045.8912237350946 0.999643094767053
2045.8926126540805 0.9998726310889606
2045.8940015726007 0.9996275468943231
2045.895390491587 1.0003013753495975
2045.8967794105736 0.999511240017146
2045.8981683295592 1.0006375941788566
2045.8995572480794 1.000103214717595
2045.900946167066 0.9995098765545599
2045.9023350860516 1.0001854887500208
2045.9037240050375 0.9994855436082242
2045.9051129235584 0.9999149214468226
2045.906501842544 0.9997652954131284
2045.9078907615299 0.9995947015769441
2045.9092796805164 0.9996124814182153
2045.9106685990364 0.999989669812577
2045.9120575180223 0.9996072586390261
2045.9134464370081 1.0001467223674219
2045.9148353555274 0.9995986926457442
2045.9162242745133 0.999464127892182
2045.9176131934996 0.9996635222058323
2045.9190021124855 0.999696538611057
2045.9203910310057 0.9994249456406992
2045.921779949992 0.9999310124652412
2045.9231688689779 0.999766688325349
2045.9245577879637 1.0002687421196257
2045.9259467064844 1.0002439609363822
2045.9273356254703 0.9998803453532987
2045.9287245444561 0.9999458159487857
2045.9301134629768 1.0002783394717571
2045.9315023819627 1.0000065718708158
2045.9328913009485 1.0000950563299869
2045.9342802199349 1.0000951197872998
2045.935669138456 0.9998513398533475
2045.9370580574416 1.0000066923517534
2045.9384469764273 0.9998144005013696
2045.9398358949481 0.9999852997725946
2045.9412248139338 0.9994240403112022
2045.9426137329197 0.9998696002818355
2045.9440026519062 1.0001595691847163
2045.9453915704262 0.9997832287936709
2045.946780489412 1.0000720204669615
2045.9481694083986 0.9997805844951716
2045.9495583269186 0.9993106502415773
2045.950947245904 1.0000870907065549
2045.9523361648896 1.0002740727643165
2045.9537250834096 0.9997944824577507
2045.9551140023955 1.0001089795046796
2045.956502921382 1.0003304173271874
2045.957891839902 1.000084953630025
2045.9592807588879 1.0003038929808852
2045.9606696778742 0.9999948581946895
2045.96205859686 0.9993752478321117
2045.9634475153803 1.0004834229285133
2045.9648364343666 1.0000970471476929
2045.9662253533525 0.9994370709414991
2045.9676142718727 1.0000321122217501
2045.969003190859 1.0001777292351315
2045.9703921098449 0.9998275260319672
2045.971781028365 1.00018396332599
2045.9731699473514 1.0001598079433878
2045.9745588663382 1.0002706421455911
2045.9759477848581 1.000079550678627
2045.9773367038438 1.000337175309508
2045.9787256228306 1.0004784741943058
2045.9801145413505 1.000095710477719
2045.9815034603362 1.0003135839268915
2045.982892379323 1.0001506959562814
2045.984281297843 1.000343279833608
2045.9856702168286 1.0001471765524539
2045.9870591358144 1.000199891600239
2045.9884480543337 1.000088012873932
2045.9898369733196 1.0002327541723428
2045.9912258923061 0.9997462952373094
2045.9926148108261 1.0006684535177375
2045.994003729812 0.9999037763993308
2045.9953926483329 1.0001061008782974
2045.9967815673185 1.0004311197611677
2045.9981704863044 0.9999794127240138
2045.9995594048253 1.000370165997156
2046.000948323811 0.9997528748720309
2046.0023372427968 1.0011561631237869
2046.0037261613177 0.9999584020771429
2046.0051150803033 0.9996940798129068
2046.0065039992892 0.9999501986576742
2046.00789291781 1.0001999910689412
2046.0092818367957 0.9997078740455847
2046.0106707557816 0.9995468298111274
2046.0120596743022 0.9999593510390389
2046.013448593289 1.0003465749842428
2046.014837511809 0.9999891636220036
2046.0162264307946 0.999907079795166
2046.0176153497814 1.0010742541813566
2046.0190042683014 0.9999218659629454
2046.020393187287 1.0001906401779803
2046.0217821062738 0.9999855099746461
2046.023171024793 0.9996861804617428
2046.024559943778 0.9996973083980123
2046.0259488622992 1.0002793470213973
2046.0273377812848 1.0002433053016244
2046.0287267002705 0.9996321271399266
2046.0301156187916 1.0007437931450178
2046.0315045377772 0.9998786659167829
2046.0328934567628 1.0002980731430888
2046.034282375284 0.9996011209340239
2046.0356712942696 1.0002659278663475
2046.0370602127896 1.000298697858222
2046.0384491317761 1.000556025548784
2046.0398380507618 1.0001041046024837
2046.041226969282 1.0000724805969143
2046.0426158882685 0.9998676737360281
2046.0440048067885 1.0001801942227744
2046.0453937257744 1.0004934510946353
2046.046782644761 1.0000470279757145
2046.048171563281 0.9995152691418514
2046.0495604822668 1.0004220153750434
2046.0509494007877 1.0000070697362982
2046.0523383197742 1.0001528423067025
2046.05372723876 0.9996424188543047
2046.05511615728 1.0001266673093905
2046.0565050762666 0.999892024007581
2046.0578939947868 0.9997936305421046
2046.0592829137724 1.0003058483672826
2046.060671832758 0.9996436259379913
2046.0620607512776 1.0001624010424828
2046.0634496702633 0.9997408700903976
2046.0648385887844 0.9998145764819573
2046.06622750777 0.999923587125959
2046.0676164267556 0.9996511294929888
2046.0690053452768 1.0000646095962151
2046.0703942642624 0.9997295667511911
2046.0717831827824 0.9997556320020542
2046.0731721017692 0.9999045760632771
2046.0745610202891 0.9999042734501725
2046.0759499392748 1.0001139524015843
2046.0773388582616 1.0005107934106512
2046.0787277767815 0.999573179383773
2046.0801166957672 0.9997538522482834
2046.0815056142883 0.9998380147393399
2046.082894533274 0.9997015613294465
2046.084283451794 0.9999471814562186
2046.0856723707807 1.000296175285887
2046.0870612897663 1.0000365732759073
2046.0884502082863 1.0002770039587583
2046.0898391272729 1.0004256501492743
2046.0912280457937 0.9998024287769232
2046.0926169647796 1.000413440541254
2046.0940058832996 1.0003071953817195
2046.0953948022861 1.0001579498232869
2046.096783721271 0.9997574923849071
2046.0981726397906 0.9999036904026647
2046.0995615587772 0.9997842871316389
2046.1009504772974 1.0002311311880592
2046.102339396283 1.0001657657999126
2046.103728314804 0.9996959283911961
2046.1051172337898 1.0003663339353333
2046.1065061523097 0.999384811298648
2046.1078950712963 1.0000987255171514
2046.109283990282 0.9999790069256153
2046.110672908802 1.0003003873545322
2046.1120618277887 0.9999232820088573
2046.1134507463087 1.000297942213247
2046.1148396652943 0.999644944432214
2046.1162285838154 0.9998903441089442
2046.117617502801 0.9995742032177232
2046.119006421321 0.9994100634748665
2046.1203953403078 0.9997800734288388
2046.1217842588278 0.9995410591574746
2046.1231731778134 1.0002450738065116
2046.1245620968002 1.0001491470659665
2046.1259510153209 0.9998329715984522
2046.1273399343067 1.0003166653257287
2046.128728852827 0.9998847434738317
2046.1301177718133 1.0003748747967378
2046.1315066903335 1.0006666014665233
2046.1328956093193 1.0001306223485897
2046.1342845278393 1.0003136311903609
2046.1356734468245 0.9999800789282464
2046.1370623653445 0.9999225947348939
2046.138451284331 1.0005562493838203
2046.1398402028512 0.999758714669866
2046.141229121837 0.9998594632311527
2046.1426180403578 1.0004260572791406
2046.1440069593436 1.0002274938192313
2046.1453958783293 0.999530843358571
2046.1467847968502 1.0004186361499157
2046.148173715836 0.9997130225471139
2046.149562634356 1.000048550724855
2046.1509515533426 0.9999494078558617
2046.1523404718628 1.0002625675638854
2046.1537293908484 0.9999917177341378
2046.1551183093693 0.999569313567691
2046.1565072283552 1.0001099545609176
2046.1578961468751 1.0000303101581465
2046.1592850658617 0.9995092658482643
2046.1606739843817 1.0000082230533842
2046.1620629033673 0.9998370366528877
2046.1634518218884 1.000106303293079
2046.1648407408748 1.0001913012609496
2046.166229659395 0.9998815678732837
2046.1676185783808 0.9997743563799368
2046.1690074969015 0.9996927727213871
2046.1703964158864 0.9995718691112868
2046.1717853344062 1.0003443949939843
2046.1731742533925 0.9997418056304862
2046.1745631719127 1.0002597581913577
2046.1759520908986 0.9998416336776851
2046.1773410094193 1.0000590131937412
2046.1787299284051 0.9996665682100344
2046.1801188469253 0.9999202729785973
2046.1815077659116 0.9998816684141238
2046.1828966844319 0.9996810219784442
2046.1842856034177 1.0003502623184988
2046.1856745219384 0.9996471505773054
2046.1870634409242 1.0002982767134925
2046.1884523594442 1.0001711152426938
2046.1898412784308 0.9994803429436365
2046.191230196951 0.999822876757648
2046.1926191159366 1.0001120995996837
2046.1940080344575 1.0001825317039257
2046.1953969534434 0.9995237928545151
2046.1967858719634 1.0000677301623129
2046.19817479095 1.0000886266383693
2046.19956370947 1.0000954729891
2046.2009526284558 1.0003562555422867
2046.2023415469766 1.0001719753962295
2046.203730465963 1.0000423940712673
2046.2051193844832 1.0002496835420234
2046.2065083034681 1.000061971400319
2046.2078972219883 0.9998780977581517
2046.2092861409742 1.000109533083405
2046.2106750594944 1.0003631323664617
2046.2120639784807 1.0004917662334651
2046.213452897001 1.0001551160647097
2046.2148418159868 1.000384039106531
2046.2162307345075 1.00005320740354
2046.2176196534933 1.0001755985936258
2046.2190085720135 1.0010453676461142
2046.2203974909999 0.9996681981000873
2046.22178640952 0.999968110668831
2046.223175328506 1.0006134117119838
2046.2245642470266 0.999913038250738
2046.2259531660125 0.9999730344112743
2046.2273420845327 1.0010675757552048
2046.228731003519 0.9998099787235026
2046.2301199220392 0.9999036075229853
2046.2315088405594 0.999799886778678
2046.2328977595457 0.9997642709892661
2046.234286678066 0.9998271504172744
2046.2356755970518 0.9995944804415791
2046.2370645155725 1.0000606598846513
2046.2384534345583 1.0000093692984666
2046.2398423530783 1.0000242042187413
2046.2412312720649 1.000588232361753
2046.2426201905855 1.0001981402087925
2046.2440091095707 1.000616466638338
2046.2453980280902 1.000785063151006
2046.2467869470765 1.0006929913695006
2046.2481758655967 1.0004311232291694
2046.2495647845826 1.0000026427196227
2046.2509537031033 0.9999997597515494
2046.2523426216235 1.000120005052465
2046.2537315406094 1.0004968983345286
2046.25512045913 1.0000581410923342
2046.2565093781159 1.000133220118256
2046.257898296636 1.000623998892911
2046.2592872156224 1.000498827230453
2046.2606761341426 0.9997360793414933
2046.2620650531285 1.0002104645825467
2046.2634539716491 0.9999607178801398
2046.264842890635 0.9997665882981572
2046.2662318091552 0.9990679132528127
2046.2676207281415 0.9999585551633179
2046.2690096466617 0.9999996996740683
2046.270398565182 0.9999712286426731
2046.2717874841683 1.0001552101196036
2046.2731764026885 0.9997209949470353
2046.2745653216743 1.0001120828899221
2046.275954240195 0.9996895793878792
2046.2773431591809 0.9996478928229481
2046.278732077701 1.00001519665736
2046.2801209966867 0.9991433411018477
2046.2815099152067 0.9994176022161869
2046.2828988341926 1.0006871529547217
2046.2842877527128 0.9992736222774575
2046.2856766712334 0.9998149975036676
2046.2870655902193 0.9999624588481402
2046.2884545087395 0.9995633215314019
2046.2898434277258 0.9997241777815953
2046.291232346246 0.9992261130736255
2046.292621265232 1.0002490323118525
2046.2940101837526 1.0001358688552004
2046.2953991027384 0.9997225565712197
2046.2967880212586 0.9997478447422775
2046.2981769397793 1.0005492406495744
2046.2995658587652 0.9998216651442031
2046.3009547772854 0.9995095053313815
2046.3023436962717 0.9996425498002129
2046.303732614792 1.0000481123818747
2046.3051215337778 0.9995644052801624
2046.3065104522984 0.9990848443475676
2046.3078993712843 1.0002804445908702
2046.3092882898045 1.0002475292722435
2046.3106772083252 1.0000532179245178
2046.312066127311 0.9995699921428512
2046.3134550458312 1.0004426831621105
2046.3148439648176 0.9999055767670795
2046.3162328833382 1.0000303933092434
2046.3176218023236 1.000037240999361
2046.319010720843 1.0000252278374049
2046.3203996398292 0.9993538048299575
2046.3217885583495 1.0001319061440932
2046.3231774768697 0.9998817889441308
2046.324566395856 0.9996133514077685
2046.3259553143762 0.9996447060998647
2046.327344233362 0.9998715774612558
2046.3287331518827 0.9995173644869402
2046.3301220708686 1.0000003003332738
2046.3315109893888 0.999518687398728
2046.3328999079095 0.9995392296599868
2046.3342888268953 1.000235280408356
2046.3356777454155 0.9999947742217524
2046.3370666644018 1.0001516075900623
2046.338455582922 0.9997611762717333
2046.339844501908 0.999958494225772
2046.3412334204286 1.0003662837545826
2046.3426223389488 0.9994558605869053
2046.3440112579347 0.9998901391244731
2046.3454001764553 0.9999703874273546
2046.3467890954412 0.9991730138216252
2046.3481780139614 1.0004683931340461
2046.3495669329477 1.0003041130341837
2046.350955851468 1.0002041033421232
2046.3523447699881 0.9998646113866269
2046.353733688974 1.0003251367205015
2046.355122607494 1.0007606754346163
2046.3565115264796 1.0006843921880781
2046.3579004449998 1.0005612569898088
2046.3592893639864 1.0002432675992246
2046.3606782825063 1.0005398726722197
2046.3620672010265 1.0008400803247974
2046.3634561200129 1.0002767832548054
2046.364845038533 1.0004911558903689
2046.366233957519 1.0014386580939765
2046.3676228760396 1.0006506885086897
2046.3690117950255 1.0006922523121227
2046.3704007135457 1.0013140765483604
2046.3717896320663 1.0008956913055655
2046.3731785510522 1.0016350301160626
2046.3745674695724 1.001014256228538
2046.3759563885587 1.0010197202984754
2046.377345307079 1.0010378580016381
2046.3787342260648 1.0004984160065418
2046.3801231445855 1.0003053080596163
2046.3815120631057 1.000149199288144
2046.3829009820915 1.000204217254484
2046.3842899006122 1.0004430891161709
2046.385678819598 1.0003993616220388
2046.3870677381183 1.0006232155230157
2046.388456656639 1.0003054773910092
2046.3898455756241 0.9998684641392401
2046.3912344941436 0.9998851024483149
2046.39262341313 1.0000224025934636
2046.3940123316509 1.0002802393650183
2046.3954012506365 1.0002404765086463
2046.3967901691567 0.9997797055212956
2046.3981790876776 1.000073751193502
2046.3995680066632 0.9997850549338091
2046.4009569251834 0.9994895184627659
2046.40234584417 0.9994871811502709
2046.40373476269 1.000241603222049
2046.4051236816758 1.0000886414827967
2046.4065126001967 1.0011967129579427
2046.4079015187167 1.000318589074983
2046.4092904377026 0.9998965867502044
2046.4106793562235 1.0003396025587117
2046.412068275209 0.9997760618595333
2046.4134571937293 1.0000387939384892
2046.41484611225 0.9999712952220356
2046.4162350312358 1.000076745542228
2046.417623949756 0.9987436728010618
2046.4190128687424 0.9996631153661729
2046.4204017872626 1.0001933023817327
2046.4217907062484 0.9995678228141994
2046.423179624769 0.9999149102877005
2046.4245685432893 1.0001800262821559
2046.4259574622752 0.9998275418541268
2046.4273463807954 0.9999259015199976
2046.4287352997812 0.9994712890752951
2046.4301242183012 1.000062207931211
2046.4315131368212 1.0003608744811303
2046.432902055808 0.9999636126600082
2046.434290974328 0.9999706382523408
2046.4356798933136 0.9998188478350034
2046.4370688118345 1.0002312864661211
2046.4384577308201 0.9996260533685729
2046.4398466493403 0.9992766724989587
2046.4412355678612 0.9996742127894837
2046.4426244868469 0.9993666232867562
2046.444013405367 0.9999972381278374
2046.4454023243536 0.9998665910722769
2046.4467912428736 0.9997620638520235
2046.4481801613938 1.000469203893978
2046.4495690803803 0.9996878609989013
2046.4509579989003 1.0006174271515211
2046.4523469178862 0.999741961838089
2046.453735836407 0.9999102458908378
2046.4551247553927 1.0000690404577082
2046.456513673913 0.9996894420005771
2046.4579025924338 0.9995842656838247
2046.4592915114195 0.9998114968661654
2046.4606804299397 1.000032657342355
2046.4620693489262 1.00004736438508
2046.4634582674457 1.000158118806413
2046.464847185965 0.9997054378560918
2046.4662361049513 0.9999525781034134
2046.4676250234725 0.9995127039134234
2046.469013942458 0.9998912937715893
2046.470402860978 1.0000401563347938
2046.4717917799649 0.999846520597332
2046.4731806984848 0.9996943678513394
2046.4745696170048 0.999600260226991
2046.4759585359916 0.999980253428341
2046.4773474545116 0.9995094621645461
2046.4787363734972 0.9996512936166566
2046.4801252920183 0.9999462844439749
2046.4815142105383 0.9999320613521999
2046.482903129524 0.9999979594776263
2046.484292048045 0.9998672485325921
2046.4856809670307 0.9993085290795569
2046.4870698855507 0.9998117421752378
2046.4884588045372 0.999785881758482
2046.4898477230572 1.0000537085643677
2046.4912366415774 0.999951573068169
2046.492625560564 0.9997572093258262
2046.494014479084 0.9994273002903282
2046.4954033980698 0.9999418549460319
2046.4967923165907 0.999967237789206
2046.4981812351107 0.9993433280594768
2046.499570154096 0.9997635343579298
2046.500959072616 1.0000439801442549
2046.5023479916026 0.9997994844073327
2046.5037369101228 0.9999268035500278
2046.5051258291085 0.9991988154900392
2046.5065147476294 1.000131867820688
2046.5079036661493 1.0000679123299814
2046.509292585135 1.000061611610963
2046.510681503656 0.9999576468747593
2046.5120704226417 1.0004500356093224
2046.5134593411617 1.0003755189029377
2046.5148482601485 1.0002921287790036
2046.5162371786685 0.9999415153183079
2046.5176260971884 1.0001398190246367
2046.5190150161752 1.0005455245483947
2046.5204039346952 1.000188934779714
2046.5217928536808 1.0001164165579972
2046.523181772202 1.0000939222357474
2046.524570690722 1.0004254555820233
2046.5259596097076 1.00009349706054
2046.5273485282287 0.9999649170173516
2046.5287374472143 1.000303683566521
2046.5301263657343 1.0003510488468819
2046.531515284721 0.9997880812937907
2046.532904203241 1.0002751146450937
2046.534293121761 1.0007852655967802
2046.5356820407478 1.0005309482892342
2046.537070959267 1.000394947833549
2046.538459878252 0.9998544248606843
2046.539848796773 1.000379573763425
2046.5412377157595 1.000288734348332
2046.5426266342797 0.9998647490528387
2046.5440155527997 1.0004221087126872
2046.5454044717862 1.0003536945493872
2046.5467933903064 0.9999546204885077
2046.548182309292 1.000387063808401
2046.549571227813 0.9996228379644879
2046.5509601467988 0.9997947602729257
2046.5523490653188 1.0001116677984294
2046.5537379838397 0.9998222843657533
2046.5551269028256 0.9997408365274253
2046.5565158213456 0.9999185494685218
2046.557904740332 0.9999146566018992
2046.559293658852 1.000282272107075
2046.5606825778377 1.000051958085706
2046.5620714963588 0.9998203394984212
2046.5634604148788 1.0004014387314848
2046.5648493338645 0.999969798712011
2046.5662382523856 0.9999154510128202
2046.5676271713712 1.000093894164918
2046.5690160898912 1.0004807825394928
2046.570405008878 0.9999820251335367
2046.571793927398 1.0005089135361054
2046.5731828463831 0.9998946133460125
2046.5745717649033 0.9999536884873174
2046.575960683424 0.9995875825688574
2046.5773496024099 0.9994260810344824
2046.57873852093 0.9995111630061103
2046.5801274399164 0.9998609013615732
2046.5815163584366 0.9998335287578322
2046.5829052774225 0.9997594343832721
2046.5842941959431 0.9989640100878263
2046.5856831144633 0.9994485564770773
2046.587072033449 0.9991014145983014
2046.5884609519699 0.9991395514562306
2046.5898498709557 0.9993081838081947
2046.5912387894757 0.9994491339567617
2046.5926277084623 0.9998158237082504
2046.5940166269825 0.999350934816774
2046.595405545968 0.9994173104261486
2046.596794464489 0.9990243081487704
2046.5981833830092 0.9995510578289741
2046.5995723019948 0.9994536871386861
2046.6009612205157 0.9996524682925976
2046.6023501395016 0.9996381042290962
2046.6037390580216 0.9992711919795905
2046.6051279770081 0.9989368626464111
2046.6065168955283 0.9997845963193098
2046.607905814514 0.9996414184022064
2046.6092947330349 1.0000614392338132
2046.6106836515542 0.9990105451348632
2046.612072570539 0.9995475387328642
2046.6134614890602 0.999831379254822
2046.6148504080466 0.9995919914642746
2046.6162393265668 0.9996814570013056
2046.6176282455526 0.9996058419928744
2046.6190171640733 0.999467542133655
2046.6204060830592 1.0005413079451266
2046.6217950015794 0.9999258792617479
2046.6231839205657 1.0004918931035343
2046.6245728390859 1.0008167329556237
2046.6259617580718 1.001145508248552
2046.6273506765924 1.001062804067953
2046.6287395951126 1.001813773058458
2046.6301285140985 1.00169155493421
2046.6315174326191 1.0013413572501133
2046.632906351605 1.001163342435356
2046.6342952701252 1.0015765895131348
2046.6356841891115 1.0016470887661013
2046.6370731076317 1.0017559634862583
2046.6384620266174 1.0011090604218413
2046.6398509451383 1.0018831913895814
2046.6412398641241 1.0013146571143607
2046.6426287826441 1.0012819436576543
2046.6440177016307 1.0015097160783162
2046.6454066201509 1.0008532980511482
2046.6467955386702 1.0013790152390274
2046.648184457656 1.0014369835543382
2046.6495733761767 1.0015371577581593
2046.6509622951626 1.0010882314599931
2046.6523512136828 1.001045624222327
2046.653740132669 1.0014320801366212
2046.6551290511893 1.0012650698639913
2046.6565179701752 1.000773767225675
2046.6579068886958 1.000637442757814
2046.6592958076817 1.0011228781392458
2046.660684726202 1.0008817959423617
2046.6620736451882 1.000699614957357
2046.6634625637084 1.0003984372591515
2046.6648514826943 1.0002913999715424
2046.666240401215 1.0001659896289106
2046.6676293202008 1.0008024609921113
2046.669018238721 1.0002531962131185
2046.6704071577074 1.0007332370927227
2046.6717960762276 1.0001215058974053
2046.6731849952134 1.0003606805741967
2046.674573913734 1.0008835530684286
2046.67596283272 1.0004195048633595
2046.6773517512402 1.0001584862693913
2046.6787406702265 1.0000577556121248
2046.6801295887467 1.0008173033215755
2046.6815185077326 1.0003739339993325
2046.6829074262525 1.0001496190788026
2046.6842963452377 1.0002185601494349
2046.6856852637577 1.0005484250852172
2046.6870741822786 1.0008573324787537
2046.688463101265 1.000008976564524
2046.6898520197851 0.9998156241341486
2046.691240938771 1.0001509214647066
2046.6926298572916 1.000380648571069
2046.6940187762775 1.0004297710586472
2046.6954076947977 1.0004680022533043
2046.696796613784 0.9997094258461761
2046.6981855323043 1.0003045703989646
2046.6995744512901 0.9991990957111441
2046.7009633702764 0.99953077450867
2046.7023522887966 0.9998864950466188
2046.7037412077825 0.999972476834769
2046.7051301263032 1.000028839062594
2046.706519045289 0.999818950118903
2046.7079079638092 0.9997028221663193
2046.7092968827956 0.9999425034970558
2046.7106858013158 1.0001876829826817
2046.7120747203016 0.9995564357440279
2046.7134636388223 1.0001314999913251
2046.7148525578082 0.9996679041738121
2046.7162414763284 0.9996790364560743
2046.7176303953147 1.0001204865623083
2046.719019313835 1.0000578495186256
2046.7204082328199 0.9998415292161439
2046.72179715134 0.9999120015472414
2046.7231860703264 0.9996173819846856
2046.7245749888466 1.0003564715620459
2046.7259639078325 0.9999196022657086
2046.7273528263531 0.9995755245645418
2046.728741745339 1.0000075370851507
2046.7301306638592 1.0001186180086783
2046.7315195828455 1.0001606672464087
2046.7329085013657 1.0002271801216556
2046.7342974203516 0.9997489567829431
2046.735686339338 0.9991089533470654
2046.7370752578581 1.0002137713233008
2046.738464176844 0.9999599258880139
2046.7398530953647 0.9996196013218496
2046.7412420143505 0.9997321683834286
2046.7426309328707 0.9997404268029302
2046.744019851857 0.9997802032704078
2046.7454087703773 0.9998965925851322
2046.7467976893631 1.0002962821907848
2046.7481866078838 0.9998218388065222
2046.7495755268696 0.9998191502537846
2046.7509644453899 0.99978249398958
2046.7523533643762 0.9998891857026951
2046.753742283362 0.9995059207876563
2046.7551312018823 0.9995537103041073
2046.7565201208681 0.9991607239122524
2046.7579090393874 0.9993379802087715
2046.7592979583733 0.9994123172281465
2046.760686876894 1.0002197483639061
2046.7620757958803 1.0004003815104823
2046.7634647144005 0.9996027356470015
2046.7648536333863 0.9995269866634874
2046.7662425523727 0.9994162020318847
2046.7676314708929 0.9993888287071377
2046.7690203898787 0.999771607158573
2046.7704093083994 0.9999586269034539
2046.7717982273853 0.9995801782681929
2046.7731871459055 0.9996644240732712
2046.7745760648918 0.999234760067389
2046.7759649838777 0.9999992826016737
2046.7773539023979 1.000082140738291
2046.7787428213842 0.9993384628269733
2046.7801317399044 0.9996351635394529
2046.7815206588903 0.9999174455538183
2046.782909577411 0.9997911960407948
2046.7842984963968 0.9998322668289243
2046.7856874153827 0.9997247931046686
2046.7870763339033 1.000039152343982
2046.7884652528892 0.9999381344136559
2046.7898541714094 1.0005030446273986
2046.7912430903957 0.9999905561331789
2046.7926320093816 0.9996148398776286
2046.7940209279009 1.0004546054140362
2046.7954098468867 0.999839342720468
2046.7967987654076 1.0001081187821987
2046.7981876843933 1.0000252810726347
2046.7995766033791 1.0001286737844646
2046.8009655219 0.9996643071348867
2046.8023544408857 0.9996681972304509
2046.8037433594059 1.000097052914157
2046.8051322783924 1.000526668942345
2046.806521197378 0.9999505790793295
2046.8079101158983 1.0002093312997382
2046.8092990348848 0.9998737349517967
2046.8106879534048 1.0002528833754099
2046.8120768723907 1.000218161036905
2046.813465791377 1.0004793337082198
2046.8148547098972 1.0006012750520565
2046.816243628883 1.0007305020453878
2046.8176325474037 1.0001275043338926
2046.8190214663896 1.0004227159105907
2046.8204103853755 1.0000799410754213
2046.8217993038961 1.0000078864207247
2046.823188222882 1.0009713350414045
2046.8245771418678 1.0005884832337542
2046.8259660603885 1.0002768509087359
2046.8273549793744 1.0002993091872268
2046.8287438978946 1.0001151217117876
2046.8301328168805 1.0009126852496413
2046.8315217358663 1.0002997730673673
2046.8329106543863 1.000243016849885
2046.834299573372 1.000013321538694
2046.8356884923587 1.0002840472946213
2046.8370774108787 0.999805561374776
2046.8384663298643 0.9998875801446943
2046.8398552488509 0.9998587310765349
2046.8412441673709 0.999840156364826
2046.8426330863567 1.0000226977751223
2046.8440220053433 0.999496776532644
2046.8454109238633 0.9995205600995266
2046.8467998428491 0.999831271369929
2046.84818876137 0.99966219254953
2046.8495776803557 1.0005396702421314
2046.8509665993415 0.9997758592733075
2046.8523555178624 0.999791033653615
2046.853744436848 0.9993105874160704
2046.855133355834 1.0001333525548928
2046.8565222743548 0.9996387083890599
2046.8579111933404 1.000460053870015
2046.8593001123263 0.9996731808165201
2046.8606890308472 1.000394766368891
2046.8620779498328 0.9993390447336363
2046.8634668688187 0.9994813508118389
2046.8648557873394 0.9997855239919956
2046.8662447063248 1.000526146533123
2046.8676336253097 1.002182051922815
2046.869022544296 1.0016777882731067
2046.8704114628172 1.0011821276408137
2046.8718003818028 1.0010869848438406
2046.8731893007885 1.0007140290619798
2046.8745782193096 1.0008681652213764
2046.8759671382952 1.0006385234734243
2046.8773560572808 1.0008478784203718
2046.878744975802 1.0004549130157956
2046.8801338947876 0.9999908661787733
2046.8815228137732 1.0000132527185983
2046.8829117322944 0.9999720027545946
2046.88430065128 1.0000171920766256
2046.8856895702656 0.9998025923498596
2046.8870784892524 0.9996335458317823
2046.8884674077724 0.9995155416749663
2046.889856326758 0.9996746854999687
2046.8912452457446 0.99997254274751
2046.8926341642646 1.000007102931929
2046.8940230832504 1.0001106604645078
2046.895412002237 1.000074786972026
2046.8968009212226 0.999774388391101
2046.8981898397428 0.9999872275285674
2046.8995787587294 1.0007461041260794
2046.900967677715 0.9996685244773545
2046.9023565967009 1.0002198657279284
2046.903745515221 0.9995932772762194
2046.905134434207 0.999828958424842
2046.9065233531928 0.9997381306274612
2046.9079122721785 1.0000936936364893
2046.9093011906994 0.999618904531348
2046.910690109685 0.9994381515897446
2046.9120790286706 1.0001666128297966
2046.9134679471917 0.9997622581040359
2046.9148568661774 1.0003890717618995
2046.916245785163 0.9999452200854674
2046.9176347041498 0.9995502501073653
2046.9190236231354 1.0003159594049151
2046.9204125416554 0.9999486236171563
2046.9218014606422 1.000273705919071
2046.9231903796278 1.000127990670584
2046.9245792986135 1.0002260844805326
2046.9259682171346 1.0001392643892664
2046.9273571361202 1.0002112210149874
2046.9287460551059 1.000291765552715
2046.9301349740927 0.9999050730886502
2046.9315238926126 1.000460725452259
2046.9329128115983 1.0002421133861497
2046.934301730585 0.9999408148671145
2046.9356906495707 1.0000232083787857
2046.9370795685563 1.000165499469823
2046.9384684870774 1.0000039375678336
2046.939857406063 1.0005354445499293
2046.9412463250483 1.0002454355929933
2046.942635244034 1.00024811789245
2046.9440241630205 0.9998356443644719
2046.9454130815407 0.9998244313631327
2046.9468020005263 1.000287839087868
2046.9481909195129 1.000150330619985
2046.9495798384987 1.0002541871532107
2046.9509687574844 0.999943030738466
2046.9523576760052 0.9996605168578643
2046.9537465949911 0.9999093888213365
2046.9551355139768 1.0000319133674358
2046.9565244329633 0.9998500990193505
2046.9579133519492 1.0001802010306233
2046.9593022709348 0.9995426142126848
2046.9606911894557 0.9999826424004642
2046.9620801084413 0.9996106810695385
2046.963469027427 0.9998932921437429
2046.9648579464138 1.0002055388117042
2046.9662468653994 0.9998420005486142
2046.967635784385 0.9997315413664872
2046.9690247029062 1.00025455793194
2046.9704136218918 0.9990671908290782
2046.9718025408774 1.000267850800603
2046.9731914598642 0.9990907444006477
2046.9745803788505 0.9998760081272826
2046.9759692978364 0.999800505767083
2046.9773582168214 0.9999510365257379
2046.9787471353416 0.9996492088950891
2046.9801360543274 1.0000739504654734
2046.9815249733133 0.9994539667621052
2046.9829138922996 1.000465397704523
2046.9843028112855 1.0000930902023188
2046.9856917302711 1.0006401691692501
2046.9870806492577 0.999963862478483
2046.9884695677779 0.9994057719490489
2046.9898584867635 1.0003738832474127
2046.99124740575 1.0006069695416255
2046.992636324736 0.9993676999878358
2046.9940252437216 0.9999599899945173
2046.9954141627081 0.9995542934657037
2046.996803081694 0.9997011581374305
2046.9981920006796 0.9996390941471779
2046.9995809196662 0.9997999031712604
2047.000969838652 0.9999959456695876
2047.002358757172 1.000115546673791
2047.0037476761586 0.9996559296978101
2047.0051365951444 0.9999985095091527
2047.00652551413 0.9999088426884741
2047.0079144331166 0.9999663159350667
2047.0093033521025 1.0000655784147336
2047.0106922710881 0.9997827001541726
2047.0120811900747 0.9995400103646706
2047.0134701090603 1.0000568720006204
2047.0148590280455 0.999290242606356
2047.0162479470314 0.9996878080674759
2047.0176368660177 0.9997994051184422
2047.0190257850036 0.9993225711726493
2047.0204147039894 0.9997858175065009
2047.02180362251 0.9999186914231015
2047.023192541496 0.9999323426146152
2047.0245814604818 0.9996729238533111
2047.0259703794682 0.9997011813262471
2047.027359298454 0.999776529026668
2047.02874821744 1.0003676000082735
2047.0301371364262 0.9996783613739906
2047.031526055412 0.9997428592478043
2047.032914974398 1.0000374320783614
2047.0343038933843 0.9999236463863284
2047.0356928123701 1.0003836118810965
2047.0370817313558 1.000726807255055
2047.0384706503423 1.0005965070009109
2047.0398595693282 1.0004191253726056
2047.0412484883138 1.0002598653778139
2047.0426374073004 1.0005153166950689
2047.0440263262863 1.0005544122681624
2047.045415245272 1.0002221935871165
2047.0468041642584 0.9997654102965569
2047.0481930832448 1.0002845340543278
2047.04958200223 1.0000287272881583
2047.0509709212151 1.0004609429244904
2047.0523598402015 1.0002082397128746
2047.0537487591873 1.0000896367625156
2047.0551376781732 1.0001448244739295
2047.0565265971595 1.0002605640795132
2047.0579155161454 1.0000199058607742
2047.0593044351313 1.000147207661378
2047.0606933541176 0.9996661907953527
2047.0620822731034 0.9994467540560443
2047.0634711920893 1.0004364926965545
2047.0648601110756 0.999946958435796
2047.0662490300615 0.9997954037173946
2047.0676379490474 1.0000264609199032
2047.0690268680337 0.9993071935420546
2047.0704157874852 1.0005047782896943
2047.071804706471 0.9998423100775065
2047.0731936254574 0.9999982121505112
2047.0745825444433 1.000313465014861
2047.0759714634291 1.0003753189138087
2047.0773603824155 0.9995580585133865
2047.0787493014013 1.0000009534758605
2047.0801382203872 0.9999020315930235
2047.0815271393735 0.9998438723099556
2047.0829160583598 0.9999883203174394
2047.0843049773457 1.0000674552736377
2047.0856938963316 1.0000197836432174
2047.0870828153174 0.999670414404279
2047.088471734768 0.9996141063552917
2047.089860653754 0.9994645457290818
2047.0912495727403 1.0000154925904898
2047.0926384917261 1.0001520644295558
2047.094027410712 0.9998809472452098
2047.0954163296983 1.000005601053856
2047.0968052486842 1.0009373414836142
2047.09819416767 1.0007696072583807
2047.0995830866564 1.0003510761867502
2047.100972006108 1.0001751801018286
2047.1023609250938 1.000749458492703
2047.10374984408 1.0008463414738782
2047.105138763066 1.0001772039880072
2047.1065276820518 1.0007626769723392
2047.1079166010381 0.9997263907447618
2047.109305520024 0.9997354478123739
2047.1106944394755 1.0001980560241146
2047.1120833584619 1.0000668525429528
2047.1134722774477 1.0003069728721066
2047.1148611964336 1.0002966047161221
2047.11625011542 1.0004275686952029
2047.1176390344062 1.000123098908364
2047.1190279538578 0.9999984508349226
2047.1204168728436 0.999610087903013
2047.12180579183 1.0003839546061266
2047.1231947108154 1.0001509842276894
2047.1245836298003 1.0006250277061852
2047.1259725487866 1.0003763273194448
2047.1273614682382 1.0000401589675452
2047.128750387224 1.000336524115814
2047.1301393062104 1.0002590661535076
2047.1315282251962 1.0002957700944022
2047.1329171446478 1.0002870699477089
2047.134306063634 1.0001059379849284
2047.13569498262 0.9998117189239999
2047.1370839016058 1.0002305845980928
2047.1384728205921 0.9996625242471323
2047.1398617400437 0.9996969649303937
2047.1412506590295 0.9999130104128919
2047.1426395780159 1.0001806520681682
2047.1440284970017 0.999605748434493
2047.1454174164533 0.9998571230760175
2047.1468063354396 0.9997412965226845
2047.1481952544254 1.0000019066126808
2047.1495841734113 1.0000809120106313
2047.1509730928633 1.0001039107501988
2047.1523620118498 1.0003418805455788
2047.1537509308355 0.9995699980802741
2047.1551398498214 1.0002168779936165
2047.1565287692736 0.9998922756389937
2047.1579176882592 1.0000246669279533
2047.1593066072444 0.9997871735732973
2047.1606955266957 0.9993775495770709
2047.1620844456816 0.9999693750228644
2047.1634733646674 0.9994495223493688
2047.1648622836537 0.9998773802559809
2047.1662512031053 0.9993732567791821
2047.1676401220911 0.9997131720407684
2047.1690290410775 0.9997460614802912
2047.170417960529 0.99935430738996
2047.1718068795149 0.9998201799773205
2047.1731957985012 0.9993248666088713
2047.1745847179527 0.999354833404853
2047.1759736369386 1.0001339433715073
2047.177362555925 1.00014681410998
2047.1787514753764 0.9995586610227076
2047.1801403943623 0.9998811891712689
2047.1815293133486 0.9997567749961359
2047.1829182328001 1.0001265586104007
2047.184307151786 0.9993599364298063
2047.1856960707723 0.9997882327228231
2047.1870849902248 0.9997641581949128
2047.1884739092104 0.9997490210809183
2047.1898628286617 0.9990420822405819
2047.1912517476483 0.9998411410387517
2047.192640666634 0.9997289983234602
2047.1940295860854 0.9997353132206339
2047.195418505072 0.999785009642389
2047.1968074240572 0.9998969135438323
2047.1981963435078 0.9992769654812095
2047.1995852624943 1.0001074962933443
2047.2009741819456 0.999758907291094
2047.2023631009315 0.9995709056256948
2047.203752019918 0.9996871027333909
2047.2051409393694 0.9991571863036577
2047.2065298583552 0.9998771295410973
2047.2079187778074 0.9996468223365595
2047.209307696793 0.9994972572903353
2047.2106966162446 1.000035275962304
2047.212085535231 0.9996288879174773
2047.2134744542168 1.0025887758212824
2047.2148633736683 1.0100910316553664
2047.2162522926546 1.0098521331445853
2047.2176412121062 1.0059949524697365
2047.219030131092 1.00471160176146
2047.220419050544 1.004425748606502
2047.2218079695308 1.004037762255495
2047.223196888982 1.0037461887740162
2047.2245858079677 1.0030407195578668
2047.2259747274202 1.0023499090004648
2047.2273636464058 1.0023211171728406
2047.2287525658571 1.0026883447481205
2047.230141484844 1.0022971409515269
2047.2315304042952 1.0020843425535573
2047.2329193232804 1.0018015883209945
2047.234308242732 1.0023542524863744
2047.2356971617176 1.0018847507032986
2047.2370860811689 1.0018579849012155
2047.2384750001554 1.0011096132413175
2047.2398639196067 1.0013911537292204
2047.2412528385926 1.0014131306192404
2047.2426417580448 1.0008512683039668
2047.2440306770304 1.000758548839462
2047.245419596482 1.00079692185804
2047.2468085159342 1.0007531833616552
2047.2481974349198 1.000964916256741
2047.2495863543713 1.0009750057451299
2047.2509752733579 1.0003435796663285
2047.2523641928092 1.0006098140132804
2047.253753111795 1.0002552704651357
2047.2551420312473 1.0021466174582296
2047.2565309506995 1.0005338979303948
2047.2579198696853 0.9999105007844589
2047.2593087891366 1.0007519823852595
2047.2606977081232 1.0002826779998457
2047.2620866275745 1.0002509774235917
2047.2634755470258 1.000722898975047
2047.2648644660126 1.0002768364847368
2047.2662533854639 1.000607656350849
2047.2676423044495 1.001121094964078
2047.269031223902 1.0013960707618093
2047.2704201433526 1.0017312278529873
2047.2718090623375 1.0017580881398207
2047.27319798179 1.000863992247189
2047.2745869012413 1.0006163525775085
2047.275975820227 1.0004085171292971
2047.2773647396793 1.0003245009025963
2047.2787536591306 1.0003678778192795
2047.2801425781163 1.0002489454378096
2047.2815314975687 0.9999080013008521
2047.28292041702 0.9996791972017225
2047.2843093360057 1.0005188599762092
2047.285698255458 0.9997579694026134
2047.2870871749094 0.9997495092669655
2047.288476093895 1.0002252264330032
2047.2898650133473 0.9998914388381787
2047.2912539327995 0.9999924925023336
2047.2926428517853 0.9999979741740559
2047.2940317712366 1.000003098311325
2047.2954206906888 1.0000306255136029
2047.2968096101404 1.000886349244482
2047.298198529126 1.0003358057998595
2047.2995874485782 1.0000443290723402
2047.3009763680298 0.9997109087498841
2047.302365287481 1.0000965222899758
2047.3037542064676 0.9998276904538843
2047.3051431259191 0.9998013561642268
2047.3065320453697 1.0000035748612894
2047.3079209648213 0.9999934461110653
2047.309309883807 0.9995381908042356
2047.3106988032582 0.9992626928542276
2047.3120877227107 0.9996495494846018
2047.313476642162 1.0001954222341647
2047.3148655616133 1.0003131510948073
2047.3162544806 1.0000439696883217
2047.3176434000513 0.9997696663582046
2047.3190323195026 0.9999463788058536
2047.320421238955 0.9992379263063835
2047.3218101584064 0.9994575955803096
2047.3231990778577 0.9993339124362957
2047.3245879968445 0.9989954487474122
2047.3259769162964 0.9991130580236524
2047.327365835748 0.999711046231888
2047.3287547551995 0.9993551288348208
2047.3301436746515 0.9992614747555556
2047.331532594103 0.9993289783753854
2047.3329215130889 0.9989885655867731
2047.3343104325409 0.998321371745927
2047.3356993519924 0.9990775408331964
2047.337088271444 0.9988871450768011
2047.338477190896 0.9994289529946991
2047.3398661103474 0.9989744410989955
2047.3412550297987 0.9990610681065206
2047.34264394925 0.9990560060949414
2047.344032868701 0.9994793597322197
2047.3454217881524 0.9998993046692706
2047.346810707139 1.006293294120582
2047.3481996265905 1.0085251401865014
2047.3495885460418 1.0070843271745802
2047.350977465494 1.0046756339727099
2047.3523663849455 1.0038002041179717
2047.3537553043968 1.0027811952444536
2047.355144223849 1.001783634426782
2047.3565331433006 1.0013281011727972
2047.3579220627519 1.0012387252706043
2047.359310982204 1.0006019607333816
2047.360699901656 1.0012949526278254
2047.3620888211076 1.0001622859005723
2047.3634777405591 0.999977956816092
2047.364866660011 1.0002832244164468
2047.3662555794626 1.0004427680054124
2047.3676444989142 0.999996782909289
2047.3690334183661 1.0000820952225942
2047.3704223378177 1.0003547126017698
2047.3718112572692 0.9995419842780503
2047.3732001767212 0.9996961659358167
2047.3745890961727 1.000499001996008
2047.3759780156242 0.9999179054719042
2047.3773669350762 1.0002105382558855
2047.3787558545278 0.999926722765652
2047.3801447739784 1.0004265565022938
2047.38153369343 1.0003815175820983
2047.3829226128814 1.0001460775381001
2047.3843115327986 1.0007237150483401
2047.3857004522506 1.000597058815119
2047.3870893717021 1.000464206973399
2047.3884782911534 0.9998879993308556
2047.3898672106056 1.000523782102356
2047.3912561300572 1.0003190830995814
2047.3926450495085 1.0004014159294565
2047.3940339689607 0.9997147549269414
2047.3954228884127 0.9998543985229195
2047.3968118078642 0.9999512675152473
2047.3982007277814 0.9996935448048934
2047.3995896472334 1.0000131065862146
2047.400978566685 0.9995173190822318
2047.4023674861364 0.9996063238872513
2047.4037564055884 0.9995395978057975
2047.40514532504 0.9997738493603202
2047.4065342449571 0.999224496035618
2047.407923164409 1.0001445325011058
2047.4093120838606 0.9998368789813623
2047.4107010033122 0.9990333658861144
2047.4120899227642 0.9999958296127521
2047.4134788426813 0.9997201061046896
2047.4148677621329 0.9999933273152072
2047.4162566815842 0.9995871254638136
2047.417645601035 0.9992506254519006
2047.4190345204865 0.9998819152981174
2047.4204234404042 0.9994577125406984
2047.4218123598557 0.9999215935900257
2047.4232012793072 0.9994655695092689
2047.4245901987592 0.9999910629681813
2047.4259791186764 1.0007216412906559
2047.427368038128 1.0001080802692022
2047.42875695758 1.0003260310792463
2047.4301458774976 1.0003449812262288
2047.431534796949 0.999873326914277
2047.4329237164006 1.0002043711351214
2047.4343126358526 1.0001450275683466
2047.4357015557698 0.9998161216395276
2047.4370904752213 0.9999033525233989
2047.4384793946733 1.0004142424564912
2047.4398683145905 1.0000607785517972
2047.441257234042 1.0004494095466459
2047.442646153494 0.9999081147214517
2047.4440350734112 1.0005044822406877
2047.4454239928627 1.001051634114453
2047.4468129123147 1.0013093034549676
2047.448201832232 1.0013778364621602
2047.4495907516834 1.0006006678138946
2047.450979671601 1.000919003506335
2047.4523685910526 1.0009627487278794
2047.4537575105032 1.001156187443784
2047.4551464304204 1.0013970633550526
2047.456535349872 1.0007097391949806
2047.4579242697891 1.0002896211231294
2047.4593131892411 1.000762681592771
2047.4607021086927 1.0009412410264167
2047.4620910286098 1.0005802255370513
2047.4634799480618 1.0007897791657783
2047.4648688679795 1.0005950274443298
2047.466257787431 1.0003051482442353
2047.4676467073482 1.0002770229709737
2047.4690356268002 1.0000789126551344
2047.4704245467174 1.000188703018998
2047.471813466169 1.0000433919227605
2047.4732023860865 0.9999111279861309
2047.474591305538 1.0004717896887338
2047.4759802254553 0.9994520789318686
2047.4773691449072 0.9996854979254547
2047.4787580648244 1.0005899746514175
2047.480146984276 0.9990969223107582
2047.4815359041936 0.9992418212314855
2047.4829248236451 0.9993534615353431
2047.4843137435623 0.9994184267677978
2047.4857026630143 1.0003205668639517
2047.4870915829315 1.0000209614926212
2047.488480502383 1.0001794291857207
2047.4898694223002 0.9996673109182217
2047.4912583422165 0.9998313818493405
2047.492647261668 0.9996461714105702
2047.4940361815857 0.9997686917464965
2047.4954251010372 0.9996917110101112
2047.4968140209544 0.9995749333712344
2047.498202940872 0.9998192871992526
2047.4995918603242 1.0002297615773441
2047.5009807802412 0.9999385442944192
2047.5023696996927 1.0004584484304173
2047.5037586196106 1.0005048205204077
2047.506536458979 1.001904133089587
2047.507925378897 1.001277832125303
2047.509314298814 1.0007731259373633
2047.5107032182655 1.0006067514055013
2047.5120921381833 1.0001258578500065
2047.5134810581003 1.0001423781299554
2047.5148699775518 0.9995259796926885
2047.5162588974695 1.0002661080492201
2047.5176478173867 0.999319416154496
2047.5190367373038 1.0000585840299077
2047.5204256567558 1.0000195928295579
2047.521814576673 1.0000562583797339
2047.5232034965902 0.9997375385845917
2047.5245924165079 0.9996342120272187
2047.525981335959 1.0000258008351723
2047.5287591757929 0.999547569539125
2047.53014809571 0.9998155709457579
2047.5315370151616 1.0001174409030182
2047.5329259350792 0.9997091024069722
2047.5343148549973 1.0000560487977175
2047.5357037749143 1.0002949357539639
2047.5370926948312 1.000004981630506
2047.5384816147493 0.999921157429248
2047.5398705342006 0.999375470125198
2047.5412594541176 0.999536223292918
2047.5426483740355 0.9994750657526839
2047.5440372939524 0.9992823351036895
2047.5454262138696 0.9997696234186342
2047.5468151337875 1.0000463641429107
2047.5482040537045 1.0012186017162537
2047.549592973156 1.0011560801280863
2047.5509818930739 1.000683228821998
2047.5523708129908 1.000473561120577
2047.553759732908 1.000325498871807
2047.555148652826 0.9999168911585953
2047.5565375727429 1.0009846767771
2047.55792649266 1.0004612909739017
2047.559315412578 1.0001864297246141
2047.5607043324949 0.9998493010091353
2047.562093252412 1.0003771789145792
2047.5634821723293 1.0004660749258663
2047.5648710922455 0.9998087879449343
2047.5662600121627 1.000187610911348
2047.5676489320804 0.9995937449896053
2047.5690378519985 1.0001343612826075
2047.5704267719154 0.9999474874730107
2047.5718156918324 0.9997162425636646
2047.5732046117505 0.9996277159041094
2047.5745935316675 0.9998176862987425
2047.5759824515844 0.999914606573243
2047.5773713715025 1.00065618995851
2047.5787602914195 0.9999288521467856
2047.5801492113364 1.0002742190332687
2047.5815381312545 0.9996903494948395
2047.5829270511715 1.0000264982801779
2047.5843159710885 1.000484432499146
2047.5857048910066 0.9992414038023024
2047.5870938109235 1.0008001257377466
2047.5884827313062 0.9994915735669526
2047.5898716512243 1.0001020300023231
2047.5912605711412 1.000049392196378
2047.5926494910582 1.0001404294243117
2047.594038410976 1.0004617656664434
2047.595427330893 1.0004633499452753
2047.5968162508102 1.0000728096997549
2047.5982051711937 0.9999322804984828
2047.5995940911102 0.9993205050881736
2047.6009830110265 1.0002923141632722
2047.6023719309444 1.000126495563037
2047.6037608508623 0.9994913035324697
2047.6051497712451 1.0002951544257828
2047.606538691162 0.9995709936012659
2047.60792761108 0.999784042300021
2047.6093165309971 1.0004232879585806
2047.610705450914 0.9997303133431295
2047.6120943712976 1.0000811550599078
2047.6134832912146 0.9997157160040063
2047.6148722111316 0.9998248531500452
2047.6162611310497 1.0001371946112478
2047.6176500514323 1.0003596596584923
2047.6190389713493 0.9991624143347043
2047.6204278912674 1.0001608636875567
2047.62181681165 1.0000891996793642
2047.623205731567 1.0000176498826943
2047.624594651485 1.0005326551784575
2047.6259835718677 1.0000107326590808
2047.6273724917846 1.0000176369656015
2047.6301503320853 1.0035568061026126
2047.6315392520023 1.0030134063237297
2047.6329281719204 1.0031764434647947
2047.6343170923037 1.0037235301709397
2047.635706012221 1.0030930240477647
2047.6370949326028 1.0031403372197614
2047.63848385252 1.0024766655348951
2047.6398727724372 1.0020160645305287
2047.6412616928199 1.002814114145591
2047.6426506127377 1.0015714672943552
2047.6440395331206 1.0013162719746134
2047.6454284530375 1.0011219020033808
2047.646817373421 1.0019117486219122
2047.6482062933383 1.001508621805912
2047.6495952137209 1.0015597670748655
2047.6509841336388 1.0022965101325982
2047.6523730540216 1.0018308226747143
2047.6537619739386 1.0017666638135372
2047.655150894322 1.001097249746193
2047.6565398142393 1.0013050669285817
2047.657928734622 1.001347531439298
2047.6593176545398 1.000804557519272
2047.6607065749226 1.0013712165246635
2047.6620954948396 1.0017528265549558
2047.6634844152231 1.0014802117563162
2047.66487333514 1.0010480522915628
2047.6662622555227 1.0013378861800326
2047.6676511759065 1.0008560977347418
2047.6690400958241 1.0010632555376697
2047.670429016207 1.0006688131753716
2047.6718179361242 1.0004898910452658
2047.6732068565068 1.0005825838025764
2047.674595776889 1.0006703075395456
2047.6759846968062 1.0005514318110265
2047.6773736171895 1.0006602284785977
2047.6787625375723 1.0005483572546352
2047.6801514574895 0.9997579600202396
2047.6815403778728 0.9997875340370592
2047.6829292982557 1.0003498594216471
2047.6843182181728 1.0003017268112768
2047.6857071385562 1.0002585032482327
2047.687096058939 1.000622730613274
2047.6884849793216 0.9998345291852442
2047.6898738992395 0.9995326227746749
2047.6912628196224 1.0
2047.692651740005 0.9998150088526346
2047.6940406603885 1.0005438023742066
2047.6954295803057 0.9996997969168653
2047.6968185006883 1.0002707572851344
2047.6982074210719 0.9998379099666809
2047.6995963414547 0.999735387557826
2047.7009852618373 1.0001025198504958
2047.7023741817552 1.0000223373009092
2047.7037631021385 1.000276562435527
2047.7051520225214 1.0001000167752687
2047.7065409429042 0.9997029326417733
2047.7079298632875 1.0001774087080364
2047.7093187836697 0.9997848493963744
2047.7107077035862 1.0000161728331982
2047.7120966239695 1.000488976523556
2047.7134855443524 0.9997789552454459
2047.7148744647352 0.999865092029461
2047.7162633851185 0.999796313013939
2047.7176523055014 1.0002750467807184
2047.7190412258842 1.0003663619900902
2047.7204301462675 0.9998343377518321
2047.7218190666504 1.0003514671025353
2047.7232079870332 0.9997253962401035
2047.7245969074165 0.9998753667991054
2047.7259858277994 1.0000047937343017
2047.7273747481822 1.0002716333198265
2047.7287636685655 0.9999265914655657
2047.7301525889484 1.0000505185613464
2047.7315415093312 1.0004444924674498
2047.7329304297145 0.9991893786184977
2047.7343193500974 0.9999702136442845
2047.7357082704802 0.9998412348892953
2047.7370971908636 0.9995463472593357
2047.7384861112469 1.0006592497918378
2047.7398750316297 1.0003089847181732
2047.7412639520126 1.0001681328490468
2047.7426528723959 0.9993754647749306
2047.7440417927787 0.9996837382474831
2047.7454307131616 0.9999281259860947
2047.7468196335444 1.0001749836451137
2047.748208554392 1.0012269684906492
2047.7495974747749 0.9998244725965035
2047.7509863951582 0.9996555912320542
2047.752375315541 0.9996126584954256
2047.7537642359239 0.9996688846538738
2047.7551531563072 0.9997055686730344
2047.75654207669 1.0000578563531672
2047.7579309975386 1.000028599051195
2047.7593199179219 1.0002425875154248
2047.7607088383047 1.0004305030217955
2047.7620977586876 0.9997584216207672
2047.7634866795365 0.9998856541532816
2047.7648755999194 0.9997517559816465
2047.7662645203022 1.000064160955492
2047.7676534406855 1.0001365995374085
2047.7690423615345 0.9991897417661675
2047.7704312819174 1.000339353016488
2047.7718202023002 1.0000976879850554
2047.7732091226835 0.9994286138182024
2047.774598043532 1.0004718458323503
2047.7759869639149 0.999768450814809
2047.7773758842982 0.9999828479112294
2047.7787648051467 0.9999624566744926
2047.7801537255295 1.0001091533544055
2047.7815426459129 0.9998913246416637
2047.782931566761 1.0001746510966494
2047.7843204871428 1.0001388474462416
2047.7857094075262 1.0004423395545967
2047.7870983283747 0.9999327033680825
2047.7884872487575 0.9999947817321518
2047.7898761696065 1.0002678750996659
2047.7912650899893 1.00005014484723
2047.7926540103722 0.9997921597748487
2047.7940429312212 1.0001105497845328
2047.795431851604 1.0001293864604417
2047.7968207724525 1.0000065383957393
2047.7982096928358 1.0000842204877973
2047.7995986136843 0.9997829673652022
2047.8009875340672 0.9997711469240347
2047.8023764549162 1.000343194099869
2047.8037653752997 1.0002063630238733
2047.805154296148 1.0002623363157568
2047.8065432165308 1.0001424780526809
2047.80793213738 1.0004606146848376
2047.8093210577626 0.9996290681247015
2047.8107099786112 1.0005655533778122
2047.8120988989947 0.999629479312245
2047.813487819843 1.000090711425956
2047.8148767406915 1.0000488959357698
2047.816265661075 1.000411030446911
2047.8176545819233 0.9997818532633216
2047.8190435023055 1.0000749362621792
2047.8204324231538 1.000376485286955
2047.8218213440023 1.0000052798497354
2047.8232102643851 0.9996293866562157
2047.824599185234 0.9993291451253312
2047.8259881060826 0.9992937981921234
2047.8273770264655 0.9989965523729532
2047.8287659473144 0.9998810784968322
2047.830154868163 0.9998524566655207
2047.8315437885458 1.0006006027552121
2047.8343216302433 1.0019570997853042
2047.8357105506261 1.000775355626372
2047.837099471475 1.000423913751762
2047.8384883923245 1.0007595119754542
2047.8398773131728 1.000841063482982
2047.8412662335554 1.0007526824806023
2047.8426551544046 1.0001030263031492
2047.844044075253 1.0001470103701116
2047.8454329961014 1.0001713736721916
2047.846821916485 1.0004668415022095
2047.8482108373332 1.0003301523417234
2047.8495997581817 1.000758961132945
2047.850988679031 0.999494681524546
2047.8523775998792 1.0001038729301024
2047.8537665207277 1.0004803039380603
2047.8551554411113 0.999620446217229
2047.856544361959 0.9997348201805983
2047.8579332828067 0.9999468315696137
2047.859322203656 0.9999587731192336
2047.8607111245042 1.000116060324484
2047.8621000453527 0.9997708179817688
2047.8634889662017 0.999522908665635
2047.8648778870502 0.9994459695152408
2047.866266807433 0.9991323400473258
2047.867655728282 1.0001419905734104
2047.8690446491314 1.0000579729349213
2047.8704335699797 1.0000300069292
2047.871822490828 1.0005900008095931
2047.8732114116774 0.9998855518068321
2047.8746003325257 0.9999931582628829
2047.875989253374 1.0001939107115292
2047.8773781742234 1.0004614641430838
2047.8787670950717 1.000666964388975
2047.88015601592 1.000680177714058
2047.8815449367694 1.0000976491170137
2047.8829338576177 0.9998938270672797
2047.884322778466 1.000430097149379
2047.8857116993154 1.0003491949340206
2047.8871006201637 1.0008750949069836
2047.888489541012 0.9997676595962799
2047.889878462327 0.9997381268621998
2047.8912673831753 1.0005549005188514
2047.8926563040231 1.000109420479012
2047.8940452248714 1.0002013763820616
2047.8954341457197 0.9998608054997854
2047.8968230665682 0.9998737093700865
2047.8982119874174 0.9999114035301492
2047.8996009082657 0.9997971150236565
2047.9009898291142 0.9998581589402606
2047.902378750429 0.9990383828125621
2047.9037676712783 1.0000478409160485
2047.9051565921268 1.000361779689555
2047.906545512975 0.9999307890516324
2047.9079344338243 1.0001145921554737
2047.9093233551384 0.99958310895551
2047.9107122759867 1.0003356158734362
2047.912101196836 0.9993676023810326
2047.9134901176842 1.0003118486707352
2047.9148790385325 1.0001473111129666
2047.9162679598476 0.9997084975135846
2047.9176568806959 0.9997810116577075
2047.9190458015441 0.9997253624944937
2047.9204347223936 0.9998917651725658
2047.9218236437075 0.9998293325534137
2047.9232125645558 0.9994536568849978
2047.9246014854052 0.9996277449532457
2047.9259904067192 0.9998746536015057
2047.9273793275675 0.999748705451873
2047.9287682484169 0.9999476516732735
2047.9301571692645 0.999746181222045
2047.9315460905777 0.9995564750234144
2047.9329350114272 0.9993836361182631
2047.9343239322761 0.9994117885428438
2047.9357128535903 0.9993546928073012
2047.9371017744388 0.9996570829804556
2047.9384906957534 0.9996188389036945
2047.939879616602 0.9991859233418351
2047.9412685374502 1.000168879804587
2047.942657458765 1.000918637885734
2047.9440463796136 0.9997769057329463
2047.9454353009276 0.9995474451906176
2047.9468242217768 0.9996577303118983
2047.9482131426253 1.0000968398450876
2047.9496020639392 1.0001251780334826
2047.9509909847884 0.999477131261967
2047.9523799061026 1.0000673627120011
2047.9537688269509 0.9997367316662273
2047.9551577482657 1.0001110716056427
2047.9565466691142 1.0006839645906633
2047.9579355904282 0.9998885669712503
2047.9593245112774 1.0000012608329567
2047.9607134321259 0.9999720213684697
2047.9621023534398 1.0008579759249194
2047.963491274289 1.0000128486926545
2047.964880195603 1.0006079145247562
2047.9662691164508 1.0000363249610602
2047.967658037765 0.9999931552600175
2047.9690469590796 1.000157850144674
2047.9704358799281 0.9999857699945987
2047.9718248012423 0.9999830079628409
2047.9732137220913 0.9997944132645235
2047.9746026434054 0.9999217637418715
2047.975991564254 1.0003818766390749
2047.9773804855686 1.0003138490344714
2047.978769406417 0.9998322967213198
2047.9801583277313 0.9995626361320558
2047.981547249046 0.9998962426073609
2047.9829361698944 1.0003396751775804
2047.9843250912086 1.0006628415722176
2047.9857140120575 1.000126696555445
2047.9871029333717 1.0000271408305874
2047.988491854686 1.0001484947805255
2047.9898807755349 0.999812233839065
2047.991269696849 0.99994127396231
2047.9926586176973 1.000113669737711
2047.9940475390122 1.0003614273274968
2047.9954364603263 0.999472777958756
2047.9968253811746 0.9992915489317629
2047.9982143024895 1.0014078687828225
2047.9996032238041 0.9999177932760904
2048.0009921446526 0.9998417106396031
2048.002381065966 1.0004091166539122
2048.00376998728 1.00011757741524
2048.0051589081286 0.9999044002487756
2048.0065478294423 0.9994345050294643
2048.0079367507574 1.0002570173390022
2048.009325671606 0.9999932142227249
2048.01071459292 0.9994140177311581
2048.0121035142347 0.9999966971497724
2048.013492435083 0.9997784074848547
2048.014881356397 0.9999455323593334
2048.016270277712 0.9999736367861357
2048.017659199026 0.9999970573914364
2048.0190481198747 0.9997843475474383
2048.0204370411893 0.999601361879458
2048.0218259625035 0.9998843954518708
2048.023214883817 0.9995862833440822
2048.0246038046666 0.9995796747803427
2048.025992725981 0.9995438191275271
2048.027381647295 0.9999580210132755
2048.0287705686096 1.0000913453988134
2048.030159489458 1.0003942109840729
2048.031548410772 1.000689693360314
2048.032937332087 1.0006551647782358
2048.034326253402 1.0004658071375876
2048.03571517425 1.0000905074555442
2048.0371040955642 1.0001659414012445
2048.038493016879 0.9999238454401166
2048.039881938192 1.0003715261315722
2048.04127085904 0.9999544748408632
2048.042659780355 0.9999452253074695
2048.044048701669 1.0000789793774334
2048.045437622983 0.9995449196224869
2048.0468265438326 1.0000218622610286
2048.0482154651463 1.0000822242765945
2048.0496043864605 1.0005122084044342
2048.050993307775 1.0000100304155835
2048.0523822290893 1.001197617666678
2048.053771149938 1.000610177745576
2048.0551600712524 1.0002950904233217
2048.0565489925666 1.0001961677141458
2048.0579379138803 1.0001596501487424
2048.0593268351954 1.0000326750492183
2048.060715756044 0.9995132945138206
2048.062104677358 1.0000639094503998
2048.0634935986727 0.9997684467455745
2048.0648825199873 1.0000105115711375
2048.066271440836 1.000037301327633
2048.06766036215 0.9998474298629374
2048.069049283465 0.9999968764943646
2048.070438204779 0.9995252236926833
2048.071827126093 0.9993848406499413
2048.073216046942 0.9999614358733837
2048.074604968256 1.0003191475175153
2048.0759938895694 1.0001662126404502
2048.0773828108836 1.0009160385314657
2048.0787717321978 1.000445723252355
2048.0801606530463 1.0003686555665519
2048.0815495743614 0.9996608367145038
2048.082938495675 0.9998299965704962
2048.0843274169893 0.9999911092929215
2048.085716338304 0.9997845789139521
2048.0871052591524 0.9997119486580172
2048.0884941804666 0.9996519327613873
2048.0898831017817 0.9998610483585955
2048.0912720230954 0.9998288472365767
2048.092660943944 1.0001833493663903
2048.0940498652585 0.9996357614601021
2048.0954387865727 0.99973770770714
2048.096827707887 1.0006292421957057
2048.0982166287363 1.000620776394036
2048.0996055500505 1.0006898706229743
2048.1009944713646 1.0006472808825946
2048.102383392679 1.000151818457087
2048.103772313528 1.0004780488349985
2048.105161234842 1.0000152001194862
2048.106550156156 0.9993958954172705
2048.1079390774707 0.9999643121733159
2048.1093279983193 1.000002403240722
2048.1107169196334 1.000195565346974
2048.1121058409485 0.999948930278595
2048.113494761796 0.9997271051297747
2048.1148836831094 0.9997323901256883
2048.1162726044245 0.9997087750225464
2048.1176615252725 0.9998356700827261
2048.1190504465867 0.9999503701360405
2048.1204393679013 1.000293695955708
2048.12182828875 0.9996173747896853
2048.123217210064 0.9997273291099188
2048.124606131379 0.9998248473843886
2048.125995052227 1.0000192278989122
2048.1273839735413 0.9994952031379245
2048.128772894856 0.9999930297643483
2048.1301618157054 1.0002774899358822
2048.1315507370196 1.000177684059835
2048.1329396583337 0.9999276518438475
2049.159345474705 0.9999366300748699
2049.160734379721 0.9993630232891358
2049.1635121888216 0.9999601614536885
2049.1649010938377 1.0001951633994035
2049.166289998388 0.9999822695245041
2049.1676789029393 0.9998602909541348
2049.1690678074897 1.000105190153067
2049.171845617056 1.0000707929543637
2049.1732345216064 1.0003604468548293
2049.174623426157 1.0001116738659874
2049.176012330708 1.000279466194753
2049.177401235724 1.0005246378315158
2049.1787901402736 0.9997519908670253
2049.180179044824 0.9999605378851661
2049.1815679493743 0.9998440495511285
2049.1829568539247 0.9999312433842431
2049.184345758475 1.0000381568921626
2049.1857346630263 0.9996908614169651
2049.1871235675767 0.9999588937505035
2049.188512472127 0.9998821204893961
2049.189901376678 0.9994168904065776
2049.191290281694 1.0001339304853538
2049.192679186244 0.9998883965477332
2049.194068090795 1.0002131584292644
2049.19545699488 0.9996384152716763
2049.19684589943 1.0000108635648435
2049.198234803981 0.9993381800672116
2049.1996237085314 0.9999710725529889
2049.2010126130813 0.9996462750615182
2049.2024015176326 0.9991808977516482
2049.203790422183 0.9998831257142318
2049.2051793267333 0.9999733208326875
2049.2065682312837 0.9997028832015805
2049.207957135834 1.0001450694734049
2049.2093460403844 1.000348434194331
2049.21073494447 1.0004330444167366
2049.2121238490204 1.0005670984916124
2049.2135127535707 1.0003859164341038
2049.2149016581207 1.0001781980471853
2049.216290562671 1.0002196103939323
2049.2176794667557 1.0001374716265643
2049.2190683713056 1.000007433756381
2049.220457275857 1.0005431121043322
2049.2218461804073 1.0000945065167022
2049.223235084492 1.0001811000025955
2049.224623989043 1.0002531748909969
2049.226012893593 1.0003323217006188
2049.2274017976774 1.0003351382749144
2049.2287907022287 1.0001062817215847
2049.230179606779 1.0002646900937846
2049.231568510864 0.9996488644770216
2049.2329574154146 1.0002871944534082
2049.234346319965 1.0002267971373318
2049.235735224049 1.0006688044192276
2049.2371241286005 1.0007732606764692
2049.238513032685 1.000662143025016
2049.2399019372356 1.0002463325749182
2049.2412908417864 1.0000300680315746
2049.242679745871 0.9998816195622966
2049.244068650421 0.9995033893207246
2049.2454575545066 0.9995365400064655
2049.246846459058 1.0002654966892492
2049.248235363142 1.000000825221115
2049.2496242676925 0.999497225841908
2049.2510131717777 1.0003550508039742
2049.252402076327 0.9998807117360202
2049.253790980411 0.9995674214357176
2049.2551798844966 0.9996293181634689
2049.256568789047 1.000080497628561
2049.2579576931316 0.9998564538829224
2049.2593465976825 0.9996697870338497
2049.260735501767 0.9999617006694016
2049.2621244058514 0.9992972071407714
2049.2635133104027 1.0003952161174647
2049.2649022144874 1.0002034913075513
2049.266291118572 1.000432297946956
2049.267680023123 0.9991284886081432
2049.2690689272076 0.9994899802142012
2049.270457831292 0.9991679092657068
2049.271846735843 0.9998672338267947
2049.273235639928 0.9994029892240026
2049.2746245440126 0.9994156179260291
2049.2760134480977 1.0000181397156234
2049.2774023526486 0.9996433454899754
2049.2787912567333 0.9993193455446755
2049.280180160818 0.9998002522051461
2049.2815690649036 1.001531054319231
2049.2829579694535 1.0005963923210957
2049.284346873538 1.0000599429799764
2049.2857357776234 1.0011318274567813
2049.287124681708 1.0008878027629402
2049.288513585792 1.0000545212673568
2049.2899024898766 1.0004440416812777
2049.291291394427 1.0007494589824573
2049.2926802985116 1.0003204939893249
2049.2940692025973 1.0001680111087485
2049.2954581066815 1.0002889155330597
2049.296847010766 1.000282428741192
2049.2982359148514 1.000001765843501
2049.299624818936 1.0000135375836874
2049.301013723021 0.9994792361911071
2049.3024026271064 1.000376667385866
2049.3037915311907 1.000432325977318
2049.305180435275 0.9996181844482195
2049.3065693393605 1.0008131494588477
2049.307958243446 0.9998604203067034
2049.3093471475304 0.99997481547629
2049.310736051615 1.0002173548235707
2049.3121249557003 1.0000234173600775
2049.313513859785 0.9999921160823331
2049.3149027638697 0.9997137194735591
2049.3162916679553 1.000202376750206
2049.3176805720395 1.000058945732629
2049.3190694761242 0.999368211955124
2049.3204583802094 1.0002858813775812
2049.321847284294 1.0000844668915667
2049.323236188379 1.0004483152299541
2049.3246250919988 0.9998644874396208
2049.3260139960826 1.000019055684946
2049.3274029001664 1.0000049401640276
2049.328791804252 1.0001886596052616
2049.3301807083362 0.9999144950024269
2049.331569612421 0.9996292972324663
2049.3329585160404 0.9993756402803633
2049.334347420126 0.9998491201162634
2049.3357363242108 1.0004209885115998
2049.3371252282955 0.9997570594170814
2049.33851413238 0.9994420587081231
2049.339903035999 0.9996552543146122
2049.341291940084 1.0000061139341025
2049.3426808441695 1.0003806946654779
2049.3440697482542 0.9997076128238875
2049.3454586518733 0.999786273215014
2049.346847555958 1.0001374238702323
2049.3482364600427 0.9991277636930814
2049.3496253636617 0.9995403899115703
2049.3510142677474 0.9996772279499437
2049.352403171832 0.9995857963893058
2049.353792075451 0.999801016286106
2049.355180979536 1.0001142376955012
2049.3565698836205 1.0002137757618008
2049.3579587872396 0.9997319389930284
2049.359347691325 1.000056171866168
2049.360736594944 0.999588246167217
2049.362125499028 1.0000502921232077
2049.3635144031127 0.9997100093765202
2049.364903306732 1.0001550941192188
2049.3662922108165 0.9996141600443927
2049.3676811144355 0.9998372816901838
2049.369070018521 1.0000980970119533
2049.37045892214 0.9997404938698872
2049.371847826225 0.9999547732595546
2049.3732367303096 1.000034065534806
2049.3746256339286 1.0002023881805302
2049.3760145380134 0.9996745239398742
2049.3774034416333 1.0001046508800833
2049.3787923452524 1.0001865083741437
2049.380181249337 1.0003222660849123
2049.381570152956 1.0000724600066564
2049.382959057041 1.0000549593664736
2049.38434796066 0.9997388359717281
2049.3857368647455 1.000575735659949
2049.3871257683645 1.0004757782826235
2049.388514672449 1.000473878170337
2049.3899035760683 1.000452255306339
2049.3912924796873 1.0000989709486805
2049.392681383772 0.9999847381584546
2049.394070287392 1.0003567599854055
2049.395459191477 1.0004253011326885
2049.396848095096 0.9999501116325586
2049.3982369987143 1.0001010641669426
2049.399625902799 1.0003514217321359
2049.401014806418 0.9997230051825026
2049.4024037100367 1.000058213823835
2049.4037926141223 0.9998696112690603
2049.4051815177413 1.00030536250355
2049.4065704213604 0.9996955892477991
2049.4079593249794 0.9999924897905156
2049.409348229064 1.0000827263604437
2049.410737132683 0.9995204311355773
2049.412126036303 0.999734939139844
2049.413514939922 0.9995720941561813
2049.414903844007 0.9996908450840555
2049.416292747626 1.0001763346467898
2049.417681651245 1.0000547871472403
2049.419070554864 1.0002919912512898
2049.4204594589496 1.0009193438468686
2049.421848362569 1.000192143286809
2049.423237266188 1.000002580579171
2049.4246261698067 0.9998314477651697
2049.4260150734267 1.0000633366002507
2049.4274039770457 0.9996210505871077
2049.4287928811304 0.9994196936597076
2049.43018178475 0.9999650516092737
2049.431570688369 0.9999224832201385
2049.4329595919876 0.9997055413114634
2049.4343484956075 0.9998155452765402
2049.4357373992257 0.9999807695983297
2049.437126302844 1.0000943895330567
2049.4385152064638 1.0001430445412562
2049.439904110083 0.9999919100832723
2049.4412930141675 1.0001294337659634
2049.442681917787 1.0001820679590638
2049.444070821406 0.9998799545703076
2049.4454597250246 0.9999982415884037
2049.4468486286446 0.9997302698110728
2049.4482375322636 1.0008411609005063
2049.4496264358827 0.9999592094462483
2049.451015339502 1.000270520339074
2049.4524042431217 0.9999982419179503
2049.4537931467407 1.0002482319334796
2049.45518205036 1.0001818893522068
2049.4565709539797 0.999880112181247
2049.4579598575983 1.0000769925514101
2049.459348761217 1.000003867063029
2049.460737664837 0.9995447580204321
2049.462126568456 1.0003668752109884
2049.4635154716093 0.9999004048250933
2049.464904375229 1.000160869619216
2049.466293278848 0.999823788009477
2049.4676821824664 1.0000335071762179
2049.4690710860864 0.9994052106452884
2049.4704599897054 0.9998120922833073
2049.4718488933236 0.9998335366583673
2049.4732377969426 1.0002831297540202
2049.4746267005617 0.9998372970268696
2049.4760156041807 1.0000312743965183
2049.4774045073345 0.9996370191294082
2049.4787934109536 0.9999707189493491
2049.480182314572 1.00023459142501
2049.481571218192 0.9995854097978205
2049.482960121812 1.00035320899034
2049.484349024965 0.999640479649333
2049.485737928584 1.0006652649378678
2049.4871268322036 1.0001072630429402
2049.4885157358226 1.0002348931833203
2049.4899046394416 0.9993583400397338
2049.491293542596 1.0002250415249618
2049.4926824462145 1.000056902395181
2049.4940713498336 0.9998232105778614
2049.495460253453 1.000360942402701
2049.4968491566065 1.0001569922853686
2049.4982380602255 0.99971857077032
2049.4996269638455 0.9996108822787783
2049.501015867464 0.9998727567226767
2049.5024047706174 1.0003204971006017
2049.503793674237 0.9996002699670126
2049.505182577856 1.0000832206557648
2049.5065714810094 0.9999627801888075
2049.5079603846293 1.000292481847165
2049.509349288248 1.000430925417601
2049.5107381914004 0.9998063122997073
2049.5121270950194 1.0004101831687275
2049.513515998639 0.9996991308145515
2049.5149049017923 1.00031829547158
2049.5162938054114 1.0004643219267488
2049.5176827085656 1.0003977266743662
2049.5190716121842 1.0006839182560308
2049.5204605158033 1.0006322970401385
2049.521849418957 1.0003037363194343
2049.523238322576 1.0005918927886657
2049.5246272257295 1.0003127257990243
2049.5260161293495 1.0003283927788218
2049.527405032968 1.0005191884469222
2049.5287939361215 0.9998917903376375
2049.530182839741 1.0004074407119954
2049.5315717428944 1.0005699082812634
2049.5329606465134 0.9997128320445282
2049.5343495496677 0.9998484079678457
2049.5357384532863 0.9999006961562044
2049.5371273564397 0.999918360405592
2049.538516260059 1.0002804669505723
2049.5399051632135 1.0003534387591329
2049.5412940668325 0.9999908777573879
2049.542682969986 0.9995573502200619
2049.544071873605 0.999699217345289
2049.545460776758 0.9998375679869774
2049.5468496803765 0.999745776011125
2049.54823858353 0.9996486101801783
2049.549627487149 0.9999013096005529
2049.5510163903023 0.9996914256916467
2049.5524052934566 0.9992937714382462
2049.5537941970756 0.9997517745256824
2049.555183100229 0.9999600137543332
2049.556572003848 0.9995595786499349
2049.5579609070014 0.9995938458171381
2049.559349810155 0.9997882770239068
2049.5607387137748 0.999758939126401
2049.5621276169277 1.0002778790939528
2049.563516520081 0.9999906479803963
2049.5649054237006 0.9997044838151701
2049.566294326854 0.9999180571334655
2049.567683230473 0.9998688479673247
2049.5690721336273 0.9996951551646186
2049.5704610367807 0.9994388329033507
2049.5718499403997 0.999760273804484
2049.573238843553 1.0000382196782955
2049.5746277467074 0.9997980366544772
2049.576016649861 0.9995620725620169
2049.57740555348 1.0002901916620677
2049.578794456633 0.9996687942216396
2049.5801833597866 1.0002367704510478
2049.581572263405 1.0000343578075839
2049.582961166558 0.9997067966157154
2049.5843500697115 0.999430083304596
2049.585738972865 1.0002824396946848
2049.587127876485 1.0001855624687053
2049.588516779638 1.0001738734362637
2049.5899056827916 0.9996477034530086
2049.591294585945 1.0004819876821476
2049.5926834890984 0.9999293099352724
2049.5940723927174 0.9997166612861521
2049.5954612958717 1.000032130548639
2049.5968501990255 1.0005646686377687
2049.598239102179 0.9996809269684943
2049.599628005332 0.9998683308771453
2049.601016908952 1.0001338863877032
2049.602405812105 1.000111686744384
2049.6037947152586 1.0001596997691071
2049.6051836184124 1.0002748842694
2049.606572521566 0.9999473138042388
2049.6079614247187 1.000021728296761
2049.609350327873 0.9998711510614209
2049.610739231492 1.0001640080578889
2049.6121281346454 1.0001448480357205
2049.613517037799 1.0000357441809993
2049.614905940952 0.9995766834338496
2049.6162948441056 1.0000357430662248
2049.61768374726 0.9999358737078815
2049.6190726504124 1.0001615398119714
2049.620461553565 0.9998761896452261
2049.621850456719 1.0000029200146094
2049.6232393598725 1.000204164607598
2049.624628263026 0.9996958595553243
2049.6260171661793 1.000226350437897
2049.6274060693336 1.0000910996356716
2049.628794972487 1.0003284218384638
2049.6301838756403 1.0002614963195473
2049.63157277926 1.0001132865105782
2049.632961682413 1.000110972022713
2049.634350585566 0.9999596348019376
2049.6357394887204 1.0000009999978345
2049.637128391408 0.9999405258251751
2049.6385172945616 1.000477185037777
2049.6399061977154 0.9998097693051136
2049.641295100869 1.0004247869496214
2049.6426840040217 1.0006144659945255
2049.644072907176 1.0004383733229947
2049.6454618103294 1.000723930061675
2049.6468507134828 1.0001922329216781
2049.6482396166366 0.9999637097101742
2049.64962851979 1.0003405881860132
2049.651017422943 1.000443259378732
2049.652406326097 1.000963655309833
2049.6537952292515 1.00068118028257
2049.655184132404 1.0004002263495586
2049.6565730355564 1.0005844069736256
2049.657961938245 1.0002236967023417
2049.659350841398 1.0005599212701446
2049.660739744551 1.0006540628051444
2049.6621286477052 1.0005060083310693
2049.6635175508586 1.0008866010839972
2049.664906454012 1.000093245257935
2049.666295357166 1.000535026255126
2049.6676842598536 1.0007377655830727
2049.6690731630065 1.0004512209176906
2049.670462066161 1.000523289456254
2049.671850969314 1.0006580640697436
2049.6732398724675 1.0006215329207269
2049.6746287756214 1.0003158443727445
2049.676017678309 1.0002608656341787
2049.677406581462 0.9992922786008914
2049.6787954846163 0.9991479771714538
2049.6801843877697 0.9982994444530013
2049.681573290923 0.9991967222207698
2049.6829621936113 0.9976669759182596
2049.684351096765 0.9982823720803783
2049.6857399999185 0.99829688199239
2049.687128903072 0.9985722464885107
2049.6885178057605 0.99794174398094
2049.6899067089134 0.9980354218128512
2049.691295612067 0.9981001412073891
2049.6926845147545 0.9976901002319064
2049.694073417907 0.997603963324716
2049.6954623210604 0.9974129749470279
2049.6968512242142 0.9981409015403229
2049.698240126902 0.9978482136228136
2049.6996290300553 0.9978403070746719
2049.7010179332096 0.9972028325060516
2049.702406835897 0.9978897625384991
2049.7037957390503 0.9975056601994264
2049.705184642204 0.997349006133235
2049.706573544892 0.997970774090002
2049.7079624480452 0.9976263746030158
2049.7093513511995 0.9976748626520026
2049.7107402538873 0.997815820461676
2049.7121291570406 0.9973424131638223
2049.7135180597284 0.9978247604164431
2049.7149069628827 0.9977914021712356
2049.7162958660356 0.9975038731174908
2049.7176847687233 0.9969354409622528
2049.719073671877 0.9970420732077294
2049.720462574565 0.9972313641256193
2049.7218514777182 0.9969844731931867
2049.7232403808725 0.9980465846012463
2049.72462928356 0.9978884214403853
2049.726018186713 0.9977913194858419
2049.7274070894014 0.9980402597891931
2049.728795992554 0.9975306893298529
2049.730184895241 0.9978984766701459
2049.731573798395 0.9977881843716729
2049.7329627010827 0.9974902830279636
2049.734351604236 0.9969722037242413
2049.7357405073903 0.9968936724773171
2049.7371294100776 0.9999757464444491
2049.738518313231 1.003656330397061
2049.739907215919 1.0008957218477332
2049.7412961190735 0.9997425620773022
2049.742685021761 0.9993769514423383
2049.7440739249146 0.9989206370856286
2049.7454628276023 0.9986285808494462
2049.74685173029 0.9986071298442524
2049.7482406334434 0.9979566898930625
2049.749629536132 0.9982852240048639
2049.7510184392854 0.9977077535892493
2049.752407341973 0.9976031910609064
2049.7537962451265 0.9992876157622248
2049.7551851478142 0.9991354178397084
2049.7565740509676 0.9983219164222312
2049.7579629536563 0.9980080476941496
2049.759351856344 0.9978862096963496
2049.7607407594974 0.9981313827791394
2049.762129662185 0.9984102890745802
2049.7635185653385 0.998344015399681
2049.7649074680253 0.9978101157606161
2049.766296370713 0.9978757519015686
2049.7676852738673 0.9984091258514212
2049.769074176555 0.9978445343297043
2049.7704630797084 0.9979467054749821
2049.771851982396 0.9977307903513355
2049.773240885084 0.9978627266399306
2049.7746297882372 0.9981991677642531
2049.776018690926 0.9983085719728277
2049.7774075936136 0.9978902564649597
2049.778796496767 0.9979410649614104
2049.7801853994547 0.9981276239297483
2049.7815743021424 0.9973509725145668
2049.782963205296 0.9975654295636157
2049.7843521079844 0.9981615686440906
2049.785741010672 0.998008810513435
2049.78712991336 0.9979179165338887
2049.7885188165133 0.9977755494596545
2049.789907719201 0.9977549234385271
2049.7912966218887 0.9985198230091584
2049.792685525043 0.9977467036196319
2049.7940744277307 0.9977285291666923
2049.7954633304184 0.9977727991062196
2049.796852233106 0.9986714408637771
2049.7982411362605 0.9979868082770684
2049.799630038948 0.9981294680151657
2049.801018941636 0.9982347772390835
2049.8024078443236 0.9986473961746188
2049.8037967470104 0.998068988208579
2049.805185650164 0.9979086553448251
2049.806574552852 0.9983747241809977
2049.8079634555397 0.9977473074073545
2049.809352358227 0.9981277055816563
2049.8107412609156 0.9981322890036325
2049.812130164069 0.9995469723805657
2049.8135190667567 0.9992132054635332
2049.8149079694444 0.99910048999939
2049.816296872132 1.0004993904057762
2049.81768577482 1.000305323661215
2049.819074677974 1.0003283353744887
2049.820463580662 1.000250628580518
2049.8218524833496 0.9996986272323966
2049.8232413860374 1.00057464537818
2049.824630288726 0.9996693811164468
2049.8260191914137 1.0002203676459065
2049.8274080941014 1.0003026647637938
2049.8287969967896 0.9998771841559178
2049.830185899943 0.9997319115996435
2049.8315748026303 0.9999862291190834
2049.832963705319 0.9996492166955221
2049.8343526080066 1.0001966850102617
2049.8357415106943 0.999632225865497
2049.8371304133825 0.9998023980135701
2049.83851931607 0.9999075669200213
2049.8399082187566 1.000285809457381
2049.8412971214448 0.9999635099887281
2049.8426860241325 0.9999085675940615
2049.8440749268198 1.0003176121399997
2049.8454638295084 0.9998311260616348
2049.846852732196 0.9998188957930992
2049.848241634884 1.0000747139327915
2049.849630537572 1.000193763640872
2049.8510194402597 0.9998988994758552
2049.852408342947 1.000040120549258
2049.8537972456356 1.000115758960438
2049.8551861483243 0.999918080478578
2049.8565750510115 1.000074919129351
2049.8579639536993 1.0000224061105198
2049.8593528563874 1.0001218353586516
2049.860741759075 1.0000183223090218
2049.862130661763 0.9999111877316297
2049.8635195644515 0.9998014817097082
2049.864908467139 1.0000990859004733
2049.866297369826 0.9996918826843321
2049.8676862725147 0.9999955648946942
2049.8690751752024 1.0002057694341235
2049.87046407789 0.9996141312016942
2049.8718529805783 0.9999598483293987
2049.873241883266 0.9997914173430819
2049.874630785953 0.9999451394677291
2049.8760196886406 0.9997814873312261
2049.8774085913283 1.0004160228565104
2049.8787974940155 0.9999500389007858
2049.880186396704 1.0000438919557486
2049.881575298927 0.9996644998070349
2049.8829642016144 0.9999472340916331
2049.884353104302 1.0001341356098175
2049.8857420069903 0.999986457739157
2049.887130909678 0.9999046184293539
2049.8885198123658 0.9999896093743524
2049.8899087150544 0.9997369597473693
2049.8912976177417 1.0001829529635753
2049.8926865199637 0.9999904259908662
2049.894075422652 0.9996111932898267
2049.8954643253396 0.9999328622168056
2049.8968532280273 0.9999248040058447
2049.898242130716 1.000563982665765
2049.8996310334032 0.9998006749028684
2049.9010199356253 1.0000337470795349
2049.9024088383135 1.0003036138928112
2049.903797741001 0.99970723937356
2049.905186643689 1.0000479965750766
2049.9065755463776 1.000364128507233
2049.907964448599 1.0000664509327597
2049.909353351287 0.9999024818315477
2049.910742253975 1.0004209147936016
2049.912131156663 1.0002294998258605
2049.913520058884 1.0002053284484318
2049.9149089615717 1.0001018491103095
2049.9162978642603 1.000098113923347
2049.9176867669476 1.0002157390956268
2049.9190756691696 0.9999641399378768
2049.920464571858 1.0000360945719837
2049.9218534745455 0.9997872820356349
2049.9232423772332 0.9999496519854114
2049.924631279456 1.0001214924601078
2049.9260201821435 1.000069859927341
2049.927409084831 0.9999535034181413
2049.9287979870537 0.999951866634126
2049.9301868897414 0.9999390139323957
2049.931575792429 1.0000833030439726
2049.932964694652 1.0005742567085218
2049.9343535973394 0.9996203848542787
2049.935742500027 1.0000429984652586
2049.9371314022496 1.0001391644361604
2049.9385203049383 0.9999291890297682
2049.939909207626 0.9995717342251544
2049.941298109848 1.000583695645315
2049.9426870125358 0.9997127603693449
2049.9440759152235 1.0003942931039842
2049.9454648174456 1.0004350897105199
2049.946853720134 1.0004306604531576
2049.948242622821 0.9997912672090603
2049.949631525042 0.9997149422503854
2049.951020427731 1.000195303186282
2049.952409329953 1.0000358825362385
2049.9537982326406 1.0000264158825376
2049.9551871353283 0.9994794992485877
2049.9565760375503 1.0001921686370965
2049.957964940238 0.9998815862255673
2049.959353842461 1.0000720088000365
2049.9607427451483 0.9999367567382422
2049.962131647836 1.0000512039294691
2049.9635205500585 1.0001169072422869
2049.964909452747 1.000418072126327
2049.9662983549692 0.9997500381723745
2049.967687257657 1.0000678119639712
2049.969076159879 1.0000108736078712
2049.9704650625667 1.000157730292658
2049.971853964789 0.9998828389319447
2049.9732428674774 0.9999777831903642
2049.9746317696995 0.9997614547332292
2049.976020672387 0.9998924176421969
2049.9774095746093 1.0003255630111771
2049.978798477297 0.9996032085262571
2049.980187379519 1.0001862974647757
2049.9815762822077 1.0000719248613255
2049.9829651844298 0.9997397763995088
2049.9843540871175 1.0000466661918177
2049.985742989339 1.0002798884422917
2049.9871318920264 1.0001891320534735
2049.9885207942484 0.9996811445297221
2049.989909696936 0.9997451185643168
2049.991298599158 0.9996815934085859
2049.992687501846 1.00068701613207
2049.994076404069 1.0001466957484555
2049.995465306757 1.0003496704744756
2049.996854208979 1.000276562713871
2049.9982431112007 0.9999017260186918
2049.9996320138894 0.9998337481439987
2050.0010209161114 1.0002322448790004
2050.002409818799 0.9999797583947962
2050.0037987210217 0.999919031106564
2050.0051876237094 1.0002757941220866
2050.006576525931 0.9995439954841863
2050.007965428154 0.9997309759698
2050.0093543308417 0.9996863825183062
2050.0107432330637 1.000189229528045
2050.0121321352863 1.0002092473030446
2050.013521037974 0.9993998582504511
2050.0149099401956 0.9995964599897336
2050.016298842884 1.0002364200111515
2050.0176877451063 0.9995686955609819
2050.0190766473283 0.9995240872037044
2050.020465550016 0.99979352274773
2050.021854452238 0.9997047891003734
2050.0232433544597 1.0003178123832346
2050.024632257147 0.9999179397708354
2050.02602115937 1.0001081683999364
2050.027410061592 0.9997336678387233
2050.0287989642798 0.9995264404843396
2050.0301878665023 1.0002150696002456
2050.0315767687243 0.9998714458675291
2050.032965670946 0.9999490684562099
2050.0343545736346 0.9996523664256922
2050.0357434758566 0.999833027490279
2050.0371323780787 1.0004729478845156
2050.038521280767 0.9999076088394804
2050.039910182989 0.9996976404478856
2050.0412990852105 0.9997031346869143
2050.0426879874335 0.9992599791847919
2050.0440768901212 0.9998629763343734
2050.0454657923433 0.9999499905895641
2050.046854694566 0.9998752652078357
2050.0482435967883 0.9995223614039904
2050.049632499476 1.0000814050297298
2050.051021401698 0.9995468109500033
2050.052410303921 0.9999264378156483
2050.0537992061427 0.999766654944748
2050.0551881083647 0.9997006946227651
2050.056577011053 0.9999558348904366
2050.057965913274 0.9998362205034357
2050.0593548154957 0.9998180557789668
2050.060743717718 0.9998580014595857
2050.0621326199403 1.0001454010332729
2050.063521522628 0.9999505549677611
2050.0649104248505 1.0002189949339406
2050.0662993270726 0.9997451418171541
2050.067688229294 0.9998060669295251
2050.069077131517 0.999532435609704
2050.070466033739 1.0000530861635308
2050.071854936427 0.9998349937091352
2050.0732438386494 0.9998880778799818
2050.0746327408715 1.0004086760746937
2050.076021643093 0.9998934599156118
2050.077410545316 1.0003097844050568
2050.078799447539 1.0008196728997596
2050.0801883497606 1.0004024071755775
2050.0815772519827 0.9999476020739733
2050.082966154205 0.9998215830158285
2050.084355056893 1.000412881189745
2050.085743959115 0.999785931803922
2050.087132861338 1.0007422310473453
2050.0885217635596 1.0006620600325602
2050.0899106657816 1.000352673181819
2050.091299568004 1.0005657266497938
2050.092688470226 0.999941842713619
2050.0940773724483 1.0004073485968283
2050.0954662746703 1.0010709783625136
2050.0968551768915 1.0003462692797704
2050.0982440791136 1.000407726612798
2050.0996329813365 1.0001063619453612
2050.101021883558 0.9998894123397535
2050.10241078578 1.0001270100394224
2050.1037996880027 1.0005427724766505
2050.1051885902257 1.0002732722391998
2050.1065774924477 1.0003142154518703
2050.10796639467 0.999867811533731
2050.1093552973575 0.9999819363144826
2050.1107441995796 1.0001636341178661
2050.1121331018016 1.000497137412863
2050.113522003559 1.0003752708366815
2050.1149109057806 0.9999659792600184
2050.1162998080026 1.0003661457917226
2050.117688710225 1.0000682806395291
2050.119077612447 1.0008862696833938
2050.1204665146693 0.9998058207090396
2050.1218554168922 1.000495732767537
2050.123244319114 0.9996080942845362
2050.124633221336 1.0003562484642945
2050.1260221235584 1.0005728824530165
2050.1274110257805 0.9999275948390258
2050.1287999280025 0.9997255075645609
2050.1301888302255 1.000234952892649
2050.131577732447 0.9998348698341222
2050.1329666346687 0.9997052903723141
2050.134355536891 0.9995996457727769
2050.135744439113 0.9998740555190972
2050.137133341335 0.9996389378952051
2050.1385222430913 1.0001349926235334
2050.1399111453143 0.9994941696864075
2050.1413000475363 0.999880258613221
2050.1426889497584 0.9994855637350374
2050.1440778519805 0.9995032729277523
2050.1454667542025 1.0000333432541255
2050.1468556564246 0.9998928044424281
2050.1482445586475 0.9998756579181425
2050.149633460404 0.9999836787374341
2050.151022362626 1.0001813021155515
2050.152411264848 1.0000012917126302
2050.15380016707 1.000185191883217
2050.155189069292 0.9994129267907143
2050.156577971515 0.9997649953462971
2050.1579668732716 1.0000182044600456
2050.1593557754936 0.9998377975419691
2050.1607446777157 0.9996580796219918
2050.1621335799387 0.9999544243769443
2050.1635224821607 0.9996463040298199
2050.164911384383 0.9996076379499154
2050.1663002861396 0.9996998422615282
2050.1676891883617 1.0002755000237318
2050.169078090583 1.0001119673999808
2050.1704669928044 0.9995360126556102
2050.171855894561 0.9998535946508232
2050.173244796783 1.0007742414601661
2050.174633699006 1.0003104635742912
2050.176022601228 0.9998428809314799
2050.17741150345 1.0000222115069004
2050.1788004052064 1.0004783289372905
2050.1801893074285 1.0004281660132326
2050.1815782096505 1.0004529843606385
2050.1829671118735 0.9998611835297138
2050.18435601363 0.9999123102018381
2050.185744915852 1.00024827013201
2050.187133818074 0.9995291821264604
2050.1885227198313 0.9998198930268035
2050.1899116220534 0.9999584984675001
2050.1913005242754 1.0000710145021254
2050.192689426498 1.0000415053533087
2050.1940783282544 1.0001363981527926
2050.195467230476 0.9998869962956892
2050.196856132699 1.000004703807144
2050.1982450344553 0.9998455904671106
2050.1996339366774 0.9996039031067968
2050.2010228389 0.9997933558920797
2050.2024117406563 1.0005860850494914
2050.203800642878 0.9998824954715472
2050.2051895451 1.0000232902624235
2050.206578446856 1.0003712490873167
2050.2079673490775 1.0004210269245484
2050.2093562513005 1.000061880663963
2050.210745153057 0.9996672886376952
2050.212134055279 1.0001916586710842
2050.213522957036 0.9996724377549373
2050.2149118592583 0.9995316964988548
2050.2163007614804 1.0004672670654264
2050.217689663237 1.0001789833112478
2050.2190785654593 1.0000810817935246
2050.2204674672157 0.9999806995268207
2050.2218563694373 1.0003377743401425
2050.2232452716603 1.0002191509700666
2050.2246341734167 1.0002189264505996
2050.2260230756388 1.0000846318655099
2050.2274119773956 1.0003677364257408
2050.2288008796177 1.0001593915902924
2050.2301897818393 1.0003707128599926
2050.2315786835966 1.000637385921871
2050.2329675858186 1.000766687972712
2050.234356487575 1.0001921512117007
2050.2357453897976 1.0003316881194426
2050.237134291554 0.9997143376253732
2050.2385231937756 1.0003570349846005
2050.239912095533 1.0000222568046648
2050.241300997755 0.9999912853322367
2050.2426898995104 1.000451180258585
2050.2440788017325 0.999907545870498
2050.24546770349 0.9999240313556162
2050.2468566057114 1.0005989457141988
2050.248245507468 0.9999445200471686
2050.2496344096903 0.9995984303799138
2050.2510233114467 1.0001112052743342
2050.252412213669 0.9999604167830013
2050.253801115426 1.0002198390744987
2050.2551900176477 1.0001406749309851
2050.256578919404 0.9996315666007288
2050.2579678216266 1.0000397081673573
2050.259356723383 0.9993970463401173
2050.260745625605 0.9998549404501678
2050.2621345273624 1.0004691369518117
2050.263523429584 1.000371932134406
2050.2649123313404 1.0000293457281517
2050.2663012330972 0.9996215550727531
2050.2676901353193 1.0001955365799555
2050.2690790370757 1.0002822973178926
2050.270467939298 1.0002030976218246
2050.271856841055 1.000153950395438
2050.273245743277 1.0001195345085752
2050.2746346450335 0.9997598603441129
2050.276023546791 0.9999955200470819
2050.2774124490124 0.9995826409279519
2050.2788013507684 1.0000758113285941
2050.2801902529905 0.9997819892461391
2050.2815791547464 0.9994896764421298
2050.282968056503 0.9995453118122118
2050.2843569587253 0.9998824322537972
2050.2857458604817 0.9998258227399085
2050.287134762238 0.999731235262311
2050.288523664461 1.0003088743164579
2050.289912566217 0.9996704741798711
2050.2913014679734 0.9997183476015199
2050.292690370196 1.0003994941863392
2050.2940792719523 0.9997482862172078
2050.2954681737087 0.9997266902913833
2050.2968570759317 0.9993379913014039
2050.298245977688 0.9996418485991633
2050.2996348794445 0.9998960660590444
2050.3010237816666 1.000212713219047
2050.302412683424 0.9998652639010608
2050.3038015851803 0.9997254432463345
2050.3051904874023 0.9999268447885938
2050.3065793891587 0.9997155091748586
2050.307968290915 0.9999078404419505
2050.309357193137 0.999220331470641
2050.3107460948945 0.999574804342731
2050.312134996651 1.0002130197682344
2050.3135238984073 0.9996499499060141
2050.314912800629 1.0000213626389398
2050.3163017023844 1.0005966904365111
2050.317690604141 1.000051225160666
2050.3190795058977 1.0001021003638313
2050.3204684081197 0.9999009644223835
2050.321857309876 1.0001691585783172
2050.3232462116334 0.9997138472435367
2050.32463511339 0.9998385017876955
2050.326024015612 0.999943685856331
2050.3274129173683 0.9999478156110662
2050.3288018191256 0.9994881694531028
2050.330190720882 0.9996873386068573
2050.3315796226384 1.0000779322265934
2050.3329685248605 0.9994819654422418
2050.334357426617 1.0001940199577217
2050.3357463283733 0.9995582102567258
2050.3371352301306 0.9996234990004654
2050.338524131887 1.0000337778187205
2050.339913034109 1.000159329780283
2050.3413019358654 0.9998620420190717
2050.342690837622 1.0002035215488332
2050.3440797393782 0.9995657707321441
2050.3454686411355 1.0002474835529755
2050.346857542892 1.0002293007626228
2050.3482464446483 0.9997683255549318
2050.3496353468704 0.9999083179377963
2050.351024248627 0.9992769080588597
2050.3524131503827 0.9999058284286132
2050.3538020521387 0.9999926738922571
2050.355190953896 1.0001293944175822
2050.3565798556524 1.0001073016529536
2050.357968757409 1.0008128348970182
2050.3593576591657 1.0000750470639639
2050.3607465613877 1.0003252569464873
2050.3621354631437 1.000113467237281
2050.363524364901 1.0003329708911102
2050.3649132666574 1.0015796967303772
2050.3663021684138 1.001543591061211
2050.3676910701706 1.000717157281682
2050.369079971927 1.0008158944079908
2050.370468873683 1.0007953582664595
2050.3718577754403 1.0008870840299358
2050.3732466771967 1.001008605629177
2050.374635578953 1.0012327510102792
2050.3760244807095 1.0005392314845927
2050.377413382467 1.0008705380050196
2050.378802284223 1.0006682759520922
2050.3801911859796 1.0006917196078506
2050.381580088202 1.0003321586183336
2050.3829689899585 1.00059623226617
2050.3843578917144 1.0000352410196007
2050.3857467934718 1.0000464776174793
2050.387135695228 1.0012269539592238
2050.3885245969836 1.0004935364816065
2050.38991349874 1.001100398859105
2050.3913024004964 1.0005969298385675
2050.392691302253 1.0002060422907124
2050.3940802040097 1.0003641971168695
2050.395469105766 0.9998787529797195
2050.396858007522 0.9997888437830819
2050.3982469088137 1.0001593499374313
2050.39963581057 1.0000372662695067
2050.4010247123265 1.0002294045254805
2050.4024136140833 1.000129318825804
2050.40380251584 0.9996192445945274
2050.4051914175966 1.0002926209584762
2050.406580319353 0.999619799893809
2050.4079692211103 0.9999617772106026
2050.4093581228663 1.0003227176542415
2050.4107470246227 1.000871625793354
2050.4121359263795 0.9997267233765961
2050.413524828136 1.0003254853874815
2050.4149137298923 1.0001034497288765
2050.4163026316496 1.000156601832561
2050.4176915334056 0.9997969882766945
2050.4190804346963 1.0000316072125528
2050.420469336453 0.9997826469388379
2050.4218582382096 1.0005689805445592
2050.423247139966 0.9997248504229359
2050.4246360417224 1.0001937026510386
2050.426024943478 0.9996415872038935
2050.4274138452342 1.0002725811325546
2050.428802746991 0.9997874434119891
2050.4301916487475 0.9996936444304866
2050.431580550038 0.999731528522874
2050.432969451795 0.999364265390776
2050.4343583535524 0.9999831820925764
2050.4357472553083 1.0002139043766896
2050.4371361570647 0.9998245815808765
2050.4385250588216 0.9998182958974317
2050.4399139601123 0.9999092620254469
2050.4413028618687 0.9996110892285458
2050.442691763626 1.0003584808137538
2050.444080665382 0.9997975303201011
2050.4454695671384 1.0006345667814005
2050.4468584684296 0.9995710929948586
2050.448247370186 1.0000844818060195
2050.4496362719424 1.0007956834262994
2050.4510251736997 0.9999414616065163
2050.4524140754556 1.0002501614317434
2050.4538029767464 0.9996249181397172
2050.4551918785032 1.0001922311134708
2050.4565807802596 0.9995537713785289
2050.457969682016 1.0000539291728616
2050.4593585833077 0.9996145349711725
2050.460747485064 0.9997850919736416
2050.46213638682 1.0001656044824403
2050.463525288576 0.9999515136398415
2050.4649141898667 0.9995621778575097
2050.466303091623 1.0005778620503147
2050.4676919933795 1.0001286436383883
2050.469080895137 0.9996219974706556
2050.470469796427 0.9997022553887506
2050.4718586981835 1.0003253879308351
2050.4732475999404 1.0001803715226452
2050.4746365016968 0.9998130973014737
2050.4760254029875 1.0000940487426289
2050.477414304745 1.0002700615911218
2050.4788032065007 0.9993831098050314
2050.4801921077915 1.0001953591120376
2050.4815810095483 1.0004314238350696
2050.4829699113047 0.999699875786536
2050.4843588125955 0.9998992819479084
2050.485747714353 0.9993380047891438
2050.487136616109 0.9998565611356847
2050.4885255174 1.0001116477162169
2050.4899144191563 0.9997210456741137
2050.4913033209136 0.9999738951817981
2050.4926922222044 1.0001731294132277
2050.4940811239608 0.9998477480416399
2050.495470025717 0.9995414430350965
2050.496858927008 0.9996809891993245
2050.498247828764 0.9999335365611224
2050.499636730054 0.9995204918519222
2050.5010256318105 0.9994245631077295
2050.502414533567 0.9998224232015958
2050.5038034348586 0.9994996501111988
2050.505192336615 1.000164772906016
2050.5065812379057 0.9996756635600649
2050.507970139662 1.0002565604562574
2050.5093590414185 1.000161351295132
2050.5107479427093 1.0001918731281685
2050.5121368444666 0.9998798364636013
2050.5135257457578 0.9999444279390673
2050.514914647514 0.9995231059671366
2050.51630354927 1.0002528254640963
2050.5176924505618 0.9999302889848164
2050.519081352318 1.000115912988775
2050.520470253609 0.9998482139845516
2050.5218591553657 0.9999594984266148
2050.5232480566565 1.0002863727887175
2050.5246369584124 0.9999420337850382
2050.526025859704 0.9999756484722743
2050.5274147614605 1.000071275651216
2050.528803662751 0.999873718774205
2050.5301925645076 0.9996409816052375
2050.5315814657984 0.9999792089146471
2050.5329703675548 1.0001253456063512
2050.5343592688455 0.9999775438723227
2050.535748170601 1.000073193316262
2050.5371370718917 0.9996274840486531
2050.538525973649 0.9995666287758969
2050.53991487494 0.999838266848055
2050.5413037766966 0.9999417693259586
2050.542692677987 0.9999345178900452
2050.544081579744 1.0002001385519739
2050.545470481035 1.0006647332788916
2050.5468593827914 1.000604138042512
2050.5482482840825 1.0000284072641297
2050.549637185839 1.0003904653241236
2050.5510260871292 1.0002025495568871
2050.5524149888865 1.0001125713556183
2050.5538038901773 1.0002886302047944
2050.555192791468 1.00055362454674
2050.556581693225 1.0003736534269951
2050.5579705945156 1.0001390992550463
2050.5593594962716 1.0000947570011989
2050.560748397563 1.000006301511138
2050.5621372993196 1.000501166892499
2050.5635262006103 1.0002065371320945
2050.5649151019015 1.0004962068653485
2050.5663040036584 1.0003848010254068
2050.567692904949 0.9999803788009235
2050.56908180624 1.0004650973624425
2050.570470707997 1.000242130289881
2050.571859609287 1.0001603158936678
2050.5732485110425 1.0010054430011825
2050.5746374123337 1.000198261931485
2050.5760263136244 1.0002263374216398
2050.5774152153804 1.0008551855645629
2050.578804116672 1.0004760169301214
2050.5801930179628 1.0000863564535094
2050.581581919719 0.9997249822790809
2050.5829708210103 1.0001684414479208
2050.584359722301 0.999956223001458
2050.585748624057 1.0001930765577698
2050.5871375253487 0.9999333785724551
2050.5885264266394 1.0000417587600003
2050.589915328396 0.9997533641757004
2050.591304229687 0.9998818536203239
2050.592693130978 1.0003063817716766
2050.5940820327346 0.9996416119040058
2050.5954709340253 0.9993046185040017
2050.596859835317 0.9993131601700488
2050.5982487366073 0.9997890144977861
2050.5996376383637 1.0000916330460656
2050.601026539655 0.9998906311345193
2050.6024154409456 1.0001647138632184
2050.603804342702 1.000540221765855
2050.6051932439937 0.9994846330795816
2050.606582145284 0.9997384980192743
2050.607971046574 0.9999760746812755
2050.6093599483306 1.0004669788350147
2050.610748849621 0.9993986075121207
2050.6121377509116 0.9998622652169555
2050.613526652203 0.9999320228788846
2050.6149155539592 0.9999429734681382
2050.61630445525 1.000075244231226
2050.6176933565416 1.000230027110338
2050.6190822578324 0.9991839289972982
2050.620471159123 0.9998222314089834
2050.6218600608795 0.9997826945306655
2050.623248962171 0.9993598537570666
2050.6246378634614 1.000098120504125
2050.626026764752 1.0000644233296287
2050.6274156660434 0.9999209272471131
2050.6288045677998 0.9997859963489572
2050.6301934690905 0.999757884301804
2050.631582370382 1.000022390193667
2050.6329712716724 1.0004588945750157
2050.634360172963 1.000196880849925
2050.6357490742544 0.9995952683318552
2050.6371379760108 1.000056816956848
2050.6385268773015 0.9999190001280512
2050.639915778593 0.9999848714916602
2050.6413046798834 0.9999610458254765
2050.642693581174 1.0000606371499157
2050.6440824824654 1.0002420801547407
2050.645471383756 0.999419558380668
2050.646860285046 1.0001036537592716
2050.6482491868023 0.9999165976412859
2050.649638088094 1.0002835768380633
2050.6510269893847 0.9998391425128227
2050.6524158906755 0.9998279370015878
2050.653804791966 0.9997880131000516
2050.655193693257 1.0003159040719332
2050.6565825945477 1.0019956825056793
2050.6579714958393 1.0013821442631945
2050.65936039713 1.0011433768929427
2050.660749298421 1.0010809730202672
2050.662138200177 1.0010943582016945
2050.663527101468 1.001332490559846
2050.6649160027587 1.0011783286159441
2050.6663049040503 1.0014095507972038
2050.667693805341 1.0012151098041666
2050.669082706632 1.0007189362174993
2050.6704716079225 1.0001844766036474
2050.671860509214 1.0002750559526732
2050.673249410505 1.0004730207733468
2050.6746383117957 1.0004940109073317
2050.676027213087 0.9999066772265616
2050.6774161143776 1.0004095366740926
2050.678805015668 1.000368905475928
2050.6801939169595 0.999706057539058
2050.6815828182494 0.9999926094548675
2050.682971719539 1.000206822076868
2050.684360620831 1.0006678151370398
2050.6857495221216 0.9997971561204638
2050.6871384234123 1.0001316771695452
2050.688527324703 1.0005579038837538
2050.689916225994 1.0001644730665071
2050.6913051272845 0.9999773461477035
2050.692694028576 1.0003119776215526
2050.694082929867 1.0000535382046065
2050.6954718311576 0.9994890468517804
2050.6968607324484 0.9998892800160267
2050.69824963374 0.9999425811473575
2050.6996385350308 1.000362591569129
2050.7010274363215 0.9999146118197872
2050.702416337147 1.000142398182169
2050.703805238438 1.0004311448547722
2050.705194139728 1.0006689804875721
2050.7065830410197 1.0001569033259032
2050.7079719423105 1.0000859391503105
2050.709360843601 0.9995362347053176
2050.7107497448924 1.0003077553268809
2050.712138646183 0.9998480259386561
2050.7135275474734 0.9999899197739262
2050.714916448765 1.0001995820706109
2050.716305350056 1.0004344299224213
2050.71769425088 0.9993754448538684
2050.7190831521707 1.0002378389689994
2050.7204720534614 1.0003394982703544
2050.721860954752 0.9998448924361856
2050.7232498560434 1.000174858289318
2050.7246387573346 0.9997215675051441
2050.7260276586253 0.9998512644579389
2050.7274165594504 1.0002424098510398
2050.7288054607416 1.0006594117846408
2050.7301943620323 1.0000722555811767
2050.7315832633226 1.0002918922860184
2050.7329721646142 0.9999187908585357
2050.734361065905 0.9999970761626221
2050.73574996673 1.0000692191919995
2050.7371388680212 0.9999166366709854
2050.738527769312 1.0001917944097598
2050.7399166706023 0.9993057891207792
2050.741305571894 0.9998225196751621
2050.7426944731847 0.9999562556194819
2050.7440833740097 0.9996892459586308
2050.745472275301 0.999966996183613
2050.7468611765917 0.999701825406242
2050.748250077882 0.99953004809457
2050.749638978708 0.999500553759825
2050.7510278799996 0.9998485759695017
2050.75241678129 1.000364214509812
2050.7538056825806 0.9998366906847554
2050.7551945834057 0.9993241861492901
2050.7565834846955 1.0000116995228265
2050.7579723859862 1.000155499188509
2050.7593612872774 1.0000002387753784
2050.7607501881025 0.9992651532445006
2050.7621390893933 0.9998600724244595
2050.763527990685 0.9996537569342636
2050.764916891975 0.9999843590736417
2050.7663057928003 0.9997655621621747
2050.7676946940915 0.9999337330365529
2050.769083595382 0.9999585077847157
2050.770472496673 1.000028119688379
2050.771861397499 0.9993708472290143
2050.773250298789 0.9999011300312037
2050.77463920008 0.9994891039186033
2050.7760281009055 0.9997567585624538
2050.777417002197 0.9997256479738102
2050.7788059034874 0.9997746045414289
2050.7801948043125 0.9994610704290073
2050.7829726068944 1.0001156967110965
2050.7843615077195 1.0003360459429975
2050.785750409011 1.0009039595926061
2050.7871393103014 1.0002118560952544
2050.7885282111265 1.0002113228187444
2050.7899171124177 1.0004196088901192
2050.7913060137075 1.0000612075503246
2050.792694914532 0.9999912815302563
2050.7940838158233 0.9997482341155195
2050.7954727166484 1.0000148697375162
2050.796861617939 1.0004839003262072
2050.798250519231 1.0000900571582272
2050.7996394200554 0.999532866223445
2050.801028321346 0.9998248964413546
2050.8024172221717 1.0001249993430517
2050.8038061234633 0.9998261438240296
2050.805195024754 1.0002332859793455
2050.806583925579 1.000024965415732
2050.80797282687 1.0002027136392115
2050.809361727695 0.9999692399085846
2050.8107506289857 0.9996203593696364
2050.8121395298117 0.999212809928092
2050.8135284311024 0.9997675836748049
2050.814917332393 1.0004048709959033
2050.8163062332183 1.000459716587352
2050.817695134509 1.0003703607463008
2050.819084035334 0.9997584845517926
2050.8204729366257 0.9997465321863501
2050.821861837451 1.0005001353089436
2050.8232507387415 1.0003985874519508
2050.8246396395666 0.9997417371418194
2050.8260285408574 0.9997995628019627
2050.8274174416824 0.9997623977502287
2050.828806342973 0.9998337884633779
2050.8301952437982 1.000003465307167
2050.831584145089 1.0003969043729326
2050.832973045914 1.0000807802994536
2050.834361947205 0.9996936627443708
2050.83575084803 1.0004555411768234
2050.8371397493206 0.9993564076516683
2050.8385286501466 0.9997726373163053
2050.8399175514373 0.9997877502113983
2050.8413064522624 0.9993505687572779
2050.842695353553 0.9995706442833602
2050.8440842543782 0.9997986744785032
2050.845473155669 0.9992209146499061
2050.846862056495 0.9992944020812121
2050.8482509577857 0.9992563207803301
2050.8496398586108 0.9992478173944946
2050.851028759436 0.9993661354739299
2050.8524176607266 1.000127481123022
2050.8538065615517 0.9998167531490996
2050.8551954628433 0.999543248787341
2050.856584363669 1.000156598791042
2050.8579732649596 1.0003550361345839
2050.859362165784 1.002391603786276
2050.86075106661 1.003657816102845
2050.862139967901 1.0038339057467716
2050.863528868726 1.0025897634905427
2050.8649177700167 1.0022477731451345
2050.866306670841 1.0012724670304065
2050.867695571666 1.0020746378625571
2050.869084472957 1.001760318532995
2050.8704733737823 1.0011251556741572
2050.871862274607 1.0005633880264804
2050.8732511758985 1.0015709992268784
2050.8746400767236 1.0007635118100466
2050.8760289775487 1.0007230012729629
2050.87741787884 1.0008214014835555
2050.878806779665 1.000920377274559
2050.8801956809552 1.0006209516053464
2050.881584581781 1.000298765824561
2050.8829734826068 1.0004277140533986
2050.884362383432 1.0005154196991113
2050.885751284722 1.0000701230662803
2050.887140185548 1.0006709989862081
2050.888529086373 1.0002013529146252
2050.889917987664 1.000481391285383
2050.8913068884895 1.0000520742968086
2050.8926957893145 0.99982984270734
2050.894084690605 0.9993898463740193
2050.895473591431 1.0002011371062685
2050.896862492256 1.0000958473980273
2050.898251393081 0.9999354822661738
2050.899640294372 1.0002142462579855
2050.9010291951968 0.9998677295344044
2050.902418096021 1.000335169680473
2050.903806997312 1.0001731802617557
2050.905195898137 1.0007508638881593
2050.906584798962 1.000669549308874
2050.907973699788 1.0005943310695566
2050.9093626010795 1.0007806997902504
2050.910751501904 1.0007780320448247
2050.912140402729 1.0011764833941839
2050.9135293035547 1.0007234473558375
2050.91491820438 1.0003429527779624
2050.9163071056705 1.000358034140164
2050.9176960064965 1.0007349913545207
2050.919084907321 1.0004556136754923
2050.920473808146 1.000179690563757
2050.9218627089717 1.0005097772305804
2050.9232516102625 0.9999224128096751
2050.9246405110875 1.0004970619861842
2050.9260294119135 1.000580050012563
2050.927418312738 0.9998402661130661
2050.9288072135632 1.0001353287645418
2050.9301961148544 1.0000540849028874
2050.9315850156795 1.0002172428348306
2050.9329739165046 1.000356894385827
2050.93436281733 1.0000180695098142
2050.9357517181556 0.9997603036090462
2050.9371406189807 0.9999892893841462
2050.9385295202705 1.0002826113818248
2050.9399184210956 0.999974089827397
2050.9413073219207 1.0002150066503657
2050.942696222746 0.9998305268329523
2050.9440851235718 1.0003348867626731
2050.9454740243964 1.0000369247710155
2050.9468629252215 0.9997935861241998
2050.948251826047 0.9998907748171136
2050.9496407273377 0.9998279874683424
2050.951029628163 0.9993963216199218
2050.952418528989 0.9995278644659772
2050.9538074298134 0.9994938478814158
2050.9551963306385 0.9995885293179445
2050.956585231464 0.9999920983771204
2050.95797413229 0.9996184346469961
2050.959363033115 0.9996560756114027
2050.96075193394 0.9995008908771569
2050.9621408347653 0.9995075782362393
2050.9635297355903 0.9998273918841856
2050.9649186364154 0.9997969707995393
2050.9663075372414 1.0001969892262461
2050.9676964380665 1.0000773014639737
2050.969085339357 1.000185445726018
2050.9704742401823 1.000182397940089
2050.9718631410074 0.9998079538255604
2050.9732520418324 0.9998120194714052
2050.9746409426575 1.000447240797368
2050.9760298434817 0.9998629125589344
2050.9774187443068 1.0001808134472978
2050.9788076451327 0.9992661776034674
2050.9801965459574 0.9995449089731097
2050.9815854467824 0.9993049402670313
2050.982974347608 0.9995808192019547
2050.984363248434 1.0001958187515054
2050.985752149259 0.9998810313325491
2050.987141050084 0.9996557232549327
2050.988529950909 0.999960041731529
2050.9899188517343 1.0002364020589145
2050.9913077525594 0.999632565030987
2050.9926966533853 0.9999223530105343
2050.9940855537448 1.000164105712838
2050.99547445457 0.9994852557313159
2050.996863355395 0.9994365864340103
2050.99825225622 0.9998424105269289
2050.999641157045 0.9999005299357555
2051.001030057871 0.9998949544519987
2051.002418958696 0.9998771535801372
2051.003807859521 0.9994575444971419
2051.0051967603463 1.0003141432668288
2051.0065856611714 1.0002374414194801
2051.0079745619964 0.9997451120913478
2051.0093634628224 1.0004286391354722
2051.010752363648 1.0001000903570194
2051.0121412644726 1.000052204160342
2051.013530164831 0.9998534531736738
2051.0149190656566 0.9996849624787075
2051.0163079664817 1.000038841136336
2051.0176968673063 0.9995524194077706
2051.0190857681323 1.0003673874770203
2051.0204746689574 1.0002036286054012
2051.0218635697825 1.0004120007368418
2051.023252470608 0.9994994531450677
2051.0246413709674 1.000197765234862
2051.026030271792 1.0004476338799677
2051.027419172618 1.0006127439225587
2051.028808073443 0.9998150531064364
2051.030196974268 0.9994299236886701
2051.0315858750937 1.000305815989422
2051.032974775453 1.0005675770061466
2051.0343636762777 0.9998538918107529
2051.0357525771037 1.000168713522221
2051.0371414779293 1.0005878669536872
2051.0385303787543 1.0002917488496876
2051.039919279579 1.000326107250733
2051.0413081799393 1.0004808025535359
2051.0426970807644 1.000258481843974
2051.0440859815894 0.9998101693468104
2051.045474882415 1.0000859224852068
2051.0468637827744 1.0006697000338658
2051.0482526835985 1.0002161599110848
2051.0496415844236 0.9997687284116037
2051.0510304852487 1.0000128318071477
2051.0524193860733 1.0000899427784045
2051.0538082864337 1.00018972049506
2051.0551971872587 1.0003295547467126
2051.056586088084 0.9998901476339047
2051.0579749889093 1.0002977790753893
2051.0593638892688 1.0000212871187386
2051.0607527900934 1.0002255847258632
2051.0621416909194 1.0000917455948621
2051.0635305917453 1.0000564269180265
2051.0649194921043 0.9998602818971631
2051.0663083929294 1.0000047372255019
2051.067697293755 0.9996786477468403
2051.0690861941143 0.9998123691373676
2051.0704750949394 1.0000253653494815
2051.0718639957654 1.0001121357775975
2051.07325289659 1.000041316362083
2051.0746417969494 0.9997624763338339
2051.076030697775 1.000024466065597
2051.0774195986 0.9995766434808013
2051.0788084989595 0.9995209986733918
2051.0801973997854 0.9997441300574865
2051.08158630061 1.00038551127616
2051.0829752009695 1.000287527805348
2051.0843641017946 1.0003896435876496
2051.0857530026187 0.999774539217524
2051.0871419029777 0.9999689395184066
2051.0885308038037 0.9998675444589512
2051.0899197046297 0.9995043633236295
2051.0913086049886 0.9998015325167385
2051.0926975058137 0.999442975568153
2051.0940864061736 0.9999053849683577
2051.0954753069987 1.000535422933753
2051.0968642078237 0.9998216871049979
2051.098253108184 0.9999936445874639
2051.0996420090087 1.0000727867492143
2051.1010309098338 0.9997071179628121
2051.1024198101936 0.999561670071203
2051.1038087110187 0.9997947764952358
2051.105197611378 1.0000662486506708
2051.106586512204 0.9998100694601404
2051.107975412563 0.9998254191304782
2051.109364313388 0.9997823170067491
2051.1107532142137 0.9997030645500978
2051.112142114574 0.999018585370297
2051.113531015399 0.9993351571648895
2051.1149199157585 0.9999220663869689
2051.1163088165836 0.9995229335688891
2051.117697716943 0.9995194054799404
2051.119086617768 0.9995391373572093
2051.1204755181284 0.9997091477062682
2051.1218644189526 0.9996222298378363
2051.1232533197767 0.9997162260097384
2051.124642220137 0.9997266594111525
2051.126031120962 0.9993858901104751
2051.1274200213215 0.9991846732965759
2051.1288089221466 0.9998037533578915
2051.130197822506 0.9996473718805479
2051.131586723331 0.999763958543496
2051.1329756236914 0.9997439421059815
2051.134364524516 0.9998092777446488
2051.1357534248755 0.9994621848457439
2051.137142325701 0.9995707366846559
2051.1385312260613 0.9997504889080842
2051.1399201268864 1.000178485133501
2051.141309027246 0.9994125297773145
2051.1426979276052 0.9989810143971181
2051.1440868284303 0.9994455612264682
2051.1454757287897 0.9996612645189686
2051.1468646296157 0.9992692603359988
2051.148253529975 0.9995576553227021
2051.1496424308 0.9996189097703109
2051.1510313311596 1.0001500006622084
2051.1524202319847 0.9999636240578137
2051.153809132344 0.9996165904282082
2051.1551980327044 0.9993235610681849
2051.1565869335295 0.9992337424285708
2051.157975833888 0.9997657203821699
2051.159364734713 0.9992428135493602
2051.1607536350725 0.9989949092044262
2051.1621425358976 0.9999415173117947
2051.163531436257 1.0015014111538159
2051.1649203366173 1.0017940419058897
2051.1663092374424 1.0021601421533863
2051.167698137802 1.002634109528822
2051.1690870381617 1.0019688180780713
2051.170475938987 1.0032054668093533
2051.1718648393457 1.0031118120544127
2051.1732537401717 1.0026997692914776
2051.174642640531 1.0023929571967365
2051.1760315408906 1.0024527737448845
2051.177420441716 1.002485923108976
2051.1788093420755 1.0028972065309623
2051.1801982424345 1.0021329185513324
2051.1815871432605 1.0031392682743612
2051.18297604362 1.0018144917663303
2051.1843649439793 1.002203002992233
2051.185753844805 1.0020060961704342
2051.1871427451642 1.0020732835971673
2051.188531645523 1.0019726181469384
2051.189920546349 1.0016480691337817
2051.191309446709 1.0014343834182005
2051.1926983470685 1.002292593975804
2051.194087247427 1.001809121476832
2051.195476148252 1.0008786615695684
2051.1968650486115 1.0013252402882942
2051.1982539489704 1.0018011824494084
2051.1996428497964 1.001290084809958
2051.201031750156 1.0011768953376317
2051.2024206505153 1.0011367555625628
2051.203809550875 1.0006243401890713
2051.2051984517 1.0011300650040684
2051.206587352059 1.0009148220455402
2051.2079762524195 1.000122194149437
2051.209365152779 1.000361488651336
2051.210754053604 1.0004972312961407
2051.212142953964 1.0004400728866056
2051.2135318543237 1.0012026385515527
2051.214920754683 1.0005953619416694
2051.216309655508 1.000115907187655
2051.2176985558685 1.0004964460967727
2051.2190874562275 1.0007659425392987
2051.220476356587 0.9997522510522513
2051.221865256947 0.9999015367507137
2051.223254157772 1.000672310838039
2051.2246430581313 1.001170962375374
2051.2260319584916 1.000475237031797
2051.2274208588506 1.0012647669848258
2051.22880975921 1.0009629325789662
2051.2301986600355 1.0006352704477712
2051.231587560394 1.0012593846357605
2051.232976460753 1.0006209982005254
2051.234365361113 1.0010517290583494
2051.2357542614723 1.000969267073775
2051.2371431618317 1.0010002411330157
2051.2385320621916 1.0013563569474442
2051.239920963017 1.0008676792707467
2051.2413098633765 1.001363914242983
2051.242698763736 1.0009593984651417
2051.2440876640962 1.001147809881551
2051.245476564455 1.0009233637057462
2051.2468654648146 1.0015728006605777
2051.2482543651745 1.00119585819087
2051.249643265534 1.0006541422327035
2051.251032166359 1.0009536040873257
2051.2524210667193 1.0004783218005031
2051.2538099670783 1.00066399478966
2051.2551988674377 1.0004783051496982
2051.2565877677976 1.0008457518434917
2051.257976668157 1.00097730650206
2051.2593655685164 1.0008896973585095
2051.2607544688767 1.0007906481487527
2051.2621433692357 1.0008351470622683
2051.263532269595 1.0003816205092566
2051.264921169955 0.999895760201976
2051.2663100703153 1.000641661997429
2051.2676989711395 1.0010054037654192
2051.269087871498 1.0009213441090872
2051.2704767718583 1.0006089302177352
2051.2718656722177 1.000268008137048
2051.273254572577 1.000499166219296
2051.2746434729365 1.0002208557558532
2051.276032373296 1.0005113668764127
2051.2774212736554 1.0004460073536705
2051.2788101740157 1.000106558128717
2051.280199074375 0.9999904165420068
2051.2815879747345 1.0003845886850666
2051.282976875094 1.0006717742915046
2051.2843657754534 1.0002439446563662
2051.2857546758128 1.000389656973096
2051.287143576173 1.0003250271829212
2051.288532476532 1.000259561446561
2051.2899213768915 0.9999117843897897
2051.2913102772513 0.9996740937987033
2051.2926991776117 0.9999921549313623
2051.294088077971 1.0000601842500392
2051.2954769783305 1.0000350918060932
2051.29686587869 1.0009502443154508
2051.2982547785837 1.0002601240595355
2051.299643678943 1.0002722145908458
2051.3010325793034 1.0000125146733048
2051.302421479663 1.0000628714956925
2051.3038103800222 0.999784684441457
2051.305199280381 1.0001337013103146
2051.30658818074 1.000436541237849
2051.3079770810996 0.9992736833647445
2051.309365981459 0.9998458905954946
2051.3107548818184 1.0001982906056592
2051.312143782178 0.9998989408909582
2051.313532682538 1.000557011210988
2051.314921582898 0.9997700519379694
2051.316310482792 0.9996736731259552
2051.3176993831507 1.0000517227507308
2051.319088283511 0.999697152642192
2051.3204771838705 0.9996809361823278
2051.32186608423 0.9999012298913786
2051.3232549845898 0.9995640434950865
2051.324643884949 0.9995653092867522
2051.3260327848425 0.9997748177262624
2051.327421685203 0.9994483085062185
2051.328810585562 0.9995858057051673
2051.3301994859216 0.9997500518929618
2051.3315883862815 0.9992969750655383
2051.332977286641 0.999557281448339
2051.334366187 0.9995152157322909
2051.3357550868946 0.9997552186896576
2051.337143987254 0.9994246854756752
2051.3385328876134 1.000028367183143
2051.3399217879733 0.9994229126364658
2051.3413106883327 1.0003625352331824
2051.3426995882255 1.0005521703099813
2051.3440884885845 0.9999922205751783
2051.345477388945 0.9994860292591712
2051.346866289304 0.9994860390702459
2051.3482551896636 0.9995628812522193
2051.349644089558 1.000425143049716
2051.3510329899173 1.0000119672072194
2051.352421890276 0.9998502332065831
2051.3538107906365 0.9997117207590133
2051.3551996905303 0.9997770634020675
2051.3565885908897 1.0002055813419735
2051.3579774912496 0.9998336712260495
2051.359366391609 0.9994554327463929
2051.3607552915023 1.0001563314226158
2051.3621441918626 1.0002995550647062
2051.363533092222 1.0004118435040152
2051.3649219925815 1.0000571928299336
2051.3663108924757 0.9997955212697064
2051.3676997928355 1.0002205077600963
2051.369088693195 1.0002250504344485
2051.3704775935544 0.999945861999305
2051.371866493449 1.000212660050616
2051.373255393808 0.9995760030656031
2051.3746442941674 1.0000343953439113
2051.3760331940616 0.9998789303810212
2051.37742209442 1.000261695156546
2051.378810994779 1.000186742658926
2051.3801998946733 0.9998730744338893
2051.3815887950327 0.9996314311804795
2051.382977695392 0.9993973317635408
2051.384366595287 0.999560984829454
2051.3857554956458 0.9998766110910181
2051.387144396005 0.9998161454993656
2051.3885332958994 0.9994034087340962
2051.3899221962597 0.9998831355998448
2051.3913110966187 1.0003677527543628
2051.3926999965124 0.9999727284307903
2051.3940888968723 0.9997594035072904
2051.3954777972317 0.9996211389967162
2051.3968666971255 1.0001243915206368
2051.398255597486 0.9999024615919344
2051.399644497379 0.9998412255687713
2051.4010333977385 0.9993480464416743
2051.4024222980984 1.0000739732548112
2051.403811197992 1.0001758712008069
2051.4052000983515 0.9993020850083303
2051.406588998246 0.9998600120170803
2051.407977898605 1.0003492782241143
2051.4093667989646 0.9997741467176886
2051.410755698859 1.0000087900622785
2051.412144599218 1.0000849098917692
2051.413533499112 1.0006885402623544
2051.4149223994714 1.0001646141520215
2051.416311299365 0.9999855896778563
2051.4177001997245 1.000150738880616
2051.4190890996183 1.0001182102219015
2051.4204779999777 0.9998691747016399
2051.421866900337 1.0004513074372872
2051.423255800231 1.0000463381417974
2051.424644700591 1.0002359339621676
2051.426033600485 1.0003941967399876
2051.4274225008444 1.0001474414954419
2051.428811400738 1.000467552373489
2051.4302003010976 1.000257630333057
2051.4315892009913 1.000077545677513
2051.4329781013516 1.0004918406673944
2051.4343670012454 1.0004204758072248
2051.435755901605 1.0005202799812858
2051.4371448014986 0.9998060487055779
2051.438533701858 1.0004504923159694
2051.4399226017517 1.0006522221206322
2051.441311502112 1.0009185707709762
2051.4427004020063 1.0033916262347415
2051.4440893023657 1.0073325227194863
2051.445478202259 1.008404114892134
2051.4468671026193 1.0083527892361768
2051.448256002513 1.0078966484235525
2051.449644902407 1.0065268872456041
2051.451033802766 1.0068036433913081
2051.452422702659 1.0062805967938746
2051.4538116030185 1.0062630187532695
2051.4552005029122 1.0063500450979463
2051.4565894032717 1.006269585608062
2051.4579783031654 1.0055215960005492
2051.45936720306 1.0065820601488398
2051.4607561034195 1.0068162308305884
2051.4621450033133 1.005620713738529
2051.4635339036727 1.0054961617116147
2051.4649228035673 1.0046128048621537
2051.466311703461 1.0038649050605226
2051.4677006038205 1.0038750962140124
2051.4690895037147 1.0034988472166118
2051.470478404074 1.0036166186738376
2051.4718673039674 1.0033737758139876
2051.473256203862 1.002407218816687
2051.4746451042215 1.0029056812367183
2051.4760340041153 1.0034072366408002
2051.4774229040095 1.0029863272429544
2051.478811804369 1.0036095356988393
2051.480200704262 1.003042945848339
2051.481589604157 1.0034091799864298
2051.4829785045163 1.003035980580459
2051.48436740441 1.0025884564979766
2051.4857563043042 1.0029972263717175
2051.4871452046636 1.0023311374445492
2051.4885341045565 1.0021948949701978
2051.4899230044502 1.0024526598689996
2051.49131190481 1.0020447918660256
2051.492700804704 1.0019804388664129
2051.4940897045976 1.0019702802575048
2051.4954786049575 1.0018192354223245
2051.4968675048513 1.0019333541374258
2051.4982564047446 1.0016975936303847
2051.499645304639 1.0021369065929278
2051.5010342049986 1.0019171616076266
2051.5024231048924 1.001840270824987
2051.5038120047866 1.0022950956481107
2051.505200905146 1.0029256687332284
2051.5065898050393 1.001423876161396
2051.507978704934 1.0021805556571624
2051.5093676048277 1.0033973870530744
2051.510756505187 1.0022861653506894
2051.5121454050814 1.0030840779349681
2051.5135343049756 1.003926411509611
2051.5149232048693 1.0042115022052571
2051.5163121052287 1.0035160906690772
2051.5177010051234 1.0042045053422026
2051.5190899050167 1.0036396916046368
2051.5204788049105 1.0035836966727767
2051.5218677048047 1.0039832175474002
2051.523256605164 1.0028098938132601
2051.524645505057 1.0029403904677257
2051.5260344049507 1.003208977017957
2051.5274233048444 1.0038724788452318
2051.528812204738 1.0030531696620468
2051.5302011050985 1.0036664841226586
2051.531590004992 1.0038932364411997
2051.5329789048856 1.002703430499274
2051.53436780478 1.0026306152853548
2051.5357567046735 1.0026160918523486
2051.5371456045673 1.0032827595038847
2051.5385345049276 1.0032827989541035
2051.5399234048214 1.0036593157444518
2051.541312304715 1.0035051539051296
2051.542701204609 1.0038537081254428
2051.5440901045035 1.0037311983697341
2051.545479004397 1.0029455957203346
2051.5468679042906 1.0025743258257231
2051.548256804185 1.0026682478489302
2051.549645704544 1.002235487128334
2051.551034604438 1.0029371744769435
2051.5524235043326 1.0029874969323451
2051.553812404226 1.0020664284793077
2051.5552013041197 1.001706250445918
2051.556590204014 1.002550790392246
2051.5579791039077 1.0017581431271716
2051.5593680038014 1.0016154425709314
2051.560756903695 1.00222517770648
2051.562145803588 1.0019159532411352
2051.5635347039474 1.0017197007328356
2051.564923603842 1.0017422119630293
2051.566312503736 1.0018579799081846
2051.5677014036296 1.0014383284010375
2051.5690903035234 1.0018666974943629
2051.570479203418 1.0017656237621433
2051.5718681033118 1.001556793872726
2051.5732570032055 1.0019255027096903
2051.5746459030993 1.002170087404623
2051.576034802993 1.0014962154984002
2051.577423702887 1.0013666791539906
2051.5788126027815 1.001373492208764
2051.580201502675 1.001725104009184
2051.581590402569 1.001221764685861
2051.5829793024627 1.0012455324733995
2051.5843682023565 1.001183282683179
2051.58575710225 1.001598806458351
2051.587146002145 1.000757230878418
2051.588534902039 1.0012206200259937
2051.589923801933 1.0015130463246986
2051.591312701826 1.0016661519735912
2051.592701601721 1.0008039727501048
2051.5940905016146 1.0012778986538369
2051.5954794015083 1.001401456696437
2051.5968683014025 1.0011273322889604
2051.598257201296 1.0009144514434223
2051.5996461011887 1.0011344569645952
2051.6010350010824 1.000642329964249
2051.602423900976 1.000823301550758
2051.60381280087 1.0011116923912353
2051.6052017007646 1.0007055256438682
2051.6065906001927 1.0007902268791593
2051.6079795000865 1.0007142136315255
2051.60936839998 1.0010016940775894
2051.610757299874 1.0010598314831143
2051.6121461997677 1.0005554699586707
2051.6135350996624 1.0014414723787528
2051.6149239995566 1.0008326916758334
2051.6163128994503 1.001326198423154
2051.6177017993436 1.000283445699174
2051.6190906992383 1.0009636557374875
2051.6204795986664 1.0006015926951486
2051.62186849856 1.0002048128690024
2051.6232573984544 1.0006194115367772
2051.624646298348 1.0007163297408617
2051.6260351982414 1.000692778724767
2051.627424098136 1.0003580728396375
2051.62881299803 1.0006728858229839
2051.6302018979236 1.000532813160126
2051.631590797352 1.0005821145814886
2051.632979697246 1.0006529525460839
2051.6343685971387 1.0001500272356405
2051.6357574970325 1.0004324247621827
2051.6371463969267 1.0007090270870047
2051.6385352968205 1.000562702011955
2051.6399241962486 1.0008259907122872
2051.641313096143 1.000612673624114
2051.6427019960365 1.0007039062340213
2051.6440908959303 1.0003977738922463
2051.6454797958245 1.000739494877327
2051.6468686952526 1.0005304268877884
2051.6482575951463 1.0002831277789574
2051.6496464950405 1.0003955348490738
2051.6510353949343 1.0005037630909226
2051.652424294362 1.000880949260649
2051.6538131942566 1.0007952484982905
2051.6552020941504 1.0004737613394865
2051.656590994044 1.0010295748584743
2051.6579798939383 1.0004454111383727
2051.6593687933664 1.000597647549908
2051.6607576932597 1.000219161782669
2051.6621465931544 1.0008537956120591
2051.663535493049 1.0003888349885772
2051.6649243924767 1.000270586876006
2051.6663132923704 1.0003983022266392
2051.6677021922646 1.0008153287527501
2051.6690910916927 1.000266125360925
2051.6704799915856 1.000131067868334
2051.6718688914793 1.0001566185080084
2051.673257791373 1.0001015991115008
2051.674646690801 1.0007009661779278
2051.676035590696 1.000641288914668
2051.677424490589 1.0002416986123013
2051.6788133900172 1.00088999635602
2051.6802022899114 1.000516413821452
2051.681591189805 1.0009100618728686
2051.6829800892333 1.0002793623950845
2051.684368989128 0.9999979928149116
2051.6857578890217 1.0009503545098755
2051.68714678845 1.0011915638938014
2051.6885356883436 1.0009943869492617
2051.6899245882382 1.0004425582473464
2051.6913134876663 1.000459095687574
2051.69270238756 1.0006590379332676
2051.694091287454 1.0007065760738856
2051.695480186882 1.0005144289004992
2051.6968690867757 1.000342081828988
2051.6982579866703 0.999983960341004
2051.699646886098 0.9998826933848379
2051.7010357859917 1.0001173250301236
2051.7024246854203 1.000356003898487
2051.703813585314 1.0001378257240534
2051.705202485208 1.0000929002863563
2051.706591384637 1.00048752430648
2051.7079802845296 1.0004791391040109
2051.709369183957 1.000698122622359
2051.7107580838515 1.0005350976732001
2051.7121469837452 1.0001036426639502
2051.7135358831733 1.0005056892111661
2051.714924783067 1.0002991583845462
2051.716313682496 1.0004198915626004
2051.71770258239 1.0004050704335339
2051.719091481818 1.0005212683329123
2051.7204803817117 1.0005044195125647
2051.72186928114 0.9998611679856422
2051.7232581810335 1.000525321977179
2051.724647080928 0.9999833571400194
2051.7260359803563 0.9997703016008739
2051.72742488025 0.999721339000593
2051.728813779678 0.9995169357827163
2051.730202679572 1.0000292422778185
2051.731591579 1.0004503454229725
2051.7329804788947 1.00025815839098
2051.734369378323 1.0002462029457824
2051.735758278217 0.9998798205019286
2051.7371471776446 0.999965550076181
2051.7385360775393 1.0001898376903477
2051.7399249769674 1.000332711914536
2051.741313876861 1.0002600893578653
2051.7427027762897 0.9997019620853276
2051.744091676183 1.000118545331628
2051.74548057561 1.000249493948593
2051.7468694750387 0.9999311247046587
2051.7482583749324 0.9999428925240014
2051.74964727436 0.9994951097498247
2051.7510361742548 1.0005104666479083
2051.752425073683 0.9996410492802321
2051.7538139735766 1.0002683479518384
2051.7552028730047 1.000290716226308
2051.7565917728984 0.9998945613034496
2051.7579806723265 1.000324487400088
2051.7593695717555 0.9996095749772029
2051.7607584716498 0.9995123703877544
2051.762147371078 0.9996415770878629
2051.763536270971 0.99971102097366
2051.7649251704 0.9998594651723031
2051.7663140698282 1.0001420759795259
2051.767702969722 0.9999071866494247
2051.7690918691505 0.9999216927850134
2051.7704807690443 0.9998871078990726
2051.771869668472 1.0003137544162628
2051.773258567901 0.9996687672936536
2051.7746474677947 0.9996875931590765
2051.776036367223 0.9999836767063263
2051.7774252666513 0.9998356949845983
2051.778814166545 0.9998927670288639
2051.7802030659727 1.0002407971924072
2051.7815919658665 1.0000300251245953
2051.7829808652946 0.9999899916442144
2051.7843697647227 0.9993249139402293
2051.7857586646164 1.0000384843504522
2051.7871475640454 0.9998466586783027
2051.788536463473 0.9993624495282472
2051.789925363367 0.9998884795702555
2051.7913142627954 0.9999237469054946
2051.7927031622235 0.9999350658944155
2051.7940920616516 0.9995140082157513
2051.795480961546 0.9999208880459812
2051.796869860974 1.0004179577426613
2051.798258760402 1.0005972680082023
2051.799647660296 1.0002848720434845
2051.8010365597243 1.000483482714957
2051.8024254591523 1.0003196599571038
2051.803814358581 1.0009518298332445
2051.8052032584746 1.000270095742805
2051.8065921579023 1.0000045273953286
2051.8079810573313 1.0002764084769238
2051.809369957226 0.9998460695858402
2051.8107588566536 0.9998922967386881
2051.8121477560817 0.9998398753505854
2051.8135366555102 1.0000262107864297
2051.8149255549383 0.9995967127502272
2051.816314454832 1.0007303226012447
2051.81770335426 1.0000042889912792
2051.8190922536874 0.9997891253742578
2051.8204811531155 0.999750406378922
2051.82187005301 1.0000824430201976
2051.8232589524378 0.999233235180447
2051.824647851866 1.0002316011418508
2051.8260367512944 0.999963067859948
2051.8274256507225 0.9999014749685661
2051.8288145506162 0.9998824137700981
2051.8302034500452 1.0000795818569093
2051.8315923494733 1.0001898996498293
2051.8329812489014 1.000549920472398
2051.8343701483295 0.9998295205787484
2051.8357590477585 0.9997015728717946
2051.8371479476523 1.0013919709834334
2051.8385368470804 1.0021291886101786
2051.8399257465085 1.0026382669789708
2051.8413146459366 1.0019320755663879
2051.8427035453647 1.0014093485592195
2051.8440924447937 1.0010991539822744
2051.8454813446874 1.0010611767860578
2051.8468702441155 1.0014064477738251
2051.8482591435436 1.0007661385580227
2051.8496480429717 1.0007227714586402
2051.8510369424 1.0007317033654066
2051.852425841829 1.00068845589671
2051.853814741256 1.0001137692749573
2051.855203640683 1.000249576583498
2051.856592540112 1.0000706435784867
2051.857981440006 1.0002152654537544
2051.859370339434 1.000672240116593
2051.860759238862 0.9996685868852134
2051.862148138291 0.9997276753337228
2051.863537037719 1.0002022770583388
2051.8649259371473 1.0001864324582603
2051.8663148365754 1.0004338557073587
2051.8677037360035 1.0000717133571846
2051.8690926354316 1.0001903612408312
2051.8704815348606 0.9998776594623139
2051.8718704342887 1.0006153930456774
2051.8732593337168 1.0003087673488058
2051.874648233145 1.000445399861627
2051.876037132573 1.000319724093831
2051.877426032001 1.0000758805599486
2051.87881493143 1.000095892626941
2051.8802038308586 0.9998098832139743
2051.8815927302867 0.9997577092589727
2051.8829816297143 0.999980464343496
2051.8843705291433 1.000271234847567
2051.8857594285714 0.9997111366184426
2051.8871483279995 0.9999967838014133
2051.888537227428 0.9994810028830129
2051.889926126856 0.9996898179157312
2051.8913150262833 0.9998365713332777
2051.8927039257114 0.999688748193596
2051.8940928251395 0.9999357963627389
2051.895481724567 0.9995130547310759
2051.896870623996 1.00022488977066
2051.8982595234243 0.9998259731033748
2051.8996484228524 1.0001047016396347
2051.901037322281 1.000163186292161
2051.902426221709 0.9999692686730333
2051.9038151211366 0.9996548097755299
2051.9052040205656 0.9998879147971407
2051.906592919994 0.9998816022103462
2051.9079818194223 0.9998831510481744
2051.90937071885 1.000125186394919
2051.910759618279 0.999590018852939
2051.912148517707 0.999986064019275
2051.913537417135 0.9992106541089164
2051.914926316098 0.9994530457916924
2051.916315215526 0.9998352710327506
2051.9177041149537 0.9996617289012037
2051.9190930143827 0.9995458366152881
2051.920481913811 0.9997638071007947
2051.921870813239 1.0002508426335284
2051.9232597126675 0.9995695427815398
2051.9246486120956 0.9998093081901239
2051.9260375110575 1.0003192084773196
2051.9274264104856 0.9998284854058351
2051.9288153099137 0.9999554539545752
2051.930204209342 1.000159960437484
2051.93159310877 0.9997189085791841
2051.932982008199 0.9995747905843628
2051.9343709076265 0.999882085022654
2051.935759806589 0.9995646683135823
2051.9371487060175 1.0000207243691068
2051.9385376054456 0.9997604791560291
2051.9399265048737 0.9997536905915523
2051.9413154043027 0.9994779630865233
2051.9427043037304 0.999881848105258
2051.944093202693 0.9997454735805269
2051.9454821021213 1.0002016437118784
2051.9468710015494 1.0001457835502559
2051.9482599009775 0.9995103632435368
2051.9496488004065 0.9997303487481584
2051.951037699369 0.9998186049613865
2051.952426598797 0.9992078416883942
2051.953815498225 0.9995887355219242
2051.955204397654 0.9999886851757341
2051.956593296616 0.9996692500969501
2051.957982196044 0.9997240378186101
2051.9593710954728 1.000099689343233
2051.960759994901 0.9997894257420837
2051.9621488938633 1.000076106836371
2051.9635377932923 0.9999701051500728
2051.9649266927195 1.0011653034934331
2051.9663155921467 1.0003520683479479
2051.96770449111 1.0002972809158157
2051.9690933905376 1.000178535272329
2051.9704822899657 1.0003361084312954
2051.9718711893943 1.0005013042366462
2051.9732600883567 1.0008232395572325
2051.974648987785 0.9997249912012668
2051.976037887214 0.9998694630787752
2051.9774267861762 0.9998744653462422
2051.9788156856043 0.999600170746267
2051.9802045850324 1.0003144325243287
2051.9815934839958 0.9996818750482368
2051.982982383424 1.0001112425880456
2051.984371282852 1.0002589310672856
2051.9857601818144 1.0002065257122725
2051.9871490812425 0.9998479044701912
2051.9885379806706 1.000717362934311
2051.989926879634 1.0007928758609141
2051.991315779062 1.000129347215807
2051.99270467849 1.0000465698339673
2051.9940935774525 0.9998613622068373
2051.9954824768806 0.999661146753232
2051.9968713763087 1.0003557668108751
2051.998260275272 1.0004879743561554
2051.9996491747006 1.0003111036365775
2052.0010380736626 0.9992967994608796
2052.0024269730898 0.999963434446419
2052.0038158725183 0.9998666009199773
2052.0052047714807 1.0000272754125852
2052.0065936709084 1.000355415041155
2052.0079825703374 0.9998804163417024
2052.0093714693 1.0000027394695385
2052.010760368728 0.9998679097207607
2052.0121492676903 1.000261560939947
2052.0135381671184 0.9999795134247813
2052.014927066081 1.0000940953388266
2052.01631596551 0.9997811979868786
2052.017704864938 0.9995547724038931
2052.0190937639004 1.0001569853477166
2052.0204826633285 1.0003282630039376
2052.021871562292 0.9999709373548729
2052.02326046172 1.0001909321179743
2052.0246493606824 1.0001656808201285
2052.026038260111 0.9998885140000093
2052.0274271590733 1.0004939443282934
2052.028816058501 0.9999310359859942
2052.0302049574643 1.0003544688987487
2052.0315938568924 1.0005720844922223
2052.032982755855 1.0004073580294734
2052.0343716552834 0.9999055446820108
2052.035760554246 1.0006696481214714
2052.037149453673 0.9997821425759514
2052.0385383526354 0.9999911855768403
2052.0399272520635 1.0004730050052053
2052.0413161510255 0.999766175937896
2052.0427050504545 1.0003413884408447
2052.044093949417 1.000442401504022
2052.045482848845 1.0003448459056963
2052.046871747808 0.9999357951314365
2052.0482606472365 0.9998170334692956
2052.049649546199 1.0001244795237139
2052.051038445627 0.9996651517692756
2052.0524273445903 1.0001051843996884
2052.053816244018 1.000514370937923
2052.0552051429804 1.0002755320400998
2052.0565940419433 0.9996886099005136
2052.0579829413714 1.0003044813435489
2052.059371840334 0.999962237291568
2052.0607607397624 0.9997517413545177
2052.062149638725 1.000007862342299
2052.0635385381524 0.9999910654945707
2052.064927437116 1.00006516269887
2052.066316336078 1.0002942471816898
2052.0677052355063 1.0006371052074177
2052.069094134469 1.0000679041907607
2052.070483033432 0.999872053614539
2052.07187193286 0.999586373829186
2052.0732608318226 0.99941708050615
2052.0746497312507 0.9996315160191054
2052.076038630212 1.0000937602494429
2052.0774275291747 0.9996959619771383
2052.0788164286037 0.9996567626222239
2052.0802053275656 0.9995569201530562
2052.081594226528 0.9991658990062272
2052.0829831259566 0.9997845914755888
2052.084372024919 0.9999158854397815
2052.0857609238815 0.999978077663689
2052.0871498233105 0.9997399074437465
2052.0885387222725 1.0005293654239427
2052.089927621235 0.9995543884929288
2052.0913165206634 1.0001703824334995
2052.092705419626 1.0002765464319194
2052.0940943185883 0.9998939560677862
2052.0954832180173 1.000095202349675
2052.0968721169797 1.0000425377167756
2052.098261015942 1.0003435227609745
2052.0996499153703 0.9998445013348458
2052.1010388143336 0.9999642527289169
2052.102427713296 0.9999319603868845
2052.1038166122585 1.0003753538603835
2052.1052055116866 0.9993373444588604
2052.106594410649 1.0000344378140067
2052.1079833096114 0.999810530455144
2052.1093722085748 0.9995710685594386
2052.110761108002 1.0002762249228763
2052.1121500069635 1.0000225223802748
2052.113538905927 1.0001078461339545
2052.114927804889 1.0001115417198803
2052.116316704317 1.0005289927092196
2052.11770560328 0.9996777627967138
2052.119094502243 0.9999416060412245
2052.1204834012055 0.9996075636651385
2052.1218723006336 1.0001380026864046
2052.123261199596 1.0000469547127755
2052.1246500985585 0.9999079964109067
2052.126038997521 1.0000196641084258
2052.1274278964843 1.0000992746396558
2052.1288167959124 0.9996667778598916
2052.130205694875 0.9999408871527403
2052.1315945938372 1.0000759178009246
2052.1329834927997 0.9996389394318066
2052.134372391762 0.9998438710446338
2052.1357612907254 1.000117157676116
2052.1371501901535 1.0001406379743745
2052.138539089116 0.9999953517442401
2052.1399279880784 1.0000171629746009
2052.1413168870417 0.999953397273228
2052.142705786004 1.0006321807159613
2052.1440946849666 0.9998551831730237
2052.145483584395 0.9998495199238601
2052.146872483357 1.0001469657122914
2052.1482613823187 0.9997317518872426
2052.1496502812815 0.9996834717292754
2052.151039180244 0.9999824777738906
2052.152428079206 0.9996210616305888
2052.1538169781693 0.999945405503602
2052.1552058771317 1.0003543924880713
2052.156594776094 0.9994501068197006
2052.1579836755227 0.9999524367011765
2052.159372574485 0.9998452090809877
2052.160761473447 0.9999923706081972
2052.1621503724105 1.0001296418101095
2052.163539271373 0.9998579587619059
2052.1649281703353 0.9999574408148665
2052.1663170692977 1.0002233501460895
2052.167705968261 0.9996858039350985
2052.1690948672235 0.9999369928843685
2052.170483766186 0.9997432585856367
2052.171872665149 0.9997542842730668
2052.1732615641113 0.9998258751443118
2052.1746504630732 1.0002665854034238
2052.1760393620366 0.9996336792168544
2052.177428260999 1.0004314829720413
2052.1788171599615 0.9999015766807674
2052.1802060589243 1.000104862633527
2052.181594957887 1.0001346711341634
2052.1829838568488 0.999444495482606
2052.184372755811 0.9997369701404474
2052.185761654773 0.9995445797085966
2052.187150553735 0.9999454489684042
2052.1885394526985 1.0005302567076817
2052.189928351662 1.000014487773154
2052.191317250624 1.0001447008975213
2052.1927061495862 0.9998641803927643
2052.194095048549 1.0002509541953442
2052.1954839475115 1.000557606432651
2052.196872846474 1.0010252759392244
2052.1982617454373 1.000081149670819
2052.1996506443993 1.0004143390034792
2052.2010395433617 1.0000144891674094
2052.2024284423246 1.0004648514800714
2052.203817341287 1.0002555057615803
2052.2052062402495 1.0002589666687298
2052.206595139213 1.0002537222031078
2052.207984038175 1.0000795462263454
2052.2093729371372 0.9996571234482003
2052.2107618361 0.9999347037554106
2052.2121507350635 0.9997580134201773
2052.2135396340254 0.9998878304105532
2052.214928532522 0.9999664262455877
2052.216317431485 1.0005909195188367
2052.2177063304475 1.0001932183231084
2052.21909522941 0.9994158053980751
2052.2204841283724 1.0004793018188063
2052.221873027334 0.9997999751549342
2052.2232619262963 0.9999177583760172
2052.2246508252597 0.9995613525014239
2052.2260397242217 0.9998207213336185
2052.2274286227184 0.999922705129612
2052.2288175216813 0.9998239962373008
2052.2302064206438 1.0002776986842832
2052.231595319606 1.0004363544316903
2052.2329842185695 1.0002076231391306
2052.234373117532 0.9999249660587725
2052.2357620164944 1.00001705886244
2052.237150914991 1.0002033975381621
2052.2385398139545 1.0003997630053159
2052.239928712917 1.0004109826493743
2052.2413176118794 1.000449223489372
2052.242706510842 1.000321337527642
2052.2440954093386 1.0004126681609333
2052.245484308301 0.9997244666843595
2052.2468732072643 1.0004976256598745
2052.248262106227 1.0002188100527112
2052.249651005189 1.0011970172524847
2052.251039903686 1.0011856875175809
2052.2524288026484 1.0008459002412784
2052.253817701611 1.0011408620071178
2052.255206600574 1.000919808730056
2052.2565954995366 1.0007791678635165
2052.2579843980325 0.9998848020701504
2052.259373296995 1.0014549897845255
2052.260762195958 0.9997937619092505
2052.2621510949202 1.0002191273018062
2052.2635399934165 1.0002788497477735
2052.26492889238 1.000192346001342
2052.2663177913423 1.0003557010762612
2052.267706689839 0.9999539408248184
2052.2690955888015 0.9998778692594897
2052.270484487764 0.9998400410201409
2052.2718733867264 0.9998514941632254
2052.273262285224 1.0000889616280635
2052.2746511841865 1.0002293587013762
2052.276040083149 0.9998211164244479
2052.2774289816457 1.0005798570847402
2052.278817880608 1.0001965504149128
2052.2802067795706 0.9996101170973379
2052.281595678534 0.999705882809247
2052.282984577031 0.9995711387540074
2052.2843734759936 0.9996793190249389
2052.2857623749555 0.9999643748666295
2052.287151273453 0.9999052960117268
2052.2885401724157 0.9995417504761821
2052.289929071378 0.9997158197793731
2052.2913179698753 1.000234354075529
2052.2927068688377 1.0002661064367262
2052.2940957673336 0.9999819171001092
2052.295484666296 0.9996567771210529
2052.2968735652585 0.9997082164667371
2052.298262463755 0.9999698602506362
2052.299651362718 0.9997842437283113
2052.3010402616806 0.9998446408957565
2052.3024291601773 0.9996853976147995
2052.30381805914 0.9996122767644376
2052.3052069576374 0.9996110748640896
2052.3065958566 0.9999215687959844
2052.3079847555623 0.9997386770552784
2052.30937365406 0.9993728863790814
2052.310762553022 1.0002298136330818
2052.3121514515187 0.9994941637214269
2052.3135403504816 1.0000216091511054
2052.314929249444 0.9998932061246556
2052.316318147941 0.9992918294320774
2052.3177070469037 0.9993239895766404
2052.3190959454005 0.9993817673299614
2052.3204848443625 0.9996344616625624
2052.32187374286 0.999724243613186
2052.3232626418226 0.9999141492998601
2052.3246515403193 0.9998416086400845
2052.326040439282 0.9995995059140045
2052.3274293377794 0.9998325865603309
2052.328818236742 0.9996346577105761
2052.3302071357034 0.9992962319961344
2052.3315960342 0.9998814793196041
2052.3329849331626 0.999419446517518
2052.3343738316594 0.9993315440967133
2052.3357627306227 1.0002694774645067
2052.337151629119 0.9999453035352248
2052.3385405280815 0.9998836190429102
2052.3399294265787 1.0000637152131806
2052.341318325541 0.9998187031578912
2052.342707224038 0.9998704737007867
2052.3440961225356 0.9992123735170941
2052.3454850214976 1.0000233504922624
2052.3468739199943 0.9997394373435198
2052.348262818957 0.999959030641079
2052.349651717454 0.9995747106124006
2052.3510406164164 1.0012291198948726
2052.352429514914 1.0008863149919285
2052.3538184138765 1.0002661993217143
2052.3552073123733 1.0002175870545318
2052.3565962113357 1.0007503124709196
2052.3579851098334 1.0004428378151
2052.35937400833 1.0006005957575421
2052.3607629072926 1.0006038938790607
2052.3621518057894 1.0004830073233013
2052.363540704752 1.0004475352438484
2052.3649296032486 1.0006925846489694
2052.3663185017463 1.0003528102597654
2052.367707400708 1.0002724092121626
2052.3690962992036 0.999909135100573
2052.370485198167 1.0013263103407801
2052.3718740966633 1.0003553442235864
2052.37326299516 1.0002525939873073
2052.374651894123 1.0007055865667789
2052.3760407926206 1.0002073797187176
2052.3774296911174 1.0008211708160768
2052.37881859008 0.9999898426549579
2052.3802074885766 1.0004593014244618
2052.381596387539 0.9994842246968655
2052.382985286036 1.0000802482473257
2052.3843741845335 1.0000626225524247
2052.385763083496 1.0006300652760534
2052.3871519819927 0.9998557456869365
2052.3885408804895 1.0000274889249512
2052.389929779452 1.0008066426526436
2052.3913186779487 1.0004121753133342
2052.3927075764464 1.0000852216462026
2052.394096474943 1.0000154788705349
2052.3954853739056 1.0005280271554773
2052.3968742724023 1.0002087053686826
2052.3982631709 0.9994728435535939
2052.3996520698624 1.000184089954002
2052.401040968359 0.9999791997597692
2052.4024298668564 1.0000927660197114
2052.4038187658184 1.0004477610602092
2052.4052076643143 1.0005474730047212
2052.4065965628115 1.0001895484842727
2052.4079854613083 0.9996067878295752
2052.4093743602702 0.9997910737375205
2052.410763258768 0.9999719033971841
2052.4121521572647 1.0003689127380588
2052.4135410557615 1.0006745919866316
2052.4149299547244 0.9997696506856972
2052.416318853221 1.0001873682585616
2052.4177077517174 0.9998080836023701
2052.419096650215 0.9997806370624953
2052.4204855487123 0.9996716344217289
2052.421874447675 0.9999582059406757
2052.423263346171 0.9999274714694705
2052.424652244669 0.9996032074661095
2052.4260411431655 0.9999614917797507
2052.4274300416623 0.9999677096470598
2052.428818940625 0.999798121151348
2052.430207839122 1.000116968485425
2052.4315967376183 1.0006044103115377
2052.432985636116 0.9996866345259741
2052.4343745346127 0.9994730669703115
2052.435763433575 1.0001023871761496
2052.4371523320724 1.0010411981526686
2052.438541230569 1.0002731387941595
2052.4399301290655 1.000463456660612
2052.4413190275623 0.9998907876317052
2052.442707926059 1.0003466037616227
2052.444096824556 1.0008770236724618
2052.4454857235182 1.000297630796653
2052.446874622016 1.0004417300361352
2052.4482635205122 0.999651871796226
2052.449652419009 1.0003089558124996
2052.451041317506 0.9998229976270078
2052.452430216003 1.0001616928324313
2052.4538191144998 1.0005683585958092
2052.4552080129974 1.0001572723506653
2052.4565969119594 0.9994659583600668
2052.457985810456 0.9996280117334838
2052.4593747089534 0.9997275535601942
2052.46076360745 0.9994428308762273
2052.462152505947 0.999314366164724
2052.4635414044446 1.0001151133543458
2052.464930302941 0.999765639354926
2052.4663192014377 0.9998513150391996
2052.467708099935 0.999636087179678
2052.4690969984326 0.9991806645203862
2052.470485896929 0.9993967772190143
2052.4718747954257 0.9993483528916227
2052.473263693923 0.9992507335432907
2052.4746525924197 1.0001904182175299
2052.4760414909165 0.9998955124137656
2052.4774303894133 0.9996002342579372
2052.478819287909 0.9995586883456379
2052.4802081868716 0.9999603204337437
2052.4815970853692 0.9998495958359414
2052.4829859838655 1.000177941427763
2052.4843748823623 0.9996441040442015
2052.4857637808595 0.9992811868049385
2052.4871526793563 0.9998036666803741
2052.488541577853 1.000098588803341
2052.4899304763508 0.9996574742008694
2052.4913193748475 1.0002347221951176
2052.4927082728786 0.999984375332997
2052.4940971713754 0.9999847341615878
2052.495486069873 0.9994413129218179
2052.49687496837 1.0001809858851365
2052.4982638668666 0.9999572518444123
2052.4996527653634 1.000262423331883
2052.50104166386 1.0001169352405095
2052.502430562357 0.9996591833501367
2052.5038194608546 1.0002434647148613
2052.5052083593514 1.0001789813821638
2052.506597257848 1.000388092686426
2052.507986156345 1.0001406052517139
2052.5093750548417 1.0002043257412228
2052.5107639533385 1.0005236403182685
2052.512152851836 0.9998602828442963
2052.513541750333 0.9994923220674787
2052.514930648829 1.0004136020576853
2052.51631954686 0.9997927152682783
2052.517708445357 1.0000446203197102
2052.519097343854 1.0004121942413553
2052.52048624235 1.0000470784328488
2052.521875140848 1.0003930492457402
2052.5232640393447 1.0006584113669403
2052.5246529378414 1.0003347243642497
2052.526041836338 1.0004444713336955
2052.5274307343693 0.9999471653965695
2052.528819632866 1.0001405951602198
2052.5302085313638 1.0001951717691284
2052.5315974298605 0.9997368913861043
2052.5329863283573 0.9995345168068788
2052.534375226854 0.9995760829549821
2052.5357641253518 0.9999137891679655
2052.537153023383 0.9997967191927577
2052.5385419218796 1.000300823108583
2052.539930820377 0.9999995805999182
2052.5413197188736 1.0003775882952661
2052.54270861737 0.999980826668953
2052.544097515402 0.9996401946388223
2052.5454864138987 1.0001774793770102
2052.5468753123955 0.9998647605878918
2052.5482642108927 1.0012310984621426
2052.5496531093895 0.9999222222947934
2052.5510420074197 1.0002117660805747
2052.5524309059165 0.9996548981275332
2052.5538198044133 0.9997734833361038
2052.5552087029096 0.9999420512746143
2052.5565976009416 1.0002864534657843
2052.5579864994393 1.0006175047987866
2052.5593753979356 1.0003955358623977
2052.5607642964324 1.0005286449638762
2052.5621531949296 1.000153124754843
2052.5635420929607 1.0001760827802428
2052.5649309914575 1.0006934944099113
2052.566319889955 1.0006529920129996
2052.567708787986 1.0004796688552744
2052.5690976864826 0.9998272615032481
2052.57048658498 0.9998415238073318
2052.5718754834766 0.9998013027347936
2052.5732643815077 0.9999315486266089
2052.574653280005 1.0003559877999102
2052.5760421785017 1.000484388960799
2052.5774310765323 0.9999974824140628
2052.57881997503 0.9996900306210903
2052.5802088735277 0.9997997845825977
2052.5815977715583 0.9998617652931736
2052.582986670055 1.000024218579151
2052.5843755685523 1.0004425966847152
2052.5857644665834 1.0003127554964215
2052.5871533650793 1.0001280541990596
2052.588542263576 0.9997957451808722
2052.589931161607 0.9997278757237987
2052.591320060104 0.9996646196112513
2052.5927089586016 1.0007065042154633
2052.5940978566323 1.0004296409314586
2052.595486755129 0.9999872892328471
2052.5968756536263 0.9994618208478588
2052.5982645516574 1.000032137747181
2052.599653450154 0.9996975645673266
2052.601042348652 0.9993521862096489
2052.602431246683 1.0003514354257343
2052.6038201451797 0.9997865330539475
2052.605209043211 0.999884389930219
2052.6065979417085 1.0003834134869802
2052.6079868402053 0.9998256198605306
2052.6093757382364 0.9996076376041847
2052.610764636733 0.9996202222848022
2052.6121535347643 0.9997432726920764
2052.613542433261 1.000015772161236
2052.614931331293 0.9991173407283684
2052.61632022979 1.001060574234574
2052.6177091282866 0.999688142905395
2052.6190980263177 1.0003726149315852
2052.6204869248145 1.000380178606578
2052.6218758228456 0.9997012593289736
2052.6232647213433 0.999997780843812
2052.6246536193735 0.99952899191795
2052.6260425178693 1.0002108869361122
2052.6274314159014 0.9999407994308108
2052.628820314398 1.000412433168552
2052.6302092124292 0.9999490145410529
2052.631598110926 1.0005097463648929
2052.632987008958 1.000494518931875
2052.634375907455 1.000034252109684
2052.635764805486 0.9993463182275476
2052.6371537039827 0.9998311325373826
2052.638542602014 0.9992118554032418
2052.6399315005106 1.0000815280968978
2052.6413203985426 0.9994221546576182
2052.6427092970393 0.999941806418752
2052.6440981950705 0.9993216424495961
2052.645487093567 1.0003034577262029
2052.6468759915983 0.9996865190784489
2052.648264890095 0.9996821331088306
2052.649653788127 0.9996208696981531
2052.6510426866244 0.9999739602051936
2052.6524315846555 0.9998055378453593
2052.653820482686 0.999730951336633
2052.655209381184 1.0001165255069955
2052.656598279215 0.9995680909843523
2052.6579871777117 0.9999855387812084
2052.6593760757432 1.0002008397947701
2052.6607649742396 0.9999944193820024
2052.6621538722698 0.9995310409486763
2052.6635427703013 0.9999236691656014
2052.664931668798 0.9995551480496455
2052.6663205668287 1.0005139905342928
2052.6677094653264 1.0003505279884086
2052.6690983633575 1.0002512731543232
2052.6704872613886 1.0002383746020864
2052.671876159886 1.0010011874129254
2052.6732650579174 1.000378872899635
2052.674653956414 1.0007290706228051
2052.6760428544453 1.0004180770866689
2052.677431752477 1.0003411414554688
2052.6788206509736 1.0004369374954911
2052.6802095490043 1.0011784321959205
2052.6815984470363 1.0013811378204815
2052.682987345533 1.002054213568667
2052.684376243564 1.002077403356414
2052.6857651415958 1.0011215594372391
2052.6871540400925 1.0010053833716637
2052.688542938123 1.001409514991491
2052.689931836155 1.0010184499369903
2052.691320734652 1.0016460951786987
2052.692709632683 1.0017282238850194
2052.6940985307147 1.001414823269758
2052.695487429212 1.0024759936118137
2052.696876327242 1.001155280965659
2052.6982652252727 1.0027343048362602
2052.6996541233043 1.0006749241288047
2052.701043021801 1.000733817335063
2052.702431919832 1.0007442122328347
2052.703820817864 1.0005729169980422
2052.7052097163605 1.001198721149022
2052.7065986143916 1.0004289275562606
2052.707987512423 1.0004258105286006
2052.7093764104543 1.0005595505012335
2052.710765308951 0.9996348034694631
2052.712154206983 1.0003995949186797
2052.7135431050137 1.0005179128328932
2052.714932003045 1.0003208487647384
2052.7163209010764 0.9997247103275527
2052.717709799574 1.000418041203231
2052.719098697605 1.000680313435221
2052.7204875956363 0.9998908655419054
2052.7218764936674 1.0004280191543675
2052.723265392164 1.0001329689683445
2052.7246542901953 1.000826579095347
2052.7260431882273 0.9998479377343142
2052.727432086258 1.000396639936845
2052.728820984289 0.9999361239675301
2052.7302098827863 0.999733146618013
2052.7315987808174 0.9991341133697327
2052.7329876788485 1.000162876413064
2052.7343765768796 1.0000818289975673
2052.73576547491 0.999347883265221
2052.737154372941 1.000342269112737
2052.7385432714386 1.0001081873054865
2052.7399321694697 0.9998738605498059
2052.741321067501 1.0005721046366112
2052.742709965532 0.9992020289633887
2052.744098863564 0.9993891058755466
2052.745487761595 0.9993359090448155
2052.746876659626 0.9998500215301358
2052.748265558123 0.9998449172763055
2052.749654456154 0.9991743280878671
2052.751043354185 0.9999185248886051
2052.752432252217 0.9993275427559724
2052.7538211502483 0.9993906424072417
2052.7552100482794 1.000024196769329
2052.7565989463105 0.9996118885548553
2052.7579878443416 1.0003810285717991
2052.7593767423728 0.9993912283809221
2052.7607656404048 0.999663760637923
2052.7621545384363 0.9996935393728653
2052.763543436933 0.9999851091967222
2052.7649323349638 1.000096010173836
2052.766321232996 1.0001125835302245
2052.767710131027 0.9992828843289361
2052.769099029058 0.9992423506416602
2052.770487927089 0.9998117564379299
2052.7718768251193 0.9998637557595316
2052.7732657231504 1.0002422878603154
2052.774654621182 0.9998701189837408
2052.776043519213 1.0010135009665597
2052.7774324172437 1.000757313051851
2052.7788213152758 1.0002141292006117
2052.780210213307 1.0009487493412046
2052.781599111338 0.9999230192267587
2052.782988009369 0.9997767443111683
2052.784376907401 1.0001849463517472
2052.785765805432 0.9996527458358924
2052.7871547034633 1.0000721172062528
2052.788543601495 1.0001762995622594
2052.789932499526 0.9999989191397649
2052.7913213975567 1.0002263803209808
2052.7927102955887 1.0003792627806483
2052.79409919362 0.9999286028637278
2052.795488091651 0.9998501803660259
2052.7968769896825 0.9999500401720252
2052.7982658877136 0.9998301238816639
2052.799654785744 0.9993147321420529
2052.8010436837762 0.9998743201247167
2052.8024325818074 0.9996854709936763
2052.8038214798385 0.9995373953472564
2052.80521037787 0.9992560122943518
2052.8065992759016 1.0001324051084712
2052.807988173466 1.0008732750221245
2052.809377071497 0.9992044871536204
2052.8107659695283 0.9991006015425242
2052.8121548675595 1.0001751008300956
2052.8135437655906 0.9994504383612759
2052.8149326636226 0.999784006215721
2052.8163215616532 1.0001404533093028
2052.8177104596843 0.9997866478931224
2052.819099357716 0.9996818029349551
2052.8218771533125 0.9996469150887234
2052.8232660513445 1.000105745455017
2052.824654949375 0.999653699295575
2052.8260438474063 0.999773556925303
2052.827432745438 0.9997445544889775
2052.82882164347 1.0001035832166847
2052.8302105415005 1.00007872299414
2052.831599439066 0.9995262232716967
2052.8329883370975 0.999831986008842
2052.8343772351286 0.9996661927071483
2052.8357661331597 0.9998417134435666
2052.8371550311917 1.000079383637099
2052.8385439292224 1.0003677959654134
2052.839932826788 1.0002154538022732
2052.8413217248194 1.0004393756218408
2052.8427106228505 1.0004275470998376
2052.8440995208807 0.9999688946522521
2052.845488418912 0.999998258582277
2052.8468773164773 1.0005168408014438
2052.8482662145084 1.0009219885625147
2052.8496551125404 1.0000579469149813
2052.8510440105715 1.0006705044630342
2052.8524329086026 1.000446222636212
2052.853821806168 1.000495161189499
2052.8552107042 1.0002671580918367
2052.856599602231 1.000155106442772
2052.8579885002623 1.0001465187915755
2052.8593773978278 1.0000499001636438
2052.860766295859 1.0003383708049225
2052.86215519389 0.9997934349545287
2052.863544091922 1.0005193509728119
2052.8649329894874 1.000978443351997
2052.8663218875186 1.0005160473987795
2052.8677107855497 1.0007860807207805
2052.869099683115 1.0002021798312437
2052.870488581146 0.9995696396538238
2052.8718774791782 1.0002518390888733
2052.87326637721 1.000168613133558
2052.8746552747753 1.000316993068246
2052.876044172806 1.0001612891991
2052.877433070838 0.999847897192193
2052.8788219684034 0.999918874460299
2052.8802108664336 0.9999112477023784
2052.8815997644647 1.000561400112304
2052.88298866203 1.0005002732256845
2052.8843775600612 0.9998662694743952
2052.8857664580923 1.0000379513933926
2052.887155355658 1.0000609503815854
2052.888544253689 0.9995319109993168
2052.889933151721 1.0001415376234266
2052.8913220492864 1.0001932414029493
2052.8927109473175 0.9999092641702524
2052.8940998453486 0.9997525323251273
2052.895488742915 1.0006489655463968
2052.896877640946 0.9997181221458291
2052.898266538977 1.00031748912283
2052.899655436543 0.9995980785838339
2052.901044334574 0.9996698975907868
2052.902433232139 0.9992324830976336
2052.903822130171 1.0000208980053034
2052.9052110282023 0.9994530502686317
2052.9065999257678 1.0004323113035323
2052.9079888237993 1.000003122697011
2052.9093777213648 1.0000774067524871
2052.9107666193954 1.0001682046088662
2052.912155516962 1.0001880219959913
2052.913544414993 0.9997385946529065
2052.914933313024 1.0000841328910541
2052.91632221059 0.9999429503816649
2052.917711108621 1.0005823312635562
2052.9191000061855 1.0000688804039815
2052.9204889042167 1.000503425612215
2052.9218778017826 0.999677212344553
2052.9232666998137 0.9999001305449317
2052.924655597379 0.9996003403382773
2052.926044495411 0.9999138221572782
2052.927433393442 1.0003406901097656
2052.9288222910072 0.9997462074346448
2052.930211189039 0.9995992494018768
2052.9316000866042 1.000071046045825
2052.9329889846354 1.0003276662959
2052.9343778822013 1.0003843616458725
2052.9357667802324 0.9999114160986436
2052.9371556777974 0.9997700414243739
2052.9385445758294 1.0006972641301386
2052.9399334733957 1.0003477941884797
2052.9413223709607 0.9996897397549557
2052.942711268992 1.0003090591940245
2052.9441001665577 0.9999431246637103
2052.945489064589 1.00007405254187
2052.9468779621543 0.9998639064214307
2052.9482668601863 1.0000428223367315
2052.9496557577513 1.0008375296401109
2052.9510446557824 0.9995068474984597
2052.9524335533483 0.9998267267371336
2052.9538224513785 0.9995106884865848
2052.9552113489435 1.0000039639899143
2052.9566002465094 1.0000899704508932
2052.9579891445405 0.9995561550098898
2052.959378042106 0.9996609593319368
2052.960766940138 1.0000981389869077
2052.9621558377034 0.9998670261644941
2052.963544735269 1.000597664513749
2052.9649336333 0.9996820987607978
2052.9663225308664 0.9999604200139233
2052.9677114288975 0.999957957420116
2052.969100326463 1.0000902107303442
2052.9704892240284 1.0005100920508043
2052.9718781220595 1.0004584403658154
2052.973267019625 1.0000932737326393
2052.974655917657 1.000229490950513
2052.9760448152224 0.9996799987507459
2052.977433712788 0.9998598789541553
2052.978822610819 1.0005255837547233
2052.9802115083844 1.0004506881733333
2052.98160040595 0.9997830641053977
2052.982989303982 1.0000410207968233
2052.9843782015478 1.0005402378067365
2052.985767099113 1.0001020411472668
2052.987155997144 0.9998605424251024
2052.9885448947102 0.9998455882379438
2052.9899337922748 0.9995788663709723
2052.991322690305 0.9997947784478092
2052.9927115878713 0.9991334071860117
2052.994100485437 0.9997173645548005
2052.995489383002 1.000116812965146
2052.9968782810333 0.9992397273252234
2052.998267178599 1.0003875525775459
2052.9996560761642 0.9991578113135795
2053.0010449741962 0.9999445069275353
2053.0024338717617 0.9996217569396161
2053.003822769327 0.9993203285076877
2053.0052116668926 0.9997107622507742
2053.0066005649246 1.000186418286721
2053.00798946249 1.0001720028488572
2053.0093783600555 0.9992622664862331
2053.0107672576214 1.0001449757552971
2053.0121561556525 0.999675397385967
2053.0135450532175 1.000287847485154
2053.014933950784 0.9996450113799347
2053.0163228483493 0.999854845950235
2053.0177117463804 0.9992415615388524
2053.0191006439463 0.9997019452471677
2053.020489541512 0.9999946550970136
2053.0218784390768 0.9999457704037805
2053.023267336643 0.9992802462332586
2053.0246562346742 0.9996486833161148
2053.0260451322397 1.0002489229054834
2053.027434029805 1.0000873776000465
2053.0288229273706 1.0005362117698393
2053.0302118249356 1.0000432377015462
2053.0316007229667 0.9994636142884699
2053.0329896205326 0.9999319012416673
2053.034378518098 0.9999724965428515
2053.0357674156635 0.9993570397719572
2053.0371563132294 0.9994907131870936
2053.038545210795 1.0005657907718697
2053.0399341088255 1.0001908967414965
2053.041323006392 0.9993428256909999
2053.0427119039573 0.9996848656550702
2053.0441008015227 0.9993908751000321
2053.0454896990886 0.9998542054521397
2053.046878596654 0.9999185167282395
2053.048267494219 0.9998853722295161
2053.0496563917854 1.000206735866439
2053.0510452898175 1.000246723379619
2053.0524341873825 0.9998653813406769
2053.053823084948 1.0002805823840737
2053.055211982514 1.0008236057154405
2053.0566008800793 1.000044010773213
2053.0579897776447 0.9998035446619176
2053.059378675211 1.0004129591355981
2053.060767572776 0.99952712575615
2053.0621564703415 0.9992458464366589
2053.063545367907 0.9992895005484247
2053.0649342654715 1.0002364910420987
2053.066323163037 1.00009137786229
2053.067712060603 0.9995661100944454
2053.069100958634 0.9996697379655031
2053.0704898561994 1.0000886734949461
2053.0718787537658 1.0001512306083067
2053.073267651331 0.9998639595456753
2053.0746565488967 1.0000363813129007
2053.076045446462 0.9997980425496251
2053.0774343440285 1.0004531410001534
2053.078823241594 0.9995197877004176
2053.0802121391594 1.000236712776931
2053.081601036725 1.0006109585565746
2053.0829899342903 1.0011547129905685
2053.0843788318557 1.000920439080481
2053.085767729422 1.000882053009747
2053.087156626987 1.001183682098078
2053.0885455245525 1.0009887857967361
2053.0899344221184 1.0010921282928524
2053.091323319684 1.0006840006461808
2053.0927122172493 1.0012476334105709
2053.0941011148157 1.0009037701231427
2053.095490012381 1.0004956151030058
2053.0968789099466 1.0010873234785118
2053.0982678070463 1.0009149599000833
2053.0996567046127 1.000913683733275
2053.1010456021772 1.0010924374673933
2053.102434499742 1.0003897731169886
2053.103823397308 1.00082612326381
2053.1052122948736 1.0005103654857987
2053.106601192439 0.9995023064324088
2053.1079900900045 1.0002697041286281
2053.10937898757 1.0001336201745095
2053.1107678851354 1.0007085521597394
2053.1121567827017 1.0002644136661467
2053.113545680267 1.0006204222028314
2053.1149345778326 0.9999525203985213
2053.1163234749324 1.0002484390327673
2053.1177123724988 1.0006824645915222
2053.119101270064 1.0002765256161938
2053.1204901676297 1.000254013390563
2053.1218790651956 1.0003333588224186
2053.123267962761 1.0001156598170486
2053.124656860326 1.000067402354665
2053.1260457578924 1.0005380709343745
2053.127434654992 1.0002663012431832
2053.1288235525576 0.9999280991732065
2053.1302124501235 0.999673209694767
2053.131601347689 1.0003287065550102
2053.132990245254 0.9993824461673403
2053.1343791428203 1.000213529000635
2053.13576803992 0.9996369806149209
2053.1371569374846 1.0004992418353496
2053.13854583505 1.0004333425170822
2053.139934732616 0.9998214690355895
2053.1413236301814 1.0006592646121086
2053.1427125277464 1.0004188604331834
2053.144101424847 0.9999932791331426
2053.1454903224126 0.9997992771095616
2053.146879219978 1.0000661865074574
2053.148268117544 1.000070205601003
2053.1496570146437 0.9990917172376611
2053.1510459122087 1.0006412563464098
2053.152434809775 0.9991947647951168
2053.1538237073405 0.9998896573473627
2053.155212604906 0.9998290598290598
2053.156601502006 0.9997936635448603
2053.1579903995716 1.00003737867829
2053.1593792971366 0.9996677371713429
2053.160768194703 0.9998837879024226
2053.1621570918037 0.9995214836789698
2053.1635459893687 0.99996526381056
2053.164934886934 0.9997955465993874
2053.1663237840344 0.999637714371827
2053.1677126816 0.9997499620413823
2053.1691015791653 0.9992726380969309
2053.1704904767316 1.000246968872504
2053.171879373831 0.9992884980530425
2053.173268271396 0.9993309226393249
2053.1746571689614 0.9998093695639134
2053.1760460660607 0.9997255167016129
2053.177434963626 0.999711666765237
2053.178823861192 0.9997306271690481
2053.180212758293 0.9993587616248072
2053.1816016558582 0.9999615539059522
2053.1829905534237 0.9996277229395002
2053.1843794505235 0.9998345873924046
2053.185768348089 0.999819478866073
2053.1871572456544 0.9998170221021827
2053.188546142755 1.000153587426869
2053.18993504032 0.9997748118239445
2053.1913239378855 0.999926838108566
2053.1927128349857 0.9995754315681141
2053.194101732551 0.9998165645838681
2053.1954906301166 0.9995672975012571
2053.1968795272173 1.0003768662298775
2053.1982684247823 1.000044491272875
2053.199657321882 1.0003199452207734
2053.201046219448 1.0006332785415286
2053.2024351170144 0.999914022174005
2053.203824014114 0.9994051257749493
2053.2052129116796 0.9997853065505903
2053.2066018087794 0.9996212838818133
2053.207990706345 0.9995521113981864
2053.2093796039103 0.9993301335530492
2053.21076850101 1.000912753568539
2053.2121573985746 0.9995746873832376
2053.2135462956744 0.9996576012932504
2053.2149351932408 0.9994372636820662
2053.2163240903405 0.9999064929497482
2053.217712987906 0.9997858988370807
2053.2191018854714 1.0000991358696651
2053.2204907825712 0.9999149517517512
2053.2218796801367 0.9996683272877281
2053.2232685772374 0.9996459222747852
2053.2246574748033 0.9992697507695635
2053.226046371903 1.0003554355814808
2053.227435269468 0.9999255710444755
2053.2288241665688 0.9997143977396792
2053.230213064134 0.9995379323891598
2053.231601961234 0.9996754057443177
2053.2329908588 0.9997378516248585
2053.2343797558997 0.9993677469075053
2053.2357686534647 0.9996215103170344
2053.2371575505654 0.9998838861820962
2053.238546448131 0.9998447069421689
2053.2399353452306 1.0006853776769495
2053.2413242427965 1.0006599555212983
2053.2427131398963 0.9996184523603415
2053.2441020374613 1.0000947100682793
2053.245490934562 1.0000145565098688
2053.2468798316618 0.9999321915029364
2053.2482687292263 0.9999432750268096
2053.249657626326 1.0001811309796809
2053.251046523892 0.9991210866373543
2053.252435420992 0.9999161482431979
2053.253824318557 0.9996939505645713
2053.2552132156575 1.000147869396048
2053.256602113223 0.9997007968469881
2053.2579910103227 1.0000653962545911
2053.259379907423 1.0001024030339085
2053.2607688049884 1.0000762908833651
2053.2621577020877 0.9996570011203153
2053.263546599654 0.9997747942355228
2053.264935496754 1.000846306611724
2053.2663243938537 0.9999989821165665
2053.2677132914196 1.000270748563497
2053.26910218852 0.9995022260923335
2053.2704910860853 0.9993550813180073
2053.271879983185 1.0004760707685902
2053.2732688802857 1.0003359691023368
2053.2746577778507 0.9996139947034423
2053.2760466749505 1.0003259512898872
2053.2774355720508 1.0001474367819154
2053.278824469616 1.0003879449387552
2053.280213366716 1.0002089008272952
2053.2816022638167 1.0004587896464734
2053.2829911613817 1.0002448000489361
2053.284380058481 1.0005322592943677
2053.285768955581 1.0007632030780929
2053.287157853146 0.9999384763917816
2053.2885467502456 1.0005082128257907
2053.289935647346 1.0000187911025447
2053.291324544912 1.0010445662631182
2053.2927134420115 1.0006140438121247
2053.2941023391113 1.0005868579016375
2053.2954912362115 1.000671692180797
2053.296880133777 1.000143070727442
2053.298269030877 1.000400897483812
2053.2996579279775 0.9999626039319004
2053.3010468255425 1.0004659116548456
2053.3024357226423 1.00032769038171
2053.3038246197425 1.0005404314585074
2053.3052135168423 1.0002539651011868
2053.3066024144077 1.0000053842683525
2053.3079913115084 1.0002488061016181
2053.3093802086078 0.9998061770651475
2053.3107691057075 1.0000605979250505
2053.3121580032735 1.0004055704078603
2053.313546900374 0.9998097219919266
2053.314935797474 0.9998524352696574
2053.3163246945737 1.0002349489422693
2053.3177135916735 1.0002739404843364
2053.319102489239 0.9998260103778919
2053.3204913863383 1.0002013180530978
2053.3218802834376 0.9999362448961527
2053.3232691805374 0.9996482192489977
2053.324658078103 0.9998324267813581
2053.3260469752036 0.9997246650260594
2053.3274358723033 0.9998416442777909
2053.328824769403 0.9996972892678521
2053.330213666503 1.0006091749873838
2053.3316025636036 1.0000126173586272
2053.332991461169 0.9998052425220932
2053.334380358269 0.9997827039261467
2053.335769255369 0.9998784985554662
2053.337158152469 0.9999012821363717
2053.338547049568 1.0002956094286732
2053.339935946669 1.0004269629398441
2053.3413248437687 1.0000231384171805
2053.342713741334 0.9990996516807708
2053.3441026384344 0.9999375824275163
2053.345491535534 0.9999649056937672
2053.3468804326335 1.0001657833060933
2053.348269329734 0.9999240147838175
2053.349658226834 0.9999612607335567
2053.3510471239338 1.0006228672446258
2053.3524360210336 1.0001933315789617
2053.3538249186 1.0004247970780944
2053.3552138156997 0.9996285320169952
2053.3566027127986 0.9998018346465251
2053.3579916098984 1.000201689637905
2053.359380506998 0.9993941615464799
2053.360769404098 0.9993963804345487
2053.362158301198 1.000102873598534
2053.363547198298 1.0002581675602509
2053.3649360953973 0.9999416005548485
2053.366324992498 0.9999355041786
2053.367713889598 1.0000943818585994
2053.3691027866976 0.9995390328368572
2053.370491683798 0.9999424990624717
2053.3718805808976 1.0002688539832978
2053.373269477997 0.9995335428087142
2053.3746583750976 0.9992754528419737
2053.3760472721983 0.999738203012327
2053.3774361692977 1.0000337704968985
2053.3788250663974 1.000812163323247
2053.3802139634977 0.9996494459243292
2053.3816028605975 0.9998908591554136
2053.3829917576973 0.999966468786684
2053.384380654798 0.9993187362300053
2053.3857695518973 1.0002659191841177
2053.387158448997 0.9998713137100986
2053.3885473460973 1.000464479455167
2053.389936243197 1.0004807390578518
2053.391325140297 0.9996727515551325
2053.3927140373976 1.000085473610471
2053.3941029344965 1.0002389093206732
2053.3954918315953 0.9995422613020902
2053.3968807286956 0.9998174528467673
2053.398269625796 0.9997020878299352
2053.3996585228956 0.9997132027056737
2053.4010474199954 1.00014991578893
2053.402436317096 1.0001308492029586
2053.4038252141954 1.000177177854466
2053.405214111295 0.9999576775419643
2053.4066030083955 0.9996647626043402
2053.4079919054952 1.0001097550280924
2053.409380802595 1.000785515711988
2053.41076969923 0.9997575009211079
2053.4121585963294 1.0004907655860191
2053.413547493429 1.0002692478943012
2053.4149363905294 0.9997560379133312
2053.416325287629 0.9999855993879747
2053.417714184729 1.0000975782184234
2053.4191030818297 0.9997647959459439
2053.4204919789295 0.9997375114310877
2053.4218808760293 1.0005464462910285
2053.4232697726634 0.9997941126191444
2053.424658669764 0.9999865275592865
2053.426047566864 1.0005143305818884
2053.4274364639637 1.0008994556968918
2053.4288253610634 1.0302775612616542
2053.430214258163 1.039059371171959
2053.4316031547964 1.0335892652370444
2053.4329920518962 1.0257712984612168
2053.434380948996 1.023064385543285
2053.435769846096 1.0216866601879784
2053.4371587431965 1.0190225071133763
2053.4385476402967 1.0185044090149729
2053.439936536931 1.0168246619577317
2053.44132543403 1.0153904412587966
2053.442714331131 1.0151844646140558
2053.4441032282307 1.0145526235344837
2053.4454921253305 1.013279864105176
2053.446881021965 1.0138281562364857
2053.448269919065 1.0128296892069248
2053.449658816164 1.0113388806366115
2053.451047713265 1.010243019938849
2053.452436609899 1.0099254817737258
2053.453825506999 1.0087190696796702
2053.4552144040986 1.0085902260045236
2053.4566033011984 1.0075359827015997
2053.4579921978325 1.007188907118774
2053.459381094933 1.0061040413001499
2053.4607699920334 1.0064875160503053
2053.462158889133 1.0051812402232287
2053.463547785767 1.004622574752193
2053.4649366828676 1.0053979808826312
2053.4663255799665 1.0055989174794158
2053.4677144770653 1.0045943843090492
2053.4691033737004 1.004559188354456
2053.4704922708 1.0042854688404597
2053.4718811679 1.0037049228711719
2053.4732700645345 1.0034298019028398
2053.4746589616343 1.0038077564009127
2053.4760478587336 1.0036089619158302
2053.4774367553687 1.0033731537083883
2053.4788256524685 1.0035419697524792
2053.4802145495682 1.0031270395663503
2053.481603446203 1.0032072438450268
2053.482992343303 1.0027495886341933
2053.484381240403 1.0025316194028873
2053.485770137037 1.003034191824585
2053.4871590341377 1.0025160311594252
2053.488547931237 1.00267552613684
2053.489936827871 1.002673341091539
2053.4913257249714 1.003049538336563
2053.492714622071 1.002980720583336
2053.4941035187053 1.002704276791997
2053.495492415806 1.0031237874281633
2053.4968813129053 1.0039275964717769
2053.4982702095394 1.0028806223934883
2053.4996591066397 1.0026625851351676
2053.501048003274 1.0018094444709524
2053.5024369003736 1.0020497392374188
2053.5038257974734 1.0022072950008627
2053.5052146941075 1.0030063599593835
2053.506603591207 1.0026356685571514
2053.507992487841 1.0020007117123018
2053.509381384941 1.0027233328143148
2053.5107702815753 1.002547115785824
2053.512159178675 1.0024119667671636
2053.513548075776 1.003090605752018
2053.5149369724095 1.002342681187195
2053.5163258695093 1.0036784455929062
2053.517714766144 1.0035806396718252
2053.5191036632436 1.003420658363859
2053.5204925598778 1.0035796917344697
2053.5218814569785 1.0026086719240503
2053.5232703536126 1.0028193902405125
2053.5246592507124 1.0022300689053003
2053.5260481473465 1.0023738401417897
2053.527437044447 1.0029352627510677
2053.5288259410813 1.002990828020969
2053.530214838181 1.0022192269445627
2053.5316037348152 1.0022792208540476
2053.532992631915 1.002614841278027
2053.534381528549 1.002209247348429
2053.53577042565 1.0018091602527097
2053.537159322284 1.0024416165638967
2053.5385482193838 1.0022053538702214
2053.5399371160174 1.0017760639538404
2053.5413260131168 1.001749085906207
2053.542714909751 1.0019486618866582
2053.5441038068507 1.001955681197887
2053.5454927034857 1.0016692327696395
2053.5468816005855 1.002004075258966
2053.5482704972196 1.001369191736005
2053.54965939432 1.001803153852615
2053.551048290954 1.0012399938498229
2053.5524371875877 1.0018740947807407
2053.5538260846884 1.0008047364683834
2053.5552149813225 1.0015189725520943
2053.5566038784223 1.0012866170441064
2053.5579927750564 1.0018697306164441
2053.559381672156 1.0009330960210059
2053.5607705687903 1.0014842279093843
2053.5621594654253 1.0008944621243587
2053.563548362525 1.001531795344047
2053.5649372591593 1.0006982920311065
2053.566326156259 1.0014169328878542
2053.567715052894 1.0012288644467957
2053.569103949528 1.00117197930238
2053.570492846628 1.001586599776219
2053.5718817432626 1.0016229582357261
2053.5732706398967 1.0016169842435698
2053.574659536996 1.0011051986399413
2053.576048433631 1.0011914063028493
2053.5774373302643 1.0007063618295076
2053.578826227363 1.0010330633615934
2053.580215123998 1.0014769514517459
2053.5816040206323 1.0005949124694953
2053.582992917732 1.0010587005891132
2053.5843818143667 1.0007085519524395
2053.585770711001 1.0004802593692552
2053.5871596081 1.000880477152301
2053.588548504735 1.0006530254938801
2053.58993740137 1.0010438037285396
2053.5913262984695 1.0006674695710112
2053.5927151951037 1.0010477398503843
2053.5941040917382 1.0005254011175928
2053.595492988838 1.0005959795764092
2053.596881885472 1.0006748985589358
2053.598270782107 1.0002234044419933
2053.599659678741 1.000773249774782
2053.6010485758407 1.0005320210605768
2053.6024374724752 1.0007513343545262
2053.6038263691094 1.0000940514099432
2053.6052152657435 1.0009283317976299
2053.6066041628437 1.0007651823204875
2053.6079930594783 1.000085777246311
2053.6093819561124 1.000928104880202
2053.6107708527466 1.0000832012653753
2053.6121597498473 1.0007013392358368
2053.6135486464805 1.0003681670349474
2053.6149375431137 1.0001633460907513
2053.6163264397487 1.0004806852486683
2053.617715336848 0.9999293670686586
2053.619104233482 1.0001366000511993
2053.6204931301168 1.000621324072086
2053.621882026751 1.000811255671761
2053.623270923385 1.0001024706804982
2053.6246598204857 1.0003961780481925
2053.6260487171194 1.0002719316539759
2053.6274376137535 0.9998864244120668
2053.628826510388 1.000054430525334
2053.630215407023 1.0007822264006785
2053.6316043036572 1.0003032179170797
2053.632993200757 1.000743524740095
2053.634382097391 1.0002577487748838
2053.6357709940253 1.0005586658624481
2053.6371598906594 1.0003287808644834
2053.6385487872944 1.0005726266512127
2053.6399376839286 1.0003147603371492
2053.6413265805627 1.0004335303113614
2053.6427154776625 1.000864116853622
2053.6441043742966 1.0000960188795491
2053.6454932709307 1.0002704061662118
2053.6468821675658 1.0008239963206809
2053.6482710642 1.0004920814840361
2053.649659960833 1.000579867040717
2053.6510488574672 1.0006478795598406
2053.652437754102 1.0000313706824242
2053.653826650736 0.9999828079221937
2053.6552155478353 1.0002386227400597
2053.6566044444703 1.000533365166473
2053.6579933411044 1.0004680044514764
2053.6593822377386 1.000805357089581
2053.6607711343727 1.0002095276932923
2053.662160031007 0.9999836733809523
2053.663548927641 0.9998495105255883
2053.664937824276 1.0012325845905843
2053.66632672091 1.0006414427816317
2053.667715617544 1.0001712911098932
2053.6691045141783 1.000413590568005
2053.6704934108134 0.999611069019576
2053.6718823074475 1.0002352839204594
2053.6732712040816 0.9999281602534517
2053.674660100716 0.9998989015792435
2053.6760489973503 0.9999157136152932
2053.677437893984 1.0002798826112642
2053.678826790619 1.0001274147122556
2053.680215687253 1.0001604091082386
2053.6816045838873 1.000137338134847
2053.682993480522 0.9998008651090986
2053.684382377156 1.0001184563175585
2053.6857712737897 0.9995252651814571
2053.687160170424 1.0003126234994126
2053.6885490670575 0.9996381653827068
2053.689937963691 0.9994876437780036
2053.691326860326 0.999812346959319
2053.692715756961 0.9995023547118532
2053.694104653595 1.0002871254731815
2053.695493550229 1.000562282638777
2053.6968824468636 1.0003887897711399
2053.6982713434977 0.999969690124513
2053.699660240132 0.9998122830235112
2053.701049136767 0.9999598645372405
2053.7024380334005 0.9999030123884078
2053.7038269300347 0.9993865099234441
2053.7052158266692 0.9997498124775188
2053.7066047233034 0.9996761922915737
2053.707993619472 1.000345608779304
2053.7093825161064 0.9996753046354915
2053.7107714127405 0.9995750406864728
2053.712160309374 1.0001407890923508
2053.7135492060092 0.9996610055850923
2053.7149381026443 1.000170693004062
2053.716326999278 1.0003289365677057
2053.717715895912 0.9998157333722565
2053.7191047925467 0.9999583666053545
2053.720493688715 0.999902225802254
2053.7218825853492 0.9998601254707831
2053.7232714819834 0.9993173119694003
2053.7246603786166 0.9995527060569974
2053.7260492752507 1.0001094099840653
2053.7274381718858 0.9997330283633283
2053.7288270685194 0.9994054360270569
2053.730215964688 0.9999629009153604
2053.7316048613225 0.9996172548049741
2053.7329937579575 1.0000395925416212
2053.7343826545916 0.9997091921438602
2053.7357715512258 0.9999806215973368
2053.73716044786 0.9998229866725251
2053.7385493440283 1.0001098409529154
2053.7399382406625 1.0005057933246455
2053.7413271372975 1.0007272175737987
2053.7427160339316 1.00063340594106
2053.7441049305658 1.0006300513454407
2053.745493826734 1.001266494381303
2053.7468827233683 1.0004455694541639
2053.7482716200025 1.0001174191554854
2053.7496605166375 0.9998438436982375
2053.751049412806 1.0001325016743934
2053.75243830944 1.0001796721411216
2053.753827206074 0.9997348991434426
2053.7552161027093 1.000097671114267
2053.7566049988777 1.0001506594917262
2053.757993895512 0.9996713660372839
2053.7593827921464 1.0003636694136915
2053.76077168878 0.9999549737279425
2053.7621605849477 0.9997753524181215
2053.763549481582 0.9998043465942468
2053.764938378216 0.9996811693435058
2053.76632727485 0.9998832343953697
2053.7677161710194 1.0003983900007674
2053.7691050676535 1.000331029312307
2053.7704939642877 1.0000083140329
2053.771882860456 1.0007703268116843
2053.7732717570902 1.0009683800790425
2053.7746606537244 1.0010823431522964
2053.7760495498937 1.0002204248308573
2053.7774384465283 1.000194646265743
2053.7788273431624 1.0006856912133195
2053.7802162393305 1.000325614767093
2053.7816051359655 1.0004309318078022
2053.7829940325996 0.9997401911471202
2053.784382928768 1.0001312061082914
2053.7857718254027 0.9995172254115635
2053.787160722037 0.9998227353280537
2053.788549618205 0.9998768805691656
2053.78993851484 0.9999745933602002
2053.791327411474 0.999966165171187
2053.7927163076424 1.0001339103031275
2053.794105204277 1.0002660311991323
2053.7954941009116 0.9998494793981455
2053.796882997079 1.0001100379411296
2053.798271893713 1.0001334182430455
2053.7996607898817 1.0005305699698346
2053.801049686516 0.9996289688229363
2053.80243858315 0.999409169691141
2053.8038274793194 0.9993186317946035
2053.805216375953 0.9993031056186634
2053.8066052721215 0.9998389549374078
2053.807994168756 0.9989887070207135
2053.80938306539 0.9994501849528925
2053.8107719615587 0.9995810947217223
2053.8121608581932 0.9988787035894318
2053.8135497543617 0.9996814991847613
2053.8149386509954 0.9994178397583169
2053.8163275471647 0.999714268254408
2053.8177164438 1.0003150312628482
2053.819105339968 0.9996807065604301
2053.820494236602 1.0003073005474103
2053.821883132771 0.9998232183794037
2053.823272029405 0.9996017189794609
2053.824660926039 0.9999908648344292
2053.8260498222085 0.999752527194426
2053.827438718842 1.0003684700662558
2053.8288276150106 0.999754083483497
2053.830216511645 1.0001641769462115
2053.8316054078136 1.0003377157297122
2053.832994304447 1.0004754220556926
2053.8343832006153 1.0004328259776245
2053.8357720972494 0.9997927854463504
2053.837160993418 1.0000018977337382
2053.838549890053 1.000081363095147
2053.8399387862214 0.9997969536645179
2053.84132768239 1.0004008631603791
2053.842716579024 0.9998240045255979
2053.8441054751934 0.9998072878173644
2053.8454943718275 0.9994358726416969
2053.846883267996 1.000054430829622
2053.84827216463 1.000066999108734
2053.8496610607986 1.0014942051239568
2053.8510499574327 1.001303830745915
2053.852438853602 1.000790686875428
2053.8538277497705 1.0006390068062703
2053.8552166464046 1.0007682343001971
2053.856605542573 1.0008841751850193
2053.857994439208 1.0010757350167578
2053.8593833353766 1.0012154773746442
2053.8607722320107 1.0006543695619388
2053.8621611281797 1.000858874393177
2053.863550024348 1.0001996557479633
2053.864938920982 1.000436765092937
2053.866327817151 0.9998823942398786
2053.8677167133196 1.000569875077977
2053.8691056099537 1.0008618439287185
2053.8704945061218 1.00040032614074
2053.8718834027554 0.9997137214890608
2053.873272298924 0.9996661948824451
2053.8746611950924 1.000074677473327
2053.8760500917265 0.9996512770644025
2053.877438987895 0.9998370218740351
2053.8788278840643 1.0004253915996952
2053.880216780699 1.0003037755640234
2053.8816056768674 1.0002106107522182
2053.8829945730354 1.0006065718109085
2053.8843834696704 0.9992522932517955
2053.885772365839 0.9993923927141167
2053.8871612620073 0.9992858693622076
2053.888550158642 0.9993943199033756
2053.8899390548104 0.9993049846877402
2053.8913279509784 0.9997964184579492
2053.8927168471478 0.999867639820104
2053.894105743782 0.9994551686636903
2053.8954946399504 1.0000655250147372
2053.8968835361193 0.9997963207397385
2053.8982724327534 0.9998591224716246
2053.8996613289214 0.9998112597258112
2053.901050225091 0.999100514964661
2053.90243912126 0.9995093950667014
2053.903828017894 0.9993896323992411
2053.9052169140623 0.9992637154470485
2053.9066058102308 0.999870872143757
2053.9079947063983 0.999275599330495
2053.9093836030324 1.000342822918103
2053.9107724992014 0.9998161549567325
2053.91216139537 1.000226365263273
2053.9135502915383 0.999449795986247
2053.914939188173 0.9994875949048029
2053.9163280843413 0.9997480680479218
2053.9177169805093 0.9999784436096673
2053.9191058766787 0.9999898142751512
2053.920494772848 0.9995669993838979
2053.9218836694818 0.9998990954475347
2053.92327256565 0.9991245689165119
2053.924661461819 0.999895666277991
2053.9260503579876 0.999931432842792
2053.927439254156 1.0003378532804925
2053.928828150791 0.9995514353181689
2053.930217046959 1.0001066912084076
2053.9316059431276 1.0001771430729895
2053.9329948392965 1.0001369981259556
2053.934383735465 0.9998020268800608
2053.9357726316334 0.9995970783622793
2053.9371615282685 1.0001310674645798
2053.9385504244365 1.000267219053559
2053.939939320605 0.999965902939877
2053.941328216774 0.9999567878477483
2053.9427171129432 0.9996332390978013
2053.944106009111 0.9996991882700236
2053.9454949052783 1.0003660312142233
2053.9468838014477 1.000378687796475
2053.948272698082 0.9995859284813968
2053.9496615942503 1.0005327862400288
2053.9510504904188 1.0000485301978563
2053.9524393865872 0.999900930366831
2053.9538282827557 1.0000298266538792
2053.955217178925 1.0003265453174242
2053.9566060750935 1.0001430891322207
2053.957994971262 1.0003001347884506
2053.9593838674305 1.000178820906306
2053.9607727636 1.0005899374074636
2053.9621616597683 1.000636189301819
2053.9635505559368 1.000272288326002
2053.9649394525713 1.0001778510902402
2053.96632834874 1.0001158418114393
2053.967717244908 1.000498849132806
2053.969106141077 1.0002545037159791
2053.9704950372457 1.000036677548856
2053.971883933414 0.9998028942366677
2053.9732728295826 0.9997451621326072
2053.974661725751 1.0002237163725958
2053.9760506219195 1.0005065716491888
2053.977439518089 1.0003875484790496
2053.9788284142574 1.000379966761189
2053.980217310425 1.0002608354351976
2053.9816062065934 0.9996748223677261
2053.9829951027623 1.000080552859946
2053.9843839989308 0.9996251616926368
2053.9857728950988 0.999873086059716
2053.987161791268 0.999596086713027
2053.9885506874366 0.9999044354827741
2053.989939583605 1.0003062000000473
2053.991328479774 1.0000656377893902
2053.9927173759424 0.9999162698254546
2053.9941062721105 1.000243260058484
2053.99549516828 0.9994515272742195
2053.9968840644483 0.999919706240729
2053.998272960151 1.0003759155773313
2053.99966185632 0.999994915410162
2054.0010507524885 0.9998793922076724
2054.0024396486565 1.0005757084382612
2054.003828544826 1.0000736611581993
2054.0052174409952 1.0005701187542468
2054.0066063371632 0.9994735241651581
2054.0079952333317 1.000010403895786
2054.0093841295006 1.0000970608301858
2054.010773025669 1.0002698946843278
2054.0121619218376 0.9999005804282466
2054.013550818007 1.0002633774589087
2054.0149397137093 1.0002587596770387
2054.016328609877 0.9997193797701893
2054.0177175060453 1.0001495258258288
2054.0191064022138 0.9999738780658847
2054.020495298382 1.0000924287716346
2054.021884194551 1.000052359009774
2054.0232730907205 0.9996914099692427
2054.0246619868885 0.9996371721504689
2054.0260508825913 1.0005997710588186
2054.0274397787603 0.9997226362063629
2054.0288286749287 0.9998331375772403
2054.030217571097 0.999510299313001
2054.0316064672666 1.0006856078134239
2054.0329953634346 1.0000629814000446
2054.0343842591374 0.999703653603675
2054.0357731553063 0.999931114527946
2054.0371620514748 0.9999814499257879
2054.038550947643 1.000233700263226
2054.0399398438126 1.0003020998479577
2054.041328739515 0.9999481353904957
2054.0427176356834 1.0002688844038068
2054.0441065318523 0.9992425157078757
2054.0454954280217 1.0004246837789226
2054.04688432419 0.9999482598658868
2054.048273219893 0.9998788042444029
2054.0496621160614 0.9999160160667997
2054.05105101223 0.9998080595613033
2054.0524399083984 0.9996946765768626
2054.053828804101 0.9996790956378857
2054.0552177002687 1.0003393188325023
2054.056606596437 1.0002254574400364
2054.0579954926066 1.0000473575547346
2054.0593843883094 1.00024575546304
2054.060773284478 1.0000011809112312
2054.0621621806463 0.9997853172085852
2054.0635510768157 1.000050185509259
2054.0649399725185 0.9997757665648465
2054.066328868687 1.0001641255350169
2054.067717764856 0.9998297400655041
2054.0691066610243 1.0000306977395483
2054.0704955567267 0.99996280972855
2054.071884452896 0.9994279970475439
2054.0732733490645 1.0003219402074277
2054.0746622447673 1.0001554753164932
2054.0760511409358 0.999610085182753
2054.077440037104 1.0002986531686453
2054.078828932807 1.0006862889755832
2054.0802178289764 0.9999796976771664
2054.081606725145 1.0000257311391045
2054.0829956208477 0.999865211199415
2054.084384517016 1.0001685392263837
2054.0857734131855 0.9998505859191745
2054.0871623088883 0.999575494577731
2054.088551205057 1.0000549937836962
2054.0899401012252 0.9996229635606967
2054.091328996927 1.000544707107236
2054.0927178930956 0.999353714208104
2054.0941067892645 1.0004610094774202
2054.0954956849673 1.0007798201593963
2054.0968845811353 1.000175335467722
2054.098273476839 1.0001242406483546
2054.0996623730075 0.9994920828637607
2054.101051269176 1.000040466724083
2054.102440164879 1.0001204519650304
2054.103829061048 0.9999262686423839
2054.105217956751 0.9996010395620826
2054.1066068529194 1.0005246925776878
2054.107995749089 1.0003571739893822
2054.109384644791 1.0000843361371856
2054.1107735409596 0.9999220362388772
2054.112162436663 0.9998390068005178
2054.1135513328313 1.0001232465088215
2054.114940228534 1.000297077565785
2054.1163291247035 0.9997589507233483
2054.117718020406 0.9994922123104434
2054.1191069165743 0.999829486219338
2054.1204958127432 1.000053887791939
2054.121884708446 1.0003085750130882
2054.1232736046145 0.999843537325132
2054.1246625003178 1.000552844128964
2054.1260513964867 0.9999118125757861
2054.1274402921886 1.000038079393295
2054.1288291883566 0.9998350745795345
2054.13021808406 1.000361547943886
2054.1316069802283 0.9999739488723633
2054.132995875931 1.0002599110997952
2054.1343847721005 1.0001614799959877
2054.135773667803 1.0003092742556645
2054.1371625639713 0.9996510203735273
2054.1385514596745 1.0001773698049652
2054.139940355843 0.9998947611437401
2054.141329251546 1.0003561233417049
2054.142718147715 1.0001705123064046
2054.144107043418 0.9996204587464816
2054.145495939121 1.0003301546035535
2054.1468848352893 0.9997455023130423
2054.148273730993 0.9999038606998093
2054.1496626271614 0.999890198754392
2054.1510515228642 1.0002669511003546
2054.1524404190327 1.000561914892865
2054.1538293147355 0.9995229241990162
2054.1552182104383 0.9998844469478976
2054.1566071066077 0.9998864546391584
2054.1579960023105 1.0002959815527996
2054.159384898479 0.9999252131014398
2054.1607737941818 0.9999263943240956
2054.16216269035 0.9994679445418742
2054.1635515860526 0.9997366934204679
2054.164940481755 1.0000624086610976
2054.1663293779243 1.0004764022516424
2054.167718273627 0.9995578835254451
2054.16910716933 1.000131274463114
2054.170496065499 0.9993528430111578
2054.1718849612016 0.999503325622853
2054.1732738573696 0.9997805748726446
2054.1746627530733 0.9994408708571768
2054.176051648776 1.0001446599355657
2054.1774405449446 0.9994742369638838
2054.1788294406474 0.9990920827492664
2054.18021833635 0.9986680421364041
2054.1816072325187 0.9998413494430342
2054.1829961282224 0.999411211091592
2054.1843850239256 0.9991506151008609
2054.185773920094 0.9995284522076251
2054.1871628157965 0.9991180041074424
2054.1885517115 0.9996686277564734
2054.1899406076686 0.9996316876591512
2054.1913295033714 1.0001021362959448
2054.1927183990747 0.9996774203227271
2054.1941072947775 0.9999671722338753
2054.1954961909455 0.9997693076998655
2054.196885086649 0.9997036978914223
2054.198273982352 1.00001588354701
2054.1996628785196 1.0006157776009899
2054.2010517742224 1.0003130482535472
2054.202440669925 0.9997684847787565
2054.203829565628 1.000399611563914
2054.205218461797 1.0004239388031868
2054.2066073575 1.00078937135176
2054.207996253203 1.0001089565306438
2054.2093851489058 1.0001057003584437
2054.210774045075 1.000362730457044
2054.2121629407775 0.9997711610156441
2054.2135518364803 1.0002264665719516
2054.2149407321835 0.9997778337658937
2054.216329628352 1.000063762353834
2054.217718524055 1.0002761730354623
2054.2191074197585 0.9997469192571972
2054.220496315461 0.99989982692782
2054.2218852111637 0.9998762315664458
2054.2232741073326 1.0000679245068504
2054.2246630030363 1.0000198692964222
2054.2260518987387 0.9995356320084909
2054.2274407944415 1.0000556783106547
2054.2288296901447 0.9996012177736291
2054.230218586313 1.0000824302201101
2054.231607482016 1.000163809301936
2054.2329963777197 0.9999390848317904
2054.234385273422 0.9996675937359545
2054.235774169125 0.9999875863054353
2054.2371630648277 0.9994607066083319
2054.2385519605295 1.0007017825129383
2054.239940856698 0.9999102423297688
2054.2413297524013 0.9998750236621795
2054.242718648104 1.0003033039518767
2054.244107543807 0.9999651196247111
2054.2454964395106 0.9999469418684234
2054.2468853352134 1.0002676546584082
2054.248274230916 1.000339004165166
2054.249663126619 1.0002313987697131
2054.2510520227884 0.9999402755414198
2054.252440918491 1.000158373808323
2054.253829814194 0.9993794744099851
2054.255218709897 1.0000573988425026
2054.2566076055996 0.9997657364674243
2054.2579965013024 0.9999894482857922
2054.259385397006 0.9996566953756691
2054.260774292709 0.9994341479889768
2054.2621631884117 0.9995564795046612
2054.2635520841145 1.0000816758526816
2054.264940979818 0.9999649611370685
2054.266329875521 0.9999417429695795
2054.2677187716895 0.9991045277735477
2054.2691076673927 0.999896838346595
2054.2704965630955 0.9999012223009683
2054.271885458798 0.9996039270063255
2054.2732743545007 1.000329318445794
2054.274663250203 1.0000545741776319
2054.2760521459054 1.000635708078095
2054.277441041609 1.0037090207023247
2054.278829937312 1.0049990162116564
2054.2802188330147 1.0040151338427885
2054.2816077287175 1.0047029936502716
2054.2829966244203 1.0054910606772474
2054.284385520123 1.0057445831787795
2054.285774415827 1.0057756367611554
2054.28716331153 1.0063475935196569
2054.288552207233 1.0057687179187467
2054.2899411029352 1.0064840666508663
2054.291329998639 1.0069636822898644
2054.2927188943418 1.0069499695402715
2054.2941077900446 1.0065814698500986
2054.295496685748 1.0060910610643297
2054.2968855814506 1.0051008751390427
2054.2982744766873 1.005371336227123
2054.299663372391 1.0050968231734558
2054.301052268094 1.0044754676894723
2054.3024411637966 1.0046055863997807
2054.3038300595 1.0056981807767766
2054.305218955203 1.0041490324114402
2054.306607850906 1.0046934228754911
2054.3079967466088 1.0043589253174647
2054.3093856423116 1.003751456545727
2054.3107745380134 1.0035376138794088
2054.3121634337163 1.004170867435636
2054.31355232942 1.0042303427982757
2054.3149412246566 1.0032682523109289
2054.3163301203595 1.0031402006689547
2054.3177190160627 1.0027215109238854
2054.3191079117655 1.0026728913719603
2054.3204968074683 1.0029058709601468
2054.321885703172 1.00237957322385
2054.3232745988744 1.002756793884491
2054.324663494577 1.003163656719037
2054.326052389815 1.0027781254419599
2054.3274412855185 1.002442458046419
2054.328830181221 1.002026493514154
2054.3302190769236 1.0015453661612357
2054.331607972627 1.00183412975244
2054.3329968683297 1.0015022964133675
2054.3343857640325 1.0018130819965148
2054.3357746592706 1.0018935932233697
2054.337163554973 1.0024282555983048
2054.3385524506757 1.0015255490792143
2054.339941346379 1.001254391095835
2054.3413302420818 1.0021970595272975
2054.342719137319 1.0013672493209353
2054.3441080330226 1.0011103087995266
2054.3454969287254 1.001233957106353
2054.3468858244278 1.001571022364959
2054.34827472013 1.0012519871080392
2054.3496636153673 1.001341747899813
2054.35105251107 1.0005198819086325
2054.352441406773 1.0016353889737237
2054.3538303024766 1.00123261250388
2054.3552191977137 1.00046063939883
2054.3566080934165 1.000925600643533
2054.3579969891193 1.0011468172532734
2054.359385884822 1.0006093768934714
2054.3607747800593 1.0008084456581234
2054.362163675763 1.0010738105277994
2054.363552571466 1.0009270155400856
2054.3649414671686 1.0009864112386833
2054.3663303624057 1.000896796026402
2054.3677192581094 1.0009151897570403
2054.3691081538122 1.0005642549441025
2054.370497049515 1.0005024245837462
2054.3718859447526 1.000906177565242
2054.3732748404555 1.0004426089947807
2054.374663736158 1.0008791282449288
2054.376052631396 1.0007467927561524
2054.3774415270987 1.0009663821208303
2054.3788304228015 1.001018377411716
2054.380219318039 1.001185362676815
2054.381608213742 1.0007429614882564
2054.3829971094437 1.0006514030436213
2054.3843860046804 1.0002151414398766
2054.385774900384 1.000431424211734
2054.387163796087 1.0001791352911689
2054.388552691324 1.0014215775665916
2054.3899415870274 1.0003075035428233
2054.39133048273 1.0005443558844653
2054.392719377967 1.0005874508314192
2054.3941082736706 1.0001193439122327
2054.3954971693734 1.0000335731480352
2054.3968860646105 1.000065796040391
2054.3982749603138 1.0006004988444799
2054.399663855551 1.000292221933682
2054.4010527512532 1.000914891154395
2054.402441646957 1.0017289837427321
2054.403830542195 1.0018876495051399
2054.4052194378974 1.0012769757932323
2054.4066083331345 1.0009247297764485
2054.4079972288378 1.0006117098839857
2054.4093861245406 1.000685558332842
2054.4107750197777 1.0018726258023434
2054.4121639154814 1.0005378020380833
2054.413552810718 1.0006284932982297
2054.414941706421 1.000618795061463
2054.4163306016585 1.0006060557334735
2054.4177194973613 1.001013070539303
2054.4191083925984 1.0001790911223116
2054.4204972883012 1.0004371769013098
2054.421886184003 1.0002367002457462
2054.4232750792403 1.0006830892329117
2054.424663974944 1.0002933653777442
2054.426052870181 1.0003839191635782
2054.427441765884 1.0005701386611523
2054.428830661121 0.9997755642967355
2054.430219556825 0.9999502945538719
2054.4316084520615 1.0002406902409635
2054.4329973477643 1.0003617354738825
2054.434386243002 1.0007477938391909
2054.4357751387047 0.999932635699594
2054.437164033942 1.0001530866490316
2054.4385529296455 0.9996736016855298
2054.439941824882 1.0001708554114155
2054.441330720585 0.99969022177852
2054.4427196158226 1.0003837395711268
2054.4441085115263 0.9997306894513759
2054.4454974067635 1.0001587997080799
2054.4468863024663 1.0003467090528715
2054.4482751977034 0.999360970062646
2054.4496640929406 0.9997280235167284
2054.4510529886434 1.0006107061952478
2054.4524418838814 0.9998220419412769
2054.453830779584 0.9989004016681668
2054.4552196748214 1.0003255089585117
2054.4566085705237 1.000121010992475
2054.4579974657604 0.9997987869460079
2054.4593863609975 1.0001613411801265
2054.4607752567003 0.9999077568751817
2054.4621641519375 0.9995351697945476
2054.4635530476403 1.0007083369233394
2054.4649419428783 1.0000471123793915
2054.466330838116 0.9999043743587208
2054.4677197338187 0.9997994006568577
2054.4691086290554 0.999803145441268
2054.470497524759 0.9994323596165482
2054.4718864199963 0.999934306524122
2054.4732753152334 1.0002418453748914
2054.4746642109367 1.0002102809009186
2054.476053106174 1.0002611219054747
2054.4774420014105 1.0006191296932356
2054.478830897114 1.000638987494102
2054.4802197923514 1.001042157867409
2054.481608688054 1.0003611547977254
2054.4829975832918 1.0002725556451217
2054.4843864785294 0.999494753110985
2054.485775374232 0.999912229175583
2054.4871642694693 0.9999879624156229
2054.4885531647074 1.0003130882822473
2054.489942059944 1.0000172960864449
2054.4913309556464 0.9996432162471819
2054.4927198508835 0.99980075160468
2054.49410874612 1.0001805473705467
2054.4954976418226 0.999733449006259
2054.4968865370606 0.9996566799242592
2054.4982754322978 0.9998878211120668
2054.4996643280006 0.999663469116923
2054.501053223238 1.000381161507315
2054.5024421184758 0.9999415764724248
2054.503831013713 0.9996416360279298
2054.5052199094157 0.9996051868562159
2054.5066088046538 0.9992535533332512
2054.5079976998904 0.9995139402179184
2054.5093865951276 0.9997389807584186
2054.510775490831 0.9998356095625461
2054.512164386068 1.00068091859985
2054.513553281305 1.0005438618443705
2054.514942176543 1.000845747719729
2054.5163310722455 1.0004749154118988
2054.5177199674827 1.0000309595823238
2054.5191088627203 1.0005056267920516
2054.5204977579574 1.0002015234707085
2054.52188665366 1.0000371498799054
2054.5232755488983 0.999870094064981
2054.5246644441354 0.9994986074440907
2054.5260533393725 1.0001667002325625
2054.5274422346097 1.000149759496995
2054.5288311303134 1.0001599204719815
2054.5302200255496 1.0004850117695956
2054.531608920786 0.9996270176586638
2054.532997816024 0.9995971187390015
2054.5343867112606 1.0001284905479433
2054.5357756064977 0.9999481371725064
2054.537164502201 1.0001470597167577
2054.538553397438 0.9998712804488318
2054.5399422926753 0.999844183397776
2054.5413311879133 0.9996720179063272
2054.5427200831505 1.0001176190539598
2054.5441089783876 1.0004596086890454
2054.5454978736248 1.0005495390471144
2054.5468867693285 0.9994894771082283
2054.5482756645656 0.9997063734824186
2054.5496645598027 0.9999474420759119
2054.55105345504 0.9998621827634084
2054.552442350277 0.9997087178504919
2054.553831245514 0.9994597198111145
2054.555220140752 1.0002138444109643
2054.5566090359894 0.9988435984916502
2054.5579979312265 0.9999620432415072
2054.5593868269293 1.0003558562172705
2054.5607757221665 1.001236498877516
2054.5621646174036 1.0003286416448993
2054.5635535126416 1.0012088685709581
2054.5649424078792 1.0003454563843213
2054.566331303116 1.0002973377874051
2054.567720198352 1.0003867931171846
2054.5691090935898 1.000121222327471
2054.570497988827 1.000226677156957
2054.5718868840636 0.999916033090203
2054.5732757793016 1.000323486573322
2054.574664674539 0.999851687596622
2054.576053569776 0.9999193045194024
2054.5774424650135 0.9996732494408863
2054.5788313602507 1.0001744684260028
2054.5802202554873 0.9999842348636299
2054.5816091507254 0.9999499021456946
2054.5829980459634 0.999445189356137
2054.5843869412 0.9995283371953475
2054.5857758364373 1.0006878143699953
2054.587164731675 1.0003353811591693
2054.588553626912 1.00049361102447
2054.589942522149 0.9998768020330117
2054.591331417387 1.0002889012410843
2054.592720312624 1.0000294272029968
2054.5941092078606 0.9992463386585528
2054.5954981030986 1.000143398490509
2054.596886998336 1.0002326133219237
2054.598275893573 0.9995317381680686
2054.5996647888105 0.9998704983734058
2054.601053684048 1.000302559282527
2054.6024425792853 0.99943189919311
2054.6038314745215 0.9997684392642932
2054.6052203697586 0.9994191717463838
2054.6066092649958 1.0001494692033304
2054.607998160233 0.9994209236099101
2054.609387055471 0.9995886093243571
2054.6107759507076 0.999062489180295
2054.612164845479 1.0002244374554585
2054.6135537407167 1.0000388853928364
2054.614942635954 0.9998679296685198
2054.616331531191 0.9997680884038597
2054.617720426429 0.9995390954921274
2054.6191093216657 0.9992994753012787
2054.620498216903 1.0000520811194966
2054.6218871121405 0.9997625983164682
2054.6232760073785 0.9997637654778571
2054.6246649026157 0.9999057628306183
2054.626053797387 0.9997070114301743
2054.6274426926243 0.9996138236873333
2054.6288315878614 0.9993501425132214
2054.6302204830986 0.9995831086849671
2054.6316093783366 0.9999055276043902
2054.632998273574 0.9997073561850084
2054.634387168811 1.000065745897129
2054.6357760635824 0.9996096099708159
2054.6371649588195 0.999745071548712
2054.6385538540567 0.999806262678613
2054.639942749294 1.0001187654974668
2054.641331644531 1.000515354179583
2054.6427205393024 1.0001513489854188
2054.6441094345396 0.999561715747963
2054.6454983297767 0.9995467646399342
2054.646887225014 0.9997206528082275
2054.648276120251 1.0002646343001556
2054.6496650150234 0.9995323903204796
2054.6510539102605 1.0001331366492379
2054.6524428054977 1.0003552674175633
2054.653831700735 1.0006974603427459
2054.655220595972 1.0001814907043824
2054.6566094907434 1.0006502888401303
2054.6579983859815 0.9998762010975356
2054.659387281219 1.0000415781282228
2054.6607761764562 0.9998596141093192
2054.6621650712273 1.0007762176081565
2054.6635539664653 1.0002551989337005
2054.6649428617025 0.9999822468503051
2054.6663317569396 1.0008071926223692
2054.6677206517115 1.0003653510330803
2054.6691095469487 1.0001325696542571
2054.6704984421854 1.0003991153352212
2054.6718873374234 0.9998397449187634
2054.673276232195 1.0013259685532858
2054.674665127432 1.0000011680568686
2054.676054022669 0.9999358730187654
2054.6774429174397 1.000043102255019
2054.678831812677 1.0003396836736673
2054.6802207079145 1.0002887591056364
2054.6816096026864 1.0002684359296703
2054.6829984979236 0.9999773380555842
2054.6843873931607 1.0002755696576195
2054.685776287933 1.0002415792742738
2054.68716518317 0.9998125038331576
2054.688554078407 0.999431780812252
2054.689942973179 1.0004695113203748
2054.691331868416 1.0000739500494868
2054.692720763653 0.9999630828398876
2054.6941096584255 0.9999370298265995
2054.695498553662 0.9998214835024704
2054.696887448899 0.9994718021069967
2054.6982763436713 0.9998998733988507
2054.6996652389093 1.0002313340579463
2054.701054134146 1.000002453580592
2054.7024430289175 0.9994496910733933
2054.703831924155 1.000601495606909
2054.7052208189266 1.0004859466881781
2054.7066097141637 1.0001333190783575
2054.707998609402 1.0001765543118337
2054.709387504173 1.000764538053909
2054.71077639941 1.0008506734985407
2054.712165294182 1.000628084772631
2054.713554189418 1.0007402751392938
2054.714943084655 1.0002068364712295
2054.7163319794267 0.999780773509587
2054.717720874665 0.9998843080052784
2054.7191097694363 0.999647307164491
2054.7204986646734 1.0004756413766862
2054.721887559445 1.0008925729545803
2054.723276454682 0.9996759219220763
2054.724665349919 1.0006620773544768
2054.7260542446916 0.9990516974475192
2054.7274431399287 0.9997144787220614
2054.7288320347 0.9999319786090257
2054.7302209299373 0.9999662223996683
2054.731609824709 1.0006173568198526
2054.732998719946 1.0002805172691691
2054.7343876147183 0.9998728295701171
2054.7357765099555 0.9996277153692888
2054.737165404727 0.9994722468468064
2054.738554299964 0.9999488017744977
2054.7399431947365 0.999508814684033
2054.7413320899736 0.9998107464678324
2054.742720984745 0.999822080322902
2054.7441098799827 1.0002259703662018
2054.745498774754 1.0009940255569731
2054.746887669991 0.9999289220835229
2054.7482765647633 1.0002027164945524
2054.7496654599995 0.9999427143194678
2054.75105435477 0.9999750975812386
2054.7524432495425 1.0001429871357175
2054.7538321447796 0.9999216652609283
2054.755221039551 0.9995670465230316
2054.7566099347882 1.0002760530793597
2054.7579988295606 1.0003791872391041
2054.7593877247978 1.0000665315845543
2054.7607766195692 1.0001289736271735
2054.762165514807 0.9996357552045787
2054.7635544095783 0.9995900267757184
2054.7649433043493 0.9998286873097874
2054.7663321995874 0.9996158546211461
2054.767721094359 1.000191200049864
2054.769109989596 0.999363002576875
2054.770498884368 0.9997635330547343
2054.7718877791394 0.9998218869689793
2054.773276674376 0.9994903268527577
2054.7746655691485 0.9998832801642125
2054.7760544643866 1.0002918066539401
2054.7774433591576 0.9994942659300384
2054.778832253929 0.9997282970070448
2054.7802211491667 0.9999837419750857
2054.781610043938 1.000556642822688
2054.7829989387096 0.9991742012034205
2054.7843878339477 0.9997361131597302
2054.7857767287182 0.9997465197939733
2054.787165623489 0.9990568965932635
2054.788554518727 0.9999643225447828
2054.789943413498 0.9999730951859567
2054.7913323082694 1.0001609643637064
2054.792721203507 0.9995348765931442
2054.7941100982785 1.000464432811137
2054.79549899305 0.9997133788550105
2054.796887888288 0.9999294544925321
2054.7982767830595 1.000292718093406
2054.799665677831 0.9996507653153449
2054.801054573068 0.998954038046989
2054.8024434678405 0.9994491667359888
2054.8038323626115 0.9999290965354181
2054.805221257383 0.9995760896794393
2054.8066101526206 0.9996965964747154
2054.807999047392 0.999937515716143
2054.8093879421635 0.9999029948156638
2054.8107768374016 1.0002658646416642
2054.8121657321726 0.9998534898666945
2054.813554626944 0.9996771315141993
2054.814943521716 0.999752840606884
2054.816332416954 0.9999808071258929
2054.8177213117256 1.00003897205072
2054.819110206497 0.9997674480389152
2054.8204991012685 1.000254211162398
2054.82188799604 0.9996261623174191
2054.8232768912767 0.999778663669321
2054.8246657860477 1.0003050322121507
2054.826054680819 0.9999119760144003
2054.8274435755907 1.0001410531012835
2054.8288324708287 1.0005320361873573
2054.8302213656 1.0001623663199575
2054.8316102603717 0.9999285896323619
2054.832999155143 1.000096113603704
2054.8343880499156 1.0002437441346872
2054.8357769451527 1.0007249296904837
2054.837165839924 1.0003262979651861
2054.838554734696 1.0005185526888871
2054.8399436294676 0.9996719299545865
2054.8413325242386 0.9995816451217222
2054.842721419011 1.0006900150039917
2054.844110314248 1.0009358594124746
2054.8454992090196 1.0004746981995543
2054.8468881037916 1.0000025761284
2054.848276998563 0.9998470676928042
2054.849665893334 0.9997549048022382
2054.8510547881065 1.0001030526779526
2054.852443682879 0.9996257213296215
2054.8538325781155 0.9997685875384389
2054.8552214728866 1.000042395574839
2054.856610367659 0.9997191515237259
2054.8579992624304 0.9996256820527427
2054.859388157201 1.0001115016793183
2054.8607770519725 1.0001232168691858
2054.862165946744 0.9999985944493164
2054.8635548415155 1.0002458600286879
2054.8649437362874 1.0004383197850897
2054.866332631059 0.9997509647188695
2054.8677215262956 0.99995466668947
2054.869110421068 1.0006202728357048
2054.8704993158394 1.0003138339995032
2054.871888210611 1.0003683162290042
2054.873277105383 1.0001330839259337
2054.874666000155 1.0003040154287537
2054.8760548949263 1.000508694612535
2054.8774437896977 0.9999914473908509
2054.87883268447 1.0001238399523855
2054.880221579241 1.0000331574620926
2054.8816104740126 0.9997505517680069
2054.8829993687846 1.0004890656222019
2054.884388263556 1.0001775162696884
2054.8857771583275 0.9998685295321105
2054.8871660531 1.0002695098155474
2054.888554947871 1.0000789799169538
2054.8899438426424 1.0006674792977124
2054.8913327374144 1.0001300775050994
2054.8927216321867 0.9997391343173493
2054.8941105269582 1.000011133376562
2054.8954994217297 0.9997617401291502
2054.8968883165007 1.000116144916978
2054.8982772112718 0.9998270082542613
2054.8996661060432 1.0001199019265532
2054.9010550008147 1.0002102745735846
2054.902443895586 1.0001100630958089
2054.9038327903577 0.9998610980870217
2054.90522168513 1.0000975267932006
2054.906610579901 0.9998811357235446
2054.9079994746726 0.9997279163243641
2054.9093883694445 0.9998408006951313
2054.910777264217 1.0002914449762201
2054.9121661589884 1.000078432154135
2054.91355505376 0.9997616478073768
2054.9149439485313 0.9999253147566786
2054.916332842837 0.9994299369401449
2054.9177217376086 1.0005656215370484
2054.919110632381 0.9999929646728081
2054.9204995271525 0.9999869842707844
2054.921888421924 0.9998735912103911
2054.9232773166955 1.0000897084580653
2054.924666211467 0.999735323717739
2054.9260551062384 0.999804624786946
2054.927444001011 0.9999146233941751
2054.9288328957828 1.0001515250847315
2054.9302217900886 0.9997860757854677
2054.9316106848596 1.0002243687444605
2054.932999579631 0.9992528619083549
2054.934388474402 1.0005719270387188
2054.935777369173 1.000160229153495
2054.9371662639455 1.0001580058465682
2054.938555158717 1.0001905054165008
2054.939944053023 0.999870958114881
2054.9413329477948 1.0000923269500255
2054.9427218425662 1.0007055598207732
2054.9441107373373 0.9997457597191178
2054.9552218945805 1.0005480346954887
2054.9566107893515 1.0000407137268852
2054.9579996841226 0.9998508684361579
2054.959388578895 1.0001794101243868
2054.9607774736664 1.0004953034763475
2054.9621663679723 1.001643996874115
2054.963555262744 0.9997614348176085
2054.9649441575157 0.9999344007816516
2054.9663330522867 1.0006263214861129
2054.9677219465934 1.0000340340953566
2054.969110841365 0.9999289952023056
2054.9704997361355 1.0002987015227673
2054.971888630907 0.9996038684970172
2054.9732775252137 0.9998235829769193
2054.9746664199847 0.9996721553164482
2054.976055314756 0.999996830605737
2054.977444209528 0.9997408043049024
2054.978833103834 0.9996153017175599
2054.9802219986054 0.9999476407152842
2054.981610893378 0.9990776904944735
2054.982999787683 0.9996932172121933
2054.9843886824547 0.9995705110894554
2054.9857775772266 1.0002989400426783
2054.9871664715333 0.9994623326379706
2054.988555366305 0.9991562995828116
2054.9899442610763 1.000202096543198
2054.9913331558478 0.999895248313169
2054.9927220501536 1.0001844959297568
2054.994110944925 0.9993460760806656
2054.9954998396975 0.9995588654479718
2054.9968887340033 1.0000599007690907
2054.9982776287748 0.9997366612522873
2054.9996665235462 1.0000806959538555
2055.001055417852 0.999869025507488
2055.0024443126235 0.9998040591243369
2055.0038332069303 1.0003480784437004
2055.005222101702 0.9995574531954182
2055.0066109964732 0.999708991572974
2055.007999890778 0.9998584251210465
2055.0093887855496 1.0008752140303072
2055.010777680321 0.9998345618020356
2055.012166574627 0.9999593437756378
2055.0135554693993 0.9999922444402037
2055.014944363705 0.9995869415720334
2055.0163332584766 0.9997694303955373
2055.017722153248 1.000349747860703
2055.019111047554 1.0005906961941113
2055.0204999423254 1.0002651527884177
2055.021888836632 0.9999165490517622
2055.0232777314036 1.000719704360541
2055.0246666257094 1.0005703344508456
2055.026055520481 1.0007217633878587
2055.0274444152533 1.0007842164536158
2055.028833309559 1.0003123585598825
2055.0302222043306 1.0003760929061165
2055.031611098637 1.000732112017959
2055.0329999934083 1.0008706473218747
2055.0343888877137 1.0005734407455928
2055.035777782486 1.0005305440263352
2055.037166676792 1.0002946793098908
2055.0385555715634 1.000580328043509
2055.0399444658697 1.0002792972528323
2055.041333360641 0.999677530130117
2055.042722254946 0.9998161773569785
2055.0441111497175 1.000544551550037
2055.045500044024 0.9999937662049267
2055.0468889387953 1.0002834731840249
2055.048277833101 0.9999389507576105
2055.0496667278735 1.0005315837690854
2055.051055622179 1.000272683939316
2055.0524445169503 1.0000208227405973
2055.0538334112566 1.0001204704465054
2055.055222306028 0.9996788110597234
2055.056611200334 0.9998142212623589
2055.0580000951063 0.9996796109113958
2055.0593889894117 0.9999937637491682
2055.0607778841827 1.0001783875903425
2055.0621667784894 1.0001217934061404
2055.063555673262 0.9996586118600429
2055.064944567567 0.9997718113191472
2055.066333461873 1.0003161098574729
2055.067722356645 1.000100273811058
2055.0691112509508 0.999840991572318
2055.0705001457222 0.9995284857684151
2055.071889040029 0.999850395081753
2055.0732779348 1.0001379575966374
2055.074666829106 0.9997183066095416
2055.076055723412 0.999453663070802
2055.0774446181836 1.0005407086002098
2055.0788335124894 0.9997763144030567
2055.080222407261 0.9999764531691209
2055.0816113015667 0.9996095770881562
2055.0830001958725 0.9999906982658742
2055.084389090644 1.0001323491299399
2055.08577798495 0.9995657265454948
2055.088555774027 0.9995955022202041
2055.089944668334 0.9994332070482994
2055.0913335631053 0.9996720176274332
2055.092722457411 0.9995025303351678
2055.094111351717 0.9993264335664336
2055.0955002464884 0.999706369831261
2055.0968891407942 0.9996719641994566
2055.098278035101 0.9996693595351669
2055.099666929873 0.9993722628528268
2055.1010558241787 0.9994471593023487
2055.102444718484 1.0001353591417312
2055.1038336132565 0.9996070978740991
2055.1052225075623 0.9998509617151867
2055.106611401868 1.0000743457018582
2055.1080002961744 0.999029361973465
2055.109389190946 1.0006053947054474
2055.1107780852512 0.9992118232405506
2055.112166979558 0.99989347517789
2055.1135558743294 1.0003026187481034
2055.1149447686353 1.0002640956174622
2055.1163336629406 0.9999310566876662
2055.117722557246 1.000174545245404
2055.1191114520175 1.0004886547473881
2055.1205003463233 1.0005487880988417
2055.12188924063 1.0005469242113918
2055.123278134936 1.0004982640912845
2055.1246670297073 1.0003147429858288
2055.1260559240136 1.0001122280870829
2055.1274448183194 0.999774237411702
2055.128833712625 1.0002824791482994
2055.130222607397 1.0002629192692825
2055.131611501703 1.0005549802431986
2055.133000396009 1.0003585656149134
2055.134389290315 1.0002114211522324
2055.1357781850866 1.0004155486905382
2055.1385559736987 0.9998267685206444
2055.1399448680054 1.0000616772703221
2055.1413337623108 0.9994619855398884
2055.1427226570822 1.000576130619485
2055.1441115513885 0.9999216856734201
2055.1455004456943 0.9997444070615363
2055.14688934 0.9996891958216123
2055.148278234307 0.9996904809564988
2055.1496671286122 0.9999799464783303
2055.1510560233837 0.9998454641060894
2055.1524449176895 0.9998999606212917
2055.1538338119944 0.9998769513765637
2055.1552227063003 1.0002445742679318
2055.1566116006065 0.9998331682910734
2055.1580004949133 1.000253206913941
2055.159389389219 0.9999620055769205
2055.1607782839906 0.9997643540758779
2055.1621671782964 1.0004387412021651
2055.163556072602 1.0002952586906304
2055.164944966908 0.9999131417786983
2055.1663338612148 0.9996820584672528
2055.16772275552 1.0000273813675695
2055.169111649826 0.999771026630429
2055.170500544132 1.000258724882913
2055.171889438438 0.999634560043815
2055.1732783332095 0.999938973172276
2055.1746672275162 0.9996707742176903
2055.176056121822 1.0009568860618554
2055.177445016128 0.9998980057527589
2055.1788339104337 0.9996757080796618
2055.1802228047404 0.999924797268429
2055.1816116990462 0.9997482907501574
2055.183000593352 0.9999009421242259
2055.184389487658 1.0004563465825367
2055.1857783819637 1.0004165716156035
2055.1871672762695 1.000462636603553
2055.1885561705762 1.0002452607232488
2055.189945064881 1.0003503688319824
2055.191333959186 1.0003331396612154
2055.192722853493 1.0000347204466702
2055.194111747799 1.0006834534583193
2055.195500642105 0.9998249670454993
2055.1968895364103 0.9998922831507462
2055.198278430717 1.000130281371146
2055.199667325023 1.0004040879383236
2055.2010562193286 1.0000806790077592
2055.202445113635 0.9999495590968929
2055.2038340079407 0.9999130539150782
2055.205222902246 1.000057178703532
2055.206611796553 1.0000565900601863
2055.2080006908586 1.0004239097880274
2055.2093895851644 0.9998592824990672
2055.2107784794707 1.0003953459300519
2055.212167373777 0.9999844029871116
2055.213556268083 0.9999842841686987
2055.2149451623886 0.9997991132385675
2055.2163340566954 0.9993377612572609
2055.2177229510007 1.0003220332933973
2055.219111845306 0.9994664102599558
2055.220500739613 1.0005877404411516
2055.2218896339186 1.0001862679398128
2055.2232785282245 1.0003407552095183
2055.2246674225307 1.0003880486225043
2055.226056316836 1.0004505916556856
2055.227445211141 1.0004201106023316
2055.2288341054473 1.000007565582369
2055.2302229992874 1.0001178618373183
2055.231611893593 1.0001929366735023
2055.2330007878995 1.000145298677451
2055.2343896822063 1.0001743881606164
2055.2357785765116 1.0010479319089312
2055.2371674708174 0.9990992444254853
2055.2385563651237 1.0000809932013006
2055.2399452594295 0.9998604741136914
2055.2413341537354 0.9998564481900352
2055.2427230475764 1.0000904622193705
2055.244111941882 0.9998342063908114
2055.2455008361876 1.0000339402929934
2055.246889730494 0.9994174346000563
2055.2482786247997 0.9998416397933299
2055.2496675191055 1.000074984346722
2055.2510564134122 1.0004650604968957
2055.2524453072524 1.000067183315828
2055.253834201558 0.9994924394052965
2055.255223095864 1.0000093448768193
2055.2566119901708 0.9998623059122577
2055.2580008844766 0.9998690439701137
2055.2593897783167 0.999966520389556
2055.2607786726226 0.9997120405499907
2055.262167566928 0.9996145406893829
2055.2635564612333 0.9999751535804519
2055.264945355539 1.0001257747779566
2055.266334249845 1.0000487500868214
2055.267723143685 0.999889124746966
2055.269112037992 0.9999715996598113
2055.2705009322976 0.999229377839761
2055.2718898266035 0.9995579892118599
2055.2732787204436 0.9996199855639486
2055.2746676147503 0.9997100372442366
2055.276056509056 0.999425851115655
2055.277445403362 0.9992912553479861
2055.278834297202 0.9999340701224023
2055.280223191508 1.0000252129308955
2055.281612085814 0.9993999543070354
2055.2830009801205 1.000108435872907
2055.2843898739607 1.0000400138651595
2055.2857787682665 0.999962944332087
2055.2871676625723 0.9999867399536798
2055.288556556879 0.9999627047155921
2055.289945450719 0.9995256783710995
2055.291334345025 0.999625831459333
2055.2927232393313 1.00030301551951
2055.2941121331714 1.0006988915428559
2055.295501027477 1.0004324725802674
2055.2968899217835 1.0005993498457513
2055.2982788156237 1.0004220818440854
2055.2996677099286 1.0000952203076967
2055.3010566042344 1.0007855959158962
2055.3024454985402 1.0005968280348807
2055.3038343923804 1.0004606378501704
2055.3052232866867 1.0007430399085753
2055.306612180993 1.0008274091940619
2055.308001074833 1.000817132440845
2055.309389969139 1.0010161636115753
2055.3107788634456 1.00020032241128
2055.3121677572854 0.9999152952895058
2055.313556651591 1.0007314494225945
2055.314945545432 1.0003278259288155
2055.3163344397376 0.9999800951003971
2055.3177233340434 1.0002942001689132
2055.3191122278845 0.9996905033586073
2055.32050112219 1.0003163797623598
2055.321890016495 0.9998829234627542
2055.3232789103363 1.0002400862224756
2055.324667804643 1.0001078412434687
2055.3260566984827 1.0001045267675037
2055.3274455927885 1.0004015293670496
2055.328834487095 1.0002582537801468
2055.330223380935 1.000003911272893
2055.331612275241 0.9998574110347976
2055.333001169082 0.999370715227364
2055.334390063387 0.9999203438490516
2055.335778957227 0.9997824781980328
2055.3371678515327 1.0000363934365208
2055.338556745838 1.0002488347208724
2055.3399456396783 0.9996572625891387
2055.3413345339845 0.9997110749694654
2055.3427234278256 0.999786113654272
2055.3441123221314 1.0003261766160416
2055.3455012159716 1.0001441824800026
2055.3468901102774 0.9996262490774803
2055.3482790041176 0.9996781721506258
2055.3496678984234 0.9999082147774209
2055.3510567922644 1.0000247854105246
2055.3524456865703 1.0001280828534773
2055.3538345804104 0.9998206779228431
2055.3552234747162 0.9997376500417602
2055.3566123685564 1.0002157472737148
2055.358001262862 0.9998388067476752
2055.3593901567033 1.0004647377007607
2055.3607790510096 0.9995677471012129
2055.3621679448497 1.0004185082671397
2055.363556839155 0.9999632248486139
2055.364945732996 0.9995886965702965
2055.366334627302 0.9996936763746658
2055.367723521142 1.0007157664496666
2055.3691124154484 0.9999771012128764
2055.3705013092886 1.000134193564309
2055.371890203594 0.9999345026430912
2055.373279097434 1.0002274685679258
2055.374667991739 1.0002792126369764
2055.376056885579 0.9997230323848003
2055.37744577942 1.0000941058749242
2055.378834673726 0.9999683138443697
2055.380223567566 0.9992822340465302
2055.381612461872 0.9997083970608988
2055.383001355713 0.9996283924323086
2055.384390250019 1.000015548477899
2055.385779143859 0.9992624320963344
2055.3871680376997 0.9995426549892744
2055.3885569320055 0.9994073176154392
2055.389945825845 0.9997401499129639
2055.391334720152 0.9992696856633075
2055.392723613992 0.9999265151239948
2055.3941125078322 0.9991563781244788
2055.3955014021385 1.0001330888424418
2055.3968902959787 0.9997643273254808
2055.398279190284 0.9998971791833201
2055.399668084125 1.0004148571087974
2055.401056977966 1.0005184098425202
2055.4024458722715 0.9999779140142704
2055.4038347661117 1.0000688723553015
2055.4052236599523 0.9998208073643542
2055.406612554258 1.0000437011086425
2055.4080014480983 1.0001834791567084
2055.4093903419384 0.9997426448931817
2055.4107792362433 1.0002500005047517
2055.4121681300835 1.0006311400760408
2055.4135570239246 1.0004401743023725
2055.41494591823 1.0011075223118202
2055.41633481207 1.0006398549962912
2055.4177237059107 1.0010697876510297
2055.4191126002174 1.0003939979279772
2055.4205014940576 1.0008532355301862
2055.4218903878977 1.0009939564950558
2055.423279281738 1.0005545121825186
2055.4246681760437 1.0005418187623962
2055.426057069884 1.0000495387491026
2055.427445963725 1.0001148811615566
2055.4288348580303 1.00022917626518
2055.4302237518705 0.9999979802405747
2055.431612645711 1.0005969162574253
2055.4330015395512 1.0001084795351516
2055.434390433857 1.0000427753807721
2055.435779327698 1.0002805440391758
2055.4371682215383 1.0003779928543783
2055.4385571153784 0.99986108551274
2055.4399460096843 1.000554130913458
2055.4413349035253 0.9999535336914607
2055.4427237973655 0.9998408686220138
2055.4441126912056 0.9995484994112309
2055.445501585511 1.000186833336582
2055.4468904793507 0.9997193841045655
2055.448279373191 1.0003036822934086
2055.449668267031 0.9998360887811626
2055.451057160871 0.9999727796031028
2055.452446055177 0.9996391092417276
2055.453834949018 0.9995173678048426
2055.4552238428587 1.000095222289957
2055.456612736699 1.0000527844636777
2055.4580016305385 0.999725962709053
2055.4593905243796 0.9998025194053516
2055.4607794186854 0.9999876346867961
2055.4621683125256 0.9997179655470898
2055.463557206366 0.9997734837860764
2055.4649461002064 0.9999582626265365
2055.466334994046 0.9997891652083828
2055.467723887887 1.0000229511900727
2055.469112782193 0.999126875502222
2055.470501676033 0.9996385840486531
2055.4718905698737 0.9998964124577637
2055.4732794637143 1.0000529255205908
2055.4746683575545 0.9995435188417415
2055.4760572513946 1.0003500449777467
2055.4774461452357 0.9998158724162368
2055.4788350390754 0.9999257752913557
2055.4802239333812 1.0012114040441433
2055.481612827222 0.9997560263049083
2055.483001721061 0.9999531310370555
2055.4843906149003 0.9998087116838975
2055.4857795087414 1.0004686000493226
2055.4871684025816 1.0001452601816858
2055.4885572964217 1.0000339069113706
2055.4899461902623 1.0001641855806274
2055.491335084103 1.0004301071174935
2055.492723977943 1.0000602050469676
2055.4941128717833 1.0005980236425185
2055.49550176609 0.999592221436492
2055.4968906599297 1.0003112879359861
2055.49827955377 0.9998995658603416
2055.4996684476105 1.00025930397292
2055.5010573414506 1.000261691287346
2055.502446235291 1.0000990147084445
2055.503835129132 1.0000072596983323
2055.5052240229716 1.0000323719807178
2055.5066129168117 1.0006431709326729
2055.5080018106523 0.9995628351562421
2055.5093907044934 1.000296134069701
2055.5107795983336 0.9993985494006622
2055.5121684921737 1.000639676538405
2055.513557386014 0.9998562056601881
2055.514946279854 0.9999073877770198
2055.516335173694 0.9996616821326263
2055.5177240675353 1.0000857127959442
2055.5191129613745 0.9993803527905731
2055.5205018552138 0.9994228398967636
2055.521890749055 1.0004614557094191
2055.523279642895 0.9999744024276499
2055.524668536735 1.0000429812919462
2055.5260574305753 1.0011940897735427
2055.5274463244164 1.0002543241959587
2055.5288352182565 1.0005622449983176
2055.5302241120967 1.0004057992620121
2055.5316130059373 1.0003170995736719
2055.5330018997774 1.0006460056014936
2055.534390793617 0.9997894619012971
2055.5357796869926 1.0001290896039046
2055.5371685808327 1.0005374535965448
2055.538557474673 1.0004998380319934
2055.539946368513 1.0001972255040208
2055.541335262353 1.0002403456785418
2055.5427241561933 1.0020000337060861
2055.5441130500344 1.0004285385726999
2055.545501943875 1.0004682120244137
2055.546890837715 0.9998756482016157
2055.548279731555 1.0002830151933657
2055.549668625396 0.9996365737589101
2055.5510575187704 1.0005946505748884
2055.5524464126106 1.000072665449699
2055.553835306451 1.000099947191192
2055.5552242002914 1.000077315114128
2055.5566130941306 1.000135096143422
2055.558001987971 1.0002735354564973
2055.559390881811 0.9996911911930397
2055.5607797756506 1.0000231135555882
2055.562168669026 1.000107826281733
2055.563557562867 1.0003127619381231
2055.564946456707 1.0000097703281805
2055.566335350547 0.9997092663718183
2055.5677242443876 0.9997473891416653
2055.5691131382277 0.9999188527663878
2055.5705020316022 1.0001167779532758
2055.5718909254433 0.9999857003231012
2055.573279819283 0.9996769392285867
2055.574668713123 0.999775484371019
2055.576057606964 0.9995744342096262
2055.5774465003383 0.9997133831820163
2055.5788353941784 0.9995079733112615
2055.5802242880195 0.9994024850472285
2055.5816131818597 0.9993049185829874
2055.5830020757 0.9993432793340495
2055.5843909690743 1.0002004773076256
2055.5857798629154 1.000165439399536
2055.587168756755 0.9995558763247872
2055.5885576505952 1.0003146848020472
2055.58994654397 1.00018369019415
2055.5913354378104 1.0000054833965732
2055.5927243316496 0.9999359858630084
2055.5941132254898 0.999603271058731
2055.59550211933 0.9996044553255655
2055.5968910127044 0.9997759966658194
2055.5982799065455 0.9999542206258255
2055.5996688003856 0.999704812550903
2055.60105769376 1.0003608261219274
2055.6024465876003 0.9994897764226395
2055.6038354814414 0.999790754845635
2055.6052243752815 1.0000295692846195
2055.606613268656 0.9998670540025449
2055.608002162496 0.9995414137596143
2055.6093910563363 0.9998256111776737
2055.610779949711 1.0005727235490973
2055.612168843552 0.9998394357295747
2055.613557737392 0.99973783216596
2055.614946631232 1.0000376237394706
2055.6163355246067 1.0001261702725068
2055.617724418448 0.9998862892164313
2055.619113312288 1.000042217491637
2055.6205022056624 0.9994655304084455
2055.621891099503 0.9991257389119234
2055.623279993343 0.9998268250914938
2055.6246688867172 0.9995610915010319
2055.6260577805583 1.000034886903814
2055.627446673933 1.0008446383653078
2055.628835567772 0.9995348825281685
2055.630224461612 1.0006042664359338
2055.6316133549867 0.9997793288902498
2055.633002248827 0.9997739560242479
2055.6343911426675 1.00002612385978
2055.6357800360424 0.9999118449755126
2055.6371689298826 0.9997806806950699
2055.638557823257 0.9999581869054869
2055.6399467170977 0.9997142208841723
2055.641335610938 0.9999834767732345
2055.642724504312 0.9998477077965376
2055.644113398153 0.9998179964034754
2055.6455022915275 0.9998067754928089
2055.6468911853676 1.000409487070911
2055.6482800792082 0.9998711364500336
2055.6496689725827 0.9995163299928861
2055.6510578664224 1.0000155719032033
2055.652446759798 0.9995231053461066
2055.653835653639 1.0004218366013837
2055.655224547013 1.0000766725063073
2055.656613440853 1.0004969814745068
2055.6580023346937 1.0005019481819057
2055.659391228068 1.0003980113989988
2055.6607801219084 1.0001515708106603
2055.662169015284 1.0004298989850768
2055.6635579091235 1.0003916590643354
2055.664946802498 1.0005470735385118
2055.666335696338 1.0010013031051392
2055.6677245897117 1.0008471046525167
2055.669113483552 1.0002796103812859
2055.670502376927 1.0005293340847103
2055.671891270768 1.0003856845037493
2055.6732801641424 1.0002571291412012
2055.6746690579826 1.000618247062461
2055.676057951357 1.000620949880815
2055.677446845197 1.0003755749499148
2055.6788357385717 1.0005297710434011
2055.680224632413 1.0005294255926325
2055.6816135257873 1.0001349704494706
2055.6830024196274 1.0003834297001672
2055.684391313002 0.9999054386506382
2055.685780206842 1.0000401774997763
2055.6871691002166 0.9999609558112916
2055.6885579940576 0.9996514003627729
2055.6899468874326 1.0000720617622438
2055.6913357812728 0.9996563391075647
2055.692724674647 0.9997184833783094
2055.694113568022 0.9999040491039309
2055.6955024618624 1.0001470054710875
2055.696891355237 1.000303629945257
2055.698280249077 1.000171374356055
2055.6996691424515 1.0007433159930754
2055.7010580362917 0.9997609599961209
2055.702446929666 1.0002528396236594
2055.7038358230398 0.9994723904962449
2055.70522471688 1.000222932924183
2055.7066136102553 0.9999448775508242
2055.708002504096 1.0005696291283181
2055.7093913974704 1.000665796377394
2055.7107802908445 1.0005870931132663
2055.7121691846855 1.0001742210223914
2055.71355807806 0.9999160827749951
2055.7149469714345 1.000836085343062
2055.716335865275 1.0005376923084734
2055.7177247586496 1.0004920110769093
2055.7191136524893 1.0002001067554607
2055.7205025458647 1.0005498592736588
2055.7218914392392 1.0001170826305887
2055.7232803330794 0.9999692352283994
2055.7246692264544 0.9999554946618984
2055.7260581198293 0.9996716093531296
2055.7274470136695 1.0002573650739106
2055.728835907044 1.0001590945791883
2055.7302248004194 1.0001975732366708
2055.731613694259 1.0001246286457688
2055.7330025876336 1.0002644990214073
2055.7343914810085 0.9998502717812138
2055.735780374383 0.999681774605482
2055.737169268223 0.9993178905490377
2055.7385581615986 1.0001768648999536
2055.739947054972 1.000097815517186
2055.7413359488114 0.9992331154080045
2055.7427248421864 0.9998518066413691
2055.7441137355613 0.9996936277988284
2055.7455026294015 0.9998105685763267
2055.746891522776 1.0001026051673085
2055.7482804161514 0.9996865001814904
2055.7496693095254 0.9994708786020773
2055.7510582033656 0.9999925297803295
2055.7524470967405 0.9992868494391133
2055.753835990115 0.9994410239308454
2055.7552248834895 0.9995234897499794
2055.7566137773306 0.999871442318571
2055.7580026707046 1.0000380122963801
2055.759391564079 0.9999868508464618
2055.760780457454 0.9996408415246251
2055.7621693508295 0.9996930142817694
2055.7635582446696 0.9992948622733983
2055.764947138044 0.9995579739174126
2055.7663360314186 0.999201108417986
2055.767724924793 0.9995201785053122
2055.7691138186333 1.0002853759131252
2055.7705027120087 0.9994019804466018
2055.771891605383 0.9998298090088841
2055.7732804987577 0.9995775942251524
2055.774669392132 0.9992171644890747
2055.776058285972 0.9996404099792537
2055.777447179346 1.0001603983282943
2055.7788360727204 0.9998161033006827
2055.780224966096 1.0001798949972809
2055.7816138594703 0.9998635666604508
2055.783002752845 0.9992994693077936
2055.7843916466854 1.0000584733749738
2055.78578054006 0.9996448480182699
2055.787169433434 1.0001079828633708
2055.7885583268094 0.9997731485628178
2055.789947220184 0.9998457935604491
2055.7913361135584 0.9998513522757333
2055.7927250069333 1.000211853397927
2055.794113900308 1.0005446806128981
2055.7955027941475 0.9998063180383384
2055.796891687523 1.0000285832821765
2055.798280580898 1.0001066208753029
2055.7996694742724 0.9998810590089638
2055.8010583676464 0.9999026453378629
2055.802447261022 0.9999056342680843
2055.8038361543963 0.9994452823946769
2055.805225047771 0.9999313472515817
2055.8066139411458 0.9998222069659227
2055.8080028345203 0.9998071342044528
2055.80939172836 0.9996594150682548
2055.8107806217354 0.9995944623204901
2055.812169515109 0.9995074390989652
2055.8135584084825 0.999832362114101
2055.814947301858 1.0001555589539428
2055.8163361952334 1.000516620738178
2055.8177250886074 1.0004716494765205
2055.819113981982 1.00024079100023
2055.820502875357 1.000376980470761
2055.8218917687313 1.0011688949595947
2055.823280662106 1.0005322503393628
2055.8246695554813 1.000778376097167
2055.8260584488553 1.0004479276482907
2055.82744734223 1.0002131694839151
2055.8288362356047 1.000318261537175
2055.8302251289792 1.000404096471154
2055.8316140223537 0.9996789810462443
2055.833002915729 1.000008852458232
2055.8343918091036 1.0000120226873495
2055.835780702478 0.9998289285730735
2055.8371695958526 1.0000433665584976
2055.838558489228 0.9998210885782015
2055.8399473826025 1.0004932535051445
2055.841336275977 1.0000814122689785
2055.8427251693515 1.0000037087444058
2055.844114062726 1.0003669298244617
2055.8455029561005 0.9997814797083899
2055.846891849476 1.0002252217087886
2055.84828074285 0.9997244086645629
2055.849669636224 1.0000466600552957
2055.8510585295985 0.9999964107310527
2055.852447422973 1.000170970961318
2055.8538363163475 1.0006280134310406
2055.855225209722 1.0006748040376254
2055.8566141030974 1.0004995260186054
2055.858002996472 1.0001777963577232
2055.8593918898464 1.0004768027676336
2055.8607807827552 1.0002928449688306
2055.8621696761297 1.000031647854739
2055.863558569504 0.9999834281359621
2055.8649474628796 0.9999122343098638
2055.866336356254 1.000123303610642
2055.8677252496286 1.0001316203542503
2055.869114143003 1.0003357534865833
2055.8705030363785 0.999530409078367
2055.871891929753 1.0000209998187195
2055.8732808231275 0.999828111463703
2055.874669716037 0.9998618541163914
2055.8760586094113 1.0000591117325421
2055.8774475027853 0.9998743570521292
2055.8788363961608 0.9996262997615581
2055.8802252895352 0.9999366989848862
2055.8816141829097 1.000062284464938
2055.8830030762847 1.0001283397272844
2055.8843919691935 1.0005775646325816
2055.885780862567 0.9996837226667815
2055.8871697559416 1.00046766001739
2055.8885586493166 0.9997342162316696
2055.889947542691 0.9993355950863715
2055.8913364360656 0.999578937190078
2055.8927253289753 0.9999127590437099
2055.8941142223493 0.9997489846143426
2055.895503115724 1.0000123265051875
2055.896892009099 1.0005334563284765
2055.8982809024733 0.9998738807307321
2055.899669795382 0.9999770011450565
2055.901058688757 1.000366207676138
2055.9024475821316 1.001256259677827
2055.905225368881 1.0041904044648229
2055.9066142617908 1.0038505442529642
2055.908003155165 1.0039716774342393
2055.9093920485393 1.003649947921214
2055.9107809419143 1.0031788020847243
2055.912169834823 1.0027628866732958
2055.9135587281976 1.0029137592932504
2055.914947621573 1.003040756523459
2055.916336514947 1.0026433307144553
2055.917725407856 1.0024785561515004
2055.919114301231 1.002010041929345
2055.9205031946053 1.0023350442551924
2055.92189208798 1.0016311852387547
2055.9232809808886 1.0020808310898812
2055.924669874263 1.001654442408466
2055.9260587676376 1.0013362413964535
2055.9274476605465 1.001512844589738
2055.928836553921 1.0011956605843744
2055.9302254472955 1.0011353631440767
2055.93161434067 1.001385867038245
2055.9330032335797 1.0009203429030824
2055.934392126954 1.0008973845897233
2055.9357810203287 1.001374317896463
2055.9371699132375 1.0006063689498712
2055.938558806612 1.0006839394206264
2055.9399476999865 1.0010282706587452
2055.9413365928963 0.9999634013739259
2055.9427254862712 1.0009125820983125
2055.9441143796457 1.0005863611447632
2055.945503272554 1.0000998320258347
2055.9468921659295 1.0000001601090562
2055.948281059304 1.0000254913151807
2055.949669952213 1.0001297319240585
2055.951058845588 1.000426719779147
2055.9524477389623 0.9997717673726678
2055.9538366318707 1.0000140627458176
2055.955225525246 1.0016037373133466
2055.956614418155 1.0016945033589495
2055.9580033115294 1.0008918271637401
2055.9593922049035 1.0008019538446569
2055.9607810978123 1.0009915090234458
2055.962169991187 1.000427519804059
2055.963558884561 1.0006263250536065
2055.9649477774706 1.0001313584050948
2055.966336670845 1.0007017980200523
2055.967725563754 1.0007296922569435
2055.969114457129 0.9997246515279865
2055.9705033500377 0.9993241025312641
2055.9718922434117 0.9999624166433466
2055.973281136787 0.9995494155688321
2055.974670029696 1.0002025820139968
2055.9760589230705 0.9997988534828062
2055.9774478159798 1.0001517747834576
2055.9788367093547 0.9998288338070228
2055.9802256022635 0.999975461974709
2055.981614495638 0.9997551571411164
2055.9830033890134 0.9998132097848627
2055.984392281922 0.9996914156021971
2055.9857811752963 1.0004798787291749
2055.9871700682056 1.000052249684063
2055.98855896158 1.0001187448572824
2055.989947854489 1.0001180872286957
2055.9913367478644 0.9997824976831275
2055.9927256407727 0.9999740838460004
2055.9941145341472 0.9999386502737005
2055.995503427056 0.9998881323507415
2055.99689232043 0.9994289259054556
2055.998281213339 1.0000722453180455
2055.9996701067134 0.9998890873173113
2056.001058999623 1.000021129236165
2056.002447892997 0.9998488019439545
2056.003836785906 1.0002602587779126
2056.005225679281 1.0004267253750756
2056.00661457219 0.9996955607963474
2056.0080034655643 0.9997966591036863
2056.009392358474 0.9998062344615691
2056.010781251383 0.9998921313985625
2056.0121701447574 0.9999467234789927
2056.0135590376663 0.9994346646131654
2056.0149479310417 1.0003020052429787
2056.0163368239505 1.000213651089393
2056.017725717325 0.9997018184643752
2056.019114610234 0.999781016920783
2056.0205035036083 0.9993821355827166
2056.021892396517 0.9997720321116238
2056.023281289427 0.9999006819718202
2056.0246701828014 1.000096565500984
2056.0260590757102 0.9995450069814488
2056.0274479690847 1.000327598542833
2056.0288368619945 1.0000981846849133
2056.0302257549033 1.0000243068942973
2056.031614648278 0.999339518779082
2056.0330035411866 1.000163146083937
2056.0343924345602 1.0005226724909027
2056.035781327469 1.000025385570291
2056.0371702203784 0.9996320241712102
2056.038559113753 0.9996459717718619
2056.0399480066612 0.9998590578671037
2056.041336899571 0.9998349282386891
2056.0427257929455 1.000272607127027
2056.0441146858543 0.9995918375167243
2056.0455035787636 1.0004066069467579
2056.0468924721386 1.000135436677306
2056.0482813650474 1.00019531182173
2056.049670258422 1.0003889496156968
2056.0510591513316 0.9998260019542148
2056.05244804424 1.000118134594282
2056.0538369376145 1.0003204563221386
2056.055225830524 1.0003118958477435
2056.0566147234326 0.9997736057608682
2056.0580036163415 0.9994499057019696
2056.0593925097164 1.0001031692849889
2056.0607814026253 1.0003214236529008
2056.0621702955336 0.9995736687011811
2056.063559188909 0.999631390908325
2056.064948081819 0.9994858877504823
2056.066336974727 1.0000175442105124
2056.0677258681017 0.9997334247305686
2056.0691147610105 1.0001193358579283
2056.0705036539184 0.9997906087077318
2056.0718925468273 1.0000709549354727
2056.073281440202 0.9998992861411263
2056.074670333111 0.999970240828936
2056.07605922602 0.9997360591098258
2056.0774481189296 0.9997909078443689
2056.0788370123037 1.0000014969410012
2056.0802259052125 0.9999963474602395
2056.081614798122 1.0002626231247984
2056.0830036910315 0.9997312689423061
2056.084392584406 1.0000828105679218
2056.085781477315 1.0001887933399123
2056.0871703702237 0.9999379673629292
2056.0885592631325 1.0009889275560868
2056.0899481560414 0.9994432653368185
2056.091337049417 1.000008023436578
2056.0927259423256 1.0001423255114377
2056.0941148352344 0.9999294661165822
2056.0955037281433 1.0004965515325348
2056.096892621518 1.000163161557245
2056.0982815144266 1.0001671126496732
2056.0996704073364 0.9998333674521908
2056.1010593002457 1.00073933607405
2056.1024481931545 1.0002045923038805
2056.103837086063 1.0003272146685096
2056.1052259794374 1.000259494713379
2056.1066148723457 1.0004324697549585
2056.108003765254 1.0003018233037408
2056.109392658164 1.0004734159604944
2056.1107815510727 1.0003486955976642
2056.1121704439815 1.0005110033357412
2056.113559337356 1.000253852298435
2056.114948230265 0.9996828672583644
2056.1163371231737 0.9998248816843783
2056.1177260160835 0.9998967858243591
2056.1191149089927 1.0000833367408402
2056.1205038019016 1.0003811773008469
2056.12189269481 1.0003475283966021
2056.1232815877197 1.0001967201377064
2056.124670481094 0.9996398516591128
2056.126059374003 1.0006943602609704
2056.1274482669123 0.9999342706254347
2056.128837159821 1.0000296314973118
2056.1302260527295 1.0003765822695778
2056.1316149456393 1.0003223446433502
2056.133003838548 0.9998221591069621
2056.134392731457 1.0002245274343973
2056.1357816243662 1.000465029778606
2056.1371705172755 0.999095930219508
2056.1385594101844 0.9996050745348493
2056.139948303093 0.9998400691054692
2056.1413371964686 1.0001924286882624
2056.1427260893765 0.9998934032470771
2056.1441149822845 1.0000898367520776
2056.145503875194 1.0001599200878364
2056.1468927681026 1.000136516475402
2056.1482816610114 1.0000939018779837
2056.1496705539207 1.0004784179578734
2056.1510594468305 1.0000125676904785
2056.1524483397393 0.9996470338998266
2056.153837232648 1.0000879706429397
2056.155226125557 0.9997885148482145
2056.156615018466 1.00047598162833
2056.1580039113746 0.9997258703362502
2056.1593928042844 0.9999780987854879
2056.1607816971928 0.9996579647743211
2056.1621705901016 0.9996832230398214
2056.163559483011 1.000142468570452
2056.1649483759197 0.9995752350358157
2056.1663372688286 0.999740503579818
2056.1677261617383 1.0001834436208827
2056.169115054647 0.9995536679045103
2056.170503947556 0.999918932163691
2056.171892840465 0.9994158477676788
2056.1732817333746 0.9996936320882129
2056.1746706262834 0.9993927220207933
2056.176059519192 0.9989556270881289
2056.177448412101 0.9996164147449167
2056.1788373050094 0.999699755964232
2056.180226197452 0.9995448873404743
2056.181615090361 0.999728482849017
2056.18300398327 0.9995383914236153
2056.1843928761787 0.9993374200703518
2056.1857817690884 0.9993959355958124
2056.1871706619977 0.9999087853631671
2056.1885595549065 0.9993817280512561
2056.189948447815 0.9992634390083539
2056.1913373407247 0.9998611242025707
2056.1927262336335 0.9994390076967187
2056.1941151265423 1.0000632144216437
2056.1955040194516 0.9995541050413939
2056.196892911895 0.9995926891438949
2056.198281804803 0.9997897427973154
2056.199670697713 0.9987758197811006
2056.2010595906218 0.999826704314925
2056.2024484835306 1.0003387472093719
2056.20383737644 0.9991437426994647
2056.205226269349 1.0000401806550954
2056.206615162258 0.9996875334828261
2056.208004054701 0.999473742173843
2056.209392947611 1.0001477918392598
2056.2107818405193 1.0005806849583525
2056.212170733428 0.9998283045251203
2056.2135596263374 1.0001588373085104
2056.2149485192463 1.0002797053141022
2056.2163374116885 1.0003531033763784
2056.2177263045974 0.9999512834858788
2056.219115197506 1.0007375374021241
2056.220504090415 0.9995881790040626
2056.2218929833243 0.9994213773371057
2056.2232818762336 1.0003878262598123
2056.224670768677 1.0006247831651596
2056.2260596615856 1.0005063724459282
2056.2274485544954 1.0004526896037367
2056.2288374474037 1.0002942536692518
2056.2302263403126 1.0003490426008257
2056.231615232756 1.0006060408686188
2056.233004125665 1.0004261611307348
2056.234393018574 1.000296188159369
2056.2357819114836 1.0004013384400967
2056.2371708039263 0.9998892876908645
2056.238559696835 0.9998046909773923
2056.2399485897445 1.0001074191118555
2056.241337482654 1.0002071251530587
2056.242726375563 1.0002384226564012
2056.244115268006 1.000022879656234
2056.245504160915 1.0003361954349224
2056.246893053824 1.0001958085969174
2056.2482819467327 0.9997030112343228
2056.249670839177 0.9999360882636609
2056.2510597320857 0.9998429131429138
2056.2524486249936 1.000374548388773
2056.2538375174368 0.9996435001488652
2056.2552264103456 1.0004279200737276
2056.2566153032544 0.99989154509186
2056.2580041961633 1.0002748316059213
2056.2593930886073 0.9998681416409594
2056.260781981516 0.9996439690889687
2056.262170874425 0.9995838478257676
2056.2635597668686 0.9994778111227605
2056.2649486597775 1.000016838494949
2056.266337552686 0.9995820367017155
2056.26772644513 1.0001715387533687
2056.269115338039 0.999619974793552
2056.2705042309476 1.0072620720953176
2056.271893123391 1.0034282385851043
2056.2732820163005 1.0008474710611528
2056.2746709092094 1.0004819884792036
2056.2760598016525 1.0003568401668892
2056.277448694562 1.000594855301627
2056.2788375874707 1.0003881010521771
2056.2802264799134 1.0000512799113663
2056.281615372823 1.0002646897909075
2056.283004265732 0.999888671265588
2056.284393158175 0.9996118814420174
2056.2857820510844 1.0001736406145456
2056.2871709435276 0.9993881892957838
2056.2885598364355 0.9991299426503462
2056.2899487293444 0.99990569732027
2056.291337621788 0.9998627871294208
2056.292726514697 0.9998486468936804
2056.2941154076057 1.0000264979360853
2056.2955043000497 1.0006829571399636
2056.296893192958 1.0005283761379273
2056.2982820854013 1.0008377757807907
2056.2996709783106 1.0015580671624384
2056.3010598707538 1.001555576291463
2056.3024487636626 1.001486369475998
2056.3038376565723 1.0015735094871476
2056.305226549015 1.0010665939224728
2056.306615441924 1.0015009768904788
2056.3080043343675 1.0015196107077597
2056.3093932272773 1.0014529112672141
2056.3107821197204 1.000663150075642
2056.3121710126293 1.0008809922870807
2056.3135599050725 1.000462083495337
2056.3149487979813 1.0006259787817597
2056.31633769089 0.9999162283871924
2056.317726583334 1.0001583505481382
2056.319115476243 1.0007612398323114
2056.320504368686 0.9996403005819924
2056.321893261595 0.9998250179158268
2056.323282154038 0.9997177566503925
2056.324671046947 0.9994991220317939
2056.3260599393902 1.0001271849700772
2056.327448832299 0.9997932398621615
2056.3288377247422 1.0000460514601206
2056.330226617651 0.9996896394144462
2056.3316155100943 0.9999764983971787
2056.333004403003 0.9997683302017549
2056.3343932954463 0.9995979884151475
2056.335782188356 0.9993692629018391
2056.337171080799 0.9998483288921473
2056.338559973708 0.9997548752977281
2056.339948866151 1.0002275840179242
2056.3413377585944 0.9997504746736267
2056.342726651503 0.9998143517267257
2056.3441155439473 0.9997407068790859
2056.3455044368566 0.9999505638376202
2056.3468933292997 0.9993845365967862
2056.348282222208 0.9996185430419346
2056.349671114652 0.9999227804476993
2056.351060007561 1.0006450503446946
2056.352448900004 1.0001653433632498
2056.353837792448 0.9999239189016036
2056.3552266853567 0.9997239450976286
2056.3566155777994 0.9998933373526092
2056.358004470709 0.9997887077529528
2056.3593933631532 0.9997761339471377
2056.360782255596 0.9997247501154922
2056.3621711485043 0.9996107128021476
2056.3635600409475 1.000011922772388
2056.364948933856 1.0007626166316714
2056.366337826299 1.0008858741257574
2056.3677267187427 1.00035926411122
2056.3691156116515 1.0009063417257862
2056.3705045040947 1.0009007238533485
2056.3718933970044 1.000876747452327
2056.373282289447 1.000257849293704
2056.37467118189 1.0004351014585078
2056.3760600747996 1.0006233118637025
2056.3774489672437 1.0003233909393558
2056.3788378596864 1.0001909540011835
2056.3802267525953 1.0005640265488203
2056.381615645039 1.0001852227303332
2056.383004537482 1.0001463632894172
2056.384393430391 1.00070093062515
2056.385782322835 1.0000562541907585
2056.3871712152777 1.0000365882450668
2056.3885601081865 1.0002084410894712
2056.38994900063 0.9999746158381201
2056.3913378930733 1.0002158200763676
2056.392726785982 1.001379039291924
2056.3941156784263 0.9995964940024065
2056.3955045708694 0.9998400793740168
2056.3968934633126 0.9998842929806593
2056.3982823562214 0.999318409845403
2056.3996712486646 0.9995859305516763
2056.401060141107 0.9998229375893132
2056.4024490340157 0.9997799288432622
2056.40383792646 0.9997064197097225
2056.405226818903 1.000314066609763
2056.406615711346 0.9997859007353839
2056.408004604255 0.9997679161467218
2056.409393496698 0.9995142794340766
2056.4107823891413 0.9997381428322438
2056.4121712815854 0.999731954076228
2056.4135601744947 0.9994997762156754
2056.414949066938 0.9996156989252436
2056.4163379593806 0.9992794226136934
2056.4177268518247 0.9997440106350537
2056.4191157447335 0.9993652238184605
2056.4205046371767 0.9997340168294806
2056.4218935296203 0.9988577692535415
2056.4232824220635 0.9990074515577224
2056.424671314506 0.9992403259475737
2056.426060207416 0.9995348926400006
2056.427449099859 0.9994000797511612
2056.4288379923023 1.0001152883280096
2056.4302268847455 0.9993231714165154
2056.4316157771896 0.9989046336997005
2056.4330046700984 0.9989368778140626
2056.4343935625416 0.9992872217619235
2056.4357824549847 0.9988304532328623
2056.437171347427 0.9991554090264052
2056.43856023987 0.9990505021415529
2056.4399491327795 0.999377647914013
2056.4413380252226 0.9989650219454983
2056.4427269176654 0.9995390230503955
2056.4441158101095 0.9989027653492726
2056.4455047025535 0.9995418910670067
2056.4468935949963 0.9997024209998607
2056.4482824874394 0.9991021660066476
2056.4496713803487 0.9991933954159282
2056.451060272792 0.9996214746627952
2056.452449165235 0.99954730113726
2056.453838057679 1.000278613154208
2056.455226950122 0.9995636346837679
2056.456615842565 0.9997230674129639
2056.4580047350087 1.0007960122713995
2056.459393627452 1.0002320365715351
2056.4607825203607 0.9999636892658327
2056.4621714128048 0.9999653569201516
2056.463560305248 0.9998271457792023
2056.464949197691 0.9998345301722327
2056.4663380901343 0.9996408547110291
2056.4677269825784 1.0007116066036807
2056.4691158750215 1.0002562829497084
2056.4705047674647 1.0003710238138486
2056.4718936599074 1.0000294003168568
2056.47328255235 1.0002619791483167
2056.4746714447933 0.9996549458143523
2056.4760603372365 0.9999975005162625
2056.4774492301453 1.0005609455497189
2056.4788381225885 1.0000611756338165
2056.4802270150326 0.9999420387483464
2056.4816159074758 1.0002849223586572
2056.483004799919 1.0007669231884295
2056.484393692362 1.0000705738474982
2056.485782584806 0.9999434702820298
2056.4871714772494 1.000654901682632
2056.4885603696926 1.0000324886947078
2056.4899492621357 1.0004833971178726
2056.491338154579 1.0003304711540453
2056.492727047022 1.0004568470532234
2056.494115939466 1.0007310180738656
2056.4955048319093 1.000010828924414
2056.4968937243525 1.0003637756124448
2056.4982826167957 1.0003399714433507
2056.4996715092398 0.9997371401875764
2056.501060401683 1.0002014560285033
2056.502449294126 0.9997231044524495
2056.5038381865697 1.000657305027967
2056.505227079013 0.9996694464262851
2056.5066159714556 1.0002981850572639
2056.5080048638997 0.9996789715285346
2056.509393756342 0.9997299023233992
2056.5107826487842 1.0006685740679881
2056.5121715412283 1.0007200855440685
2056.5135604336724 1.0002922187014258
2056.514949326115 1.000195127964086
2056.5163382180926 1.0009911040979118
2056.5177271105363 1.0012301311340168
2056.5191160029794 1.0011144792837092
2056.5205048954226 1.0005693142137355
2056.5218937878667 1.0003444409491389
2056.5232826803094 1.0004711452112371
2056.5246715727526 0.9996698437807848
2056.526060465196 1.0000415219545253
2056.5274493576394 1.000458524474428
2056.5288382500826 1.0006259172078453
2056.5302271425267 0.9999082725435691
2056.53161603497 1.0001550195213953
2056.5330049269473 1.0006663517923446
2056.5343938193905 1.0000962455319886
2056.5357827118346 0.999636558178589
2056.5371716042773 1.0008750969256688
2056.5385604967205 1.0001948580783662
2056.539949389164 1.0005781481415392
2056.5413382816073 1.0001729673452164
2056.5427271740505 1.0011276741362631
2056.544116066029 1.000506883552396
2056.545504958471 1.0002545701891647
2056.5468938509134 1.000270746710148
2056.5482827433575 1.0001880702328716
2056.5496716358007 0.9999432580850687
2056.551060528244 0.9999382623014743
2056.552449420687 1.0001189544522213
2056.5538383126654 1.0006124931958418
2056.5552272051086 1.000249325921914
2056.556616097552 1.000561337513012
2056.558004989995 0.9995827160711171
2056.559393882438 1.000662917075414
2056.5607827748813 0.9995352581678347
2056.5621716668597 1.0005037558058303
2056.563560559303 0.999917448595395
2056.564949451746 0.9995688071910351
2056.5663383441893 0.999708098309254
2056.5677272366333 0.9995678584202841
2056.569116128611 1.0000077316604716
2056.570505021054 0.9999556322851372
2056.5718939134977 0.9997355786272356
2056.573282805941 0.9996676601178819
2056.574671697918 0.9996150860572893
2056.576060590362 0.9998139665670325
2056.577449482805 0.9998161079448743
2056.5788383752483 0.9997070340378156
2056.5802272672263 0.9995885636637365
2056.5816161596695 0.9999330331441926
2056.5830050521117 0.9997025152979813
2056.5843939445544 0.9994949545411509
2056.585782836533 0.9997709098577868
2056.587171728976 0.999366493727146
2056.588560621419 0.9998264579229452
2056.589949513863 1.0001975690325944
2056.5913384058404 0.9998171803162317
2056.592727298283 0.99956251752963
2056.594116190727 0.999745575100188
2056.5955050831703 0.999476044093655
2056.596893975148 0.9999268483808395
2056.5982828675915 0.9998815300606766
2056.599671760035 0.999824555018
2056.6010606520126 0.9999448091586347
2056.602449544456 0.999679084212442
2056.6038384369 0.9992852543900832
2056.605227328877 1.0001723526179935
2056.60661622132 0.9999076979329213
2056.6080051137637 0.9997703152366877
2056.6093940057413 0.9999471879360118
2056.6107828981844 0.9996535098747902
2056.6121717906285 1.0005300243447224
2056.6135606826056 1.000005233636678
2056.6149495750487 1.0001233473888298
2056.6163384674924 0.9995394393697266
2056.617727359471 0.9993667287567473
2056.619116251913 0.9996686148529059
2056.6205051443553 0.9999387424794499
2056.6218940363337 0.9994793703009364
2056.623282928777 0.9993805252997964
2056.62467182122 0.9999603907117289
2056.6260607131976 0.9995789281365929
2056.627449605641 0.9995632270479501
2056.6288384976183 0.9997695998340452
2056.6302273900624 1.000061257666278
2056.6316162825055 0.9998385890038313
2056.633005174483 0.9997894639430834
2056.6343940669262 1.0004245215241572
2056.6357829589047 1.0008900794148765
2056.637171851348 0.9999888189997073
2056.638560743791 1.0000361598135294
2056.639949635769 1.0005485820426925
2056.641338528212 0.9997654373896845
2056.642727420189 0.9996781309231612
2056.6441163126333 0.9999449278685919
2056.6455052050765 1.000139285921167
2056.646894097054 0.9999482585185212
2056.648282989497 0.999965267849114
2056.6496718814756 0.9997996958088251
2056.6510607739187 0.9993887405509922
2056.6524496658963 1.0000770763054234
2056.65383855834 0.9999456423221981
2056.655227450317 1.000158195834787
2056.656616342759 1.0000374673142287
2056.658005235203 0.9996664826215322
2056.6593941271803 1.0004829084314029
2056.660783019623 1.0002272990838454
2056.6621719116015 1.000009872181418
2056.6635608040447 0.9997572406456471
2056.664949696022 1.0002002962576715
2056.666338588466 0.9996530516704426
2056.667727480444 0.999794115827985
2056.669116372887 1.00037132663756
2056.6705052648645 1.0003545539607697
2056.6718941573085 0.99982207010961
2056.6732830492856 0.9999376774230994
2056.674671941729 0.9998818972510842
2056.6760608337067 1.000198620314315
2056.67744972615 0.9995415121772819
2056.6788386181274 1.0003001849039106
2056.680227510106 0.9992785641499902
2056.6816164025486 0.9997822393925252
2056.683005294526 0.9998560963702391
2056.6843941869697 1.0004582269578024
2056.685783078948 0.9998727492372684
2056.6871719713913 1.0009938634253996
2056.688560863369 1.0023634119614648
2056.689949755812 1.0017283470801672
2056.6913386477895 1.0010289443520075
2056.692727540232 1.0009621074741963
2056.6941164322093 1.000736980934937
2056.695505324187 1.0008932483222925
2056.69689421663 1.000983868738684
2056.6982831086084 1.0004856904462416
2056.6996720010516 1.000446920517627
2056.701060893029 1.0003397687620923
2056.7024497850066 1.0001026322129913
2056.7038386774507 1.000327875792836
2056.705227569428 0.9999398240721701
2056.7066164618714 1.0006157919596386
2056.708005353849 1.0003887644804565
2056.7093942458264 0.9997073267959741
2056.7107831382696 1.0012174672293759
2056.712172030248 1.0016823782454058
2056.713560922691 1.0011581984427214
2056.7149498146687 1.0010625022298163
2056.716338706646 1.0012070313932782
2056.7177275990903 1.000421463128755
2056.719116491068 1.0006524029919206
2056.7205053830453 1.0004347708201233
2056.721894275489 1.0003332085089705
2056.7232831674664 1.0003925428045275
2056.7246720594435 1.000718956929771
2056.7260609518876 1.0006782772091842
2056.727449843865 1.0005097695727376
2056.7288387358417 1.0000661131238355
2056.730227628285 1.000425090190464
2056.7316165202624 1.0004615857670824
2056.73300541224 1.0006341032700135
2056.7343943046835 1.0005652477054796
2056.7357831966615 1.0005674949858196
2056.737172088639 1.000186545226398
2056.738560981082 1.0004357380326303
2056.7399498730606 1.0002355189715821
2056.7413387650377 1.0006360405796269
2056.742727657015 1.0003052919288684
2056.744116549459 1.0001476490982468
2056.7455054414363 1.000202090879793
2056.746894333414 0.9999492409078816
2056.7482832258574 1.0004987802706489
2056.7496721178354 0.9999827642873657
2056.751061009813 0.9998604543079977
2056.7524499017904 0.9996122793115118
2056.7538387942345 1.0003507441993198
2056.7552276862116 0.9999565001028665
2056.756616578189 0.9992848904130509
2056.758005470167 0.9997409198344169
2056.7593943626102 0.9997000480826251
2056.7607832545877 1.0000140225970586
2056.762172146566 0.9997748150274786
2056.7635610385432 0.9997101820220882
2056.764949930986 0.9994614993417269
2056.7663388229635 1.0004254838319113
2056.767727714941 0.9993914444117975
2056.7691166069185 0.9995926107260642
2056.770505498896 0.9995335840843588
2056.77189439134 0.999418253649012
2056.7732832833176 0.9996040696367027
2056.774672175295 0.9995068030766365
2056.7760610672726 1.000034683651837
2056.77744995925 0.9995327441364378
2056.7788388516933 0.9998731561169096
2056.7802277436717 0.9991304282765437
2056.7816166356492 0.9992048153796496
2056.7830055276268 0.9994057815883967
2056.7843944196043 0.9988279975877368
2056.7857833120484 0.998962704609659
2056.787172204026 0.9990653487963669
2056.7885610960034 0.9984589551050659
2056.7899499879813 0.9987690502901121
2056.791338879959 0.9989260796136322
2056.792727771936 0.9983806101172356
2056.7941166639143 0.9986288358120728
2056.7955055563575 0.9989303757641286
2056.796894448335 0.9987065901199385
2056.798283340313 0.9987313363362604
2056.7996722322905 0.9986659564248738
2056.8010611242676 0.9989081201533593
2056.802450016245 0.9994036774647909
2056.8038389082226 0.9990546730220566
2056.8052278002 0.9991545096968549
2056.8066166926433 0.9994228278987017
2056.8080055846212 0.999907985559313
2056.8093944765988 0.9992852790461677
2056.810783368576 0.998886857488299
2056.8121722605542 0.999021756268343
2056.8135611525317 0.9990552622939896
2056.8149500445093 0.9991965681677009
2056.816338936487 0.9991709485117679
2056.817727828465 0.9990546266062913
2056.8191167204427 0.9990208170268677
2056.82050561242 0.9982833623949593
2056.8218945048643 0.9991063454196757
2056.8232833968414 0.9997806805049733
2056.824672288819 0.9991758441448195
2056.826061180797 0.9999662691533215
2056.8274500727744 1.0005299374424075
2056.828838964752 1.0049371428479952
2056.8302278567303 1.00880591356881
2056.8316167487073 1.0102314413215874
2056.833005640685 1.0090422575087792
2056.834394532663 1.008287447674592
2056.8357834246412 1.0069317569628597
2056.8371723166188 1.0075895794535343
2056.8385612085954 1.00730214385047
2056.839950100573 1.0072606675350722
2056.8413389925504 1.00707449343284
2056.842727884528 1.0065912126186516
2056.8441167765054 1.0057875678171646
2056.845505668483 1.005144300439952
2056.8468945604604 1.004646687556057
2056.848283452439 1.003471678091605
2056.849672344416 1.0039468049163114
2056.8510612363934 1.0034425693260471
2056.8524501283714 1.0025400054071611
2056.85383902035 1.0024087250759577
2056.8552279123273 1.00240955126617
2056.856616804305 1.0023866392621639
2056.8580056962824 1.0021697884916376
2056.85939458826 1.0019311028941171
2056.8607834802374 1.0014875666399843
2056.862172372216 1.002012521210573
2056.8635612641933 1.0018079062295886
2056.864950156171 1.0018098059372662
2056.8663390481483 1.00187069126887
2056.8677279401268 1.00274265067232
2056.8691168316386 1.0024077244443452
2056.870505723616 1.0022987713662377
2056.871894615594 1.0026451921212878
2056.8732835075716 1.002371038987337
2056.8746723995487 1.002539674699367
2056.876061291526 1.0025979387530397
2056.8774501835032 1.0025371708636777
2056.8788390754803 1.0015935896621568
2056.8802279674587 1.0023500123459537
2056.8816168594362 1.0020791994834066
2056.8830057514137 1.001895851725938
2056.8843946433917 1.0012105351662002
2056.885783534904 1.0010701565145932
2056.8871724268815 1.0020091789802694
2056.888561318859 1.0011840909784224
2056.8899502108375 1.0010154740219792
2056.8913391028145 1.001462371238883
2056.892727994792 1.0011309490140923
2056.89411688677 1.0010038688070504
2056.8955057787475 1.0008001358930054
2056.8968946702594 1.000526159980239
2056.898283562238 1.000612199936713
2056.8996724542153 1.0009254679899549
2056.901061346193 1.0004984311877516
2056.9024502381703 1.0010124599725763
2056.9038391301488 1.0007901092154758
2056.90522802166 1.0010745315899336
2056.9066169136377 1.0007984347220915
2056.9080058056156 1.0019812800764967
2056.909394697593 1.0039028209229741
2056.9107835895707 1.0069015435827806
2056.912172481548 1.015880791763767
2056.913561373059 1.027874226516489
2056.9149502650366 1.028919501500287
2056.916339157015 1.029538110380835
2056.9177280489926 1.0308989443373275
2056.91911694097 1.0269916563159684
2056.920505832482 1.0236863082756722
2056.9218947244603 1.0233192751123268
2056.923283616438 1.0221915312823262
2056.9246725084154 1.019801256228013
2056.926061399927 1.0189190253245266
2056.9274502919047 1.0173782595208383
2056.9288391838822 1.0169872166635676
2056.9302280758607 1.01595484389265
2056.931616967838 1.015488963321903
2056.93300585935 1.0153725814563606
2056.9343947513275 1.014178438288247
2056.935783643306 1.0140339549936734
2056.9371725352835 1.0136664518762903
2056.9385614267953 1.0129054666948345
2056.9399503187733 1.012362412662337
2056.941339210751 1.0123484392305198
2056.942728102262 1.0114897397170464
2056.9441169942406 1.0118253581714063
2056.945505886218 1.010501085331166
2056.9468947781957 1.010015252917966
2056.9482836697075 1.0105743564337126
2056.949672561685 1.0093953206718047
2056.951061453662 1.0093208794980177
2056.952450345174 1.0096829509886058
2056.953839237152 1.009612897363554
2056.9552281291294 1.0090362400248627
2056.956617021107 1.008978410721854
2056.9580059126192 1.0085270247345006
2056.9593948045967 1.0089628636596613
2056.960783696574 1.0084687860424904
2056.9621725880866 1.0078886066505233
2056.963561480064 1.0071272036490528
2056.9649503720416 1.0075554485968505
2056.966339263554 1.0072465462273335
2056.967728155532 1.0089800355687621
2056.9691170475094 1.0075125981514095
2056.970505939021 1.0078033629598169
2056.9718948309996 1.0075581588904758
2056.9732837229767 1.0077966149251034
2056.9746726144886 1.0071018022288998
2056.9760615064665 1.0069055925031904
2056.9774503979784 1.0064427780099798
2056.978839289956 1.006603317313914
2056.9802281819343 1.0066032749284635
2056.9816170734457 1.0068078085730923
2056.983005965423 1.0058945926204879
2056.984394857401 1.0058389366524365
2056.985783748913 1.006246619059129
2056.9871726408896 1.0055645657441328
2056.9885615324015 1.0054062157745158
2056.98995042438 1.0058444868750014
2056.9913393163574 1.0054570265116307
2056.9927282078693 1.0056872889673802
2056.994117099847 1.0059584591702615
2056.9955059913586 1.006038585464526
2056.996894883336 1.00592292967707
2056.9982837753146 1.005555644973916
2056.999672666827 1.004855865954319
2057.0010615588044 1.0058567719175313
2057.002450450316 1.005469220749451
2057.003839342294 1.0050321110591964
2057.005228233806 1.005090541111354
2057.0066171257836 1.00460731678346
2057.008006017296 1.0048327025438828
2057.0093949092734 1.004746828904663
2057.0107838012505 1.004612223554993
2057.012172692763 1.0046478890605752
2057.0135615847407 1.0039965578107777
2057.0149504762526 1.004927781362863
2057.01633936823 1.004367401068748
2057.017728259743 1.0047842606068558
2057.0191171517204 1.0046617559162128
2057.020506043232 1.0042845759579455
2057.0218949352097 1.0044925154589208
2057.0232838267207 1.0046419997624843
2057.024672718698 1.004479071207358
2057.0260616102105 1.0043840808479865
2057.027450502188 1.0041967342653406
2057.0288393936994 1.0041486973333191
2057.030228285678 1.0044744729591182
2057.0316171771906 1.004266146138022
2057.0330060691676 1.0042332849577176
2057.0343949606795 1.0037787268349763
2057.0357838526575 1.0040618149159048
2057.0371727441693 1.0039811799514433
2057.038561636147 1.0038194575016401
2057.0399505276596 1.0038093634198453
2057.041339419171 1.0039194781436034
2057.0427283111485 1.0035725888342943
2057.044117202661 1.0041564167465662
2057.0455060946383 1.0033295398412256
2057.04689498615 1.0039009122482387
2057.0482838781286 1.0031514614880084
2057.0496727696404 1.0041270552912902
2057.051061661618 1.0039705604428104
2057.05245055313 1.003535024284609
2057.0538394446426 1.0043195028972882
2057.05522833662 1.004117965993854
2057.056617228132 1.0037836710390484
2057.0580061201094 1.0034894473107958
2057.0593950116204 1.0033720832182749
2057.0607839035974 1.0033667358781138
2057.0621727951097 1.0030664786578396
2057.0635616866216 1.0034500372764033
2057.064950578599 1.003023312320373
2057.066339470112 1.0027579140342284
2057.0677283616237 1.0030260181402086
2057.0691172536012 1.0026309553815902
2057.070506145113 1.0029173088975507
2057.0718950370915 1.0024581319302852
2057.0732839286034 1.0022681321901517
2057.074672820115 1.0026989612186443
2057.0760617120927 1.002174374293713
2057.0774506036046 1.001989715684599
2057.0788394951164 1.0019193138318143
2057.080228387095 1.002069714318208
2057.081617278607 1.0013514934561512
2057.083006170119 1.0019738309016253
2057.084395062096 1.0021513669825541
2057.085783953609 1.0015923301794938
2057.0871728455863 1.001327691626634
2057.088561737098 1.001130847101294
2057.0899506286105 1.0010264451927662
2057.0913395201223 1.0011384454668277
2057.0927284120994 1.0009980184738856
2057.094117303612 1.000720835266865
2057.095506195123 1.000492245067719
2057.0968950870997 1.0002296476640635
2057.0982839786125 1.000594421756201
2057.0996728701252 1.0003008985670567
2057.1010617621023 0.9998046218216822
2057.102450653614 1.000678237700471
2057.1038395451264 1.0001722494075493
2057.105228437104 1.0003666047334208
2057.106617328616 1.000784563906609
2057.1080062201286 1.000442944736423
2057.10939511164 1.0000002370011674
2057.1107840036175 1.000096343280708
2057.11217289513 1.0002360646039614
2057.1135617866425 1.000131071259865
2057.114950678154 1.0006757569526703
2057.1163395701315 0.9999352906374797
2057.1177284616438 0.9997221928230696
2057.1191173531556 0.999614686386601
2057.1205062446675 0.9998868088450295
2057.121895136646 0.9994608160606409
2057.1232840281573 0.9996591039744731
2057.124672919669 0.9998112928655308
2057.1260618111814 0.9998257491128615
2057.127450703159 0.9995028372299285
2057.128839594671 0.9999398977336822
2057.1302284861836 1.0002130315059017
2057.131617377695 1.001718439843909
2057.1330062692064 1.0025339025076783
2057.134395161184 1.0018916835530327
2057.1357840526957 1.0010764950468816
2057.1371729442076 1.0011571876115977
2057.1385618357194 1.0017199094891718
2057.139950727232 1.0014487441345525
2057.1413396192097 1.0008030710651503
2057.1427285107216 1.0011833977195588
2057.1441174022334 1.0016122207733562
2057.1455062937453 1.000609375563139
2057.146895185257 1.000320702629228
2057.1482840772355 1.000213887410805
2057.149672968748 1.000308510234667
2057.1510618602597 1.0004030205554713
2057.152450751771 1.000582673260811
2057.153839643284 0.9998074294066917
2057.1552285347957 1.000843472474077
2057.1566174263075 0.9999503125860117
2057.1580063182855 1.000347942036699
2057.1593952097974 0.9997591363633291
2057.1607841013088 1.0000536061268481
2057.1621729928215 1.0002192944742891
2057.1635618843343 1.0001227569284723
2057.1649507758457 0.9990120565396118
2057.1663396673575 1.0000597793501487
2057.16772855887 0.9996222145439454
2057.1691174508464 0.9993327730604009
2057.1705063423574 0.9996513690142141
2057.17189523387 0.9999208760996828
2057.173284125382 0.99909828727967
2057.174673016894 0.9994526178072894
2057.176061908406 0.9991206449710847
2057.177450799918 0.9997340008070145
2057.1788396914294 0.9991717179099717
2057.180228582942 0.9998291404721608
2057.181617474455 0.9995227621227855
2057.183006366432 0.9995150313004756
2057.184395257944 0.9996824504383572
2057.185784149456 0.9998219946496338
2057.187173040968 0.9990637927513184
2057.18856193248 0.9997017703779066
2057.1899508239926 0.9993444157609856
2057.191339715504 0.999351155606463
2057.192728607016 0.9992987889986308
2057.194117498528 0.9990386648533074
2057.195506390041 0.9992681391637059
2057.1968952815528 0.9991841914753529
2057.1982841730646 0.9996201529288049
2057.1996730645765 0.999963438287212
2057.2010619560883 0.9994024061876245
2057.2024508476 0.9996703251043219
2057.203839739113 1.0008328271865186
2057.205228630624 1.0008740023522937
2057.206617522135 1.0015454801842716
2057.2080064136476 1.0018403774084044
2057.2093953051594 1.0017123797947431
2057.2107841966713 1.0014269478818019
2057.212173088183 1.0010661180166875
2057.213561979696 1.0010753598109878
2057.2149508712077 1.0008673252401974
2057.2163397627196 1.0008899196151462
2057.217728654232 1.0008073123812082
2057.2191175457438 1.0002380830243598
2057.220506437255 1.0003810669685118
2057.221895328768 1.0008854317150573
2057.2232842202798 1.000551992123899
2057.2246731117916 1.0007444121287872
2057.2260620033035 1.0005788788326078
2057.2274508948162 1.0008250013658964
2057.228839786328 1.0003574043818562
2057.23022867784 0.9998569848583313
2057.2316175693522 1.0000887348020864
2057.233006460864 0.999599667189198
2057.2343953523755 0.999815150287212
2057.2357842438882 1.0000863697282538
2057.2371731354 0.9999988119214651
2057.238562026912 1.0002398830026793
2057.2399509184243 1.0002029406431887
2057.2413398094704 1.0000815123366427
2057.2427287009814 1.0002810272836498
2057.2441175924932 1.000392385067835
2057.2455064840055 1.000224008693201
2057.2468953755174 1.0007857864400738
2057.2482842670292 1.0001186097370036
2057.249673158542 0.9997380493016411
2057.2510620500534 0.9998912455005055
2057.2524509415653 1.000111492897023
2057.2538398330776 0.9999074023445393
2057.2552287241238 1.000050996227349
2057.2566176156356 1.0004476919613021
2057.2580065071484 1.000319317824901
2057.2593953986598 0.9998798049630445
2057.2607842901716 0.999790630718718
2057.262173181684 1.000032340053763
2057.2635620731967 0.9999497043555433
2057.2649509647085 1.0001156967285532
2057.2663398557547 0.9999464895033215
2057.2677287472666 1.000236645212816
2057.2691176387784 0.9999876320942872
2057.2705065302903 1.000227983344015
2057.271895421803 1.0004855998764057
2057.273284313315 0.9997269204031254
2057.274673204361 1.0001641400595234
2057.276062095873 0.9998690393111634
2057.2774509873857 0.9998337050979974
2057.2788398788966 0.9993318186938739
2057.2802287704076 0.9992168736544663
2057.2816176619203 0.9999041126968471
2057.2830065529665 0.9997208921173081
2057.2843954444784 1.000078524659658
2057.2857843359902 0.9993382238771252
2057.287173227502 0.9997974847896441
2057.288562119014 1.0003898162294917
2057.289951010061 0.999384193441559
2057.291339901573 1.0000103531174664
2057.2927287930847 0.9998676650497684
2057.2941176845966 1.0005413816597888
2057.2955065761093 0.9996673502549501
2057.2968954671555 1.0000509409374347
2057.2982843586674 0.9995679365088056
2057.2996732501797 0.9998416893013273
2057.3010621416915 0.9997118151846138
2057.3024510327373 0.9994895552869478
2057.30383992425 1.000046665683354
2057.305228815762 0.9997810671802322
2057.3066177072737 1.0000630990090122
2057.3080065983204 1.0001163211559252
2057.3093954898327 0.99941384644015
2057.3107843813445 0.9999863070558194
2057.3121732728564 0.9995296583736111
2057.3135621639035 1.0000950247064238
2057.3149510554144 0.9998544801882279
2057.3163399469254 0.9995137635404588
2057.317728838438 0.9993447516296653
2057.319117729484 0.9996877264712555
2057.3205066209957 0.9997322583968495
2057.321895512508 0.9999221041503242
2057.323284403554 1.0003615033154083
2057.324673295066 1.00005431694653
2057.326062186579 0.9998260837040074
2057.3274510780907 0.9997711601785833
2057.328839969137 1.001138492073548
2057.3302288606487 1.001120157400995
2057.3316177521615 1.0012004610301222
2057.333006643207 1.0001148412819623
2057.334395534719 1.0004169709561859
2057.3357844262314 1.0002381591193616
2057.3371733172776 1.0006818593134679
2057.3385622087894 1.000471826984381
2057.339951100302 1.0003954680010505
2057.3413399913484 1.0006895631336932
2057.3427288828602 1.0002219983834515
2057.344117774372 1.0001340620269845
2057.345506665419 0.9999263524953097
2057.346895556931 0.9996760223143578
2057.348284448443 1.0000917682891222
2057.349673339489 1.0002022552714196
2057.351062231001 1.0003578036292158
2057.3524511220467 1.0003742653701193
2057.353840013558 1.0001015559879234
2057.35522890507 1.0005299699433376
2057.356617796116 1.0005303468294224
2057.358006687629 0.9995477166395871
2057.359395579141 1.000534390454815
2057.3607844701874 1.000244045853438
2057.3621733616988 0.9992664649847761
2057.363562252746 1.0004854461827495
2057.3649511442577 1.000111365412693
2057.3663400357696 1.00002986957014
2057.367728926816 0.9999968400322364
2057.369117818328 1.0000318988908905
2057.370506709374 1.0000722669799826
2057.3718956008865 1.0002329678276618
2057.3732844923993 1.0001007152091712
2057.374673383445 1.000374607279546
2057.376062274957 1.0006933028707843
2057.3774511660035 0.9998841281577164
2057.3788400575154 1.0000256440090316
2057.3802289485616 0.9995145985138091
2057.3816178400743 0.9996397687219769
2057.3830067315857 1.000654345300717
2057.3843956226315 1.0006375493103146
2057.3857845141442 1.0003040227452198
2057.3871734051904 1.0003034964002153
2057.3885622967014 0.9995844081039644
2057.3899511877476 0.9997935990040258
2057.3913400792603 0.9995384443851733
2057.392728970306 1.0001375697580388
2057.394117861818 1.0002622626898512
2057.3955067528645 1.0003753292408863
2057.3968956443764 0.9999301342454663
2057.3982845354226 0.9997310894487065
2057.3996734269354 0.9998053065916994
2057.401062317981 0.9995465143782389
2057.402451209493 0.9999027957992748
2057.4038401005396 1.0000208259674155
2057.4052289920523 0.9998180505111832
2057.4066178830985 0.999470070469289
2057.4080067746104 0.9999526153096593
2057.4093956656566 1.0004812036357342
2057.4107845571684 0.9992333837646855
2057.4121734482146 0.9996275145083428
2057.4135623397274 0.9996226698880782
2057.4149512307736 1.0002106949345655
2057.4163401222854 0.999948011266812
2057.4177290133316 1.0000045364627446
2057.4191179048435 1.0002039073933322
2057.4205067958897 1.0003209120971266
2057.4218956874024 0.9999925381019439
2057.423284578449 1.0000168942041359
2057.424673469495 1.0002929997593557
2057.4260623610057 0.9992803802916137
2057.4274512520524 0.9997261500384954
2057.4288401435642 0.999888833405096
2057.43022903461 0.999855277058757
2057.4316179261227 1.0001717726592139
2057.433006817169 0.9994505766139327
2057.4343957086808 0.999817231941026
2057.435784599727 0.9995054232670438
2057.437173490774 0.999814596658763
2057.438562382286 0.999850896157683
2057.439951273332 1.0002358738439197
2057.4413401648444 0.9994818379637982
2057.4427290558906 1.000002866487778
2057.4441179469363 1.0005834090737937
2057.445506838449 1.0003072102863368
2057.4468957294953 0.999938902747089
2057.448284621007 1.0000601434208563
2057.449673512054 1.0001254266596873
2057.4510624031 1.0001827700849093
2057.4524512946114 0.9997979910683621
2057.4538401856585 0.9999821399419769
2057.4552290767056 1.0001487385892414
2057.456617968217 1.0007819406009486
2057.458006859263 1.0005378761847732
2057.4593957507755 0.9998458737444311
2057.4607846418216 1.0002473245192212
2057.462173532867 1.0002003733491975
2057.463562424379 1.0001610678752333
2057.464951315425 0.9999260358962493
2057.466340206471 0.9999360114866253
2057.467729097984 0.9999021329402719
2057.46911798903 0.9998342547906579
2057.4705068800763 0.9996506344924556
2057.471895771588 1.0001086902874143
2057.4732846626353 1.000170001778894
2057.4746735536814 0.999713588222088
2057.4760624451933 1.0003055406111756
2057.4774513362395 1.0002465068632889
2057.4788402272857 1.0000433266319484
2057.4802291187975 1.0000278492402297
2057.4816180098446 0.9998464665125475
2057.483006900891 0.9995568379397883
2057.484395791937 0.9999513493124743
2057.485784683449 0.9999526031764
2057.487173574496 0.9999875080136988
2057.488562465542 0.9998489568278328
2057.489951357054 0.9998338901708588
2057.4913402481 1.0000182911367965
2057.4927291391464 0.9995879021115085
2057.4941180301926 1.0001792739792397
2057.4955069217053 1.000375415654773
2057.4968958127515 0.999906920978242
2057.498284703797 0.9997570439615321
2057.4996735953086 1.0001870636377463
2057.5010624863553 1.0002662840243755
2057.5024513774015 0.9999818846222623
2057.503840268447 1.0004713693632752
2057.50522915996 1.000104691037377
2057.506618051006 0.9997849938759726
2057.5080069420524 1.000070613952743
2057.509395833099 1.0003409999424193
2057.510784724145 0.9996548669264452
2057.5121736156566 1.000243367299316
2057.5135625067037 1.0000536374470943
2057.51495139775 1.000241283780402
2057.516340288796 1.000314302109388
2057.5177291803084 1.0002404557284885
2057.519118071355 1.0003035502824824
2057.520506962401 1.0001256450446754
2057.5218958534474 0.9998768646498504
2057.5232847444945 1.0002515979790827
2057.524673636006 1.0006761630111443
2057.526062527052 1.0000339104448477
2057.5274514180987 1.000253406211293
2057.528840309145 0.9999637559114946
2057.530229200191 1.0001097511143775
2057.531618091704 1.0003171177240637
2057.53300698275 1.0000931872410996
2057.5343958737963 1.0002415260859836
2057.535784764842 1.000082663111156
2057.5371736558877 1.0005744058327046
2057.538562546934 1.0003622463893946
2057.5399514384458 1.000090682878564
2057.541340329493 0.9999243298993863
2057.5427292205386 1.000347488998674
2057.544118111585 0.9996886973323323
2057.5455070026314 1.0001273582208086
2057.5468958936776 0.9999781651813008
2057.548284784724 0.9997531724754887
2057.5496736762366 0.9997291183802332
2057.5510625672828 1.0002865001591634
2057.552451458329 0.9996767630889412
2057.553840349375 1.0001319765237335
2057.5552292404222 1.000092791783494
2057.5566181314684 1.0001123570297181
2057.5580070225146 0.999887880451125
2057.559395913561 0.9997681588184488
2057.5607848050727 1.0004370058779206
2057.562173696119 0.9999107903152387
2057.563562587166 0.999786335269938
2057.5649514782126 1.0003058135082092
2057.566340369259 0.9997263737527508
2057.5677292603045 0.999779983224394
2057.5691181513516 0.9998487334598595
2057.570507042398 0.9989050762403179
2057.571895933443 0.999947642484695
2057.5732848244893 0.9990466972351049
2057.5746737155355 0.9999120979122745
2057.5760626065817 0.9996014123681365
2057.577451498094 0.9997157007733585
2057.57884038914 0.99963563012023
2057.580229280186 0.9994878761653689
2057.581618171233 0.999694863607204
2057.58300706228 0.9997257989113821
2057.584395953326 0.9996157405271303
2057.585784844372 0.9999856371873328
2057.5871737354187 0.9998795904999777
2057.588562626465 0.9992799839610756
2057.589951517511 0.9993698658716208
2057.591340408558 0.9994969133124063
2057.592729299604 0.9996313281755587
2057.5941181906496 0.9995630929143366
2057.5955070816967 0.9991739329088921
2057.596895972744 0.9994547457202776
2057.5982848637896 0.9999147091468186
2057.5996737548357 1.0000657798851815
2057.6010626458824 0.9995802327640149
2057.6024515369286 1.0003304670707012
2057.603840427975 1.0000245414328521
2057.605229319022 1.000341009366175
2057.6066182100676 0.9998938112553126
2057.6080071011133 0.9997748081289836
2057.6093959921595 0.9997700149544154
2057.6107848832053 0.9999648610914648
2057.6121737742515 0.99976072871605
2057.613562665298 0.9999383405736266
2057.614951556345 1.0002055739145979
2057.6163404473914 0.9999188230005569
2057.6177293384376 1.0005620814097904
2057.619118229484 1.0005240757238534
2057.62050712053 1.0001828369834076
2057.621896011576 1.0002805457674857
2057.6232849026233 1.0004796761766719
2057.6246737936694 1.0003653895236124
2057.6260626847156 0.9998220027474921
2057.627451575762 1.0004174882617725
2057.628840466809 0.9996556712784522
2057.630229357855 1.000028020911743
2057.6316182489013 1.0004527710462197
2057.6330071394823 1.0005083418965093
2057.6343960305285 0.9998605476901153
2057.635784921574 1.0001568775288268
2057.6371738126213 1.000626198709772
2057.6385627036675 1.000025687721377
2057.6399515947137 1.000342688352099
2057.6413404857603 1.0000059879956256
2057.642729376807 1.000225510940065
2057.644118267853 1.0003934217252746
2057.6455071588985 1.000206654156036
2057.6468960499446 1.0000219171926543
2057.648284940525 1.0002902566408858
2057.6496738315714 1.00038679527984
2057.651062722618 1.00088306513309
2057.652451613664 0.9996522442968544
2057.65384050471 1.0000435374390835
2057.655229395757 1.0001111499776711
2057.656618286803 1.0002034975588976
2057.6580071778494 1.000033956335267
2057.659396068896 0.9997629638359949
2057.660784959477 1.0002927326309627
2057.6621738505232 1.000140258544048
2057.6635627415694 0.9995208906355619
2057.6649516326165 1.0003754447738944
2057.6663405236623 1.0000187453065614
2057.6677294147084 1.0002486618852355
2057.669118305755 0.9996700639281833
2057.6705071963356 1.0000676767025227
2057.671896087382 1.0003945039910365
2057.673284978429 1.0004207985397944
2057.674673869475 1.0004149921343748
2057.6760627605213 1.0001709331067001
2057.6774516515675 0.9999659809247619
2057.678840542149 0.9996551951318847
2057.680229433195 1.0000114396733022
2057.6816183242404 1.0006295479539034
2057.6830072152866 0.9996943575089975
2057.6843961063328 1.0001834581483628
2057.6857849969133 1.0004373561312754
2057.6871738879595 1.0006618491634376
2057.6885627790057 0.9997319053479732
2057.689951670052 1.0002763619104766
2057.691340561099 0.9998810451637851
2057.69272945168 1.0005827949817099
2057.694118342726 1.0000937986119842
2057.695507233772 0.9999850856327265
2057.696896124819 1.0003409954587648
2057.6982850153995 1.0001271622981456
2057.6996739064457 0.9998135401366686
2057.7010627974923 1.0004003538495514
2057.7024516885385 0.9996351049411715
2057.7038405795843 0.999829112886841
2057.7052294701657 1.0001263834646823
2057.7066183612123 0.9998117424550533
2057.7080072522585 0.9998566059380236
2057.7093961433043 0.9994170809303345
2057.7107850338857 0.9995634710567773
2057.712173924932 1.0003478801710939
2057.713562815978 0.9999964062015305
2057.7149517070247 0.9997590967481714
2057.7163405976053 0.9992677057705756
2057.717729488651 1.000082117832681
2057.719118379697 0.9996270270558419
2057.7205072702773 0.9992272208491048
2057.721896161323 1.0000097031500916
2057.72328505237 1.0001626174229565
2057.724673943417 0.999791622830495
2057.7260628339973 0.9996980658786592
2057.7274517250435 0.9998460088439199
2057.72884061609 0.9997308295409487
2057.7302295066706 0.9996936353049044
2057.731618397717 0.9998048632416552
2057.733007288764 0.9997631192836056
2057.7343961798097 0.9991691562929493
2057.73578507039 0.9998536816815334
2057.737173961437 0.9997558188862502
2057.738562852484 1.0000440205640118
2057.7399517430645 1.000236152144268
2057.7413406341107 0.9988277470997776
2057.742729525157 0.9998227221670059
2057.7441184157374 0.999712464022817
2057.7455073067836 0.999989040038536
2057.7468961978307 0.9997633736839795
2057.748285088411 1.0001256484098768
2057.7496739794574 1.000072525996617
2057.7510628705036 0.9997136096160093
2057.752451761085 0.9998775268912319
2057.753840652131 0.9995511331507363
2057.755229542711 1.0002998024334304
2057.756618433757 0.9998358460584579
2057.758007324803 0.9996900192486309
2057.7593962153837 0.9998238107600601
2057.76078510643 0.9996476223853449
2057.762173997476 0.999991855355912
2057.7635628880566 0.9996361858043115
2057.7649517791037 0.9998855562049288
2057.76634067015 0.9997923728181703
2057.7677295607305 0.9995837299058054
2057.7691184517766 0.9998945407311722
2057.770507342358 0.9996502078721015
2057.7718962334043 0.999962691460776
2057.7732851244505 1.0001124638781653
2057.7746740150315 0.9993843270543795
2057.7760629060776 0.999322590556953
2057.7774517966577 0.9997015394075174
2057.778840687705 0.9998238232311047
2057.7802295782853 1.0000121562316497
2057.7816184693315 0.9998173584121991
2057.783007360378 0.9999605976108858
2057.784396250959 0.9997184965716882
2057.7857851420054 1.0001906615825176
2057.787174032586 0.9998092800210013
2057.788562923633 0.9996544313032665
2057.789951814213 0.9996627573585901
2057.791340705259 0.9995054573639159
2057.792729596305 1.0002207729039612
2057.794118486885 1.0000943680873955
2057.7955073779312 1.000577834690465
2057.7968962685122 1.0006104182292477
2057.7982851595584 1.004841362335811
2057.799674050139 1.0256395859987981
2057.801062941186 1.021722121995524
2057.8024518317666 1.0136631240635685
2057.8038407228128 1.0075929218391821
2057.8052296133933 1.0063712963236469
2057.8066185044404 1.0058694066657585
2057.8080073950205 1.005334224860023
2057.8093962860667 1.0047225188889608
2057.8107851771133 1.004604568269613
2057.812174067694 1.0043478800200734
2057.81356295874 1.004412917051172
2057.8149518493215 1.004033718226506
2057.8163407403677 1.0049540543831987
2057.817729630948 1.0042780996386753
2057.8191185219944 1.0038759077597321
2057.820507412576 1.0032943211726189
2057.8218963031563 1.0032368476913673
2057.8232851942025 1.0029450712571433
2057.824674084783 1.0031635759126787
2057.8260629758292 1.0021444605531526
2057.82745186641 1.0027168446429633
2057.828840757456 1.0021361567376579
2057.8302296480356 1.0019397064514275
2057.831618539082 1.0024598767150692
2057.833007429663 1.0023165382612753
2057.83439632071 1.002164757035706
2057.8357852112904 1.002109858497078
2057.837174102336 1.002231360629298
2057.8385629929176 1.002628840517311
2057.8399518839637 1.0022803001804015
2057.8413407745443 1.0018886477570463
2057.8427296651253 1.0016294455507253
2057.8441185561715 1.0013938353298488
2057.8455074467515 1.0019022689968666
2057.8468963377986 1.0013283482222448
2057.84828522838 1.00106226022474
2057.849674119426 1.0013802219544607
2057.8510630100063 1.0016296832301126
2057.8524519005873 1.0020321326173978
2057.8538407916335 1.0009254780665962
2057.855229682214 1.001080990824487
2057.856618573261 1.0012346473322693
2057.858007463841 1.0014527923318914
2057.8593963544217 1.0012835870271921
2057.8607852454684 1.0015543047803313
2057.86217413605 1.0013157608869998
2057.8635630270956 1.0007889049623582
2057.8649519176756 1.000649518995433
2057.866340808256 1.0011046007097952
2057.867729699302 1.0009089295322686
2057.8691185898824 1.0007991232672138
2057.870507480929 1.000602134853215
2057.8718963715096 1.0009907519486592
2057.87328526209 1.000566467227178
2057.874674153137 1.0007991623291672
2057.8760630437173 1.0005830130930702
2057.877451934298 1.0002830948158408
2057.8788408253445 1.0009338568576889
2057.880229715926 1.0006231007223978
2057.8816186065064 1.0005299406295083
2057.8830074975526 1.0006677891359805
2057.884396388133 1.0000465667378666
2057.8857852791793 0.9999141867841361
2057.88717416976 1.0002468776321969
2057.8885630603413 1.0003262853953974
2057.8899519513875 1.0013184100497452
2057.891340841968 1.0013681781828696
2057.8927297325486 1.0006148058993172
2057.89411862313 1.000637150087393
2057.895507514176 1.0010063061848986
2057.8968964047567 1.0005832796869771
2057.8982852953377 1.0001954613899169
2057.899674186384 1.0004856386911438
2057.9010630769635 1.0004296029439226
2057.902451967544 1.0007788195824097
2057.9038408585902 1.0006221293878235
2057.9052297491703 1.0004627907329045
2057.9066186397517 1.0001109514201034
2057.908007530799 1.0000632890359977
2057.909396421379 1.0004145782576337
2057.9107853119594 1.0003470952373767
2057.9121742025404 1.0006909506067312
2057.9135630935866 1.0013823136294857
2057.914951984167 1.0007618345099538
2057.916340874748 1.0011526551896401
2057.9177297657943 1.000274159522044
2057.9191186563744 1.0001847669305273
2057.920507546956 1.0010297440913185
2057.9218964375364 1.0005274724853648
2057.9232853285826 1.0002469096479525
2057.9246742191635 1.0002192467646285
2057.9260631097445 1.0007607099136977
2057.927452000325 0.9998466742409552
2057.9288408913712 1.0004984080278836
2057.9302297819527 1.0000707641758695
2057.9316186725327 1.0000571734579855
2057.9330075631133 1.0000830951332713
2057.93439645416 1.0001501442264606
2057.9357853447405 1.0000630382836346
2057.937174235321 0.9998388442088648
2057.9385631259015 1.000431080567707
2057.939952016482 1.0006404770096051
2057.9413409075282 1.0007787515348001
2057.9427297981088 1.0006007727436421
2057.9441186886893 0.9999504949398585
2057.94550757927 1.0002359691018154
2057.946896470316 1.0000875145525867
2057.9482853608974 1.0007779235403398
2057.949674251478 1.000224407261649
2057.9510631420585 1.000558706133802
2057.952452032639 1.0002170388809652
2057.953840923685 1.0004116260137346
2057.9552298142657 1.0001214450464158
2057.956618704847 1.00029400182997
2057.958007595428 1.0002643105994296
2057.9593964860087 1.0003024325802186
2057.960785376589 1.0004485250206216
2057.962174267636 1.0000627830060707
2057.9635631582164 1.0001636283993067
2057.964952048797 1.0006252378606033
2057.966340939378 0.9998999347241648
2057.9677298299584 0.9998361396365592
2057.9691187205385 0.999986534692288
2057.9705076115856 0.9997774368880374
2057.9718965021666 1.0003594825414284
2057.973285392747 1.0003506799001054
2057.9746742833267 1.0000160975041987
2057.9760631739073 0.9995350350213776
2057.977452064488 0.9997505267422288
2057.978840955068 0.9997705769552749
2057.980229846115 0.9999794156990599
2057.9816187366955 0.9998607591278316
2057.983007627276 1.0001053114613396
2057.984396517857 0.9998352741623125
2057.985785408438 0.9995021213543448
2057.9871742990185 1.0000198645370209
2057.988563189599 0.999860890863288
2057.9899520801805 0.9991063069884855
2057.9913409712262 1.0002065322834728
2057.9927298618068 0.9999114535810056
2057.9941187523877 1.0001269540954452
2057.9955076429683 1.0007974867620488
2057.996896533549 1.0004500062607227
2057.9982854241302 1.0001760028753917
2057.9996743147103 1.0002674092227946
2058.001063205291 1.0002988106439044
2058.002452095872 1.000560341385312
2058.0038409864533 0.999764490095334
2058.005229877034 0.999698933682083
2058.00661876808 0.9999612982192335
2058.0080076586605 0.9998344888804881
2058.009396549241 1.0001612609361055
2058.0107854398216 0.9998450227603007
2058.012174330402 0.9999833721376601
2058.0135632209817 0.9999120775009914
2058.0149521115623 0.9996077661113748
2058.0163410021437 0.9996608844778752
2058.0177298927247 0.9997082591371766
2058.019118783305 0.9999092141805536
2058.0205076738853 0.9997940916442294
2058.0218965644667 0.9995234846476896
2058.0232854550472 0.9994289474998288
2058.024674345628 1.000153210229731
2058.0260632362083 0.9993941691697827
2058.027452126789 0.9994170854247317
2058.0288410173694 1.000178254963438
2058.030229907951 0.999424287118801
2058.031618798532 0.9994691459785775
2058.0330076891123 0.9994143279947392
2058.0343965796924 0.999794735519138
2058.0357854707395 1.0005343449195558
2058.03717436132 0.9997578554096656
2058.0385632519005 0.9999930048770356
2058.0399521424815 1.0001958587941795
2058.041341033062 0.9998517343730421
2058.042729923642 0.9996200784844318
2058.0441188142236 0.9997165752655276
2058.045507704804 0.9999984457154772
2058.0468965953846 1.000209225455732
2058.048285485965 1.0002863328774523
2058.0496743765457 0.9997125982967026
2058.05106326666 1.000147223914663
2058.0524521572406 0.9992718488094651
2058.0538410478216 0.9994691122806606
2058.055229938402 1.0001341828833206
2058.0566188289827 0.9997379168302819
2058.058007719564 0.9994237906162321
2058.059396610144 0.9991017919158642
2058.0607855007247 0.9998805329271333
2058.0621743913057 0.9993823614625107
2058.063563281887 0.9996732310297854
2058.0649521724677 0.9990280881353607
2058.066341063048 0.9987731243823517
2058.0677299536287 0.9991590765235583
2058.0691188442092 0.999474078512471
2058.0705077347898 1.0006301205511143
2058.071896625371 1.001233578921738
2058.0732855159513 1.0010182729228367
2058.074674406532 1.0008516104113019
2058.076063297113 1.0015395340574653
2058.0774521876942 1.0004476627190049
2058.0788410782748 1.0005907525800688
2058.0802299683896 1.0007580923580908
2058.08161885897 1.0002967040281128
2058.0830077495507 1.0005175743465706
2058.0843966401308 1.0003357595445475
2058.085785530711 1.000213876281174
2058.0871744212914 1.0004249921680526
2058.088563311872 1.000007228360886
2058.0899522024533 1.0007671396604574
2058.091341093034 1.0001654062677208
2058.0927299836144 1.0001182718334733
2058.094118874195 0.9997487694271388
2058.0955077643107 0.999988233252768
2058.096896654891 0.9996910874057793
2058.0982855454718 0.9999769457365351
2058.0996744360527 1.0000850473296752
2058.1010633266333 1.0006481076475031
2058.1024522172133 0.9997427237953616
2058.103841107795 1.0001180041767268
2058.1052299983753 0.9995709941654848
2058.10661888849 1.0001348961138692
2058.108007779071 0.9999034452830857
2058.109396669652 1.0005459588700858
2058.1107855602327 1.0000031724994152
2058.112174450813 1.0000930393875245
2058.1135633413946 1.0003150996051426
2058.1149522319747 0.999620330380827
2058.1163411220896 1.0000553667452992
2058.1177300126706 0.999487324483774
2058.119118903251 0.9995503253609447
2058.1205077938316 0.9991463201319603
2058.121896684412 0.9996555435323335
2058.1232855749927 0.9991420584959312
2058.124674465107 0.9993985506164438
2058.1260633556876 0.9991517668536172
2058.1274522462686 0.9986781385587007
2058.128841136849 0.9997044208133748
2058.1302300274297 0.999806151089447
2058.131618918011 0.9996299972884025
2058.1330078081255 0.9991104906737149
2058.134396698706 0.999730180735681
2058.135785589287 0.9996567675559153
2058.1371744798676 0.9987838614173299
2058.138563370448 0.9994974145820437
2058.139952260564 0.9989208965594507
2058.1413411511444 0.9976074413251311
2058.142730041725 0.9974344581666903
2058.1441189323054 0.9966228514474198
2058.145507822887 0.9972824839085831
2058.1468967130018 0.9967457495714132
2058.1482856035823 0.9968112834070824
2058.149674494163 0.9969242012182743
2058.1510633847433 0.996173791091216
2058.152452274858 0.9965694131260028
2058.1538411654396 0.9961636141174283
2058.1552300560206 0.9970703481727937
2058.156618946601 0.9968410141322661
2058.158007836715 0.9967787757246169
2058.1593967272956 0.9964455651515635
2058.160785617876 0.9962751514926913
2058.1621745084562 0.996184762496991
2058.163563398572 0.9961029692756355
2058.1649522891526 0.9964397531465878
2058.166341179733 0.995888257027063
2058.167730070314 0.9959818328731167
2058.1691189604294 0.9959471849259199
2058.17050785101 0.9960663520649449
2058.1718967415904 0.9961538337829889
2058.173285632172 0.9961101159746077
2058.1746745222863 0.9960672350441265
2058.176063412867 0.9960944557029531
2058.177452303448 0.9960093981083888
2058.1788411940283 0.9961412578481049
2058.180230084143 0.9961904887843526
2058.1816189747246 0.9962031492800305
2058.1830078653047 0.9961903966828897
2058.184396755419 0.9965642552586428
2058.1857856460006 0.9962419630808483
2058.187174536582 0.9964187804786759
2058.188563427162 0.9961074188355349
2058.189952317277 0.9963383333767667
2058.191341207858 0.9958730944677603
2058.1927300984385 0.9960237208634715
2058.1941189885533 0.996204522146017
2058.195507879134 0.9957477214210698
2058.1968967697135 0.996079298566433
2058.1982856598283 0.9959300306218792
2058.19967455041 0.9954500601434536
2058.2010634409903 0.9960420111298932
2058.202452331105 0.9962168280997945
2058.2038412216857 0.9960053071722886
2058.205230112267 0.9957761417316614
2058.206619002382 0.9958827311928601
2058.2080078929625 0.9956433194534371
2058.209396783543 0.995562182647885
2058.210785673658 0.9956854670851444
2058.2121745642385 0.9958080910052124
2058.21356345482 0.9953446099554628
2058.214952344935 0.995444576784731
2058.2163412355158 0.9949380686081402
2058.217730126096 0.9955861250706726
2058.2191190162116 0.9955608091316676
2058.220507906792 0.9959692004283701
2058.2218967973727 0.9958629101810493
2058.223285687488 0.9957257993218015
2058.2246745780685 0.9957726835335289
2058.226063468183 0.9957008630690672
2058.2274523587644 0.995471592391776
2058.228841249345 0.9953320546285105
2058.2302301394598 0.9955939791869957
2058.2316190300403 0.9957075710622475
2058.233007920155 0.9964273162731113
2058.2343968107352 0.9963309906591546
2058.2357857013153 0.9967725479163442
2058.237174591431 0.9985967640955197
2058.2385634820116 1.0009427369604307
2058.239952372592 1.0009786661278952
2058.2413412627075 1.0041509077197603
2058.242730153288 1.003738296783717
2058.2441190434024 1.001721123902642
2058.245507933984 1.0016819345731762
2058.2468968240996 1.0009285813275435
2058.2482857146797 1.0001074288318899
2058.24967460526 1.00034088645611
2058.2510634953755 1.0008726923932583
2058.252452385956 0.9998027617328887
2058.253841276071 1.0003058914556058
2058.2552301666524 1.0002439675515153
2058.256619056767 1.0003150630026183
2058.2580079473473 1.0007480127048816
2058.2593968379283 1.00052256018469
2058.260785728044 0.9997896889436826
2058.2621746186246 1.0001414017298906
2058.2635635087395 0.9998822450872286
2058.26495239932 0.9999225914949184
2058.266341289435 1.000344417025581
2058.267730180015 1.000055001017552
2058.2691190701294 0.9995212951237639
2058.27050796071 1.0002715339171306
2058.2718968512904 0.9996447746544462
2058.273285741406 0.9997993996509993
2058.274674631987 0.9990252091359352
2058.276063522102 0.9994323399075226
2058.277452412682 0.9992792352579632
2058.278841302798 1.0001981194466754
2058.2802301933784 1.000648339375992
2058.2816190834933 1.0003957890688833
2058.2830079740743 1.000347111976461
2058.284396864189 1.0002603097340717
2058.285785754769 1.0003230371013188
2058.287174644885 1.0002097889224262
2058.2885635354655 1.0000471017798562
2058.2899524255804 1.0011628896997444
2058.291341316161 0.9998922287885561
2058.2927302062767 0.9996900042499891
2058.2941190968572 1.0001988819308574
2058.295507986972 0.9998501304177851
2058.296896877553 0.9997726437408172
2058.298285767668 0.9999510397559565
2058.299674658248 1.0002620741116999
2058.301063548364 1.0001792823464664
2058.3024524389443 1.000331523000942
2058.303841329059 1.0002020345450482
2058.3052302196397 1.0002071564883224
2058.3066191097546 0.9991703037105353
2058.3080080003347 0.9996490624929643
2058.3093968904495 0.9999273349311707
2058.3107857810305 1.000010601922355
2058.3121746711454 0.9997518681363189
2058.3135635612603 1.000052651898643
2058.3149524518417 1.0003697531885554
2058.316341341956 1.0002701665383733
2058.3177302325366 1.000002739773023
2058.319119122652 0.9998010695312018
2058.3205080132334 0.999632992858072
2058.3218969033483 0.9992780202244868
2058.323285793929 0.9994101261284226
2058.3246746840437 1.0001703382906542
2058.3260635741585 0.999815130364659
2058.327452464739 0.9996022705006091
2058.328841354855 0.9996070374951028
2058.3302302454354 1.0000674190361103
2058.33161913555 1.0002671730129291
2058.3330080261308 0.9995965630555149
2058.3343969162456 1.0007056227436362
2058.3357858063605 0.999584300073885
2058.337174696942 1.0004464275079388
2058.3385635870573 0.9998433703741554
2058.339952477638 1.0001241116547515
2058.3413413677517 1.0000873062750582
2058.342730258332 1.0000228685825934
2058.3441191484467 1.0003452889791238
2058.3455080385615 1.0002529795367663
2058.346896929143 0.9996443547933732
2058.348285819258 1.0002670293438094
2058.3496747098384 1.0005819330395878
2058.3510635999532 1.0009619453547753
2058.352452490069 1.0013037238216371
2058.3538413806496 1.00038743574349
2058.3552302707644 1.0005453586808204
2058.3566191608797 1.0001978231591966
2058.3580080514603 1.0002124702910795
2058.3593969415747 1.0008967970055316
2058.360785832156 0.9999626040536254
2058.362174722271 1.0001722101626147
2058.363563612386 1.000639171913307
2058.364952502967 1.0002253215446817
2058.366341393082 1.0003837095183183
2058.367730283197 1.0010313180086405
2058.3691191737776 1.000004525389639
2058.3705080638933 1.0002541336009159
2058.3718969540078 1.0002053053082856
2058.3732858445883 1.000285090176738
2058.3746747347036 1.0000485862531627
2058.3760636248185 0.999266212977813
2058.377452515398 1.0003509323881776
2058.378841405513 1.000045845738972
2058.3802302956287 1.000455832313724
2058.3816191862093 0.9999659439683017
2058.383008076324 0.9998167426488082
2058.384396966439 1.000191352168007
2058.3857858570195 0.99937713073146
2058.3871747471344 1.0001612224327798
2058.38856363725 0.9995880187272874
2058.3899525278307 0.9996166003020046
2058.3913414179456 0.999540521557445
2058.3927303080604 0.9995814858882162
2058.394119198641 0.9994618323655444
2058.395508088756 0.9998517676970022
2058.3968969788716 1.0001063210419223
2058.398285869452 0.9997584294317484
2058.399674759567 0.9997518844991389
2058.401063649682 0.9997149805576023
2058.4024525402633 1.000346923718808
2058.403841430378 0.9994955745806733
2058.405230320493 0.9998886874548499
2058.406619210608 0.9995667799380182
2058.4080081011884 0.9998673810313208
2058.4093969913033 1.000224401476026
2058.410785881419 0.9996709618603845
2058.412174772 1.0000713064593296
2058.413563662115 0.9991745710751563
2058.414952552229 0.9995028927688754
2058.4163414423438 0.9999213163055947
2058.4177303329243 0.9996980066055252
2058.4191192230387 0.999253657524507
2058.4205081131545 1.0000836795978427
2058.4218970032694 1.000487548469174
2058.42328589385 1.0002034199064174
2058.424674783965 1.000078200637841
2058.4260636740805 0.9994775990074262
2058.4274525641954 0.9994009558521245
2058.428841454776 1.0001054530159206
2058.4302303448917 0.9989592246857656
2058.431619235006 0.9999858366600322
2058.433008125121 1.0003995429238473
2058.434397015702 0.9996896062116842
2058.435785905817 1.0001580508521475
2058.4371747959317 1.0000173758037647
2058.4385636860475 0.9997409141126118
2058.439952576628 1.0001835113722901
2058.441341466743 1.0001190068167105
2058.4427303568577 1.0001810065248034
2058.4441192469735 0.9997467614502381
2058.445508137554 1.0003146391954756
2058.446897027669 0.9999026585520233
2058.448285917784 0.9997906835247943
2058.4496748078986 1.000032009801425
2058.4510636980126 1.0002753512989941
2058.452452588593 1.0000171348099018
2058.453841478708 0.9997260854251745
2058.455230368823 0.9998516220729717
2058.4566192589386 1.0001043507231375
2058.4580081490535 1.000072699270366
2058.459397039634 0.9999101684870338
2058.460785929749 1.0004245213931773
2058.4621748198647 0.9999952408691315
2058.4635637099796 1.0003960722105434
2058.4649526000944 1.000227954910138
2058.466341490675 0.9999649031344356
2058.46773038079 1.0003954578501297
2058.4691192709047 1.0000678120559128
2058.4705081610205 0.9996779575441687
2058.471897051136 1.0003154940783594
2058.4732859412507 1.0000537711030761
2058.4746748318307 1.000819757841321
2058.4760637219465 0.9997874208582844
2058.4774526120614 0.9997501909552234
2058.4788415021762 0.9998862793001799
2058.4802303922916 1.0003245029977272
2058.4816192824064 1.0002230326203347
2058.4830081729865 1.0002927328388793
2058.4843970631023 1.0000790995826871
2058.485785953218 1.0004516331468518
2058.4871748433325 1.0004792202875392
2058.488563733447 1.0002027939414924
2058.4899526235617 1.0002837877843036
2058.491341514142 0.9998311098709977
2058.4927304042567 1.0004180554770916
2058.494119294372 1.0001587751454932
2058.495508184487 1.000200160318544
2058.4968970746017 0.9996793683651938
2058.4982859647175 1.0000049949188594
2058.4996748548324 0.9993086912012908
2058.5010637449473 1.0002348720963863
2058.502452635528 1.0007229180726545
2058.5038415256436 0.9996660767911597
2058.505230415758 1.000021880635899
2058.506619305873 0.9999394725382507
2058.508008195988 0.9996704936649404
2058.509397086103 1.000463512703316
2058.510785976218 0.9998090331823276
2058.5121748663337 0.9996055877877518
2058.513563756448 0.9994123751044426
2058.5149526470286 0.9999824024716442
2058.516341537144 0.9997110725557452
2058.5177304272597 0.999945069062575
2058.5191193173746 0.9994939782700762
2058.5205082074895 1.0000769244396317
2058.5218970976043 1.000066222834965
2058.523285987719 1.0000889296602056
2058.5246748778336 1.0008297184485562
2058.526063767948 1.0008572779102154
2058.527452658063 1.0005745591895827
2058.5288415486434 1.0000061817819557
2058.530230438759 1.0001082986870657
2058.5316193288745 1.0002451244369093
2058.5330082189894 1.0002130238148024
2058.534397109104 1.0004000052303805
2058.5357859992196 0.9998564048944535
2058.5371748893344 0.9992850079540636
2058.5385637794493 1.0001186286715753
2058.5399526695646 1.000217046648864
2058.5413415596795 1.0000514674217758
2058.542730449794 0.9995843444903418
2058.5441193399097 0.9999740888178272
2058.5455082300255 1.0004619961514187
2058.54689712014 0.9997698979171602
2058.5482860102547 0.9992178344675784
2058.54967490037 0.9998729499964939
2058.551063790485 0.9999328515281922
2058.5524526810655 0.9995615803169647
2058.5538415711812 0.9999776575112773
2058.5552304612957 1.000118009090384
2058.5566193514105 1.0005916988185275
2058.558008241526 0.9995258398279808
2058.5593971316416 0.9997377293086012
2058.5607860217556 0.9998173531392087
2058.5621749118695 0.9996467130229565
2058.5635638019853 0.999917532123852
2058.5649526920997 0.9995281328367261
2058.5663415822146 1.0005129721836468
2058.56773047233 1.000091256823913
2058.569119362445 0.9997210060464929
2058.5705082525596 1.000078421168012
2058.5718971426754 1.0000482401609083
2058.5732860327903 0.999938809644408
2058.574674922905 0.9993475927467427
2058.57606381302 1.000239524657614
2058.577452703136 0.9999567532168656
2058.5788415932507 1.000685878797506
2058.5802304833655 1.0000989655310064
2058.5816193734804 0.9994335432676474
2058.5830082635953 1.0002417609702752
2058.58439715371 0.999702881291156
2058.585786043826 1.0000904050538444
2058.587174933941 0.9992259262897932
2058.5885638240557 0.9999375144186073
2058.5899527141705 1.0000858865373505
2058.5913416042863 0.9994600993203429
2058.592730494401 0.9998936847935875
2058.594119384516 0.9995695222207427
2058.5955082746314 1.0002955313006607
2058.596897164746 0.999731438300533
2058.59828605486 1.0002295964151127
2058.599674944975 1.0003879165307197
2058.60106383509 1.0005234280678355
2058.6024527252043 1.0002141417654118
2058.60384161532 1.000521034125063
2058.605230505436 1.0003673422414718
2058.6066193955503 1.0000673387077619
2058.6080082851995 0.999829577405408
2058.609397175315 0.9994584591881306
2058.6107860654297 0.9996887384477846
2058.6121749555446 1.0000698275094262
2058.61356384566 0.9996645268825594
2058.6149527357748 0.9999153319373988
2058.616341625889 1.0001465330041843
2058.617730516005 1.0001112626145623
2058.6191194061207 0.9997777173783332
2058.620508296235 1.0000536696504776
2058.62189718635 0.9999559492811184
2058.6232860764653 0.9997683534752618
2058.62467496658 0.9997905617681906
2058.626063856695 0.9999969131071725
2058.627452746811 0.9997133998623987
2058.6288416369252 0.9998749863025116
2058.6302305265745 0.9998170545738909
2058.63161941669 1.000123701769517
2058.6330083068056 0.9994619929220967
2058.6343971969195 1.0003041358920002
2058.6357860870335 0.9997653143375252
2058.6371749771492 1.00020583420067
2058.638563867264 0.9999670009188701
2058.639952757379 0.9995386158475427
2058.641341647494 1.0002705089140342
2058.6427305376087 0.9998875973997611
2058.6441194277236 1.0000750127978717
2058.6455083173737 0.9992993816921778
2058.6468972074886 1.0004711829493014
2058.6482860976034 1.0004387718613006
2058.6496749877183 0.9999673628700546
2058.651063877834 0.999656785319811
2058.652452767949 1.000093752799975
2058.653841658064 1.0004331500021004
2058.655230548179 1.000390300330705
2058.656619438294 1.0001714719759611
2058.6580083279428 1.000100863749687
2058.6593972180585 1.0000875717008133
2058.6607861081734 0.999666571067885
2058.6621749982883 1.000098839906642
2058.6635638884036 1.000196963253776
2058.664952778519 0.9998286695215418
2058.666341668634 0.9998693699919973
2058.6677305587486 0.9999489831148347
2058.6691194483983 0.9993771350919242
2058.670508338513 1.000105587851465
2058.671897228627 1.0003473643787084
2058.673286118742 0.9993880927451146
2058.674675008857 0.9999714101803958
2058.6760638989713 0.9993875290087401
2058.677452789087 1.0003519582556393
2058.678841678737 0.9997141216774059
2058.6802305688516 0.9997437824846148
2058.6816194589665 1.00021042605345
2058.683008349082 0.9998307371190889
2058.6843972391966 1.0002566767079766
2058.6857861293115 0.9999698731481623
2058.6871750194273 0.9999927649510507
2058.688563909076 0.9996239036453237
2058.689952799191 0.999642293906555
2058.6913416893062 0.9999238582563327
2058.692730579422 1.0003243664684058
2058.694119469537 0.9995890633205391
2058.695508359186 0.9998733410403966
2058.696897249301 1.0000493346405432
2058.698286139416 0.9998190303680324
2058.6996750295307 1.0003391649947573
2058.7010639196465 0.999343503728664
2058.7024528097613 0.999708874420758
2058.7038416994105 0.9996452009695784
2058.7052305895254 0.9999268355299473
2058.706619479641 1.0000830053928604
2058.708008369755 0.9998186951505399
2058.709397259869 1.001793643573794
2058.712175039634 1.0013408843029616
2058.713563929749 1.0009676505480973
2058.7149528198643 1.000630466109749
2058.716341709979 1.0003722030817799
2058.717730599628 1.0001294806131833
2058.7191194897437 0.9996075339257872
2058.720508379859 0.9999755750099153
2058.721897269974 0.9997608520071121
2058.7232861600883 0.9999314697207616
2058.7246750497384 0.999482949363065
2058.7260639398532 1.0004676008012288
2058.727452829968 0.9999644326582178
2058.7288417200834 1.000627041753583
2058.7302306101983 1.000151038150174
2058.731619499847 0.9999992886877404
2058.733008389963 1.0004661377370625
2058.7343972800777 1.0004951730408687
2058.7357861701926 1.0000609323117886
2058.7371750598422 0.9999403728180659
2058.7385639499576 1.0005468286487003
2058.7399528400724 1.0004924090299803
2058.7413417301873 1.0005642322730903
2058.7427306198374 1.0009734104395664
2058.7441195099514 1.0000120904737262
2058.7455084000653 1.0003162436887574
2058.746897290181 1.0000463452063588
2058.74828617983 1.0003101855352792
2058.7496750699447 1.0007872431992417
2058.75106396006 1.0001893986309016
2058.752452850176 1.000309100216145
2058.753841739825 0.9999448890325856
2058.75523062994 1.0003685856904843
2058.7566195200548 1.000899168349274
2058.7580084101696 1.0007037242633412
2058.759397299819 1.0000468111420473
2058.7607861899346 1.0004609908150246
2058.7621750800495 1.0008926937760532
2058.7635639701643 1.0005628859768394
2058.7649528598135 1.0003275327799404
2058.7663417499293 1.000305483644716
2058.767730640044 1.0000843677366873
2058.769119530159 0.9999329339466915
2058.7705084198087 1.0006032255683277
2058.7718973099236 1.0004565247012684
2058.773286200038 1.0006469155221929
2058.774675089688 1.0002842342972103
2058.776063979803 1.000766785215073
2058.777452869918 1.0004988929812357
2058.7788417600327 1.000655734519808
2058.780230649683 1.0005751502255424
2058.781619539797 1.000126572612861
2058.7830084299108 1.0003336168570078
2058.784397319561 0.9999735457152488
2058.7857862096757 0.9999627248436502
2058.7871750997906 0.9998792838633836
2058.788563989906 0.9993802656151058
2058.789952879555 1.00034571998525
2058.7913417696695 1.0000934667560402
2058.7927306597853 0.9996296432789489
2058.7941195494354 0.9996690538235189
2058.79550843955 1.000063609111451
2058.7968973296647 1.0001361838682261
2058.7982862193144 1.0000071406394813
2058.7996751094292 0.9998512097954636
2058.801063999544 0.9999360663550918
2058.8024528891942 0.9994212610042031
2058.8038417793086 0.9999754144260597
2058.8052306694235 0.999892860756869
2058.806619559073 1.0001386414707483
2058.808008449188 1.0003578459896143
2058.809397339303 0.9998836137038734
2058.810786228953 1.0001617980260056
2058.812175119068 1.0004720067792128
2058.8135640091828 1.0006137657617376
2058.814952898832 1.0000735606569973
2058.8163417889477 0.9997692081443484
2058.8177306790617 1.000256745058193
2058.81911956871 0.9998964821032092
2058.8205084588258 1.000497260293947
2058.82189734894 0.9993476058736539
2058.8232862385894 0.9996129148214559
2058.8246751287047 0.9995287781351953
2058.8260640188205 1.0001650868043956
2058.8274529084697 1.0001579446521458
2058.8288417985846 1.0000920490890077
2058.8302306886994 0.9999496325146793
2058.8316195783486 0.9994496244583354
2058.8330084684635 0.9995465002022108
2058.8343973585793 1.0000061558280267
2058.8371751383434 1.0052060216539962
2058.838564028458 1.0127197754102932
2058.8399529181083 1.0092514574072606
2058.841341808223 1.0076658001203986
2058.8427306978724 1.0067950170577473
2058.8441195879877 1.004690912438392
2058.8455084781026 1.0038854204328471
2058.8468973677514 1.0037463629775218
2058.848286257867 1.0026090865647161
2058.849675147982 1.00223577904954
2058.851064037631 1.0019907158455679
2058.8524529277465 1.0017057734291057
2058.853841817396 1.001787246790293
2058.85523070751 1.0015548919134905
2058.8566195976246 1.0007642982483087
2058.858008487274 1.000828040638637
2058.859397377389 1.0008385136519602
2058.860786267504 1.0003814552904498
2058.862175157154 1.0011057604859128
2058.8635640472685 1.0003589947857794
2058.8649529369177 1.0004098401208397
2058.866341827033 1.0006510997217126
2058.867730717149 1.0002224122117165
2058.869119606798 0.9998660589560857
2058.870508496913 1.0008141148696796
2058.871897386562 0.9999314395333379
2058.873286276677 1.0008593110395647
2058.874675166792 0.9996592427280477
2058.876064056442 0.9990245741175909
2058.8774529465563 1.0000477389174576
2058.8788418362055 0.9999377086987821
2058.880230726321 1.0002023727839189
2058.8816196164366 1.0003224595279574
2058.883008506086 0.9999522610825423
2058.8843973962007 0.9998894373770405
2058.88578628585 0.9996415352936897
2058.887175175965 0.999618124917633
2058.888564065614 0.9993071397375057
2058.8899529557298 0.999781044019024
2058.8913418458437 0.9990588634047778
2058.892730735492 0.9991261484234774
2058.894119625608 0.9994709579198061
2058.8955085152575 0.9993878374079125
2058.8968974053723 0.9996674418865932
2058.898286295021 0.9992515424150996
2058.899675185137 0.9994594658515098
2058.9010640752517 0.9996309497527623
2058.902452964901 0.9997470808171973
2058.9038418550163 0.9997576152270607
2058.9052307446655 1.0001750999169075
2058.90661963478 0.9999349761971503
2058.90800852443 1.0001448185175714
2058.909397414545 1.0000308537334437
2058.9107863046597 0.9991422852542216
2058.9121751943094 0.9998281347848813
2058.9135640844247 0.9996480126365591
2058.914952974074 1.0001019978217616
2058.916341864189 1.000288131442775
2058.917730753839 0.9995168895439085
2058.9191196439533 0.9990286758824463
2058.9205085336025 0.9989356518863237
2058.921897423718 0.9995501222540116
2058.923286313367 0.999727274897214
2058.924675203482 1.000001772386153
2058.9260640935977 0.9994111290466269
2058.9274529832464 0.9999476611628579
2058.9288418733604 0.9994748691514511
2058.9302307630096 0.9991311277642659
2058.931619653125 1.000152501653184
2058.933008542774 0.9999557048963336
2058.934397432889 0.9998970045327454
2058.935786322539 0.9994231638001033
2058.9371752126535 0.999923707134127
2058.9385641023027 1.0001276585241943
2058.939952992418 1.0005604379020399
2058.941341882068 1.0005761103260131
2058.942730772183 0.9996349193717308
2058.9441196618322 0.999857140377761
2058.945508551947 0.9995752243147363
2058.9468974415963 0.9999721398254938
2058.948286331711 1.0000866443413867
2058.9496752213613 1.000307369466243
2058.951064111476 1.0002241394532179
2058.9524530011254 1.0006704878533825
2058.9538418912402 1.0006659588911118
2058.9552307808904 1.001046227864641
2058.9566196710052 1.0006159978900302
2058.95800856112 1.0004414374932298
2058.9593974507698 1.0013406867780137
2058.9607863408846 1.000957411357486
2058.9621752305334 1.0003680187787511
2058.963564120649 1.0007532134570833
2058.9649530102974 1.00111182433729
2058.9663419004114 1.0012015446982037
2058.9677307900615 1.0005546112129386
2058.9691196797116 1.0007487518246918
2058.970508569826 1.0013020803613966
2058.9718974594753 1.001216372133681
2058.9732863495906 1.0004230123433255
2058.97467523924 1.0010180369115205
2058.9760641293547 1.000569953338609
2058.9774530190048 1.000479215855192
2058.978841909119 1.0003539362940617
2058.9802307987684 1.0005131219953145
2058.9816196888837 1.001011646399085
2058.983008578534 1.0002768862047227
2058.985786358298 1.0009649718149187
2058.9871752484128 1.0006174915293886
2058.988564138062 1.0005264317676636
2058.989953028177 1.0006665716442498
2058.991341917827 1.0000893575931733
2058.9927308079414 1.000496623244844
2058.9941196975906 1.0002478813102325
2058.995508587706 1.0000228653622645
2058.996897477356 1.000414378412346
2058.998286367471 1.0000025926406482
2058.99967525712 0.999373445471314
2059.001064146769 1.0005043198292665
2059.0024530368833 1.0003621913258594
2059.0038419265325 1.0005842473759234
2059.0052308166473 0.9997799350737783
2059.0066197062965 1.0012381774315045
2059.0080085964114 0.9999317938373906
2059.0093974860615 1.000139465808261
2059.010786376177 1.0004084792182075
2059.012175265826 1.0000002355547521
2059.0135641559405 1.0001035197784607
2059.0149530455906 1.0002236300276128
2059.01634193524 1.000391768135438
2059.0177308253546 0.9999297056917431
2059.0191197150043 0.9998702525471768
2059.020508605119 0.9998992230521146
2059.021897494768 1.000561417800676
2059.0232863848837 0.9996586279834885
2059.024675274533 1.0001473695188279
2059.026064164648 1.0000269532039414
2059.0274530542974 0.9999225483749886
2059.028841943947 1.0003252857584348
2059.030230834062 1.0002080833462161
2059.031619723711 0.9998063544818621
2059.033008613827 1.0007080818962872
2059.0343975034757 1.0001981144179424
2059.0357863935906 0.9998699733313394
2059.0371752832402 0.9996884572016629
2059.038564173354 0.9998737879663817
2059.0399530630025 0.9992677066770853
2059.0413419526526 0.9997189057260657
2059.0427308427684 1.0001041916060933
2059.044119732417 0.9996558007639365
2059.045508622532 1.000457097612196
2059.0468975121817 0.9998130091802881
2059.048286401831 0.9998824295710671
2059.0496752919457 1.0000653383531728
2059.051064181596 0.9998771861062103
2059.0524530717103 0.9998286118302836
2059.0538419613595 1.0005403438333398
2059.055230851475 1.000425188714177
2059.056619741125 0.9998473033212183
2059.058008630774 0.9998535260384346
2059.059397520889 1.000234494929455
2059.060786410538 1.0001990407009544
2059.062175300653 0.9997411627531335
2059.0635641903023 1.000359606121018
2059.0649530799524 0.9999902153748823
2059.0663419700672 1.0001113607739087
2059.0677308597164 1.0000178817329992
2059.0691197498313 0.9998030829939876
2059.0705086394814 0.9999927330621382
2059.0718975291306 1.0001308880934088
2059.0732864192455 1.0001782941287314
2059.0746753088947 1.0003406484021025
2059.0760641990087 1.0000167576607182
2059.077453088658 1.0002328184321672
2059.0788419783075 0.999821627238238
2059.0802308684224 1.0001701298276158
2059.081619758071 0.9995852698919435
2059.083008648187 0.9997138859492855
2059.084397537837 0.999918643027245
2059.085786427486 1.0004978915132356
2059.0871753176007 1.0001591477331588
2059.0885642072503 0.9997107933416898
2059.089953097365 1.0001764931842771
2059.0913419870144 0.9998612872271778
2059.0927308766645 0.9997473644330622
2059.094119766779 1.0004070234181928
2059.0955086564277 1.0000970451153133
2059.096897546078 1.001208787951342
2059.0982864361936 1.002162426584812
2059.0996753258423 1.0018033084545988
2059.101064215957 1.0016450793700094
2059.102453105607 1.0007942443514453
2059.103841995256 1.0010132029121452
2059.105230885371 1.0007163358138556
2059.106619775021 1.0009005159520503
2059.10800866467 1.0011201424101392
2059.1093975547847 1.0023905832590079
2059.110786444434 1.002542718321225
2059.1121753345483 1.0015851625993868
2059.1135642241975 1.0014050571677755
2059.1149531138467 1.0024803522299939
2059.1163420039625 1.0017193422294508
2059.1177308936117 1.0016418560949942
2059.119119783261 1.0015379656898933
2059.1205086733758 1.0013102495943265
2059.121897563025 1.0011803280490537
2059.12328645314 1.0016046329897783
2059.12467534279 1.0010272052273876
2059.1260642324396 1.0010125607897007
2059.1274531225545 1.0004634986628862
2059.128842012203 1.001300579539252
2059.1302309018533 1.000075206837236
2059.131619791968 1.0006685218313516
2059.1330086816174 1.000231748285113
2059.134397571267 1.0007788906908588
2059.135786461382 0.9999726028327416
2059.1371753510307 1.0007619546750375
2059.138564240681 1.0001022608947532
2059.1399531307966 1.0008240826923591
2059.1413420204453 1.0003552886181255
2059.1427309100945 0.9999714572294156
2059.14411980021 1.000591613425032
2059.145508689859 1.0004330992264256
2059.146897579974 1.0001529884369496
2059.148286469623 1.0003361095021104
2059.1496753592714 0.999906521933571
2059.1510642493863 0.9995545989404928
2059.152453139036 1.0000221713171307
2059.1538420286856 1.0000523765967126
2059.1552309188005 0.9999509196375368
2059.1566198084497 0.9994901523435115
2059.1580086981 0.9998723329275888
2059.1593975882142 1.0006314185968839
2059.1607864778634 1.0004781946633288
2059.162175367513 0.9997373973900817
2059.163564257628 0.9998885111240927
2059.164953147277 0.9999379835800685
2059.1663420369273 1.0000620164199316
2059.1677309270417 1.0001954279244347
2059.169119816691 1.0004215709755653
2059.1705087063406 1.0003292904500025
2059.1718975964563 1.0001394952078708
2059.1732864861056 0.9998269847521521
2059.1746753757548 1.0000783000817814
2059.1760642658696 1.000039266055304
2059.177453155519 1.0001424085684247
2059.178842045168 0.9999222927096497
2059.180230935284 0.9998342768846492
2059.181619824933 1.000065279529406
2059.1830087145822 0.9995646214814472
2059.1843976046966 1.0001900848373708
2059.185786494346 0.9997844910426087
2059.187175383995 0.9998126220110193
2059.1885642741095 1.0001844425627813
2059.1899531637596 0.9999171555893026
2059.191342053409 0.999555559357198
2059.192730943058 1.00010100085757
2059.1941198331733 0.9994497847763322
2059.1955087228225 1.0000868177396878
2059.1968976124713 0.9993570330543355
2059.198286502587 0.999385049833926
2059.199675392237 1.0000304595490745
2059.201064281886 0.9995266016818819
2059.202453172001 0.9997562214774149
2059.2038420616504 0.9996031232373804
2059.2052309512997 1.0006969779854524
2059.2066198414145 0.9999048851992468
2059.208008731064 1.0000715686968125
2059.2093976207134 1.0000546999176574
2059.210786510828 0.9997924509053275
2059.212175400478 0.9999119231567022
2059.213564290128 0.9998168238401663
2059.214953179777 1.000615333876601
2059.2163420698917 0.9989765248342852
2059.2177309595413 0.9994132567436241
2059.2191198491905 0.9997377881782872
2059.2205087393045 1.0000258808385298
2059.2218976289537 1.0007025129799199
2059.223286518603 1.0000758825474005
2059.2246754087178 1.0001905207997892
2059.226064298368 1.000327168689886
2059.227453188017 1.0003291515512804
2059.2288420776663 0.9998358376675741
2059.230230967781 1.0000570224225749
2059.2316198574313 1.0000469517979493
2059.2330087470805 1.0008908952506732
2059.2343976371953 1.0000133473519557
2059.2357865268445 0.9993155532503903
2059.2371754164938 0.9997646752219517
2059.2385643066086 1.000476961439529
2059.2399531962587 0.9998637277918154
2059.2413420859084 0.9998129221616879
2059.2427309755576 0.999569423999824
2059.244119865672 1.0002247665062318
2059.245508755322 1.000158855491255
2059.2468976449713 0.9997209251798534
2059.248286535086 0.9990364760126047
2059.249675424736 1.000724830404669
2059.251064314385 0.9998309708069961
2059.252453204034 0.9999659372676842
2059.2538420941496 0.9998927808252787
2059.2552309837997 0.9999372618936702
2059.2566198734485 0.9998914977927935
2059.2580087635624 0.999465458894819
2059.2593976532116 1.0007100951845902
2059.260786542861 0.9998731287069474
2059.2621754325096 1.0001102496346663
2059.2635643226254 0.9998779317733412
2059.2649532122746 0.9991548952583901
2059.266342101924 1.0003893651241902
2059.267730992039 0.9995755316650218
2059.2691198816888 0.9997652406891485
2059.270508771338 0.9999210069264638
2059.271897660987 1.0003387855771666
2059.273286551103 0.999772274609204
2059.2746754407517 0.9997494600694818
2059.276064330401 1.0002631745236763
2059.2774532205162 0.9999533105073591
2059.2788421101654 0.9996799659628882
2059.2802309998146 0.9999718000122395
2059.2816198894648 0.9995443606557416
2059.2830087795796 1.000259524538876
2059.284397669229 0.9998966831427607
2059.285786558878 0.9996170436070678
2059.287175448528 1.0000676279033196
2059.288564338643 1.0000369725776965
2059.2899532282922 0.9996337908763384
2059.2913421179414 1.0000643487844514
2059.2927310080563 1.0001743234233003
2059.294119897705 0.9998914309159592
2059.295508787354 1.0000779152499681
2059.296897677004 0.9994851350137204
2059.298286567119 0.999880205896116
2059.299675456768 1.0004425536574375
2059.3010643464177 0.999821601455077
2059.302453236067 0.9999805811704735
2059.3038421261813 0.9995791098090576
2059.3052310158314 0.9995612201425572
2059.3066199054806 0.9999343773687314
2059.3080087955955 1.0000795410853685
2059.309397685245 0.9997355296343665
2059.310786574895 1.000003976928667
2059.312175464544 1.0005148835499968
2059.313564354659 0.9997091117498619
2059.3149532443085 1.0000182459426754
2059.3163421339577 0.9999070180114884
2059.3177310236065 0.9995421135104701
2059.3191199137223 1.0001886474689896
2059.3205088033715 1.000114496188119
2059.3218976930207 1.000524639275413
2059.3232865826703 0.9997217810689502
2059.3246754727857 0.9994102418639865
2059.326064362435 0.999710915500905
2059.327453252084 0.9999059786690859
2059.328842141734 1.0001678091134498
2059.3302310318486 0.9994226777601721
2059.3316199214973 0.9998780355609949
2059.3330088111466 0.999564772483705
2059.334397701261 0.9998497430137809
2059.33578659091 0.9994824709544716
2059.33717548056 0.9998096428523405
2059.33856437021 0.9998602742343232
2059.339953260325 0.9997877841791994
2059.341342149974 0.9997356407379844
2059.3427310396232 0.9988191051482807
2059.3441199292724 0.9994079212974942
2059.3455088193873 0.9993912133864308
2059.3468977090374 0.9996870188587214
2059.3482865986866 0.9997351908554913
2059.349675488336 0.9999012096151921
2059.3510643784507 1.0000530771290184
2059.352453268101 1.0013200201972066
2059.35384215775 1.0006463851300322
2059.3552310473992 1.000786776634581
2059.3566199375146 1.0020023151916626
2059.3580088271638 1.0009731539577942
2059.3593977168125 1.0007051658542607
2059.3607866064626 1.000583694386831
2059.3621754965775 1.0002584681640518
2059.3635643862267 1.000373844317806
2059.3649532758764 0.9995265638035934
2059.366342165526 1.000324388358444
2059.36773105564 0.9994847279344791
2059.3691199452883 0.9993277451982467
2059.3705088349384 1.0001091771711703
2059.3718977245876 0.9999438923621725
2059.3732866147025 0.9999680892509752
2059.374675504352 0.9996791442725149
2059.3760643940013 0.9997225117757166
2059.37745328365 0.9994346286613697
2059.378842173766 0.9996532056213651
2059.380231063416 0.999848403827891
2059.3816199530647 0.9998426792495215
2059.383008842714 1.0006271699220246
2059.3843977328293 1.000748595550596
2059.3857866224785 1.0011287924353858
2059.3871755121277 1.0017952167295532
2059.388564401778 1.0012423893431772
2059.389953291892 1.0012292958089624
2059.3913421815414 1.0006851218691788
2059.392731071191 1.0008031531474675
2059.394119960841 1.0008133100961247
2059.395508850956 1.0004841968683928
2059.3968977406053 1.0002550114661664
2059.3982866302545 1.0000266462596832
2059.3996755203693 1.000139190247006
2059.4010644100185 1.0004085671482328
2059.4024532996687 1.000219825142597
2059.403842189317 1.0001040104805168
2059.405231079431 1.0001931771422707
2059.406619969081 1.0006099125098677
2059.4080088587307 1.0005262368757775
2059.40939774838 1.0003159970835713
2059.4107866384943 0.9999782636056681
2059.4121755281444 1.0001918863172903
2059.4135644177936 1.0001908336732035
2059.414953307443 0.9997494516332972
2059.4163421970925 0.9999980133820919
2059.4177310872074 0.9996034976809931
2059.419119976856 1.0001301798339752
2059.420508866506 0.9997735293959545
2059.421897756156 1.0006198074763926
2059.4232866462708 1.0000612322785722
2059.4246755359195 1.0010033767047064
2059.4260644255696 1.0001746979215855
2059.427453315219 0.9999343279647418
2059.4288422053337 1.0003271899142308
2059.4302310949834 0.9998580233626939
2059.4316199846326 1.0004360936432808
2059.4330088742813 1.0003877153818541
2059.434397764397 1.000622697966013
2059.435786654047 0.9998339565513021
2059.437175543696 1.0004884296507646
2059.438564433345 1.000051296396656
2059.4399533234605 1.0004440205735765
2059.441342213109 0.9995804036958127
2059.4427311027575 0.9993996424963374
2059.444119992407 0.9997621013971518
2059.445508882522 0.9998554614256692
2059.4468977721713 0.9996873209705155
2059.4482866618214 1.0001022395366013
2059.4496755514706 1.0000227847018603
2059.4510644415855 0.9997831368069068
2059.4524533312347 0.9997885113771532
2059.453842220885 0.9995693127254652
2059.455231110534 1.0002043600311974
2059.456620000649 1.0007078397753608
2059.458008890298 1.0002014395214058
2059.4593977799473 0.9994170638690718
2059.4607866695965 1.0006553817309392
2059.4621755597123 0.9996381299556303
2059.463564449362 1.0003619886661792
2059.464953339011 0.9999905354648402
2059.46634222866 0.9999226477466014
2059.4677311187756 0.9996493433805822
2059.469120008425 0.9999222961998752
2059.470508898074 0.9996890680606763
2059.4718977881894 0.9999021985462988
2059.4732866778386 1.0000407798604978
2059.4746755674873 0.9999074557698172
2059.4760644571375 1.0001211724633532
2059.4774533472523 1.0001444262340673
2059.4788422369006 0.9996200054288278
2059.48023112655 0.9999135309159694
2059.4816200161995 0.9994691468326072
2059.4830089063144 0.9998884071375028
2059.484397795963 1.000068475422757
2059.485786685613 1.0007008810675642
2059.4871755752624 1.0000153077619702
2059.4885644653773 1.0002362779423206
2059.489953355027 0.9999538427596935
2059.4913422446766 1.0000799285037196
2059.492731134326 1.0003685592115965
2059.4941200244407 1.0002292702906252
2059.495508914091 0.9998430625587931
2059.4968978037396 0.9997071595516527
2059.4982866933888 0.9999610869615262
2059.499675583504 0.9991425118839463
2059.5010644731533 1.0002309078311993
2059.5024533628025 0.9994001763362378
2059.5038422524526 0.999237512915538
2059.5052311425675 0.9997257375288285
2059.5066200322167 1.0002171206275698
2059.508008921866 0.9996924316688808
2059.509397811516 0.9999952088458262
2059.510786701631 0.9997274879578191
2059.51217559128 0.9997139316345687
2059.5135644809293 0.9999623717748112
2059.514953370578 0.9996590082984386
2059.5163422606925 0.999473438132311
2059.5177311503417 1.0005860439961867
2059.519120039991 0.9997410413270463
2059.52050892964 0.9996559685024206
2059.521897819756 0.9997943280586661
2059.5232867094055 0.9993898787890969
2059.5246755990547 1.0000144905383797
2059.526064489169 0.9995255515054742
2059.5274533788192 1.0001132369164034
2059.5288422684685 1.00074696693678
2059.5302311581177 1.0007003407514763
2059.5316200482325 0.9996337613596499
2059.5330089378817 0.9992381905512256
2059.534397827531 0.9997684993122758
2059.535786717181 1.0000134389973527
2059.5371756072964 0.9994002686637455
2059.5385644969456 0.999872037133772
2059.5399533865943 0.9999721870795195
2059.5413422762444 1.000228347134857
2059.5427311663593 1.0007286344455595
2059.5441200560085 0.9998614014163233
2059.545508945658 0.9998658418668268
2059.5468978357735 1.001423146106381
2059.5482867254227 1.0090670026579993
2059.549675615072 1.0092379690949043
2059.551064504721 1.012296960845823
2059.552453394835 1.011826586046566
2059.5538422844843 1.0093468747089085
2059.5552311741344 1.0058516256201464
2059.556620063783 1.0040185130993236
2059.558008953898 1.0038630810266864
2059.5593978435477 1.0028295421646927
2059.560786733198 1.0022369260948827
2059.5621756233127 1.002045850353749
2059.563564512962 1.0019785322644
2059.564953402611 1.001618589546321
2059.5663422922603 1.0014508861103015
2059.567731182375 1.0011463361279291
2059.5691200720253 1.000965426995569
2059.5705089616745 1.0012451915898088
2059.5718978513237 1.0009524445141558
2059.5732867414386 1.0009687999892214
2059.5746756310887 1.0007438332831795
2059.576064520738 1.001235650759502
2059.5774534108527 1.0006380715561023
2059.5788423005024 1.0006856357270089
2059.5802311901516 1.000798992920668
2059.5816200798004 1.0010547471070912
2059.583008969916 0.9997088944263742
2059.5843978595653 1.0008689995963522
2059.5857867492145 1.0005761410075316
2059.587175639329 0.999882901969666
2059.588564528978 1.0005989291264084
2059.5899534186274 0.9999607337368721
2059.591342308276 1.000601499084838
2059.592731198392 0.9995858325758573
2059.594120088041 0.999965758579521
2059.5955089776903 1.000307120856498
2059.5968978678056 0.9995950615979676
2059.598286757455 1.0001594038948776
2059.5996756471036 1.0002380546413117
2059.6010645367537 0.9996504556055831
2059.6024534268695 0.9998793948284923
2059.6038423165182 0.99943215071718
2059.6052312061674 0.9994861411196491
2059.6066200962828 0.9993211235294565
2059.608008985932 0.9992580169289941
2059.609397875581 0.999749322235106
2059.610786765697 0.9991673256967264
2059.6121756553457 0.9991282899196237
2059.613564544995 0.9995511123088722
2059.6149534346446 0.999606857554231
2059.6163423247604 0.9994691823667103
2059.6177312144096 1.000315430905614
2059.6191201040588 0.999856716830969
2059.6205089941736 0.9996677338219504
2059.621897883823 0.9992159022366012
2059.623286773472 0.9999733527157264
2059.624675663587 0.9995613699329783
2059.626064553235 0.9994940443562629
2059.6274534428844 0.9999273026987061
2059.628842333 0.9996986907657953
2059.63023122265 0.9995442904881071
2059.631620112299 0.9993224485635956
2059.633009001948 0.999832743161755
2059.6343978920636 1.000789304359057
2059.635786781713 0.9994484291803054
2059.637175671362 1.000234002093863
2059.638564561477 0.9993466107331168
2059.639953451126 1.0001732260344938
2059.6413423407753 1.000327169173113
2059.642731230891 1.00053208096374
2059.6441201205407 1.00095709820169
2059.64550901019 1.0007136208537664
2059.6468979003043 1.0006077314806427
2059.6482867899545 1.0005596976977815
2059.6496756796037 1.0006134819437231
2059.6510645697185 1.0000495658951103
2059.652453459368 0.9998597165737035
2059.6538423490174 0.9997387178728198
2059.655231239132 1.0001944156074933
2059.656620128782 1.0005318183194518
2059.658009018432 1.0000881508946906
2059.6593979085465 0.9994425567471502
2059.660786798195 1.0007853247049332
2059.6621756878444 1.0002132599519558
2059.663564577959 0.999412350415938
2059.664953467608 0.9999004971750435
2059.6663423572577 0.9997372642437683
2059.6677312473726 1.0004747357557642
2059.6691201370218 0.9999838632822434
2059.670509026672 0.9998076419806818
2059.6718979167867 0.9994508587582064
2059.673286806436 1.0005744119586208
2059.674675696085 1.000023973431357
2059.676064586201 0.9995312792183029
2059.67745347585 1.0008749454792423
2059.6788423654993 1.001089851780717
2059.680231255614 1.0011399798820428
2059.6816201452634 1.000758203491619
2059.6830090349126 1.0005943681686256
2059.6843979250284 1.0003330980126868
2059.685786814678 0.9999473671344715
2059.6871757043273 1.0001173160474435
2059.6885645944417 0.9999515749147765
2059.689953484092 1.000215229020639
2059.691342373741 1.0008909449519048
2059.692731263856 1.0006157773768258
2059.694120153505 1.0004745983432224
2059.6955090431543 1.0005689016793304
2059.6968979332687 1.0006422739070084
2059.6982868229175 1.0006914315370465
2059.6996757130332 1.0007305292429312
2059.7010646026824 1.0005610166768788
2059.7024534923316 1.0000792115722374
2059.703842382447 1.0006420189277991
2059.705231272096 1.0006036586229166
2059.706620161745 1.000886622438908
2059.7080090518607 1.0003468439018721
2059.70939794151 1.0006474855839962
2059.710786831159 1.0003844311133383
2059.7121757212744 1.00024272134396
2059.713564610924 1.0005094528490446
2059.714953501039 1.0003905587084527
2059.716342390688 1.0004962618839506
2059.7177312803383 1.0001072157737345
2059.7191201704527 0.9998116639147827
2059.720509060102 0.9999948495175344
2059.7218979497516 1.0000715239422593
2059.7232868398664 1.0002765062949666
2059.7246757295156 1.0001643642790063
2059.7260646196314 0.9996408201569668
2059.7274535092806 1.0006872442663983
2059.72884239893 1.0001594654138601
2059.7302312890447 1.0001859334550254
2059.731620178695 0.9995432264558178
2059.7330090688097 1.0000366511396983
2059.734397958458 0.9993894334752992
2059.735786848107 1.0003750895126589
2059.737175738222 0.9998020838115332
2059.7385646278713 0.999635657287838
2059.739953517986 0.9996261558775393
2059.7413424076362 0.999539470008687
2059.7427312972854 0.9999763399383949
2059.7441201874003 0.9993767307260039
2059.7455090770495 0.9996191810905782
2059.7468979671644 1.0000145258578428
2059.7482868568136 0.9990800273144936
2059.7496757464637 0.9997190637724065
2059.7510646365786 0.999718348274309
2059.752453526228 0.9994244871350848
2059.7538424163426 1.0005980346173462
2059.7552313059928 0.9998322054264905
2059.756620195642 0.9995911584768878
2059.758009085757 1.0001075767172578
2059.7593979754065 0.9995658064556201
2059.7607868655214 1.0001068829828228
2059.76217575517 0.999574442151206
2059.763564645286 0.9997065136161742
2059.764953534935 0.9998034351149512
2059.7663424245843 0.9996985161885789
2059.7677313146996 1.0000802978405157
2059.7691202043493 0.9996409296159916
2059.7705090944633 1.0000753811054153
2059.771897984112 0.9998904989554609
2059.7732868742273 0.9998154581579511
2059.7746757638765 0.9999967170209216
2059.7760646535257 0.9994782173324477
2059.7774535436415 0.9998640960853575
2059.7788424332903 0.9993967868816626
2059.780231323405 1.0001149247629795
2059.781620213055 0.9995467305551806
2059.7830091031706 1.0000783435177951
2059.78439799282 0.9998075331140391
2059.7857868829346 0.9998878687999275
2059.787175772584 1.0000343682718682
2059.788564662233 0.9996423416358794
2059.789953552348 0.9999251573748023
2059.791342441998 0.9996262400156167
2059.792731332113 0.9994945908432484
2059.794120221762 0.9996989467830364
2059.795509111877 0.9998071109872116
2059.796898001527 0.9997371712278996
2059.798286891642 0.999469038801823
2059.799675781291 0.9992662388799048
2059.8010646714065 0.9994127773040071
2059.8024535610557 0.9996201180861227
2059.80384245117 0.9997584686773309
2059.8052313408202 1.000004225249457
2059.8066202304694 0.9999082135169564
2059.8080091205834 1.000105759403578
2059.8093980102326 0.9990509042434023
2059.810786900348 0.9999622020742844
2059.812175789997 0.9990652150627359
2059.8135646801115 0.9996669440372065
2059.8149535697617 1.0008251051750812
2059.8163424598765 1.0002787279719487
2059.8177313495257 1.0003463708495233
2059.819120239641 1.0000086890542106
2059.8205091292903 0.9998357228283621
2059.8218980194047 0.9999445730303169
2059.823286909055 1.0000509670468682
2059.8246757991706 0.9997536082937938
2059.8260646888193 1.000634214162848
2059.827453578934 1.0012638769879099
2059.828842468584 1.0000857403064711
2059.8302313586987 1.00005191615236
2059.831620248348 1.000388683929605
2059.8330091384637 1.0006685058899234
2059.8343980281124 1.0001299238007482
2059.8357869182273 0.9997941813952669
2059.837175807877 1.0005313674187772
2059.8385646979928 1.0003368345564294
2059.839953587642 0.9998741667069074
2059.841342477757 1.0001451076116874
2059.842731367406 1.0000615705953877
2059.8441202575204 1.0008026822347773
2059.845509147169 1.0000581677305878
2059.846898037284 1.0007624434101998
2059.848286927399 1.0007769325654028
2059.849675817048 1.0003315427361643
2059.851064707164 1.0006597015441105
2059.8524535968136 0.9998748242691412
2059.8538424869284 1.000648824616594
2059.855231376577 1.0001984165932694
2059.856620266693 1.0001737393348087
2059.858009156342 1.0005988237239993
2059.859398046457 0.9999646146494175
2059.8607869361063 1.0003059003858084
2059.862175826221 0.9999207591135837
2059.863564716336 1.0003712967179275
2059.864953605986 1.0004396229753858
2059.8663424961014 0.9998295055366607
2059.8677313857506 0.9999735430075463
2059.869120275865 1.0000803147302624
2059.870509165515 1.0002002659315194
2059.87189805563 1.000506155183369
2059.8732869452792 1.0006266069445644
2059.8746758353946 0.9992177659225387
2059.8760647255094 1.0004538812433077
2059.877453615158 1.0001747850561364
2059.878842505274 0.9997198153368991
2059.880231394923 0.999985649083147
2059.881620285037 1.0002057434053886
2059.8830091746863 1.0005443180407845
2059.884398064802 1.0002451709902955
2059.8857869549165 1.0003255340458377
2059.8871758445657 0.9998555221368793
2059.888564734681 0.9998469268416196
2059.889953624331 0.9999125766131263
2059.891342514446 0.9995355695809018
2059.892731404561 1.0000165916063182
2059.89412029421 0.9995982558608869
2059.895509184325 1.0000476605439539
2059.896898073974 0.9999569273881674
2059.89828696409 1.0003677787236065
2059.899675854205 0.9993338551076012
2059.901064743854 0.9999137272330523
2059.902453633969 0.9996494823980253
2059.9038425240847 0.9997582305489473
2059.905231413734 0.9998742843004045
2059.9066203038487 0.9998562685116092
2059.9080091934984 1.0000187176348256
2059.9093980836133 0.9998314165203334
2059.9107869737277 0.9998060983767597
2059.912175863378 0.9995555527299306
2059.9135647534927 0.9995548309146324
2059.9149536436075 0.9998331584656655
2059.9163425332567 0.9999115717283394
2059.9177314233716 1.0002271436282504
2059.9191203130204 1.0001235264553865
2059.9205092031348 1.0004625665542948
2059.9218980932505 0.9997107666978943
2059.9232869828998 0.9993497861808188
2059.9246758730146 0.9994680079884778
2059.92606476313 1.0000813862564641
2059.927453652779 1.0001008238818796
2059.9288425428936 0.9999736150585458
2059.9302314330093 1.0004346626117004
2059.9316203226595 0.9994562356902579
2059.933009212774 0.9996815739459397
2059.9343981028887 1.0000805820189471
2059.9357869925384 0.9998563836241987
2059.9371758826533 0.9996254522349096
2059.938564772768 1.0002197422052785
2059.9399536624182 1.00036998323646
2059.9413425525327 0.9995911167943651
2059.9427314426475 0.9995939277707565
2059.944120332297 1.0002018651967077
2059.945509222413 0.999599788062088
2059.946898112528 1.0004295729573394
2059.9482870026427 1.0005051387793957
2059.949675892292 1.0002070857995244
2059.951064782407 1.0001122107317542
2059.9524536725216 0.9998671558443472
2059.953842562171 1.0001719862359144
2059.955231452285 0.9998695016519181
2059.9566203423997 0.9996396121533581
2059.9580092325155 0.9998389560390071
2059.959398122165 0.999641585554766
2059.96078701228 1.0002606879402647
2059.9621759023944 1.0003846232301818
2059.9635647920445 1.0004793249406858
2059.9649536821594 1.0000900910462
2059.9663425722742 1.0007048378978967
2059.967731462389 1.0001422241761995
2059.9691203520383 1.0003664261643612
2059.970509242153 1.0002575819190702
2059.971898132269 1.0002351846081228
2059.9732870223843 1.000620066639766
2059.9746759120335 1.0001266844072019
2059.976064802148 1.0004631147831051
2059.9774536922637 1.0003917643374127
2059.9788425823785 1.0002262688723045
2059.9802314720278 1.0003998196387538
2059.981620362143 0.9996185688201896
2059.983009252258 0.9997135308758971
2059.9843981423724 0.9996695089759994
2059.9857870320225 0.9998387002377844
2059.9871759221382 1.000277299877988
2059.9885648122527 0.9997659967699766
2059.9899537023675 1.0000234838352147
2059.9913425924824 0.999982061889079
2059.9927314821307 0.999666242034007
2059.9941203722456 1.0000119204183429
2059.995509262361 1.0004335214404856
2059.9968981524758 0.9997646405888282
2059.9982870425906 0.999995514539561
2059.9996759322407 1.0006591557848121
2060.0010648223556 1.0011801058494862
2060.0024537124705 1.0000219569912123
2060.0038426025853 1.0001963227555546
2060.005231492701 0.9993394655018593
2060.0066203823503 1.0003108595899297
2060.008009272465 1.000258921914322
2060.00939816258 0.9996512136854587
2060.010787052695 0.9997247605351713
2060.01217594281 1.0002940258551458
2060.0135648329256 1.0001910666989284
2060.0149537225752 0.9993437568567783
2060.01634261269 1.0002795371045057
2060.0177315028045 1.0002471887739213
2060.0191203929203 0.9998308700636824
2060.020509283035 0.9996008993524624
2060.02189817315 1.0000791385660777
2060.023287062799 1.0001326511073887
2060.024675952914 1.000342448641268
2060.026064843029 0.9997984688832885
2060.027453733144 1.0000401660986313
2060.0288426232587 0.9995501218380641
2060.0302315133736 0.9997060567896392
2060.0316204034884 0.9997971379077062
2060.033009293138 0.9997275372093075
2060.034398183253 0.9998484026746353
2060.0357870733674 1.0004855329725808
2060.037175963483 1.0000023633507635
2060.038564853599 0.9991887470650429
2060.0399537437133 1.0000040180329317
2060.041342633828 0.9997239255284386
2060.0427315239435 1.0001974910948772
2060.0441204140584 1.000106845903033
2060.0455093041733 1.0002004617949487
2060.0468981938234 1.000215008541832
2060.048287083938 1.0002070977554598
2060.0496759740527 0.9993540952007406
2060.051064864168 0.9996007863220906
2060.0524537542838 1.000309027540927
2060.0538426443986 1.0005108478620348
2060.0552315345135 1.0001479040541317
2060.0566204246284 1.0007866042002276
2060.0580093147432 1.0008171363338352
2060.059398204858 1.000647725982822
2060.060787094974 1.0002087045771928
2060.0621759850887 0.999530189493391
2060.0635648752027 1.000253538841701
2060.0649537653176 1.0001170767842769
2060.0663426549672 0.9998107775434573
2060.067731545082 1.0004200931301055
2060.0691204351965 1.000153756665647
2060.0705093253123 1.000084096997548
2060.071898215427 0.9997726561135102
2060.073287105542 0.9991271381949965
2060.074675995657 1.0002713683340125
2060.0760648857718 1.0001714161398292
2060.0774537758866 0.9998492795170508
2060.0788426660024 0.9998519950499384
2060.0802315561177 0.999872339448814
2060.0816204462326 1.0003497500517644
2060.083009336347 0.9998806116658376
2060.084398226463 1.0000524193481588
2060.0857871165776 1.0001190424349597
2060.0871760066925 0.9999598836317644
2060.088564896808 1.0000013017645182
2060.0899537869227 0.9990559651593544
2060.091342677037 1.0002045035516516
2060.092731567153 0.9999137215720568
2060.0941204572687 1.0003530579875552
2060.095509347383 0.9999849680855887
2060.096898237498 0.9997426715850247
2060.0982871276133 0.9997150796492651
2060.099676018194 0.9998940537018702
2060.1010649083078 1.000324244465411
2060.1024537984226 1.00029395086297
2060.1038426885375 1.0000660615210346
2060.1052315786524 0.9998134108578068
2060.106620468768 0.9999803457606931
2060.108009358883 1.0009974734894587
2060.109398248998 1.0001116549537503
2060.1107871391127 1.0000399036581236
2060.1121760292285 1.0004962715688968
2060.1135649193434 0.9999001734707978
2060.1149538094583 0.9999984605032638
2060.116342699573 1.00010966393924
2060.117731589688 1.000198728940121
2060.1191204802685 1.0001969598075267
2060.1205093703843 0.9996264369858179
2060.1218982604996 0.9998346492693061
2060.1232871506145 1.0000387334470777
2060.124676040729 0.9996890535477035
2060.1260649308447 0.9995205933980487
2060.1274538209595 0.9998757311751388
2060.1288427110744 1.0001621829997625
2060.1302316011893 0.9994148652655894
2060.13162049177 1.0001789002233172
2060.1330093818847 0.9997957389292336
2060.1343982720005 0.9998294998444882
2060.135787162116 0.999324136582707
2060.13717605223 0.9997719000265662
2060.138564942344 1.0000880435340318
2060.1399538324595 1.000073589246158
2060.14134272304 0.9999479760244131
2060.1427316131544 1.0003263772164528
2060.14412050327 1.0000106663101749
2060.145509393386 1.0003037646190427
2060.1468982835004 0.9996277161696699
2060.1482871736152 1.0001318034961588
2060.1496760641962 0.9997036697420612
2060.151064954311 1.00056992106451
2060.152453844426 0.9999123987948255
2060.1538427345417 0.9999826925055704
2060.155231624656 0.9998807402497745
2060.1566205152367 1.000134557685769
2060.158009405352 1.0000545360411506
2060.159398295468 1.0000917653954828
2060.1607871855826 0.9996956465962571
2060.162176076163 0.999982214926917
2060.163564966278 1.0006128915676364
2060.164953856393 1.000363904643466
2060.166342746508 1.000394747217708
2060.1677316366236 1.0007618899899633
2060.169120527204 1.0001214318859024
2060.170509417319 1.000718535804524
2060.171898307434 1.0000608383741425
2060.1732871975487 1.0006934397421974
2060.1746760881288 1.000132121703777
2060.176064978243 0.9997031319050297
2060.177453868359 0.9995784642434726
2060.1788427589395 0.9997968174953776
2060.1802316490543 0.9997791373784485
2060.181620539169 1.0001794711141656
2060.183009429284 1.000215893690151
2060.1843983198646 1.000046857698981
2060.1857872099804 0.9990160920085674
2060.1871761000957 0.9997292847684602
2060.1885649906762 0.9998778063898005
2060.1899538807907 0.9996952162114129
2060.1913427709064 1.000099541692961
2060.192731661487 0.9997318565669928
2060.194120551602 1.0000626482110733
2060.195509441717 0.9995107821339486
2060.196898331832 0.999279971996274
2060.198287222412 1.0001039500299391
2060.199676112528 0.999099188474549
2060.2010650031093 0.9998015792487971
2060.2024538932237 0.9996971369233052
2060.2038427833386 0.9992371166713031
2060.2052316739196 0.9996223420183196
2060.2066205640344 0.9998089095846798
2060.2080094541493 1.0006046279318639
2060.2093983447307 0.9997717436706348
2060.2107872348447 0.9999880110938927
2060.2121761249587 0.9999565536709952
2060.21356501554 1.000003798708795
2060.214953905655 1.0003129306729162
2060.2163427962355 1.0001632377053218
2060.2177316863504 1.0005112184308371
2060.219120576466 1.0002772266883224
2060.2205094670467 0.9999166510041001
2060.2218983571615 0.9999472819324259
2060.223287247742 0.9997179952513963
2060.224676137857 1.0006814638161
2060.2260650284375 1.0005490849790941
2060.2274539185532 0.9998944296248761
2060.2288428086686 1.0001379947861246
2060.230231699249 1.0000300464354002
2060.2316205893635 1.0001256529828035
2060.233009479945 1.0004712754747673
2060.23439837006 1.001559406285909
2060.2357872606403 1.0004153504104867
2060.237176150755 1.0001747207674696
2060.2385650413357 0.9996105174772413
2060.2399539314506 1.000354336891115
2060.241342822032 0.9994835023057678
2060.2427317121474 0.9999883582715787
2060.244120602728 1.0007155121198106
2060.2455094928423 0.9998233429641317
2060.246898383423 0.9997800924372114
2060.2482872735372 1.0004155930809098
2060.2496761641173 0.9995757183530268
2060.251065054233 0.9999952473188344
2060.2524539448145 1.0003508779851216
2060.253842834929 1.0002149544359573
2060.2552317255095 0.9995390628490598
2060.256620615625 0.999838981995454
2060.2580095062053 1.0008172355051215
2060.25939839632 1.000077483267417
2060.2607872869016 1.0000392180957522
2060.262176177016 1.0003762665421794
2060.2635650675966 0.9999127641499164
2060.2649539581776 0.9997691866563264
2060.2663428482933 0.9994791677809528
2060.267731738874 1.0000977035389362
2060.2691206289887 0.9995630549401358
2060.2705095195693 1.0000720341370488
2060.27189841015 0.999414792170982
2060.2732873002647 1.0000047550625666
2060.274676190846 0.9997077916095297
2060.276065080961 0.9993407848619
2060.2774539715415 0.99962918829091
2060.278842862122 1.0005354883489672
2060.280231752238 0.999685758175281
2060.2816206428183 1.0002702599870161
2060.283009533399 1.0007370892264404
2060.2843984235137 1.0013241169762068
2060.2857873140933 1.0009439547369412
2060.287176204208 1.0008930452820335
2060.2885650947887 1.0002815991262817
2060.2899539853693 1.0010530454274678
2060.291342875484 1.000121658682345
2060.2927317660656 1.0003896063584328
2060.2941206566466 1.001160872475906
2060.2955095467614 1.0004496814112456
2060.2968984373415 1.000618587845183
2060.298287327923 1.000059351352753
2060.2996762185035 0.9996940721483022
2060.3010651086183 1.0011099004853818
2060.3024539991993 0.9996657511101881
2060.30384288978 0.9994657751737837
2060.3052317798943 0.9999714500314882
2060.3066206704757 0.9998865105135399
2060.308009561057 1.0003842611853018
2060.309398451637 0.9996699747317712
2060.310787341752 0.9996648468217914
2060.312176232333 1.0005878776557708
2060.3135651229136 1.000491996812194
2060.314954013494 1.0002865235413358
2060.31634290361 0.9999395516733239
2060.31773179419 1.0003771020404326
2060.3191206847705 1.000511349714533
2060.320509575351 1.0001218613705525
2060.321898465931 1.0002934767473828
2060.323287356046 0.9998803913737069
2060.3246762466265 0.9999021676646279
2060.326065137208 0.9997702881396077
2060.3274540277885 0.9999994048688866
2060.328842918369 1.000376610847559
2060.330231808484 1.0012299587107127
2060.3316206990653 0.9999428635707054
2060.333009589646 0.999963336336262
2060.3343984802264 1.0002441547495895
2060.3357873708073 1.0000969033660347
2060.337176261388 1.0000608347310838
2060.338565151968 1.0005509821602263
2060.3399540420837 0.9999076110405759
2060.3413429326642 1.0001974042648847
2060.342731823245 1.000598304814931
2060.3441207138253 0.9997384037053562
2060.3455096044067 1.0001592013877312
2060.3468984949873 0.9999678489826227
2060.348287385568 0.999822449102076
2060.349676276149 0.9998380438941535
2060.3510651667293 1.0003492888345948
2060.3524540573094 0.9996310500995379
2060.353842947425 0.9993379422903386
2060.3552318380057 0.999516217146803
2060.356620728586 0.9997858527004831
2060.3580096191668 1.000074203370834
2060.3593985097473 1.000059197844198
2060.3607874003274 1.000067894913444
2060.362176290908 1.0002235828841526
2060.363565181489 0.9994484698074743
2060.3649540720694 1.0004770923597202
2060.36634296265 1.0001439058893604
2060.3677318532314 0.9989782345007262
2060.3691207438114 1.0000017869453635
2060.370509634392 1.000117703415746
2060.371898524973 1.000168100945392
2060.3732874155544 1.000185022957501
2060.374676306135 0.9995383230032857
2060.3760651967154 0.9993077635568133
2060.377454087296 1.0000026212625859
2060.3788429778765 0.9994501148086405
2060.380231868457 0.9994511745531827
2060.3816207590385 0.9993381413263984
2060.383009649619 0.9996810090267176
2060.3843985401995 0.9995557006166925
2060.38578743078 0.9996799219038045
2060.387176321827 0.9995186805913638
2060.3885652124077 0.9998134978238831
2060.389954102988 0.9994130693778214
2060.391342993569 0.9998183754253847
2060.3927318841497 1.0003664751183654
2060.3941207747293 0.9999290870922538
2060.3955096653094 1.0005773262619209
2060.39689855589 1.0001252635331397
2060.3982874464705 1.0003756795634489
2060.3996763375176 1.0001976174345777
2060.4010652280986 0.9996831259974945
2060.402454118679 0.9996888406863121
2060.403843009259 0.9998686440465835
2060.4052318998406 0.9999998807997621
2060.406620790421 0.9998130902171086
2060.4080096810017 1.0019503674876553
2060.4093985720483 1.0019039704647963
2060.4107874626293 1.0007323960317105
2060.41217635321 1.000393146238003
2060.4135652437903 1.0015219069878674
2060.414954134372 1.0000532271857285
2060.4163430254175 1.0007763691471079
2060.417731915998 1.0004917596579213
2060.4205096971596 1.0004130860412326
2060.4218985882057 1.000238438021136
2060.423287478787 0.9994625506086752
2060.4246763693677 1.0000304019821615
2060.4260652599482 1.0002605080419489
2060.4274541509944 0.9994753976083735
2060.428843041576 1.000048526594869
2060.4302319321555 0.9995261716818068
2060.431620822735 1.000011565715951
2060.433009713782 1.0001882144488126
2060.4343986043627 1.00021498669509
2060.4357874949433 0.9993569367246247
2060.4371763859895 1.000244685367052
2060.438565276571 1.000110241422156
2060.4399541671514 1.0000742904752813
2060.4413430581976 0.999734135890367
2060.4427319487786 0.9998259542672925
2060.444120839359 1.000351495756054
2060.445509730405 0.9999285071846999
2060.4468986209863 0.9998974398787501
2060.448287511567 0.9998065638191219
2060.449676402613 1.0000652946676796
2060.451065293194 1.0001509254304937
2060.4524541842407 0.9995432811341655
2060.453843074821 0.9996402367818026
2060.4552319654017 1.0000319038956864
2060.4566208564484 0.9995835734360762
2060.458009747029 0.9989482041632144
2060.4593986380746 0.9989813361182223
2060.460787528656 0.9994399060387515
2060.4621764197022 1.000515017261666
2060.463565310283 0.9988734363043331
2060.4649542008638 0.9997788065417205
2060.4663430919104 1.0001083619073008
2060.46773198249 0.9998007472247447
2060.4691208735358 0.9990961631694155
2060.4705097641167 0.9993659037651611
2060.471898655163 0.9996427492775066
2060.4732875457435 0.999193520586219
2060.4746764367906 0.9996096375450311
2060.476065327371 0.9996253780961477
2060.4774542184173 1.000226350840343
2060.478843108998 0.9995116838889502
2060.480232000045 0.9993373316510743
2060.4816208906254 0.999545430795134
2060.4830097816716 0.9999252017450302
2060.484398672718 1.0008293531856371
2060.4857875632983 0.9996333952036092
2060.4871764543445 1.0000215336979705
2060.488565344926 0.9993835672902456
2060.4899542359726 0.9993444275205867
2060.491343126553 1.0000425322496458
2060.492732017599 1.0004280125536829
2060.494120908646 0.9994581617084556
2060.4955097992265 1.000098013014315
2060.4968986902727 0.9999636696775496
2060.4982875813193 1.0001657854109196
2060.4996764719 1.000647162349994
2060.5010653629456 1.0005895413151413
2060.502454253527 1.001880094682028
2060.5038431445732 1.0023121690871417
2060.5052320356185 1.0018678638926708
2060.506620926199 1.0017822238436458
2060.5080098172457 1.002335645020888
2060.509398708292 1.0016877833109943
2060.5107875993376 1.0015223195133993
2060.512176489919 1.001615058076277
2060.5135653809652 1.0019922497966876
2060.5149542720114 1.001358344670488
2060.5163431625924 1.0008027104707748
2060.517732053639 1.0010942708816213
2060.5191209446853 1.000706549853765
2060.5205098357314 1.0008888222812438
2060.521898726313 0.9996580809649479
2060.5232876173586 1.0010641265725926
2060.524676508405 1.0007639139552713
2060.5260653994515 1.0005673350110555
2060.5274542904976 1.0004851858129806
2060.528843181078 1.0003604338714525
2060.5302320721253 0.999932697391302
2060.5316209631715 1.0005107433003575
2060.5330098542177 1.000458959465144
2060.534398745264 1.000549482317726
2060.5357876358453 1.0003154094146667
2060.5371765268915 1.0004154203905775
2060.5385654179377 1.0005624547324188
2060.5399543089834 0.9999930184407445
2060.5413432000296 1.0006664206575129
2060.542732091076 0.9996581916944282
2060.5441209821215 1.0006891767092287
2060.5455098731686 0.9995766650924385
2060.546898763749 1.0001243647714226
2060.5482876547953 1.0002671139572235
2060.549676545842 1.0000856377701357
2060.551065436888 1.0000467285424979
2060.552454327934 0.9996757594855121
2060.553843218981 1.0003466858822991
2060.555232110028 0.9995847935486335
2060.556621001074 1.0008259508147752
2060.55800989212 1.0003412126986988
2060.5593987831667 0.9999401360255131
2060.560787674213 0.9998268509578885
2060.562176565259 0.9998255944085161
2060.5635654563057 0.9998714317076149
2060.564954347352 1.0001902893914858
2060.5663432383976 0.999734138962711
2060.5677321294447 0.999320829545407
2060.569121020492 0.9997033868989891
2060.5705099115376 0.999743674386481
2060.5718988025837 1.0005883550003698
2060.5732876936304 1.0002120413836488
2060.5746765846766 0.9998834106208089
2060.5760654757228 1.0002371835512938
2060.577454366769 1.0001577277838147
2060.5788432578142 0.9993300302107301
2060.580232149326 1.0001422717654607
2060.581621040373 0.9993251638938861
2060.5830099314194 1.0003186484957218
2060.5843988224656 1.000346778006608
2060.5857877135118 1.00009887709416
2060.587176604559 0.9993087390030866
2060.588565495605 1.00009583671001
2060.5899543866512 0.9999359878128439
2060.591343278163 1.00026310166891
2060.5927321692093 0.9998760296229485
2060.5941210602555 1.0000501627692284
2060.5955099513026 0.9998898180468961
2060.596898842349 0.9993045503369989
2060.598287733861 0.9998226239507714
2060.599676624907 1.0003295586977308
2060.601065515954 0.9999227741992243
2060.602454407 0.9996502934101004
2060.6038432980463 0.9998165104187976
2060.6052321895586 0.9990545838671984
2060.6066210806052 1.000734817451144
2060.6080099716514 0.9999655935374628
2060.6093988631633 0.9995948149696843
2060.6107877542104 0.9993292093858356
2060.612176645256 0.9999940260652332
2060.6135655363014 0.9995307911020931
2060.6149544278132 0.9993777717237725
2060.6163433188594 0.9998585224256593
2060.617732209905 0.9998055807873667
2060.619121101418 1.0005489826612777
2060.620509992465 0.9994601387936256
2060.6218988835108 1.000133192766862
2060.6232877750226 1.0001028414906674
2060.6246766660693 0.9993857949759966
2060.6260655571155 0.9999324693756089
2060.6274544486273 1.000507695819981
2060.6288433396744 0.9996044647313489
2060.630232231186 0.999847767999148
2060.631621122232 1.0003005323331369
2060.6330100132786 0.9999380737258594
2060.6343989047914 1.000064200598536
2060.6357877958376 1.0006658278757825
2060.6371766873494 1.0002452284034753
2060.6385655783956 1.0010905809919324
2060.6399544699075 0.9999131316748637
2060.6413433609537 0.9997495464003707
2060.6427322524664 1.0003884644300634
2060.6441211435126 1.0001499044635593
2060.6455100350245 1.0000066973116513
2060.6468989260707 1.000312756843335
