banda,bjd_tdb,fluxo,erro,base,fluxo_corrigido
g,2461275.4295627875,1.0203782441115052,0.0016980256451236116,1.0210584827060485,0.9993337907611908
g,2461275.430415295,1.0160398142479448,0.0025289536791620448,1.0208885817279656,0.9952504440084796
g,2461275.4317444274,1.0168574074503984,0.0015056971461125251,1.0206263266944524,0.9963072486516583
g,2461275.432672259,1.0178975308896638,0.0013449465811595043,1.0204451571849515,0.9975034167418505
g,2461275.4337284057,1.0183261345502272,0.001624346059862491,1.0202407841656747,0.9981233355447429
g,2461275.4347907132,1.0159497987601083,0.0010456462892604434,1.0200371726522395,0.995992916727237
g,2461275.435819746,1.0179096507588845,0.0016223987115810178,1.0198417677514138,0.9981054737571797
g,2461275.4368461426,1.016105266972596,0.0012301644010486914,1.0196486222337997,0.996524925171339
g,2461275.4378726166,1.0149215757243373,0.0014088008844845889,1.019457185510388,0.995550956086714
g,2461275.438929997,1.0167945564992356,0.0007602304199414128,1.0192617514865752,0.9975794294412194
g,2461275.4399909824,1.0155457340704674,0.0010963911059138835,1.019067421227923,0.996544205923871
g,2461275.4410232278,1.0147980106190109,0.0010741337493559752,1.018880022192563,0.9959936288035486
g,2461275.4420538372,1.013765331480339,0.000921440437977086,1.018694530525264,0.9951612589473869
g,2461275.4430765472,1.016847408224813,0.001124773643714402,1.0185120222531834,0.9983656412570487
g,2461275.4441344826,1.0134146304780112,0.0010380861400708364,1.018324833942131,0.9951781560259987
g,2461275.445188141,1.0151171373409138,0.0012064132459603345,1.0181399983384176,0.9970309967171145
g,2461275.446216654,1.0185961095902631,0.001106396290233478,1.0179610800191738,1.0006238250003403
g,2461275.447272635,1.0181997585179408,0.0013516742340232127,1.017778903810559,1.0004135030759689
g,2461275.448329378,1.0171547873339253,0.0014269963778685672,1.0175981124968747,0.9995643416025393
g,2461275.4493228868,1.0221809436518483,0.0014655110282514833,1.0174294964461743,1.0046700505757604
g,2461275.4503824227,1.0233210241320423,0.0012175185327565046,1.0172511008262322,1.005966986224817
g,2461275.45140984,1.0219247460194965,0.0011383588631276788,1.0170794931800746,1.004763888046029
g,2461275.452468327,1.02254440857624,0.0015674844616009097,1.016904092636876,1.0055465564355617
g,2461275.4535287363,1.0241405396906766,0.0009668508531170988,1.0167297721324926,1.0072888271410019
g,2461275.4545543785,1.0214060444176027,0.0013157920593308804,1.0165624745795712,1.0047646553548366
g,2461275.455582629,1.0215049667969816,0.0012854399187784801,1.0163960211082192,1.0050265305871542
g,2461275.456642646,1.020383302026756,0.0007225365273382391,1.016225733501456,1.0040911860310553
g,2461275.4577079825,1.0202513683468624,0.0010561095956283088,1.0160559088706267,1.0041291620270179
g,2461275.458735976,1.0189966058137478,0.0015100199497789502,1.015893267021562,1.0030547882271967
g,2461275.459759251,1.0172515701252982,0.0011695715289936077,1.015732552547012,1.0014954897078736
g,2461275.4607859324,1.0183212760060179,0.0008613712651523689,1.0155724684746954,1.0027066581821098
g,2461275.4618425565,1.01878734785391,0.0010784207578340415,1.0154089146772263,1.0033271651724247
g,2461275.462901785,1.0183370800795135,0.0016121628538095555,1.0152461607669236,1.0030445023404522
g,2461275.4639298357,1.0169209431525519,0.0011261265106420667,1.0150893296819465,1.001804386488014
g,2461275.464954203,1.0151952112031635,0.0011993047415843525,1.014934153159503,1.000257216729625
g,2461275.465851067,1.0159659399627754,0.0013172937183020803,1.0147991741342015,1.0011497504711406
g,2461275.483813435,1.0181718280402516,0.0017436863398631287,1.012254046353177,1.0058461427824315
g,2461275.4847580367,1.0171172875090555,0.0008964176995721756,1.0121278326733127,1.0049296686393498
g,2461275.4857931235,1.0156400862469457,0.001174226473037725,1.011990331616079,1.0036065113636394
g,2461275.486833176,1.0116735351956343,0.001050333240248707,1.0118530054470969,0.999822632091325
g,2461275.4878702136,1.0115951815447792,0.0009000149020523961,1.0117168998853685,0.999879691304353
g,2461275.488907526,1.0105006845924005,0.0009740380187212796,1.0115815704847178,0.9989314891415041
g,2461275.489979515,1.0107427177091237,0.00117719197239206,1.0114425598193106,0.9993080752798142
g,2461275.4910470587,1.0112159598866217,0.0009703341902858201,1.011304965551237,0.9999119892933911
g,2461275.492052773,1.0088678935617768,0.0010765686993887932,1.0111760989022263,0.9977173062704356
g,2461275.493089122,1.005262333451936,0.00107316979753091,1.0110440677025605,0.9942814221107468
g,2461275.4941563196,1.0064776458010996,0.0007916833626386184,1.0109089031529466,0.9956165611579577
g,2461275.4948872044,1.0084829505651074,0.0011092050215008868,1.0108167959537133,0.997691129195767
g,2461275.4962523803,1.0053481246662124,0.0010183095714950989,1.0106457485433373,0.9947581792287153
g,2461275.497259246,1.0066925974457224,0.001143768823602977,1.010520415619322,0.9962120328155334
g,2461275.498151082,1.007934374501375,0.000972051758918266,1.010409976155696,0.9975499037888166
g,2461275.4994296236,1.0056290629674691,0.0011402489409196434,1.0102525813944137,0.9954234035011691
g,2461275.5003766445,1.004272236927074,0.0012770361799269783,1.0101366986496458,0.9941943880165809
g,2461275.501408901,1.0011802144194981,0.0008500750692663384,1.010011056409912,0.9912566878012176
g,2461275.502465914,1.00371396743732,0.000748336630609197,1.009883118900244,0.9938912223132891
g,2461275.5033852756,1.0079863131473064,0.001171195145981958,1.009772427455466,0.998231171440618
g,2461275.504973387,1.0308901076889088,0.00424536340537511,1.0095824836236085,1.0211053820870808
g,2461275.505584718,1.0263097048384127,0.0005278941076488941,1.0095097897610392,1.0166416564235103
g,2461275.5066419938,1.020268196382764,0.0011354277659738725,1.0093846175284233,1.0107823902458413
g,2461275.5077042268,1.0136155566201819,0.0010146174303396409,1.0092595539697902,1.0043160380630116
g,2461275.5087364116,1.0110801238164295,0.0009094120732510245,1.009138689388708,1.0019238529333343
g,2461275.509767929,1.0087092027327036,0.000850560634674354,1.0090185471788347,0.999693420455951
g,2461275.510824353,1.0092506502875118,0.0008515244296597419,1.008896166027087,1.000351358516725
g,2461275.5118538383,1.0081751639228622,0.0008196772238205584,1.00877754413378,0.9994028612012422
g,2461275.512888825,1.0096140765414254,0.0008834961995879323,1.008658917469965,1.0009469594279268
g,2461275.5139193963,1.0109981410844675,0.0009678553404560806,1.008541418522586,1.0024359163805887
g,2461275.5149498233,1.011803443260359,0.00109440586853294,1.0084245499964308,1.003350665415613
g,2461275.516005651,1.0104858264900998,0.0010994384398563268,1.0083054324501393,1.0021624340897006
g,2461275.5170624787,1.0115322521009098,0.0008436980385250087,1.008186837213487,1.003318248923651
g,2461275.5180940884,1.0088152543975253,0.0008297537001807066,1.0080716793729134,1.0007376211829246
g,2461275.519123999,1.0072652946263199,0.0011337975545226238,1.0079573043932095,0.9993134532942283
g,2461275.5201819926,1.0067166563381489,0.0009804240859004462,1.0078404233927287,0.9988849752118526
g,2461275.5212422395,1.0078453599062478,0.0009702078829361589,1.0077239114919163,1.0001205175474617
g,2461275.5222725575,1.0082265878821162,0.0009786983688959425,1.007611276469298,1.0006106634842102
g,2461275.5233080876,1.0075307754491547,0.0007867054509899837,1.0074986505399677,1.0000318858086508
g,2461275.5243404624,1.0064084125550237,0.0008810314128997438,1.0073869417817591,0.9990286461079149
g,2461275.5253722137,1.005744836257122,0.0009383527388656398,1.0072758685518375,0.9984800268302697
g,2461275.526429006,1.003217786807026,0.0012997442718684395,1.0071626843912225,0.9960831575222816
g,2461275.5274598096,1.0051847658204993,0.0011502364286128527,1.0070528496830056,0.998144999179443
g,2461275.528489829,1.003500178035565,0.0009353649210619688,1.0069436524543727,0.9965802709909195
g,2461275.529547666,1.005869104798847,0.0009304202019620527,1.0068320791196184,0.9990435601519437
g,2461275.530605665,1.00336254523134,0.0007982562446927073,1.0067210657352779,0.9966639016324895
g,2461275.5316378963,1.0043213970660936,0.0009587664978080161,1.0066133083718782,0.997723146230312
g,2461275.532666654,1.0036943548777582,0.0006772715537327523,1.0065064524836513,0.9972060808960002
g,2461275.53372318,1.0065901891505586,0.0012237344022520522,1.0063972692361047,1.000191693598891
g,2461275.53477972,1.0060180112297956,0.0008730600232823405,1.0062886456666127,0.9997310568513492
g,2461275.5358088347,1.0051172299614466,0.0011541807375949826,1.0061833777766647,0.998940404066728
g,2461275.5368416742,1.0100659704346675,0.001134468902532615,1.006078257253435,1.003963621271489
g,2461275.5378999743,1.0054896967996203,0.0010044812774036166,1.005971091889155,0.9995214623030264
g,2461275.5389553737,1.006324466238432,0.0008126032713768346,1.0058647682511381,1.0004570176844878
g,2461275.539985064,1.0020907968321544,0.0009657174697870474,1.0057615590936055,0.9963502658972577
g,2461275.5410145735,1.0058259663799574,0.0008216770837046656,1.0056588827923265,1.0001661434015945
g,2461275.5420736433,1.0042276060303121,0.0009769081518164842,1.0055537932689682,0.9986811374512896
g,2461275.543102622,1.0035439252474805,0.001069806960084659,1.0054522068603218,0.9981020663142207
g,2461275.54413392,1.0036159895110495,0.0007367113629288444,1.0053509001880456,0.9982743232470657
g,2461275.545167344,1.0042035074447355,0.0013254898764473307,1.005249893687966,0.9989590784840657
g,2461275.546195995,1.0048315360217117,0.0009833704591293386,1.0051498569028992,0.9996833100268568
g,2461275.547253682,1.0042171301598248,0.000897668254955249,1.0050475181536989,0.9991737823546896
g,2461275.548314226,1.0026286022594186,0.0011005532944514873,1.0049454320533802,0.9976945715458125
g,2461275.549344158,1.0024128780902057,0.0007664236130732443,1.004846797683937,0.9975778202216087
g,2461275.550375561,1.0016641147554988,0.0009399602205446043,1.0047485187980938,0.9969301730882025
g,2461275.5514329337,0.999328098222582,0.0009025806421699476,1.0046482797270075,0.9947044337687303
g,2461275.5524911894,1.000335849076984,0.0007306056588004682,1.0045484766131856,0.9958064467427153
g,2461275.553519931,1.000027503277362,0.000826116369361811,1.004451953586474,0.995595159834859
g,2461275.554551938,0.9979432824753083,0.0006108316692701667,1.0043556141600236,0.993615476834788
g,2461275.555610299,0.9978999498615676,0.0003315294628227977,1.0042573232033354,0.9936695773136218
g,2461275.556639023,0.9995666951331379,0.0008112925013341614,1.0041622771327643,0.9954234667998599
g,2461275.5576706612,1.0011739204310126,0.0009250515202789561,1.004067447725754,0.9971181942993019
g,2461275.5587312775,0.9990802293987284,0.0009422173172494261,1.003970460821235,0.9951291082623025
g,2461275.5597590725,0.9986628582807682,0.000900636329836927,1.0038769637075198,0.9948060314010047
g,2461275.5607888266,0.998936152218716,0.00104225510750936,1.0037837694533922,0.9951706558900469
g,2461275.5618463247,0.9987377794464545,0.0007121943719531409,1.003688564856387,0.9950674087727195
g,2461275.562877985,0.9980624080072492,0.0006729282761899404,1.0035961741043657,0.9944860629804064
g,2461275.5639065285,0.9964712625468346,0.0006709684849844574,1.0035045408164671,0.9929912840614452
g,2461275.5649610474,0.99781771041787,0.0006515949214438948,1.0034110889076768,0.9944256361608523
g,2461275.566018559,0.9984313695172343,0.0006206160215681762,1.0033178751216905,0.9951296535967094
g,2461275.5670535383,0.9975806811724726,0.0006610003716099459,1.0032271348033537,0.9943717096208847
g,2461275.5680880086,0.9986812208150885,0.0008340562875704724,1.0031369199472144,0.9955582343312014
g,2461275.569147509,0.9954495267074194,0.0006283257207956145,1.0030450205914636,0.9924275643384727
g,2461275.570207374,0.9994373677448948,0.0009328187846342406,1.002953593994081,0.9964941286713141
g,2461275.5712378854,0.9983606727784677,0.0007985579755053498,1.002865182903665,0.9955083592470974
g,2461275.5722677703,0.9947088302291064,0.0007213767965746243,1.002777301059241,0.9919538756794637
g,2461275.573325038,0.9954243817223979,0.0008132720486430942,1.0026875774847277,0.9927562723170963
g,2461275.574358605,0.9955128283873133,0.0011372480948445578,1.0026003500383336,0.9929308605859261
g,2461275.5753846182,0.9956111476641701,0.0005812339512821939,1.0025142338386335,0.9931142262708517
g,2461275.576441488,0.9950547544125368,0.0009604769307797229,1.0024260216232865,0.9926465723637011
g,2461275.5774712893,0.9937194851298767,0.0007083065138329082,1.0023405510765857,0.9913990649810094
g,2461275.57850264,0.9942764587576943,0.0007064902665858701,1.002255429211048,0.992038985052309
g,2461275.57955844,0.9933618660934251,0.0007698418283937831,1.0021687849919458,0.9912121400801848
g,2461275.580588921,0.9933651498425695,0.0006271544820591101,1.0020847023850745,0.9912985873132766
g,2461275.5816195197,0.9915543086639511,0.0006495489799534718,1.002001088297733,0.989574083545628
g,2461275.5826792605,0.9939344387219746,0.001035560321555283,1.0019156095653639,0.9920340887324318
g,2461275.5837387796,0.9941205842631796,0.0007075472972559596,1.0018306561389667,0.9923040168230611
g,2461275.584768352,0.9946469786124751,0.0006981105541151993,1.0017485905992132,0.992910784149454
g,2461275.585798168,0.9957164477214386,0.0008974920290424586,1.001666985960576,0.9940593647164772
g,2461275.586860198,0.9963587269883057,0.0009633652545650451,1.0015833332714117,0.9947836529327608
g,2461275.587917671,0.9946737597131415,0.0009845772466325398,1.0015005498230096,0.9931834384803138
g,2461275.5889482386,0.9969706800807479,0.0010448236590836527,1.0014203635835204,0.9955566277014284
g,2461275.5899799885,0.9965362628858756,0.0007594701466858466,1.0013405715519397,0.9952021232310421
g,2461275.5910362243,0.9963112942850839,0.0011147095651960705,1.0012593915882289,0.995058126450833
g,2461275.592066566,0.9959402366273574,0.0009364032127142001,1.0011806962671905,0.9947657204544877
g,2461275.5930965208,0.9955517080784809,0.001003608256278552,1.0011025196410446,0.9944553015763521
g,2461275.5941537856,0.994192294186712,0.0006245723926987589,1.0010227804881129,0.9931764926487784
g,2461275.595181672,0.99361518077578,0.0007044118239854124,1.000945754413809,0.9926763527336984
g,2461275.5962138674,0.9944332087057427,0.0006774089986472364,1.0008689003597973,0.9935698954660885
g,2461275.597271995,0.9963323382930145,0.0008726245258088243,1.0007906325081717,0.9955452278725033
g,2461275.598301279,0.9997156731771961,0.0014007975748623618,1.0007150021919278,0.9990013849971843
g,2461275.599333459,1.0050577555148832,0.0011190673454118513,1.000639659596324,1.0044152716476793
g,2461275.6003904887,1.0011139935759623,0.0011683691303419857,1.0005630252682005,1.0005506582732397
g,2461275.601446016,0.998353247824542,0.0007860858101020621,1.0004870294174213,0.9978672571156453
g,2461275.6024760995,0.9999573704549751,0.0010478726988375413,1.0004133778223265,0.9995441810580902
g,2461275.6035080464,0.9994292917591752,0.0004741605613116514,1.0003401022747584,0.9990894991478277
g,2461275.604565411,1.00246996378141,0.0010679070783373538,1.0002655535343485,1.00220382501354
g,2461275.605621107,0.9980477001565632,0.0006866979263050598,1.0001916620903437,0.9978564489037034
g,2461275.6066514757,0.9957318573992322,0.0007655465163016077,1.0001200657820308,0.9956123184276207
g,2461275.6076819734,0.9958643238225665,0.0008918097369076348,1.0000489789315514,0.995815549840913
g,2461275.608740838,0.9959000558107942,0.0008402017234627056,0.9999764786015494,0.9959234813238248
g,2461275.6097726473,0.9954091549063021,0.0010503025107007323,0.9999063636078264,0.9955023701566439
g,2461275.6108017527,0.9964556728967069,0.000873452841623745,0.9998369588267911,0.9966181626911933
g,2461275.611860044,0.9970814144296661,0.0011685026093050104,0.9997661374138413,0.9973146490126982
g,2461275.612888733,0.9975409195411618,0.0010715364332148781,0.9996978363126375,0.9978424312896069
g,2461275.6139189103,0.997501249730991,0.0008496969574683654,0.9996299723018748,0.9978704894512297
g,2461275.6149759777,0.9947535867040904,0.0008235322227664743,0.9995608982275356,0.9951905766502375
g,2461275.6160086915,0.9936240998864179,0.000742691967671288,0.9994939680265853,0.9941271600150254
g,2461275.6170404954,0.9939177266725995,0.0009431654443337353,0.9994276450930888,0.9944869261446374
g,2461275.618096611,0.9953823214929557,0.0010484411774261844,0.9993603314061095,0.9960194438500909
g,2461275.619152968,0.9940803317699983,0.0005952392942464975,0.9992935852956096,0.9947830611520746
g,2461275.6201843196,0.9911147832933845,0.0010832967740223409,0.9992289854437383,0.9918795368543574
g,2461275.6212158985,0.9947644967815737,0.0008913127306640333,0.9991649345569237,0.9955958844999887
g,2461275.6222715043,0.9943814304294336,0.0008623027384874773,0.9990999797198069,0.995277200093932
g,2461275.6233310266,0.9929950499783126,0.0009846158036187005,0.9990353864734224,0.9939538312887674
g,2461275.624359772,0.9945389406205327,0.0007937774316078972,0.9989732515201095,0.9955611314989373
g,2461275.6253922023,0.9968732802329935,0.0008258137980784462,0.998911474410367,0.9979595847784444
g,2461275.626448199,0.9973406584337904,0.0006494820149713167,0.9988488939128248,0.9984900263811414
g,2461275.6274787486,0.9975152694487045,0.0008432451109544805,0.9987884180847206,0.9987253069689599
g,2461275.6285073007,0.9983345751586946,0.0009713278575838608,0.9987286514142795,0.9996054220983579
g,2461275.629564918,0.9978853683958255,0.001118433204617352,0.9986678179057233,0.9992165067344028
g,2461275.630597926,0.9973374262965378,0.0005478120751836797,0.998609013897853,0.9987266411742551
g,2461275.631628263,0.9991543218039859,0.000834831544306095,0.9985509714539645,1.000604225890585
g,2461275.632688348,1.0001447457310546,0.0010448745037283723,0.9984918945386803,1.0016553476311774
g,2461275.6337214783,0.9985394453225861,0.0007604243101125021,0.9984349510730979,1.0001046580444484
g,2461275.63475064,0.9988792332456887,0.0009781328116856495,0.9983788509932655,1.0005011947638167
g,2461275.6358121783,0.9978193886452662,0.0008505181280331527,0.9983216458758659,0.9994968983867328
g,2461275.6368699884,0.9978006318578122,0.0006731896100842218,0.9982653146005527,0.9995345097781682
g,2461275.6378995785,0.9983924699681395,0.0008587583419948316,0.9982111373556519,1.0001816575729339
g,2461275.6389331045,0.9957601125471051,0.0009140872824593069,0.9981574046483447,0.9975982825052686
g,2461275.6399909663,0.9991109663032546,0.0008296400774626373,0.9981030901778813,1.0010097916089946
g,2461275.641020598,0.9992549344845325,0.0006131103801553469,0.9980508959372064,1.0012063899268338
g,2461275.6420495855,0.999231120133705,0.0011797460603392678,0.9979994015972329,1.001234187650314
g,2461275.6431081863,0.9989716215918305,0.0009739917798864446,0.9979471287034898,1.0010266003667667
g,2461275.6441364046,0.9976897951626847,0.0011546309608663986,0.9978970462054655,0.9997923121993708
g,2461275.6451660832,1.0004904831683699,0.0009500064018369068,0.9978475809730843,1.0026486030989905
g,2461275.646223098,0.9975331120447246,0.0007232026185524749,0.9977975273146451,0.9997350010771904
g,2461275.6472540167,0.9983775967508822,0.0012196205155279357,0.9977494240397338,1.0006295896504807
g,2461275.648282702,0.9961667193970815,0.0007220593219210427,0.9977021354944303,0.9984610475985521
g,2461275.649338398,0.9987043455566065,0.0009359674184373073,0.9976543520837257,1.001052462178597
g,2461275.6503918697,0.9943452857339057,0.0007131610326057065,0.9976074321223517,0.9967300299863384
g,2461275.6514241253,0.9972642463860407,0.0007877796656079791,0.9975622044393637,0.999701313810811
g,2461275.652454559,0.9960171216315937,0.0009645249956496007,0.9975178021890994,0.9984955851873397
g,2461275.65351209,0.9962353498182623,0.000577138644296543,0.9974730166336905,0.9987591976977933
g,2461275.65457635,0.9963435003049907,0.0006035915376276713,0.9974287579727832,0.9989119446786373
g,2461275.6556121837,0.9974527343451148,0.0010047757032752805,0.9973864727383399,1.000066435237078
g,2461275.6566430638,0.9956288016798881,0.000895935896327616,0.9973451734149036,0.9982790594663042
g,2461275.6577016227,0.9943967459468989,0.0006993160530321288,0.9973035895117577,0.997085297199941
g,2461275.6587315802,0.9973400154973009,0.0009009248627595193,0.9972639409557306,1.0000762832570658
g,2461275.65976477,0.9992235837434725,0.0008484200433037018,0.9972249818204998,1.0020041635131565
g,2461275.660795097,0.9974638733327885,0.0013739879258754023,0.9971869532057512,1.000277701313828
g,2461275.661823424,0.9967313480052452,0.000819038864751831,0.9971498267321518,0.9995803251269891
g,2461275.662880705,0.9971545455806916,0.0010460385280642427,0.9971125296259685,1.0000421376258695
g,2461275.6639389484,0.997079175548211,0.00134379607445662,0.997076098589586,1.0000030859817313
g,2461275.664970124,0.9958978209333593,0.0006680068178517806,0.9970414768287822,0.998852950532148
g,2461275.665998695,0.9970029041177959,0.0010507614075987337,0.9970078159603557,0.9999950734161948
g,2461275.667054694,0.9963171687641543,0.000982796896512358,0.9969741781099152,0.9993409966274087
g,2461275.6681116507,0.9958461076843902,0.000753574796816831,0.9969414567463221,0.9989012904875009
g,2461275.669140943,0.9970430557673262,0.0007051176624031603,0.9969105147755759,1.0001329517441995
g,2461275.67017252,1.0004680675284263,0.0005819573082641544,0.9968804296298668,1.0035988648105887
g,2461275.6712300163,0.9982849483176047,0.00099067315080892,0.9968505647612171,1.0014389153270242
g,2461275.6722865975,0.9968495891934616,0.0008745397106617798,0.9968217269854706,1.00002795104404
g,2461275.6733181295,1.0005397932231719,0.000996398190407993,0.9967945521567899,1.0037572848469911
g,2461275.6743485555,1.0006129948135367,0.0008774502794983513,0.9967683853944461,1.00385707399575
g,2461275.6754030427,0.9984463153056312,0.0009214777322541435,0.9967426362775887,1.0017092466661253
g,2461275.6764323944,0.9963160518019146,0.00093652026914617,0.9967185195676098,0.9995962071961202
g,2461275.677462264,0.9993996338347546,0.0010119837279449718,0.9966954120254707,1.0027131877769844
g,2461275.6785208187,0.9977648342247034,0.000996900009392836,0.9966727418361299,1.0010957381924197
g,2461275.679551081,1.0002011385007934,0.0010981902734436264,0.996651745645624,1.0035613170504911
g,2461275.680586787,0.9983121401169958,0.0009086252508177165,0.9966317164633366,1.0016861029263873
g,2461275.6816471783,0.9961330609273816,0.0009227822079628013,0.9966123477907204,0.9995190839603771
g,2461275.6826770003,0.9967214544043266,0.0008185993411299786,0.996594656284267,1.0001272313866625
g,2461275.6837092564,0.9969809051050348,0.0007561882405829726,0.9965780457246899,1.000404242680313
g,2461275.6847673245,0.9975488305934893,0.0011296793861213833,0.9965622058658085,1.0009900282409603
g,2461275.6858250834,0.9987080633138203,0.0013578759797469213,0.9965475905531992,1.002167957437358
g,2461275.686855621,0.9964578310162135,0.0014816300782227712,0.9965345432503924,0.9999230209984206
g,2461275.6878842805,1.0003277698736401,0.0012343896450928802,0.9965227108372773,1.0038183364964817
g,2461275.6889417954,0.9990627682394333,0.001266679304297638,0.9965118084370925,1.002559889186202
g,2461275.6899998137,0.997281617390325,0.0011262835103687566,0.9965022030691628,1.0007821501234635
g,2461275.691029864,0.9996078915735911,0.0007410327197307823,0.9964941235675625,1.003124722898396
g,2461275.692059389,0.9987920035979234,0.0008556441791213242,0.9964873221636396,1.0023128055751676
g,2461275.6931175077,0.9987758573545023,0.0007771282815475681,0.9964816828275209,1.0023022746594514
g,2461275.6941174534,0.9993327634649302,0.0014164525168649568,0.9964776336371961,1.002865222189998
g,2461275.695173351,1.0013203977933727,0.0013656836744255188,0.9964747314490161,1.0048628090521776
g,2461275.69623086,0.9971648389908406,0.0012473097165975051,0.9964732630092605,1.0006940236203545
g,2461275.6972614913,1.0017092177169986,0.0013495343926039224,0.9964732417387353,1.0052545073554882
g,2461275.698293322,0.9985060561636749,0.0018053528210795165,0.9964746388722194,1.0020386041071296
g,2461275.6993551687,0.9983061572649531,0.0015246678070013895,0.9964775860628917,1.0018350349547611
g,2461275.7003842616,0.9957434033998217,0.0011278366356230792,0.9964819293750848,0.999258866665323
g,2461275.7014161833,0.9970529012759503,0.0013912936134411662,0.9964877797635454,1.0005671133393517
g,2461275.702473772,0.9997476894146853,0.0013259332946395828,0.996495359201105,1.0032637685499988
g,2461275.7035325104,1.002686730288451,0.001365587749399488,0.996504582895023,1.006203832375229
g,2461275.7045647213,0.9972244359454057,0.00092648161059229,0.9965151808246807,1.0007117353898594
g,2461275.7056027125,0.9994558149535206,0.0014387143600276427,0.9965274649964807,1.002938554189322
g,2461275.70663386,0.9985708515727032,0.0010601548774146164,0.9965413159579964,1.0020365794997228
g,2461275.7076677447,0.9983103133009038,0.0010766796129937064,0.9965568830091538,1.001759488416211
g,2461275.708727422,0.9948957561087631,0.0009519354947054858,0.9965746183681167,0.9983153672305013
g,2461275.709759875,0.9953767233362343,0.0014227623834331224,0.9965936645097699,0.9987788993479763
g,2461275.7107934617,0.9977691484206899,0.0012437849436285463,0.9966145106679055,1.001158560045459
g,2461275.711848711,0.9962699525943319,0.0012194911844915035,0.9966376684098276,0.999631043630849
g,2461275.712907656,0.9953204573069612,0.0008976312446160055,0.9966628501001613,0.9986531124411177
g,2461275.713937929,0.9976400458389042,0.0015003366263610376,0.996689255411741,1.0009539487076846
g,2461275.714965505,0.9968040725708057,0.0009418434225732479,0.9967174999152973,1.000086857766133
g,2461275.7160254763,0.9973133765127131,0.0010353857933098065,0.9967486745487211,1.0005665439828628
g,2461275.7170612114,0.9961115790780051,0.0010818252350943964,0.9967811791009692,0.9993282376944878
g,2461275.718086429,0.9988424168780106,0.001213056057546116,0.9968153823335132,1.002033510497954
g,2461275.7191441073,0.9954112506357686,0.0010251990838940446,0.9968528286919928,0.9985538707272209
g,2461275.720199549,0.9993080199882868,0.0005507483702481524,0.996892429076595,1.0024231209318435
g,2461275.721227005,0.9964695914002158,0.0008969773663234015,0.9969331699809405,0.9995349953289913
g,2461275.7222543485,0.9972765260541702,0.0010414388478236433,0.9969761120537228,1.000301325174009
g,2461275.7233146136,0.9955377386341974,0.0011091754024840905,0.9970227939462434,0.9985105101698145
g,2461275.7243439094,0.9946994523999181,0.001102735847072909,0.9970704593889642,0.997622026641428
g,2461275.7253763615,0.996872371168502,0.0010353646803394404,0.9971206449380947,0.9997510092977685
g,2461275.7264341344,0.9959457145918246,0.0014503282121227914,0.9971745839761654,0.998767648710579
g,2461275.727465267,0.9988874969254804,0.0013749854965484178,0.9972296766103033,1.0016624257721773
g,2461275.728492976,0.996053368815069,0.00124911081535446,0.9972871080238537,0.9987629046852623
g,2461275.7295504385,0.9994225569824279,0.0013504177370651516,0.9973488926324762,1.0020791764700097
g,2461275.7306072502,0.9956223341884213,0.0008968581593068046,0.997413429839245,0.9982042595404873
g,2461275.73163442,0.99836857075213,0.0013764391906817938,0.9974788925924591,1.0008919268029408
g,2461275.7326640617,0.9961003999583694,0.0013529044604048345,0.9975472805131617,0.9985495619274828
g,2461275.7337234854,0.9996864288639209,0.0011883295526240473,0.9976206102000351,1.0020707457752618
g,2461275.7347798916,0.9996620436091151,0.0013822050235040109,0.997696797192214,1.0019697832271606
g,2461275.735809142,0.9984998978254773,0.0011491052715224624,0.997774041823584,1.0007274753315558
g,2461275.736838867,0.9982091284022041,0.0015384154459237983,0.9978543705411783,1.0003555206766628
g,2461275.7378974073,1.000599029607265,0.0012271089037368575,0.9979402069623299,1.0026643105733044
g,2461275.738956036,1.000851651545868,0.0007816161422010072,0.9980294392375152,1.002827784629789
g,2461275.7399874926,0.9996581203401147,0.0011820338282243876,0.9981197225595558,1.0015412958443641
g,2461275.7410191237,0.9993005473537083,0.0012056266576698257,0.9982134005396174,1.001089092586318
g,2461275.7420739643,0.9991801025752599,0.0012589823510111748,0.9983127727580812,1.0008687956729057
g,2461275.7431017305,0.9991216959810902,0.0015787786045802761,0.9984131739302945,1.000709648138963
g,2461275.7441297797,0.9997814550716699,0.0009766316641464184,0.998517226092584,1.001266106328514
g,2461275.745189223,0.9997752230112968,0.0007318056416501083,0.9986283481021607,1.0011484501830092
g,2461275.746220589,0.9995658888439198,0.0009040834936348151,0.9987404208771299,1.0008265090202968
g,2461275.747247054,0.9994843796056286,0.0011723273730981307,0.9988558781289659,1.0006292213826082
g,2461275.7483020336,1.0034747086348972,0.0016945679160949422,0.9989787278768892,1.0045005770719093
g,2461275.7493603765,1.001718699598157,0.0012709772166882183,0.9991063463557307,1.002614689869557
g,2461275.750389579,1.0005446516728869,0.0015883231762203929,0.9992347732709016,1.0013108815235658
g,2461275.751422857,0.9997570054051571,0.0014826814698884823,0.9993681188981496,1.0003891323924123
g,2461275.752480365,1.0016002401539204,0.0013164462427408543,0.9995092845734224,1.0020919821484104
g,2461275.7534838193,1.000586275040349,0.0011248176289724867,0.9996477586013767,1.000938847139802
g,2461275.754539486,1.0006229409950769,0.0010731062207635104,0.9997983253404884,1.000824781992216
g,2461275.755596245,1.0005227409641677,0.0008718368362751767,0.9999542114613237,1.0005685555361712
g,2461275.756653717,1.0029683791892203,0.001304845209484361,1.0001155314813275,1.0028525181522452
g,2461275.757684149,1.0005325762887114,0.001203524506785957,1.0002780053878928,1.0002545001484062
g,2461275.7587152133,1.0016875913939647,0.001354826136835068,1.000445946062002,1.0012410918719297
g,2461275.7597719594,1.0006692914460886,0.0011651115628728977,1.0006238132955279,1.0000454497983722
g,2461275.760830032,1.0036439290282497,0.001666365833842803,1.0008079104324423,1.0028337291964269
g,2461275.7618612847,1.0025080556783597,0.0017346292742373662,1.0009933027065392,1.0015132498566421
g,2461275.762892063,1.0024990485189011,0.0016595580214412127,1.0011846691773658,1.0013128240793132
g,2461275.763472445,1.0021712232660378,0.0026139192581927095,1.001295158274394,1.000874931816462
g,2461275.7650817567,1.0003159867310134,0.00165688732837277,1.0016121862197673,0.998705886862613
g,2461275.7659971425,1.0029271040627636,0.001140311320891757,1.001799731350224,1.0011253473895627
g,2461275.7670419454,1.0005842404311565,0.0015663273012508714,1.002020423126367,0.9985667131506866
g,2461275.7680876125,1.0010311348190002,0.0013433086332481031,1.0022485984953817,0.998785267768686
g,2461275.769133497,1.000036759667495,0.0011286960323975447,1.0024843760659754,0.9975584493315642
g,2461275.770181099,0.9988658127582571,0.0012757408443899482,1.0027283719487678,0.9961479506329277
g,2461275.771229688,1.0016039685683638,0.001486093643965959,1.0029807115217364,0.9986273485246951
g,2461275.7722776486,0.9970872110679695,0.0014210316911190787,1.0032412964755881,0.9938657973617732
g,2461275.77329995,0.9977876109148119,0.0014769623115760808,1.0035038687827866,0.9943037012155137
g,2461275.7743720133,1.0002030732437388,0.001517274545312279,1.003788419483786,0.9964281852923835
g,2461275.7754172585,0.9999130698866687,0.0017870130206348,1.004075239371826,0.9958547235088068
g,2461275.7764177504,1.0019962548684154,0.001696439622966498,1.0043587761276374,0.9976477317514655
g,2461275.7774678445,1.0041534531511038,0.0013266774063491434,1.004666179391364,0.999489655120499
g,2461275.7785168304,1.00358043104711,0.0015389319289966744,1.004983660725822,0.9986037288629164
g,2461275.7794080516,0.9985460972886948,0.0014427705695452368,1.005261851256722,0.9933193983640864
r,2461275.4295135634,1.0275926810413316,0.002306159078279529,1.0170416242518387,1.0103742625059762
r,2461275.430591868,1.0201862940676876,0.0018166116923557564,1.0169145154153245,1.003217358590881
r,2461275.4317419087,1.0183499347360718,0.0024820042133294417,1.0167797037110406,1.0015443178294179
r,2461275.4326706585,1.0187294503350754,0.0018818823686304062,1.0166714037016016,1.0020242987320984
r,2461275.4336959613,1.0161104558645633,0.0016760098034552249,1.0165524201836604,0.9995652321411843
r,2461275.4347465117,1.0140383799832235,0.001928782506517523,1.0164311213172166,0.9976459385355181
r,2461275.4357866817,1.0156196491197675,0.0017541402724899724,1.01631162192102,0.9993191332399166
r,2461275.4368381184,1.0138755519173548,0.0019252857242511854,1.0161914239160388,0.9977210278061988
r,2461275.437871359,1.014774283244604,0.0017514118559767951,1.0160738782146144,0.9987209640973215
r,2461275.4389073537,1.0146379491430138,0.0014696633034278507,1.0159565776754826,0.9987020818001042
r,2461275.439957631,1.0152283617682545,0.00165758271014697,1.0158382201049878,0.9993996501365441
r,2461275.441021219,1.016345797627506,0.0016646684091085036,1.015718926383605,1.0006171699941961
r,2461275.442057327,1.0143574416424128,0.0019141866499745872,1.0156032500564884,0.9987733315997105
r,2461275.4430752713,1.010996164360433,0.0018201554480581463,1.0154901065357285,0.9955746076240701
r,2461275.444122651,1.0128271942656852,0.0014346374442232993,1.015374204078663,0.9974915555243113
r,2461275.445176116,1.0121485641508918,0.001444823384828608,1.0152581434616992,0.9969371540323678
r,2461275.446183681,1.0100853570625634,0.0018548984181084491,1.0151476143128706,0.9950132796659984
r,2461275.447246989,1.0123973855400454,0.0015172654087649078,1.0150314645676506,0.9974049286947699
r,2461275.4482961185,1.0150727430041941,0.0016330054812303295,1.0149173521443764,1.0001531069101237
r,2461275.449344316,1.0174340205655066,0.0019238648586437823,1.0148038172909224,1.0025918342341338
r,2461275.4503856255,1.0137469765561513,0.0015812389021670683,1.0146914914454366,0.9990691605308134
r,2461275.4514085627,1.0170311281956375,0.0015311873211285843,1.0145815888914582,1.0024143344714698
r,2461275.452460881,1.0172146185195634,0.0016215161673105616,1.0144689784365777,1.002706480081054
r,2461275.4534954205,1.016419038862232,0.0014828416605279673,1.0143587066822386,1.0020311672452957
r,2461275.4545422965,1.0149261244465557,0.0017207316741507598,1.0142475527840749,1.000669039487074
r,2461275.455584467,1.0150448021871463,0.0015275149851368924,1.0141373236033755,1.0008948281092214
r,2461275.4566200282,1.0156928386507655,0.0014795053141158966,1.0140282066029505,1.0016416032975963
r,2461275.4576635268,1.0141292331237877,0.00143185251657235,1.013918663004758,1.0002076794980828
r,2461275.458721317,1.0169714862505839,0.001647994624833086,1.013808032073286,1.0031203680353848
r,2461275.4597579543,1.0152833059098576,0.0016370006859917445,1.0137000102314035,1.0015618976644705
r,2461275.460784616,1.0139092650749573,0.0016437743041607656,1.0135934088081944,1.000311620284838
r,2461275.46181994,1.0106116673616452,0.0016016751569505204,1.0134862857921014,0.9971636336171934
r,2461275.4628763907,1.0125673923117888,0.00193442669174248,1.0133773617585147,0.9992007227738734
r,2461275.4639177527,1.013112804805495,0.001608535739555798,1.013270368094732,0.9998445002496883
r,2461275.46494909,1.0142382688728016,0.0014503252603570531,1.0131647652624798,1.001059554819836
r,2461275.4658391573,1.0125665818593168,0.0014752506437218785,1.0130739121282581,0.9994992169249768
r,2461275.4838152006,1.007163409690455,0.0012462698093549814,1.011290462428669,0.9959190233750423
r,2461275.484752362,1.0059184236211633,0.0009049247300515628,1.0111999432228316,0.9947769779487573
r,2461275.4857915444,1.008341629527232,0.001201112492877958,1.0110998311148314,0.9972720778871478
r,2461275.4868349074,1.005084111447929,0.0008553871563089227,1.0109995891591925,0.9941488821808689
r,2461275.4878759612,1.0062696157729274,0.0007802232813818638,1.0108998382242012,0.9954197020553417
r,2461275.488917393,1.0061264712473026,0.0006975645450982255,1.0108003167318487,0.9953760941630314
r,2461275.489962676,1.0042840225071705,0.0010044326570330434,1.0107006911779275,0.9936512671587484
r,2461275.4910028507,1.0056402961984947,0.0008598255100904767,1.0106018118089735,0.9950905336280789
r,2461275.492032083,1.0034393014243612,0.0006967404190287117,1.0105042241977766,0.9930085173280456
r,2461275.493072235,1.0029519754115384,0.0008235282338802465,1.0104058525299853,0.9926228880209047
r,2461275.4941236107,1.0033035314432421,0.0008712073672663283,1.010306673085655,0.9930683011119545
r,2461275.4948782274,1.003378211169046,0.0013095826568125376,1.0102356433899868,0.9932120468468824
r,2461275.4962438587,1.0025249515771533,0.0007340714894341267,1.010107427529986,0.9924933964980596
r,2461275.4972502715,1.0038595787513782,0.0006176915032128624,1.0100132041875975,0.9939073811998637
r,2461275.498151795,1.005818608548214,0.0008377728991423316,1.0099289905631241,0.9959300286918011
r,2461275.499425708,1.0075928618355252,0.001218559876469969,1.0098102932610828,0.9978041108905746
r,2461275.5003730385,1.0046489949365764,0.0014935091322994306,1.00972225235468,0.9949755911526434
r,2461275.5014108126,1.0044684593817794,0.0008483837279357372,1.0096260256838445,0.994891607218057
r,2461275.5024540327,1.0046934474550953,0.0009963153500259705,1.0095295232251043,0.9952095746991535
r,2461275.5034983065,1.0085310167948327,0.0011905403427099669,1.0094331509932435,0.9991062962440622
r,2461275.5045447866,1.025467135861498,0.0010375411115527552,1.0093368013464845,1.0159811219540347
r,2461275.5055782073,1.0148010883991685,0.0010269300242650463,1.0092418740412694,1.0055083072758748
r,2461275.5066218833,1.0136546629582928,0.0009017278119812317,1.0091462243349048,1.004467577160445
r,2461275.5076703294,1.009968771210354,0.001137475480918179,1.0090503574831913,1.0009101763062187
r,2461275.5087159392,1.007418659666304,0.0009067161835499562,1.0089549674644374,0.998477327682925
r,2461275.5097529916,1.0069558404136305,0.000794713343771014,1.0088605706209193,0.9981119985627781
r,2461275.51078774,1.0082116877496083,0.000846035750969319,1.0087665924046645,0.9994499176923243
r,2461275.5118307685,1.0068305870384824,0.0008788646736580299,1.0086720713892778,0.9981743478351105
r,2461275.5128800143,1.008495211071636,0.0009381926105056199,1.008577196980349,0.9999187113203051
r,2461275.5139158196,1.0086436309908537,0.0010250420517600848,1.0084837426243658,1.0001585433257179
r,2461275.514951679,1.0090719987650951,0.0008745503227993258,1.0083904850076921,1.000675843105955
r,2461275.516002216,1.0073108261750099,0.0010955684042814559,1.008296110129951,0.9990228228146054
r,2461275.517045441,1.006649205571971,0.0008903336173798386,1.0082025938114298,0.9984592499077131
r,2461275.5180819966,1.0078919935047665,0.0011008122975539648,1.0081098727525535,0.999783873510541
r,2461275.519117495,1.0070594282534386,0.0010835571009520514,1.0080174410765343,0.9990496068976024
r,2461275.520161774,1.0091115357988356,0.0009464235123560371,1.007924421237825,1.00117778132566
r,2461275.521208511,1.0079371650755053,0.000956896744465402,1.0078313779840464,1.0001049650703182
r,2461275.52225213,1.0083992752078008,0.0009872537061463714,1.007738805303792,1.0006553979072086
r,2461275.523293164,1.0077667376749608,0.0010842738939178963,1.0076466527637182,1.000119173631861
r,2461275.5243230658,1.0077339494103013,0.0012914660115394428,1.007555671841843,1.000176940662874
r,2461275.52536872,1.0088318504352343,0.0008850590789079364,1.007463487425841,1.0013582259074119
r,2461275.526420188,1.0064327367167665,0.0012323883323494859,1.0073709801094648,0.999068621777653
r,2461275.5274562095,1.0075951109503676,0.0010812697243361062,1.0072800165095217,1.0003128171269968
r,2461275.528491714,1.0064484740956996,0.0009502317448142928,1.0071892802019433,0.9992644817406167
r,2461275.529535833,1.0067244044677175,0.0010406014353688854,1.007097971978658,0.9996290653726504
r,2461275.5305802086,1.005844431124565,0.0011109211484162085,1.007006823779389,0.9988456953544153
r,2461275.531625881,1.0065314667638896,0.0010059311206856555,1.0069157441105556,0.9996183619643315
r,2461275.532660171,1.0056528016792865,0.0013214552439416145,1.0068258335358287,0.9988349207802678
r,2461275.5337031004,1.0051932259983865,0.0010101811385651363,1.0067353497674913,0.9984681934835594
r,2461275.5347542553,1.0058848982262307,0.001019250908189566,1.0066443319552534,0.9992455788952315
r,2461275.5357968495,1.0072257580088024,0.0008622950940228208,1.0065542324437466,1.0006671528899396
r,2461275.5368351587,1.009000339223756,0.0008756856854087462,1.0064646774624482,1.0025193748157173
r,2461275.537871586,1.007797725886267,0.0008215861030235685,1.0063754572080827,1.0014132585090358
r,2461275.5389133324,1.0051948320697834,0.0010261138218283544,1.0062859517366363,0.9989156962144112
r,2461275.5399647085,1.0044968432223242,0.000888643212528676,1.0061957934581616,0.9983115112914572
r,2461275.5409973664,1.0049808541004284,0.0009538932113429607,1.0061074101642493,0.9988802825101576
r,2461275.542036961,1.0047904161737802,0.0008356014943258211,1.0060186023385418,0.9987791615762307
r,2461275.5430879616,1.005794283882744,0.0010931872272220687,1.0059289918357868,0.9998660860218405
r,2461275.5441334783,1.0060305943384757,0.0008468549971968997,1.0058400194198043,1.0001894684194226
r,2461275.5451637185,1.0083861320621519,0.0011676036148307826,1.005752512608719,1.0026185561760137
r,2461275.546197911,1.0053669282892188,0.0011817807827756077,1.0056648347060884,0.9997037716676683
r,2461275.5472417944,1.0055241560172363,0.0010570296865135432,1.005576501729835,0.9999479445745713
r,2461275.548288853,1.0056798505884093,0.0010035300629305556,1.005488067499113,1.0001907363155222
r,2461275.549332095,1.0040281165187284,0.0009138239188095715,1.00540012171249,0.9986353640066955
r,2461275.550369056,1.0017722648812708,0.0008275681130492631,1.0053128690872337,0.9964781071496901
r,2461275.551412763,0.9993446317473196,0.0008700396419893875,1.0052252130338828,0.9941499862813677
r,2461275.5524657844,1.001399247720512,0.0008871335970022639,1.0051369411017952,0.9962814088026791
r,2461275.553507907,1.0013346049656375,0.0009341231572981665,1.005049746778586,0.9963035244525396
r,2461275.5545454044,1.0016984768820214,0.0008765264146684203,1.0049631009791915,0.9967514985435891
r,2461275.5555818463,1.0020753303102201,0.0007805927386582899,1.0048767038230817,0.9972122216564443
r,2461275.5566244964,1.000162742609858,0.0007275847913765051,1.0047899505463993,0.9953948505018139
r,2461275.557670277,1.001070692722417,0.0008120899710664169,1.0047030989731929,0.9963845973457351
r,2461275.558707817,1.0008303239774412,0.0008958073870436336,1.0046170919297575,0.9962306355498668
r,2461275.559750263,1.0016603892122882,0.0009302247351690383,1.0045308384081282,0.9971424976853983
r,2461275.560793658,0.9995996891271096,0.0006721660323601549,1.0044446669290192,0.9951764612213806
r,2461275.5618374944,0.9985379138508728,0.000819322708248932,1.0043586193213636,0.9942045546695025
r,2461275.5628743484,0.9996775346913175,0.0008794273506279682,1.0042733058387248,0.9954237844213443
r,2461275.5639084326,1.0000649073119692,0.0008623783317710407,1.0041883773337705,0.995893728592289
r,2461275.56495763,1.000138397431191,0.0008462918409638613,1.0041023677148517,0.9960522249412856
r,2461275.5660015163,1.001544210491239,0.0007913637678718926,1.0040169533018215,0.9975371503414853
r,2461275.567041343,0.9997983749321456,0.0007489245986371557,1.0039320293746665,0.9958825355486509
r,2461275.568081469,1.0010564792738188,0.0008301285434452971,1.0038472389547815,0.9972199358899783
r,2461275.56911902,0.9995986581968463,0.000945450571169159,1.0037628156507425,0.9958514527645691
r,2461275.570165219,0.9989711667619939,0.0010140230785722916,1.003677847587587,0.9953105661972057
r,2461275.5712092374,1.0015524293002855,0.0008228727704951137,1.0035932155817173,0.997966520448976
r,2461275.572244399,0.9982595133153499,0.0008417376492061805,1.0035094583066393,0.9947684150380124
r,2461275.5732882707,1.000498744286428,0.000917387360322573,1.0034251543121413,0.9970835791656834
r,2461275.574335536,1.0015523207989805,0.001254077611088586,1.003340735717696,0.9982175398097076
r,2461275.5753758787,0.9991898379382103,0.0008966874194700454,1.003257033306318,0.9959460086168507
r,2461275.576418021,0.9986291007121141,0.0008006429720212756,1.0031733442108566,0.9954701313337655
r,2461275.5774540612,0.9976507731428986,0.0008975999676381452,1.003090302084802,0.9945772290584426
r,2461275.5784991398,0.9966026946202631,0.0007842480581922035,1.003006694132579,0.9936151976354911
r,2461275.579541338,0.9977635178072234,0.0007336106382591204,1.0029234753864376,0.9948550834576626
r,2461275.580576891,0.9970605952610876,0.0007363915387143507,1.0028409444807667,0.9942360259106973
r,2461275.5816213996,0.9963543303971252,0.0007658979293005496,1.0027578587662638,0.9936140830877983
r,2461275.5826673247,0.9964519868816626,0.0008368095155953895,1.0026748205154536,0.9937937669257596
r,2461275.583713358,0.9974440786283846,0.000689512995067094,1.0025919341989078,0.9948654528378622
r,2461275.5847563744,0.9971715114366575,0.0006506180295034991,1.002509447001442,0.9946754261710445
r,2461275.5857916083,0.9964589100817759,0.0008878595157230879,1.0024277336502836,0.9940456320509284
r,2461275.5868316465,0.9999323388612638,0.000839031424156759,1.0023458002645331,0.9975921868454655
r,2461275.5878756726,0.9973977294135287,0.0008460355654842614,1.002263713510714,0.9951450062178339
r,2461275.588919514,0.9982566319129084,0.0008096234394726578,1.0021818027294056,0.9960833744877354
r,2461275.5899566547,0.9978885710809751,0.000817918254257392,1.0021005780007706,0.9957968221830601
r,2461275.590999577,0.9992337558747038,0.0010172799521176068,1.0020190619509854,0.9972203062975084
r,2461275.5920435092,0.9982948455866618,0.000995685054351375,1.001937629639946,0.9963642606630182
r,2461275.593087714,0.998351589923142,0.001094559212563208,1.001856339292799,0.9965017445793366
r,2461275.594122028,0.9964238942470649,0.0008174175567255749,1.0017759804253832,0.994657402170847
r,2461275.5951562277,0.9974353342860498,0.0006555098466323164,1.0016957915912466,0.9957467553113817
r,2461275.5962020215,0.9987583368592778,0.0009483061860176822,1.0016148682475736,0.9971480740962906
r,2461275.597246638,0.9980467193113769,0.0010351361011715868,1.00153420167054,0.9965178599459249
r,2461275.598289209,1.0000214732513073,0.0009173774631975701,1.0014538587790915,0.9985696939352448
r,2461275.5993269556,1.0006530162900964,0.001003391851154931,1.0013740527031458,0.9992799529695192
r,2461275.6003704825,1.0012307043828481,0.0008681287577030102,1.0012939688199831,0.9999368173192839
r,2461275.6014206437,1.0000562321894093,0.0008852921610282121,1.0012135452853221,0.9988440896536382
r,2461275.602464023,0.9993989127328156,0.000918722192729352,1.0011338102409262,0.9982670673087216
r,2461275.603501522,0.9980188687991808,0.0006136469823441601,1.0010546924791108,0.9969673748070529
r,2461275.6045370293,0.9995657558291993,0.0009202207305270859,1.0009758943290348,0.9985912363046657
r,2461275.6055789827,0.999631132762648,0.0007471733493767648,1.0008967756004679,0.9987354911428699
r,2461275.6066310643,0.9991380772249888,0.0009206211709829842,1.0008170616552827,0.9983223862835462
r,2461275.6076670433,0.9987082919476089,0.0008234714083596758,1.0007387393468246,0.9979710514649
r,2461275.608703915,0.9961395676385275,0.0007435743940447486,1.000660520906871,0.995482030944674
r,2461275.6097496534,0.9968955548270108,0.0009333110231494741,1.0005818082074875,0.9963158900649207
r,2461275.610793017,0.9996169151332418,0.0009067735352234759,1.000503449993763,0.999113911240859
r,2461275.61183666,1.0012902462900297,0.0009104645830494025,1.0004252473992563,1.0008646312086007
r,2461275.6128714136,0.9981300552337555,0.0007882420411660737,1.0003478863483097,0.9977829401702939
r,2461275.613915418,0.9973572608202056,0.0008904012184182769,1.0002700117943963,0.9970880352906256
r,2461275.614958937,0.9976415863753174,0.0010355685056542764,1.000192353329614,0.9974497235998604
r,2461275.615996527,0.9981288176576425,0.0010493371265711815,1.000115315534666,0.9980137311706285
r,2461275.6170339664,0.9984800438460592,0.0007597577615868958,1.0000384690211992,0.9984416347736449
r,2461275.61807645,0.9956285839183276,0.0010277536017305072,0.999961431434868,0.9956669853653024
r,2461275.619127608,0.9959530046839712,0.0009611314303153019,0.9998839394658336,0.996068608938791
r,2461275.6201722957,0.9959556469211287,0.0008034534323552454,0.9998071114126782,0.9961477924615804
r,2461275.621209409,0.9956941348621234,0.0008130621837845171,0.9997310260712245,0.9959620226802749
r,2461275.6222429383,0.9962370107405953,0.0008147103919881747,0.999655389061981,0.9965804432619592
r,2461275.6232889863,0.9971253601740981,0.0008731391734788765,0.9995790257192577,0.9975453010897323
r,2461275.6243394176,0.9966696353505425,0.000861965670663373,0.9995025360484324,0.9971656893347266
r,2461275.62537737,0.9980370542456127,0.000828998478236764,0.9994271471538115,0.9986091103166874
r,2461275.6264114175,0.9993498773046405,0.000869846232817208,0.9993522332421821,0.9999976425353712
r,2461275.6274557905,0.9978033790642901,0.0010470534235176967,0.9992767667244326,0.9985255459656366
r,2461275.6284985533,0.9995865987711454,0.001014773083110897,0.9992016141249618,1.0003852922580803
r,2461275.629541507,0.9986658438681463,0.0008844050979962218,0.9991266469042491,0.9995387941683563
r,2461275.6305805654,0.9973675767524858,0.0009160982231723507,0.999052159346115,0.9983138191756357
r,2461275.6316248113,0.9988312776984857,0.0010928495825801487,0.9989775024921977,0.9998536255387661
r,2461275.632671183,1.0017562918662193,0.0008778327055436497,0.9989028991524862,1.0028565266114995
r,2461275.63370939,0.996692525296031,0.001060907204367445,0.9988290830249762,0.9978609376065878
r,2461275.6347442004,0.9980422004935933,0.0011270171584787712,0.9987557135786702,0.9992855979942079
r,2461275.6357920077,0.9986470874851541,0.0010801575491651816,0.9986816332402164,0.9999654086408396
r,2461275.636836367,0.9995858031268983,0.0008532979213064594,0.998608009528851,1.000979156574669
r,2461275.637879189,0.9982573131404773,0.0009872213482545842,0.9985347082852842,0.9997221977939221
r,2461275.638918162,0.9974132083864371,0.0011854606768094797,0.998461892404235,0.9989497005085766
r,2461275.63995418,1.0006336159728972,0.0008706967794901011,0.9983894991471477,1.0022477368077956
r,2461275.6409976464,1.0016724736925846,0.0010204233197017192,0.9983168051982968,1.0033613262611774
r,2461275.6420406965,0.9992090663748269,0.0010215103809435495,0.9982443628813672,1.0009664001414194
r,2461275.6430848087,0.9982369731093931,0.001210361255631131,0.9981720720285856,1.000065019932561
r,2461275.644119148,0.997920738661503,0.0010662748087638192,0.9981006822636859,0.9998197139773768
r,2461275.645162669,1.0008596109500845,0.0011352029329029826,0.9980288876031533,1.0028363140406982
r,2461275.6462059366,0.9977283904478832,0.0008593126657351226,0.9979573425474768,0.9997705792724475
r,2461275.647242043,0.9991132197735137,0.0010701118908762186,0.9978865208059177,1.0012292970613585
r,2461275.6482846714,0.9963880922928785,0.001520004776764838,0.9978154894779788,0.9985694778241545
r,2461275.6493349792,0.9990446322950225,0.0010309754401573751,0.9977441771608391,1.0013033953632122
r,2461275.6503748144,0.9948410801262308,0.0010355188450867157,0.9976738180868896,0.9971606572115015
r,2461275.6514120293,0.9967316882185985,0.0011049188642458692,0.9976038790886153,0.9991257142355806
r,2461275.652456429,0.995850166063141,0.0010424380699686512,0.9975337034541627,0.998312300240892
r,2461275.6535003074,0.9969619529126262,0.0010316707297995122,0.9974638142200202,0.9994968626427954
r,2461275.6545424117,0.9960821356321417,0.0008977237344509536,0.9973942974160983,0.9986844101802507
r,2461275.6555833663,0.9965884380324225,0.0008696748481959836,0.9973251133426684,0.9992613488817335
r,2461275.656619557,0.9957424231478653,0.0007752431539167484,0.997256503102268,0.9984817547444488
r,2461275.6576642967,0.9943944202700515,0.0011761155357156556,0.9971875897558539,0.9971989528204155
r,2461275.658708623,0.997732585030991,0.001061196440230543,0.9971189708315389,1.0006153871477748
r,2461275.6597559256,0.9979558727346701,0.0011090897346945558,0.9970504279673033,1.0009081233425803
r,2461275.6607914623,0.9967647040205556,0.0013416304187159965,0.9969829259743904,0.9997811176619484
r,2461275.66182768,0.9988034290410962,0.0014946279544842535,0.9969156525328172,1.0018936170813275
r,2461275.6628770023,0.9963443579167867,0.0012989851185113976,0.9968478102181625,0.9994949557031523
r,2461275.663921826,0.9987780266999259,0.0013545193381975516,0.9967805442437735,1.0020039340331104
r,2461275.664958101,0.9954982640722275,0.0010056478063944615,0.9967141137441479,0.9987801420134876
r,2461275.665992137,0.9970834794193445,0.0008481916288326927,0.9966481135956305,1.000436830028347
r,2461275.667034601,0.9953023351923238,0.0009579359379976737,0.9965818693916245,0.9987160771848259
r,2461275.6680862564,0.9963380670775375,0.0009644282229657514,0.9965153441609441,0.9998221030067972
r,2461275.669128894,0.9949532866435221,0.0008466437934651829,0.9964496940310622,0.9984982609794515
r,2461275.670166005,0.9958278605096836,0.0010000015696317152,0.9963846969871736,0.9994411430854231
r,2461275.67120998,0.996540493231784,0.0010278529363432077,0.9963195814131312,1.000221727870027
r,2461275.672252889,0.9950215955259483,0.0012738214568988372,0.9962548489355166,0.9987621105072803
r,2461275.6732975943,0.9976324873927476,0.0011376329322307474,0.9961903267606406,1.0014476758038764
r,2461275.67433365,0.9964282962031145,0.0008903132896224801,0.9961266615113769,1.0003028075679452
r,2461275.6753663747,0.996424330274734,0.0009359244982274722,0.9960635253980145,1.0003622307890205
r,2461275.6764177657,0.9949011849531492,0.0009399088875101821,0.9959995857803163,0.9988971874658897
r,2461275.677461877,0.9968604455767833,0.0010036568596416414,0.9959364310554361,1.0009277846381903
r,2461275.678497453,0.9983081627828128,0.0010850157371517413,0.9958741345025635,1.0024441123591037
r,2461275.6795337265,0.993884892279096,0.0010568807848526907,0.9958121419336924,0.9980646453548417
r,2461275.6805749102,0.9952713968614121,0.0009310812957780735,0.9957502095124005,0.9995191438109535
r,2461275.681621707,0.9932827513229232,0.0013072255115497426,0.9956883063011895,0.9975840280908767
r,2461275.6826648717,0.9924576507801308,0.001111854978876148,0.9956269857218697,0.9968167446371082
r,2461275.6837026854,0.9940650661309883,0.0012540392360155788,0.9955663497944574,0.9984920305273687
r,2461275.684747259,0.9939090608686397,0.0012243688942404896,0.9955056975958764,0.9983961551088131
r,2461275.6857912694,0.9947695439711568,0.001188300060729528,0.9954454638087333,0.9993209875757629
r,2461275.686835156,0.9958668732647372,0.0014663716083838701,0.9953856289251564,1.0004834752739002
r,2461275.6878777687,0.9974513306324309,0.0015882954958368366,0.995326264445753,1.0021350448215702
r,2461275.6889055246,0.9975143636892629,0.0018672278576140561,0.9952681409909663,1.0022569020405498
r,2461275.6899652625,0.9963703859063127,0.0016071435406414512,0.9952086264085384,1.0011673527207725
r,2461275.69100955,0.994865046964532,0.0013698950501436458,0.9951504012340132,0.9997132551329655
r,2461275.692052659,0.9944821119803272,0.0014822532401430446,0.9950926667510962,0.9993864342576633
r,2461275.6930752117,0.9959498135533338,0.0013911274745374565,0.9950364893466013,1.0009178801144591
r,2461275.694125194,0.9985598192524808,0.0017019101257909114,0.99497924435347,1.0035986428051948
r,2461275.695152272,0.9972996979311997,0.0018478403453059478,0.9949236862401435,1.0023881346116457
r,2461275.6961998735,0.9945069834924207,0.0020483592834706363,0.9948674721322573,0.9996376515968866
r,2461275.697244178,1.0032410369505997,0.0016601753546675107,0.9948118994215495,1.0084730968074986
r,2461275.6982909753,0.9972218673122386,0.002060064206442652,0.9947566678737813,1.0024781934296823
r,2461275.699338044,0.9955375136521516,0.0016282522062004245,0.9947019050940497,1.000840059271851
r,2461275.7003794257,0.9960131754061636,0.0015046268577289695,0.9946479276842468,1.001372593943965
r,2461275.7014179733,0.9957220464550477,0.0014899416999273293,0.9945945905870219,1.001133583350137
r,2461275.702446281,0.9969981543017651,0.0016074344537684953,0.9945422738096532,1.0024693575695929
r,2461275.703502683,0.9950141340466063,0.0016395474156206743,0.9944890494933325,1.0005279943037495
r,2461275.704544224,0.9945519495587054,0.0015595990802350695,0.9944371013579891,1.0001154906635719
r,2461275.7055877643,0.9964968030504144,0.00142096743727899,0.9943855886884989,1.0021231345123374
r,2461275.7066164333,0.9931326903842865,0.0011049334690281707,0.9943353442960019,0.998790494656944
r,2461275.7076642807,0.9961383305541265,0.0013102250272521221,0.9942847189702572,1.0018642663902035
r,2461275.7087102677,0.9903002591718197,0.001729242868053861,0.9942347537886396,0.9960426905196916
r,2461275.7097478653,0.9939091356622857,0.0014442796300489287,0.9941857632649485,0.9997217546127856
r,2461275.7107868893,0.9909726624612138,0.0013829163741583819,0.994137289473847,0.9968167102812248
r,2461275.7118312763,0.9924562197817535,0.0012621435369139442,0.9940891661647343,0.9983573441512487
r,2461275.7128738887,0.9935528011742513,0.0014435855667305532,0.9940417373814384,0.999508133120773
r,2461275.7139175218,0.9937006132117826,0.0015178633593297306,0.9939948876841178,0.9997039477003541
r,2461275.714958941,0.992512131148194,0.0013141517495925353,0.9939487739286599,0.998554610842984
r,2461275.7159970193,0.9915715020845722,0.0016173820057751576,0.9939034539589446,0.997653744068316
r,2461275.71704214,0.9963313912819353,0.001360969725094546,0.9938584913792596,1.0024881810882793
r,2461275.7180859903,0.9956465867347012,0.00154176715542286,0.9938142633280787,1.0018437282239103
r,2461275.7191206785,0.9928747109444189,0.0013230921492643666,0.9937711081449867,0.9990979842408167
r,2461275.7201629076,0.9943821896587697,0.001323290036949486,0.9937283420347367,1.0006579742132484
r,2461275.7212124267,0.9949388973469426,0.0010516538021330553,0.9936860058534503,1.0012608525088529
r,2461275.7222539075,0.9925401924179,0.0012458737512287927,0.9936447327917973,0.9988883950798049
r,2461275.723291163,0.9913706855608018,0.0013443968410845333,0.9936043747498338,0.9977519330170075
r,2461275.724320279,0.9912661869421672,0.0015422024690401202,0.9935650866289394,0.9976862112832767
r,2461275.7253728546,0.9924907288932954,0.0013555013894412504,0.9935256964142336,0.9989582881201025
r,2461275.7264169506,0.99274374529984,0.0014061051390899804,0.9934874340186677,0.9992514362100994
r,2461275.7274532598,0.9919914310905437,0.0013144341503481657,0.9934502732282328,0.9985315398495502
r,2461275.7284948714,0.9934149584468875,0.0012281585183561302,0.9934137604176599,1.0000012059720484
r,2461275.729538556,0.9941318830178565,0.0014831288428565788,0.9933780370299041,1.0007588712049706
r,2461275.7305819155,0.9891729963383865,0.0016605962096395358,0.9933432073431031,0.9958018427328147
r,2461275.731655834,0.9941272665251503,0.0018196844878093795,0.9933083009346073,1.0008244827811994
r,2461275.7326508122,0.9912529265613378,0.0015258767916412003,0.9932768345413789,0.9979623928499494
r,2461275.733702438,0.9936022563353967,0.0017230155852175104,0.9932445122906025,1.0003601772175605
r,2461275.734760828,0.9947708236415295,0.0017026251694596988,0.9932129762255358,1.0015684928140125
r,2461275.7357972036,0.990607684620027,0.0016670961129943743,0.993183086000997,0.9974069218281397
r,2461275.7368323333,0.9930455255259333,0.0016767848255966843,0.9931542334359793,0.9998905427713177
r,2461275.7378689563,0.993300628076412,0.0015866402123829192,0.9931263671409807,1.0001754670313838
r,2461275.7389138993,0.9949811662112793,0.0013382816792411481,0.9930993440651827,1.0018948981865132
r,2461275.7399588614,0.9932329664590038,0.0015533394341037204,0.993073418665767,1.000160660622103
r,2461275.740995693,0.994366100430545,0.0015424733266572238,0.9930488079655075,1.001326513313818
r,2461275.7420373415,0.9950772487361161,0.001303299188155845,0.993025227586758,1.00206643405661
r,2461275.7430871446,0.9904077350449105,0.001359001867849043,0.9930026537403089,0.9973867958100372
r,2461275.7441294054,0.9932165070238108,0.0013619095404201087,0.9929814558819561,1.0002367125191134
r,2461275.745165734,0.992364981877374,0.0014342142245412862,0.9929616094659757,0.9993991433476239
r,2461275.7462033695,0.9970626018513435,0.0015328546967923531,0.9929429998794761,1.0041488806229235
r,2461275.747246307,0.9918404851067995,0.0015152570098203547,0.9929256019549579,0.9989071519094461
r,2461275.7482974986,0.9926447016986736,0.0013613850841324284,0.9929094279067697,0.9997333833271639
r,2461275.7493369463,0.9915072052693877,0.0012681614308330115,0.9928948156107775,0.9986024598783546
r,2461275.7503722985,0.9936365949309212,0.0014764995274392286,0.9928816634636751,1.0007603438506583
r,2461275.7514195074,0.9927584804251183,0.001818155191551276,0.9928698246800973,0.9998878561396355
r,2461275.7524632476,0.9921595446918956,0.001758193690682348,0.9928595313169004,0.9992949791960235
r,2461275.7534968737,0.9946064534639663,0.0018143664889185402,0.9928508617393633,1.001768233067278
r,2461275.754542189,0.9942354566451431,0.0015246041662788177,0.9928436808504161,1.0014018075771354
r,2461275.7555848556,0.9963617713593298,0.0014021429635573564,0.9928381538701595,1.0035490351327
r,2461275.7566282647,0.9936224190144376,0.0014719374806293855,0.9928343063444279,1.0007938008033903
r,2461275.7576612113,0.9941460001408469,0.0017479622301013586,0.992832205223108,1.0013232799166136
r,2461275.758713714,0.9940055502723328,0.0018155427842765602,0.9928318645207286,1.0011821596320045
r,2461275.759743552,0.991399668480686,0.0017745083729218604,0.9928333429188211,0.9985559767423601
r,2461275.7607878586,0.9936787178819834,0.0014440936974409433,0.9928367280438607,1.0008480647566107
r,2461275.76182703,0.9925062948715059,0.001723918726377457,0.9928420397460286,0.9996618345506314
r,2461275.762883081,0.9934658437100695,0.0016807997866331837,0.9928494858503635,1.000620796876556
r,2461275.76346107,0.9910348736944053,0.006057139894415121,0.9928544588850309,0.9981673193141833
r,2461275.7650809498,0.9924389930589189,0.001424601524479334,0.9928718933168125,0.9995639918293513
r,2461275.766002488,0.9920870639294384,0.0016815291366893555,0.9928841858816547,0.9991971652247552
r,2461275.7670408003,0.9921617832194024,0.001864783253318571,0.9929001764058966,0.9992563268654387
r,2461275.7680799016,0.9921733619725823,0.0014146681296626927,0.9929185206755384,0.9992495268368555
r,2461275.7691292157,0.9927798914831281,0.0014187460891902203,0.9929395023699757,0.9998392541675835
r,2461275.77016003,0.9908069748483572,0.0016393600316099144,0.9929625992234964,0.9978290981182727
r,2461275.7712025847,0.9913067327446892,0.0012748338022952634,0.9929885497673244,0.9983063077383628
r,2461275.772253404,0.9895705860920062,0.0014445420645268511,0.9930174333682662,0.9965289156459535
r,2461275.773285589,0.9917507236528595,0.0016511208159791834,0.9930485637560723,0.998693074890211
r,2461275.774319986,0.9954385401711753,0.0017863383617378768,0.9930826005568202,1.002372350107669
r,2461275.775385908,0.9954480366981352,0.0021180076311266135,0.9931207556832528,1.0023434018487323
r,2461275.776419969,0.9936008259469529,0.002384645670544219,0.9931608673165057,1.0004429882861132
r,2461275.7774556344,0.9931460474215593,0.001585131246403256,0.9932042107401304,0.9999414387112517
r,2461275.7784828036,0.995709574423442,0.0018653965693586618,0.9932504469376897,1.0024758382876484
r,2461275.779387602,0.9909450290857679,0.002048739545280016,0.9932939503341455,0.9976352204223257
i,2461275.429515773,1.0162199407854127,0.0023434185609713704,1.012314388648435,1.0038580426997508
i,2461275.4305777536,1.0143494218891111,0.001960654641505927,1.0121958461162974,1.0021276275545654
i,2461275.4317403347,1.0124167237017225,0.00209649031722784,1.0120673208331143,1.0003452367855534
i,2461275.432670688,1.0107158096236797,0.0018973932146027948,1.0119654154179183,0.9987651694660706
i,2461275.4337017294,1.0116320442580076,0.0018521611538903032,1.0118534347660244,0.9997812029880908
i,2461275.434746496,1.0072258996847925,0.0019033016105966512,1.011740967085909,0.9955373286760136
i,2461275.4357863823,1.0052503141533424,0.001837021517809673,1.0116300083204506,0.9936936487503965
i,2461275.436838132,1.0081632463444568,0.0016803597271127135,1.0115187623396273,0.9966826952498544
i,2461275.437871313,1.0098067691258477,0.0015264552628062645,1.011410419966361,0.998414441052954
i,2461275.4389073253,1.011624875747716,0.001795521524193654,1.0113026978884228,1.0003185770788172
i,2461275.4399576066,1.0120031419580056,0.0016579962709716643,1.011194411856072,1.0007997770680408
i,2461275.441011059,1.0103762811815427,0.0015857131814312375,1.011086711627143,0.9992973595267047
i,2461275.442052552,1.0081804071249791,0.001795250598689798,1.0109811156544035,0.9972297123199858
i,2461275.443075291,1.0095280690617898,0.0019874135489680125,1.0108782583585971,0.9986643403539021
i,2461275.4441226535,1.0071626175037938,0.0014320795680424969,1.010773768644189,0.9964273398732545
i,2461275.4451761357,1.0091668896539632,0.001561257441023149,1.0106695144797333,0.9985132382007746
i,2461275.4461989966,1.0090051809858955,0.0018615413736043794,1.0105690876800775,0.9984524495027133
i,2461275.447250104,1.0104940964632976,0.0013424750121720876,1.0104666911484863,1.0000271214430434
i,2461275.4482960827,1.010596902643974,0.0014121968866831795,1.0103655883205311,1.0002289412130785
i,2461275.449342831,1.0121938373747144,0.0016595005238655828,1.0102651901809987,1.001909050428007
i,2461275.450381182,1.0100202214163312,0.0015225203449867586,1.010166353938883,0.9998553381609059
i,2461275.4514085767,1.0118377362282525,0.0016312051550644484,1.0100692892673386,1.0017508174733207
i,2461275.452460882,1.0117796708782794,0.0016952177792920646,1.0099706095883445,1.001791201914947
i,2461275.4534954126,1.016367006528631,0.001364607159622944,1.0098743129550622,1.0064292095464533
i,2461275.454542342,1.0158605383027564,0.0016987355327183547,1.0097775729532357,1.0060240646182408
i,2461275.455584469,1.0115032267704793,0.001562797034138662,1.0096819747883357,1.0018037877545802
i,2461275.4566199994,1.0137061823637554,0.0015617081530444863,1.0095876600859897,1.0040794102786628
i,2461275.457667764,1.0083428730930484,0.0015742203348209592,1.0094929080982809,0.998860779510181
i,2461275.4587133084,1.0134562615264542,0.00152915375249682,1.0093990245681188,1.0040194579740864
i,2461275.4597579334,1.0187200524258897,0.0020208726901910423,1.0093058789691278,1.0093273740428197
i,2461275.4607846383,1.015912653515464,0.0018424446853011216,1.0092149591641941,1.0066365389161658
i,2461275.4618199393,1.0134812870536725,0.0018350911966858185,1.0091238985683828,1.0043179915682023
i,2461275.4628684013,1.012698162527784,0.002243667953539534,1.0090323053619392,1.0036330424173385
i,2461275.4639178007,1.015162299285831,0.0017515882555986274,1.0089412503115232,1.006165917958441
i,2461275.464944405,1.0148212617584174,0.0015936373591018734,1.008852763942701,1.0059161237685377
i,2461275.465849768,1.0113661883196534,0.0018434105885366927,1.0087752056069064,1.002568444087787
i,2461275.4838152337,1.0132960832900355,0.0011384066334607526,1.0073206323451585,1.0059320247724555
i,2461275.4847523794,1.0069350765861358,0.000911509946082998,1.0072487918184987,0.9996885424585156
i,2461275.485791556,1.0083757126218489,0.0012316626699158287,1.0071695585438822,1.0011975680437666
i,2461275.4868349773,1.0039809259708785,0.0010268685487187907,1.007090449829118,0.9969123688356224
i,2461275.4878760152,1.0037272188196178,0.0008754371695636899,1.007011963798814,0.9967381271551086
i,2461275.488917366,1.004207781127166,0.0006899196743406683,1.006933890387291,0.9972926631170625
i,2461275.489962722,1.0044328282321555,0.0010297954076296902,1.0068559501600007,0.9975933777543251
i,2461275.4910028437,1.0033283782911628,0.0009369599971942203,1.0067788260152655,0.9965727847716472
i,2461275.4920320585,1.000786553732024,0.0009832359255666162,1.0067029237239726,0.9941230229370319
i,2461275.4930722266,1.0010609598591238,0.0008645181808040761,1.0066266262651444,0.9944709723935371
i,2461275.4941236167,0.9974614378878164,0.001137773106305822,1.0065499222949472,0.9909706570873217
i,2461275.4948782874,0.999284671461367,0.0012737257114974056,1.0064951209383821,0.9928360810430034
i,2461275.4962439216,0.9990762243474549,0.0007072163430767518,1.0063964902411773,0.9927262605099426
i,2461275.497250326,1.0005703296931276,0.000767876703999975,1.0063242416906217,0.994282248445265
i,2461275.49815176,0.999185151545399,0.0008619721473472652,1.006259840249387,0.9929693222157862
i,2461275.499425709,1.0067207989517297,0.0012264132605385302,1.0061693213214529,1.0005480962484055
i,2461275.5003730464,1.0021124093523648,0.0013898022367063775,1.0061023820899788,0.9960342279189066
i,2461275.5014107926,1.0010248031669202,0.001054101461065146,1.006029415270533,0.9950253819345164
i,2461275.5024540583,1.0012655609222125,0.0010198622820424377,1.0059564367182114,0.9953368996660509
i,2461275.5034982716,1.0023085224710995,0.0010474817033403476,1.005883765774397,0.9964456695445868
i,2461275.5045420267,1.0110245421712531,0.0009502572995197216,1.0058114966988205,1.005182924921362
i,2461275.505578201,1.006858065766381,0.0009514057147778892,1.0057401146913652,1.0011115705326707
i,2461275.506621919,1.0063926371695915,0.0010459488311976546,1.0056685741057863,1.0007199817936532
i,2461275.5076703383,1.0039037189400788,0.0010402397361111738,1.0055970726159693,0.998316071394793
i,2461275.5087159327,1.0049445578877119,0.0008394341355790112,1.0055261208928896,0.9994216331201209
i,2461275.509753015,1.0018162879055754,0.0008261327426637907,1.0054560957340346,0.9963799435461158
i,2461275.5107877804,1.0052568113833635,0.0009334578911690953,1.0053865700481366,0.9998709365445703
i,2461275.5118307625,1.0040429208165484,0.0010822376600838487,1.0053168358742572,0.9987328223180496
i,2461275.512879973,1.0041099689944952,0.0009824437332589548,1.005247030106687,0.998868873940298
i,2461275.513915847,1.0075224319099045,0.00104825668654516,1.0051784478668537,1.0023319083770899
i,2461275.514951692,1.0060549551416715,0.0010956705542771203,1.0051101986438407,1.0009399531505159
i,2461275.5160022653,1.006797177869384,0.0012536285310156005,1.0050413142654284,1.0017470561448898
i,2461275.5170454555,1.0065347214319624,0.0009975627551082032,1.0049732451907973,1.0015537490660944
i,2461275.5180820185,1.0056292854104527,0.0011529654815223527,1.0049059326713397,1.0007198213440638
i,2461275.5191174727,1.0060581208116082,0.0010966071852638267,1.0048390120621367,1.0012132378767518
i,2461275.5201617978,1.005272180685333,0.0011153214341360562,1.0047718393678728,1.0004979651079542
i,2461275.5212085107,1.0062238440513316,0.0009524881972062756,1.004704834195448,1.001511896632905
i,2461275.5222521406,1.0074467519104544,0.0010764052682872612,1.0046383439275073,1.0027954417626228
i,2461275.5232932027,1.0068758740895472,0.0010900640038002047,1.0045723307287369,1.0022930587378802
i,2461275.52432306,1.005071402282415,0.0012023449693340923,1.0045073336987127,1.0005615375465955
i,2461275.5253687478,1.0060515726602453,0.0009140008184972411,1.004441646414897,1.0016028071427487
i,2461275.526420236,1.0027011594606035,0.001322082183960788,1.0043759062352662,0.9983325498309291
i,2461275.5274561606,1.0023817189745363,0.0012087651644843737,1.0043114423955337,0.9980785607536299
i,2461275.5284916866,0.9991059305927209,0.001031384126253076,1.0042473020710638,0.9948803731234928
i,2461275.52953579,1.0013351147207965,0.0014374861179808933,1.004182930816545,0.9971640465015345
i,2461275.5305802533,1.0028075757101453,0.0012513807959938284,1.0041188370950276,0.998694117333088
i,2461275.531625842,1.0015750420217704,0.00105854069008919,1.0040549726133388,0.9975300848467354
i,2461275.5326601896,0.9999710357658756,0.0013543220334140053,1.0039920865633767,0.9959949377576621
i,2461275.533703107,1.0026588887686438,0.0013473797809138563,1.0039289714916242,0.9987348878665258
i,2461275.534754299,1.0050320564842623,0.0011120188981123247,1.0038656505665975,1.0011619143627501
i,2461275.535796842,1.0021303511656254,0.0010559415234121497,1.0038031413514261,0.9983335475683522
i,2461275.536835179,1.0068088378382334,0.000933588256732508,1.003741170414751,1.0030562335330082
i,2461275.537871622,1.0041642242347109,0.0009933164223674738,1.0036795956881477,1.000482851846989
i,2461275.538913352,1.0032940425849215,0.0009368377843647289,1.0036179903574516,0.9996772200422447
i,2461275.539964705,1.0001625707768682,0.0011322146001418816,1.0035561026192779,0.9966184931429817
i,2461275.5409995248,1.002263837097194,0.001062503424171557,1.0034954678642516,0.9987726593626985
i,2461275.5420369967,0.9998398255123352,0.0010719750301300636,1.0034349549278456,0.9964171774185713
i,2461275.543087947,1.0000292263155734,0.0012654997631868306,1.0033739374913826,0.9966665357242869
i,2461275.5441334895,1.0017033093256966,0.0010229880844812567,1.0033135140368195,0.9983951131041341
i,2461275.5451637297,1.0069176710686716,0.0014179084741245416,1.0032542468369472,1.0036515412152747
i,2461275.5461979047,1.0024219828696233,0.0010221605860494143,1.0031950235433722,0.9992294213432016
i,2461275.547241743,1.0016727275074875,0.001122162898966271,1.0031355203372492,0.9985417794504277
i,2461275.5482889186,1.0010896692301383,0.001182029303861428,1.0030761018456378,0.9980196591147527
i,2461275.5493320967,0.9993696013626981,0.0009932351205104676,1.0030171829068666,0.9963633907710362
i,2461275.5503691137,0.9961012509796039,0.0009449038507029561,1.0029588807522516,0.9931626012748357
i,2461275.551412798,0.9942080352535388,0.0009889962821785486,1.0029004733880253,0.9913327011352169
i,2461275.5524657452,0.994013087405944,0.0009160784722343568,1.0028418208176662,0.9911962851683591
i,2461275.5535079096,0.9953205146411878,0.0008429621055032768,1.002784038186108,0.9925571975014474
i,2461275.5545453844,0.9953628163553249,0.0008269962151156732,1.0027267808604237,0.9926560608077308
i,2461275.555581894,0.9977523565562099,0.0008600416163592616,1.0026698403610184,0.995095610133204
i,2461275.556624425,0.9993758245011782,0.0008472789935459397,1.0026128340326417,0.9967714261960484
i,2461275.5576702873,0.9995865010753884,0.0008238353318758398,1.0025559119150456,0.9970381593641146
i,2461275.558707808,0.9975409687034479,0.0010004888928081873,1.0024997067490555,0.9950536264377692
i,2461275.5597503004,0.998644880973797,0.0009694519377425408,1.0024434953872632,0.9962106448583432
i,2461275.5607936988,0.9979641434116181,0.0007721450227611923,1.0023874987755659,0.9955871802378312
i,2461275.5618374883,0.9973078922163219,0.000860051162499969,1.0023317444962834,0.994987834808638
i,2461275.5628744266,0.9973569991571976,0.0008674511000294357,1.0022766165164112,0.9950915572825467
i,2461275.563908428,0.997280849062511,0.0008297143020802244,1.0022219025978645,0.9950699006651663
i,2461275.5649576327,0.9969642051786421,0.0008596625727103991,1.0021666471032045,0.9948088055618293
i,2461275.5660014916,0.9967582781703532,0.0008557547827045363,1.0021119356045336,0.9946576253171252
i,2461275.5670413394,0.9937387666212317,0.0008584565164987392,1.0020576943154789,0.9916981549650892
i,2461275.5680814404,0.9967777081717939,0.0009971069605097574,1.0020036991336703,0.9947844594122809
i,2461275.5691189812,0.997820175450305,0.0009224131945372677,1.0019500950475306,0.9958781184635451
i,2461275.570165176,0.9956997096354717,0.0009424624628781326,1.0018963047821925,0.9938151332456827
i,2461275.5712092556,0.999940959353011,0.0011810140699625058,1.0018428843601666,0.9981015735732153
i,2461275.5722444733,0.9979314464552836,0.0008511874676043668,1.0017901748087925,0.9961481671007151
i,2461275.5732882787,0.9978788503381499,0.0010428824199319455,1.001737287443828,0.9961482544834447
i,2461275.5743355425,0.9995207092449898,0.0013129067477976432,1.0016844867241288,0.9978398612459145
i,2461275.5753758266,0.9968191958379052,0.0008837453491622488,1.0016322976182148,0.9951947418311543
i,2461275.57641803,0.994148562173013,0.0010690555554481458,1.0015802718832636,0.9925800158820253
i,2461275.5774540408,0.9944828739895122,0.0009636542172235872,1.0015288129481457,0.9929648165209618
i,2461275.578499207,0.9946986695302574,0.000936948217692254,1.0014771597957963,0.9932315078789006
i,2461275.5795413284,0.9954608970187095,0.0008030140841896618,1.0014259178422429,0.9940434726950286
i,2461275.580576963,0.9966055722083735,0.0008901039256982271,1.0013752530369193,0.9952368696808908
i,2461275.581621386,0.9951547504878226,0.0009131353890766536,1.0013244192240645,0.9938384916838213
i,2461275.5826673484,0.9955661152161431,0.0009366267800815721,1.001273773480753,0.9942996027502365
i,2461275.583713409,0.996417342008588,0.0009462450485108068,1.0012233865724844,0.9951998279021936
i,2461275.58475638,0.9971801497405902,0.0008494727537405006,1.0011734113620294,0.9960114186252643
i,2461275.5857916647,0.9962289816009923,0.000896835392523163,1.0011240645002526,0.995110413311557
i,2461275.586831692,0.9979411145188948,0.0010185788316953391,1.0010747529583373,0.99686972583198
i,2461275.587875635,1.0011422245116444,0.0008524252684242013,1.0010255197932174,1.0001165851580398
i,2461275.5889194976,1.0009813245043184,0.0008861521336850327,1.0009765555005672,1.0000047643510979
i,2461275.5899566133,1.000972160040454,0.0009177862414689878,1.0009281708594717,1.000043948389368
i,2461275.5909996135,1.000676905174483,0.0009577472815654875,1.0008797768711024,0.999797306628321
i,2461275.592043559,0.9999513187268162,0.001166229966215589,1.000831606121836,0.9991204440490934
i,2461275.5930876792,1.0006728433303123,0.0010877115430028494,1.0007836953584401,0.9998892347780625
i,2461275.594130469,0.9973839625624658,0.0009749704867062064,1.0007361140507027,0.9966503142624998
i,2461275.5951644536,0.9984373990239407,0.000853772382074736,1.0006892001589118,0.9977497497378671
i,2461275.5962019973,0.9995203328087965,0.0009071101539103104,1.0006423916417255,0.9988786615055474
i,2461275.597246641,1.0008244343489519,0.001126727495990175,1.000595533808671,1.000228764303404
i,2461275.598289227,0.9986680290892752,0.0010904287275055632,1.000549040392799,0.9981200208809502
i,2461275.5993269193,0.9987551221741712,0.0010347085717610947,1.0005030362333003,0.998252964762896
i,2461275.600370455,1.0022102577684449,0.0010421903431412185,1.000457046767551,1.001752410067537
i,2461275.6014206815,1.0022654664967003,0.001026812851441065,1.0004110407823776,1.0018536637829112
i,2461275.6024640608,0.9988730637265464,0.0010439806738272157,1.0003656124601112,0.9985079967614097
i,2461275.6035015583,0.9966354511924436,0.0008373756270130972,1.0003207159457284,0.9963159167909458
i,2461275.6045370167,0.9960220455229679,0.0009934096525294044,1.0002761830897147,0.9957470370297068
i,2461275.605578989,0.9961584352060969,0.0008438730330532998,1.0002316491705812,0.9959277293736287
i,2461275.60663113,0.9968595463849615,0.0009884495736910098,1.00018696612101,0.9966732022624198
i,2461275.6076670582,0.9954327791965829,0.0010322423143040889,1.0001432533544623,0.9952902005366926
i,2461275.608703947,0.9948449431048455,0.0009309827435747714,1.0000997814377313,0.9947456859501245
i,2461275.6097496427,0.99495517790155,0.0008595646382399585,1.0000562270229603,0.9948992376792698
i,2461275.610792988,0.9983959100800601,0.0011993067044889303,1.0000130590497216,0.9983828721484915
i,2461275.6118398276,1.0021417792808724,0.0010643619302024008,0.999970037890058,1.0021718064627185
i,2461275.612871433,0.9987119207937131,0.0010187082644551274,0.9999279299565842,0.9987839031929792
i,2461275.6139154397,0.9980171047901278,0.0009751821926023693,0.9998856078829798,0.9981312831406705
i,2461275.6149589517,0.996573616650461,0.001172415845171233,0.9998436012620581,0.9967295038869384
i,2461275.6159966127,0.9972034102088171,0.0010343601749465252,0.9998021248810016,0.9974007710050687
i,2461275.6170339547,0.9977611283626653,0.0010017971143605811,0.9997609569293735,0.9979996932738298
i,2461275.618076497,0.9950830688240334,0.0008782484058861132,0.9997198824357574,0.9953618871714078
i,2461275.619127635,0.9943436757798328,0.001033498283728157,0.9996787757243015,0.9946631857412365
i,2461275.620172317,0.9937348671087991,0.000976706885080227,0.9996382284551079,0.9940945022126334
i,2461275.6212093793,0.9947859790608269,0.0009383627388776809,0.9995982818192306,0.9951857632751774
i,2461275.622242914,0.9949743507518818,0.0011000357783029057,0.9995587754750872,0.9954135516232885
i,2461275.623288994,0.9934709352125728,0.0007959825961958611,0.9995191013365828,0.9939489239215916
i,2461275.624339422,0.9945337054804899,0.0009632012736913545,0.9994795803106583,0.9950515498989673
i,2461275.625377349,0.9959751477963044,0.0009428845725317234,0.9994408450663126,0.9965323637840934
i,2461275.626411369,0.9969531720560947,0.0010475125520650113,0.9994025698313981,0.9975491380058021
i,2461275.6274558115,0.9950009522457369,0.0009238653240943942,0.9993642297842266,0.9956339466548331
i,2461275.628498535,0.9971360250437562,0.0011489353010013805,0.999326277240074,0.9978082711860967
i,2461275.6295414953,0.9965914611247682,0.001158937694327189,0.9992886430900627,0.9973008980098541
i,2461275.630580587,0.997601144847333,0.0010499135382178878,0.9992514764408316,0.9983484321690704
i,2461275.6316248127,0.9981097919125311,0.0010241529082515607,0.9992144587994023,0.9988944646695781
i,2461275.6326712044,0.9984369070239479,0.0011873907825065552,0.9991777018267995,0.9992585955416167
i,2461275.633714093,0.993844992134376,0.0010960907911363922,0.9991414070178327,0.9946990337441173
i,2461275.634744164,0.9966143480795713,0.0011728609784510818,0.9991058936112484,0.9975062247679558
i,2461275.6357920584,0.9962556520204321,0.0008822090932938964,0.9990701108456871,0.9971829216040978
i,2461275.6368363313,0.9990052858704367,0.0009545825204794379,0.9990348012689984,0.9999704560856897
i,2461275.63787918,0.9940562865779913,0.0010284127980484147,0.9989998913852234,0.9950514461013832
i,2461275.6389181754,0.9974891522889043,0.00123294752872961,0.998965463221315,0.9985221601879508
i,2461275.6399541744,0.99857164515653,0.000917237743449511,0.9989314883031807,0.9996397719454595
i,2461275.6409976888,0.9983241653372488,0.0010875681730899943,0.9988976278269306,0.9994259046435726
i,2461275.642040749,0.9993971080442773,0.0009457461311714282,0.9988641476799673,1.0005335664169626
i,2461275.643084812,0.9969296827878943,0.0010678178500072787,0.9988310051890763,0.9980964523615062
i,2461275.6441191747,0.9976085664179531,0.001043914640608559,0.9987985391938329,0.9988085957986681
i,2461275.6451572217,1.0018865405183237,0.0012476297069186383,0.9987663303305816,1.003124064251054
i,2461275.6462058867,0.9981400006843444,0.0011773923201867744,0.9987341752023658,0.9994050724078797
i,2461275.6472420255,0.9994234299003578,0.0010782308343978985,0.9987027865260492,1.0007215794168507
i,2461275.6482846444,0.9983861983187624,0.0016008403697865166,0.9986715893904065,0.9997142293075362
i,2461275.6493350007,0.9996271205457659,0.0010699637405781944,0.9986405584912901,1.0009879050536123
i,2461275.65037479,0.9944167985768482,0.0011383836505364931,0.9986102374410083,0.9958007251408657
i,2461275.651412093,0.9951519409899915,0.0011789916275420972,0.9985803876133921,0.9965666793921373
i,2461275.652456438,0.9952726077808285,0.0013430334077626127,0.9985507420783518,0.9967171079451603
i,2461275.653500271,0.9945391171745255,0.001115452371190075,0.9985215238531128,0.9960116967101321
i,2461275.6545423325,0.9929462464983833,0.000935480842772301,0.9984927716927979,0.9944451023065382
i,2461275.6555833537,0.9929915875010671,0.0007648057075387854,0.9984644687052949,0.9945187020912978
i,2461275.656619533,0.9933964237795846,0.0009130617730266428,0.9984367197602421,0.9949518122872446
i,2461275.657664332,0.9935238780605865,0.0012760901012095285,0.9984091717712267,0.9951069222431387
i,2461275.6587085812,0.9938293229093174,0.0011054404656626942,0.9983820769809344,0.9954398679858273
i,2461275.6597559517,0.9966186615586403,0.0011798973105337286,0.9983553472355151,0.9982604533729561
i,2461275.660791478,1.0001606337869875,0.0013471747078045036,0.9983293645027577,1.0018343337873687
i,2461275.661828385,0.9978217136936482,0.001550766763918621,0.9983037958017338,0.9995170987928595
i,2461275.662877277,0.9991939701899513,0.0013624827999260925,0.9982783943203308,1.0009171548486169
i,2461275.663921825,0.999751783470465,0.0012597520848460545,0.9982535665924723,1.0015008379916004
i,2461275.6649580495,0.9940218587820298,0.0011301747385535064,0.9982294048014329,0.9957849909057327
i,2461275.665992157,0.9967294871404924,0.001044988467706851,0.9982057633588518,0.9985210702316605
i,2461275.6670346344,0.9933786287578672,0.0009395932413988497,0.9981824131871393,0.9951874683767129
i,2461275.6680861865,0.9976338439302682,0.0010080361300033318,0.9981593573496592,0.9994735175144915
i,2461275.6691289246,0.9955686290405631,0.0009035944330212153,0.9981369950714944,0.9974268401596041
i,2461275.6701659593,0.9968034956781382,0.0009639089823914781,0.9981152561006752,0.9986857625764968
i,2461275.6712099886,0.9974228368077395,0.0011066009059523363,0.9980938822645179,0.9993276730088196
i,2461275.672252877,0.9970069979846649,0.0014328561591501695,0.9980730516978562,0.9989318880903779
i,2461275.6732975864,1.0016072618047955,0.001299931816410875,0.9980527132115585,1.003561483823634
i,2461275.674333662,1.0025459266247565,0.0010392959613352852,0.9980330727564953,1.0045217478172312
i,2461275.6753663765,1.000226563519477,0.0009784438715903228,0.9980140287505072,1.0022169375431924
i,2461275.676417746,1.0020175180260913,0.0010002060123856082,0.9979951952260473,1.0040304029711615
i,2461275.6774618407,1.0023919906215504,0.0010096447873539297,0.997977053906025,1.004423885998426
i,2461275.6784974276,1.004174560108524,0.0012820941517494553,0.9979596218706978,1.0062276449884577
i,2461275.679533798,1.0006591401385163,0.001281170797641548,0.9979427447712319,1.002721995206155
i,2461275.6805749005,1.0006083391815483,0.00114207156149781,0.9979263717070035,1.0026875404344282
i,2461275.681621743,0.9977736126341481,0.0015077327372856068,0.997910504628815,0.9998628213712232
i,2461275.6826649066,0.9992881413107434,0.0011685187860686064,0.9978952973584685,1.0013957816576167
i,2461275.683702726,0.998960804978264,0.0012937355970791284,0.9978807757624424,1.0010823229007457
i,2461275.684747254,1.001797161917041,0.0014017367544713669,0.9978667821120726,1.0039387820853696
i,2461275.685791301,0.9996588296990481,0.0013701781260620888,0.9978534282805169,1.0018092851789286
i,2461275.686835226,1.001444143720421,0.001549634025692184,0.9978407193659337,1.003611221996209
i,2461275.687877735,1.00550439160796,0.0015547579659825291,0.9978286801866794,1.0076924141124552
i,2461275.6888986104,1.0037727521679247,0.0017997660423882153,0.9978175331004518,1.0059682445636815
i,2461275.689957616,1.0011768151141003,0.0017650513990875704,0.9978066523289006,1.0033775709726265
i,2461275.6910095466,1.0011188574937238,0.0012699974241949386,0.9977965440643141,1.0033296501668336
i,2461275.692044353,1.001466452878564,0.0016157824229889204,0.997787292459595,1.0036873193783613
i,2461275.6930808583,1.0031741583640919,0.0016998709998434162,0.997778725401879,1.0054074443810572
i,2461275.694122354,1.0056280921433862,0.0016855025473878984,0.9977708346676061,1.0078748117330947
i,2461275.695154127,1.00514376149795,0.0019074823314058418,0.9977637390646512,1.0073965630783668
i,2461275.6962075504,1.0001060936672497,0.0020238336185113104,0.9977572483361563,1.0023541250489638
i,2461275.6972441296,1.0108515093532464,0.0018064506505620316,0.9977516178373136,1.0131294114504446
i,2461275.698279333,1.0021702333544364,0.002209992009173222,0.9977467571510229,1.0044334658787009
i,2461275.6993380026,1.001700817915238,0.0017778967213456797,0.9977425882868757,1.003967185198698
i,2461275.700372267,0.9996793308592167,0.001774789427487649,0.9977393128754047,1.0019444136948168
i,2461275.701409725,1.0012373221525244,0.001553114852152357,0.9977368335556089,1.0035084287551466
i,2461275.7024462544,1.0027218278775014,0.001592932518460322,0.99773517757344,1.004997969818193
i,2461275.703502739,1.0008397974629961,0.0018195205601182173,0.9977343499991749,1.003112499297858
i,2461275.7045442117,0.9984194567833835,0.0015425868857919548,0.9977344002463785,1.0006866121252669
i,2461275.705587767,1.0020583075963532,0.001330415713931327,0.9977353294370046,1.004332790502455
i,2461275.706616502,0.9961645065647738,0.0012389409349016411,0.9977371226997805,0.998423817156616
i,2461275.7076642597,0.9995475272372473,0.0013757504872783208,0.9977398617383298,1.0018117603277552
i,2461275.7087102686,0.9941179070671227,0.0017274193232863092,0.9977435326351995,0.9963661748240041
i,2461275.7097478565,0.9976182119754085,0.001385104142628244,0.9977481164021067,0.9998698023834245
i,2461275.710786935,0.9951532064683299,0.001312275575154262,0.9977536659459155,0.997393685870229
i,2461275.7118313094,0.9977033653099426,0.0015452201056915175,0.9977602301739938,0.9999430074858353
i,2461275.7128739036,0.9973130374885171,0.0014385333858043677,0.9977677893908256,0.9995442307246798
i,2461275.713920814,0.9980891616378298,0.0015659905952581249,0.9977764119357145,1.000313446678408
i,2461275.7149589756,0.9975622621844022,0.0013171276388511764,0.9977860044895607,0.9997757612312143
i,2461275.7159970505,0.9985396357036735,0.001741323725105602,0.997796655149145,1.0007446212118416
i,2461275.7170420936,1.0016141346121845,0.00143907401334636,0.9978084689455612,1.003814024219142
i,2461275.718086004,1.0026608898349199,0.0015600743057431394,0.9978213863901756,1.004850069872978
i,2461275.7191207176,0.9973194598316973,0.0012107256513724156,0.9978353144319753,0.9994830263142455
i,2461275.7201629425,1.0001268409594188,0.0013525343344486299,0.9978504989624928,1.0022812455365737
i,2461275.72121239,1.00003645296957,0.001476858401436571,0.9978669857929541,1.0021741045725567
i,2461275.72225391,0.9977274729673705,0.0014692383928662795,0.9978845614128877,0.9998425785390499
i,2461275.7232911424,0.9953716243318494,0.0013951322584214636,0.9979032922596693,0.9974630127513788
i,2461275.7243266306,0.9937390238056634,0.001697930327413083,0.9979232400402389,0.99580707606889
i,2461275.7253728877,0.9957958323694371,0.0014317817089933664,0.997944690578075,0.9978467161267294
i,2461275.72641695,0.9967164743791558,0.001548335038513335,0.9979674230145401,0.9987465035365527
i,2461275.7274446287,0.995812278675008,0.0014233620465130944,0.9979911223280566,0.9978167705059681
i,2461275.7284948244,0.9981736943958075,0.001436063408735921,0.99801672838883,1.0001572779318346
i,2461275.729538604,0.9980514253059765,0.0015481191784849286,0.9980435996203547,1.0000078410258075
i,2461275.730581864,0.9944471850068752,0.0017928639959953528,0.9980719065810743,0.9963682761228941
i,2461275.7316377377,0.9997757535601394,0.0022217191326168537,0.9981020658227026,1.0016768703269412
i,2461275.732650846,0.9970556234481721,0.0018295363142159912,0.9981324647994917,0.998921143846838
i,2461275.7337034727,0.9961149201570089,0.0017949504072180527,0.9981656017201894,0.9979455497568274
i,2461275.734751239,1.0013044820024695,0.001622714668287019,0.9982001941641429,1.003109885027548
i,2461275.7357972004,0.9973877017728536,0.001650989639529092,0.9982363666986802,0.9991498356960955
i,2461275.7368323067,0.9986856311797304,0.0016420533893721535,0.9982738161825027,1.0004125270948232
i,2461275.737868959,0.9992747220609085,0.001630683637154159,0.998313009571658,1.0009633376306126
i,2461275.738913912,0.998693947338567,0.0015059825973799683,0.9983542687583686,1.0003402385213624
i,2461275.739958929,0.9978195143230993,0.0015559020434848321,0.9983973339504857,0.9994212528341797
i,2461275.7409956753,0.9976489616200085,0.0014947107247812734,0.9984418857801637,0.9992058384454338
i,2461275.7420373326,0.9978942629350275,0.0016222121314579635,0.9984885282427648,0.9994048351173517
i,2461275.743087126,0.997570097718649,0.0015174856202296637,0.9985374909703771,0.9990311898546864
i,2461275.744129375,0.9966829828582813,0.0014257915211402757,0.99858809499583,0.9980921942219262
i,2461275.7451657723,0.9956850037538337,0.0015768313627798059,0.9986404361837541,0.9970405440007873
i,2461275.746203354,1.0023900133738142,0.0015970830739890584,0.9986949092117201,1.0036999329104528
i,2461275.7472436456,0.9982751157112619,0.001700400126896891,0.9987516620446037,0.9995228580322297
i,2461275.748293306,0.9989125899275355,0.0014717593986030015,0.9988111540311716,1.0001015566315559
i,2461275.7493369714,0.997687553772815,0.0014216810996523627,0.9988725860821962,0.9988136301607504
i,2461275.7503723935,1.0020337880214387,0.0017797137762100128,0.9989358409237902,1.0031012473181298
i,2461275.7514194953,1.0022163843195724,0.001808211700678459,0.9990022130238547,1.0032173815571326
i,2461275.7524632425,1.0016260131151953,0.00187730683822471,0.9990708457450795,1.0025575437227479
i,2461275.753496903,1.0036687386253687,0.0016042903136056896,0.9991413179831323,1.0045313115980183
i,2461275.7545413533,1.0019614269102999,0.0017869942223732534,0.9992151282319229,1.0027484558637902
i,2461275.7555849236,1.003532482602798,0.0017274725408871802,0.9992915646500679,1.0042439244988677
i,2461275.7566378294,1.0033499845049596,0.0015496551640549196,0.9993714884738168,1.003980998134356
i,2461275.7576680235,1.0025416578184978,0.0019542338730220215,0.9994524949850265,1.0030908550921347
i,2461275.7587095154,1.0042301465933965,0.0015469396715819337,0.9995372956809171,1.0046950233200478
i,2461275.759749229,0.9984747027801062,0.001663398830438868,0.999624954085242,0.9988493171359568
i,2461275.760785691,0.9979688192874756,0.0016398465397183854,0.9997154149706884,0.9982529071203089
i,2461275.761840802,0.996566294972785,0.0019992581722112442,0.999810756637767,0.9967549242259679
i,2461275.7628844124,0.9972630651885279,0.0018498458820114946,0.9999083886127536,0.9973544342118225
i,2461275.7634612084,0.9937315031922912,0.006256947536353929,0.9999638082183178,0.9937674694075869
i,2461275.7650810005,1.000553601262521,0.0013201383052240804,1.000125179407573,1.0004283682320665
i,2461275.766002503,1.000673712328397,0.001773996058863537,1.000220882212656,1.0004527301157116
i,2461275.767040822,1.0003526260966775,0.0016542407238202086,1.0003322315549625,1.000020387768255
i,2461275.768079943,0.9964368763470984,0.001506868600450061,1.0004475121710976,0.9959911581815066
i,2461275.769129156,0.9965293869114167,0.0015538453000740991,1.0005679467654516,0.9959637325310187
i,2461275.7701599956,0.9949753172969191,0.0014945530481711607,1.0006903530532845,0.994288906914184
i,2461275.771202626,0.9965415556484549,0.001396917265147187,1.000818414082389,0.9957266389449325
i,2461275.772243946,0.9944129242249174,0.0014050606344750082,1.0009507317642086,0.9934684022581531
i,2461275.7732856157,0.9970153549150348,0.001703206922699056,1.0010876656407097,0.9959321137744029
i,2461275.7743200012,0.9993519923351232,0.0021226473034536225,1.0012283259044894,0.9981259683522525
i,2461275.7753792573,1.0020202464329524,0.0021799591741470566,1.0013773798472545,1.0006419823321713
i,2461275.776412483,0.9979388149612168,0.002330389455231405,1.0015278326951031,0.9964164573197848
i,2461275.7774556726,0.9986789869236274,0.0015785208050889937,1.0016849955087612,0.996999048005499
i,2461275.7785066925,1.0015397760198654,0.001980340009227751,1.0018488805918715,0.9996914658707574
i,2461275.779390762,0.9973147449428372,0.002337398113145608,1.0019911941404724,0.9953328440160127
z,2461275.4295372493,1.0362002692958325,0.002998700135273836,1.0184176336328357,1.0174610445417798
z,2461275.430559382,1.023338179709819,0.0019110490416221115,1.0182261617128157,1.0050205133095425
z,2461275.431748827,1.025271780473178,0.0023397867834269157,1.018005650842404,1.0071376122762787
z,2461275.432672811,1.0248358017517403,0.002090559251245911,1.017836078402009,1.006877063505865
z,2461275.4337035087,1.0299932995429313,0.0023343530095901507,1.0176486477314912,1.0121305637647713
z,2461275.434742933,1.03523132002794,0.0025125144785939748,1.0174614394661383,1.017464917954164
z,2461275.4358089655,1.030167276481817,0.0021274446122524133,1.0172712890697975,1.0126770386135755
z,2461275.4368361533,1.0182671806799246,0.0024333799242615634,1.0170898050874713,1.0011575925612115
z,2461275.4378734026,1.0131929973386182,0.0015604568823085836,1.0169082405682381,0.996346530511402
z,2461275.4389094026,1.0165275448468827,0.0016032809058657354,1.0167285643953095,0.9998022878913151
z,2461275.439959708,1.0160832834327975,0.001632944269280054,1.0165480783886454,0.9995427713005128
z,2461275.441002559,1.0129642036563624,0.001580105965664877,1.0163705069151625,0.9966485614885278
z,2461275.4420437985,1.0131526601639655,0.0016407451581997576,1.0161948031132937,0.9970063388043238
z,2461275.4430773538,1.0119544870696897,0.0016194318846338423,1.016021941560884,0.9959966863659011
z,2461275.444114043,1.0144073471317543,0.0014969710790839648,1.0158500740435585,0.9985797836229302
z,2461275.4451740417,1.015974054335224,0.0016764525873903618,1.0156758857793167,1.0002935666388089
z,2461275.4462174512,1.0159574519494765,0.0014293403591024607,1.0155059205084156,1.000444636936075
z,2461275.447252186,1.0132270407826292,0.0015034001376052725,1.0153388080699304,0.9979201353572651
z,2461275.448298213,1.0107967056059568,0.001445127199345649,1.0151713035970256,0.9956907785163268
z,2461275.4493449894,1.0129098516620196,0.0014546886157858542,1.0150050947746094,0.9979357314328998
z,2461275.45038329,1.008981120851152,0.0014416095046457047,1.0148416061544099,0.9942252216821645
z,2461275.4514106796,1.011404737012435,0.0015305409076884079,1.0146811595489105,0.9967709831747226
z,2461275.4524550186,1.0114690801453363,0.0016786436114047032,1.0145193925304161,0.996993342456006
z,2461275.4534974755,1.009630530627396,0.0015690131807700063,1.0143592284856315,0.9953382413986659
z,2461275.4545444315,1.00909950606584,0.0015085899963679565,1.0141996695641649,0.994971243186742
z,2461275.455583474,1.0086496800568225,0.0014189561373722985,1.0140425794507122,0.9946817821034587
z,2461275.456622109,1.0089964378256717,0.0011636787321133708,1.0138867873360655,0.9951766315810832
z,2461275.457665645,1.0077583540921058,0.0014264349544052398,1.013731484487534,0.9941077785519823
z,2461275.4587049033,1.008381018199803,0.0012852934841487567,1.0135780182351084,0.9948726196288721
z,2461275.4597492674,1.0061317173474107,0.0012728756312312514,1.0134249848159296,0.9928033474822573
z,2461275.4607867138,1.0068651438066658,0.001720811551411252,1.0132741240781413,0.9936749788441441
z,2461275.4618220106,1.0062883652447263,0.0013401313856723916,1.0131247090985083,0.993252218811379
z,2461275.462870501,1.005400667382175,0.0012198855993830315,1.0129745256495877,0.9925231503106597
z,2461275.4639199395,1.0088901235593812,0.0011673639410050428,1.0128253330492671,0.9961146217798104
z,2461275.464954996,1.0045134095415025,0.0014474962589464543,1.0126792717671076,0.9919363786212827
z,2461275.465851904,1.0060265820740208,0.0018229209723466542,1.0125535652744877,0.993553937861354
z,2461275.483808976,0.9976558806226348,0.0015104898970322831,1.0101900152762644,0.9875922999989246
z,2461275.484743586,0.9992309006487329,0.0008362851591348056,1.0100743087810677,0.98926474216989
z,2461275.485789148,0.9975192621965204,0.0009865896537676264,1.0099456517081424,0.9876959819663513
z,2461275.4868388195,0.9995680935104186,0.0008535071889043374,1.0098173132904011,0.989850421808885
z,2461275.4878761396,1.0002490575666232,0.0008091159892988545,1.009691286180093,0.9906484004143562
z,2461275.4889136795,1.0002398819523286,0.0010037611182466624,1.0095660193016878,0.990762231324099
z,2461275.4899552753,1.0014129852407438,0.0009720896313691451,1.0094410446761486,0.9920470249572818
z,2461275.4909914294,0.9988226390467219,0.0008419253950133273,1.0093174909339766,0.9896020310937609
z,2461275.492028472,0.9983732321434179,0.001113600193717311,1.009194589119024,0.9892772344478654
z,2461275.4930748683,0.9969854582635043,0.0010533235744430577,1.0090713381520025,0.9880227696184176
z,2461275.4941212125,1.0010097220266798,0.0010837338271200132,1.0089488471607628,0.9921312907424156
z,2461275.4948733156,1.0079758509131551,0.0011895750665346903,1.0088612624738371,0.9991223653899537
z,2461275.4962484627,1.007179386974525,0.0012577014177482851,1.0087021073424884,0.9984904161923729
z,2461275.497254752,1.00452925983229,0.0015797424465991928,1.0085864403757516,0.9959773596183286
z,2461275.4981463565,1.003814952156813,0.0009542219204780514,1.0084845125183015,0.995369725262485
z,2461275.4995377553,1.0117916074096096,0.0016238313494293796,1.0083264814798791,1.0034365118772293
z,2461275.500373065,1.007078231853424,0.0017910914869052133,1.0082322077687595,0.998855446288619
z,2461275.501410817,1.0084718694702786,0.0011301608372102083,1.0081157045510074,1.0003532976598453
z,2461275.5024540774,1.0095044627584624,0.001392526321392564,1.0079992667477458,1.0014932510968715
z,2461275.503498266,1.0090885945552792,0.0012828177229040544,1.007883404727716,1.0011957631427504
z,2461275.504542099,1.0157509843444719,0.0012531712110742928,1.0077682545216105,1.0079211959565553
z,2461275.5055782716,1.004708904517697,0.0013347783921563024,1.0076546074383994,0.9970766739923009
z,2461275.506621903,1.0070169556485096,0.0012481469310665705,1.0075407984371605,0.9994800778395639
z,2461275.5076703196,1.006449860686477,0.0013575269743385388,1.007427124052228,0.999029941379958
z,2461275.508715925,1.0042020083366325,0.0012176472210207844,1.0073144034439974,0.9969102049005518
z,2461275.509753058,1.0030876038717165,0.001372156021493952,1.0072032302180958,0.9959138074393505
z,2461275.5107793994,1.0022277896782088,0.0010306470065950444,1.0070938296151322,0.9951682357752276
z,2461275.511830835,1.0005261558651453,0.001379575978714231,1.0069823835130487,0.9935885396272975
z,2461275.5128799747,1.0060237920139812,0.001326005246467655,1.0068718098450755,0.9991577698145856
z,2461275.5139158666,1.0040068172558017,0.0011541252963580661,1.0067632433926756,0.9972620910080258
z,2461275.5149516733,1.0091455525712474,0.0015002497892566723,1.0066552874210637,1.0024738012915657
z,2461275.5160022345,1.0072600231183721,0.0014608891120235512,1.0065464028461375,1.0007089790100256
z,2461275.5170454504,1.002755692254723,0.0013393092239535917,1.0064388814146714,0.9963403747331668
z,2461275.518081975,1.0018738174733723,0.0011814838588127892,1.006332638531072,0.9955692373605132
z,2461275.5191174326,1.0018552264398017,0.001409381123881449,1.0062270863311282,0.9956551955808832
z,2461275.5201617987,1.0091191461421951,0.0012377153917039838,1.0061212097402967,1.002979697051285
z,2461275.521208516,1.0149849451866588,0.0016601712186100526,1.0060156782955063,1.0089156333093627
z,2461275.5222520865,1.0101626245785278,0.0012697733755827577,1.0059110410170593,1.0042265999557674
z,2461275.523293221,1.0150943042614708,0.0013404170357515792,1.0058072176834845,1.0092334658319273
z,2461275.524331521,1.0091096143462202,0.0017445909155167155,1.0057042392940176,1.0033860601548155
z,2461275.525377038,1.0132366701236324,0.0010358268616828994,1.005601108388862,1.007593032337647
z,2461275.526427131,1.0060330188515254,0.0014344249237529959,1.005498090868279,1.0005320029825064
z,2461275.527456204,1.0069617232105355,0.0010888802080552679,1.005397680759653,1.001555645572706
z,2461275.528491718,1.0113797083439577,0.0015889821909554505,1.0052971830974013,1.006050474773853
z,2461275.5295441207,1.0102907866035276,0.00155656870037988,1.0051955987001417,1.00506885218158
z,2461275.5305885836,1.0125700685619987,0.0015255955087278977,1.0050953274609797,1.0074368479255607
z,2461275.5316259153,1.0085481064815083,0.0014226647448506026,1.0049962764286575,1.0035341723508395
z,2461275.532660185,1.008360782368336,0.0019781837872257773,1.0048980458384411,1.0034458585567312
z,2461275.533703109,1.0089187920877538,0.0014293025947283656,1.004799523893479,1.0040995921040181
z,2461275.5347542535,1.0051126227195646,0.0012158599442708402,1.004700761204466,1.0004099345108535
z,2461275.535796896,1.0032333121216297,0.0012127678544802331,1.004603325636561,0.9986362642050153
z,2461275.536835937,1.0107313635091975,0.0014826569598053755,1.0045067470844025,1.006196689512402
z,2461275.537871568,1.0063316662871185,0.0013367594630896487,1.0044109995194406,1.0019122319136258
z,2461275.5389133864,1.0056860043364073,0.0014835598455242563,1.004315194926685,1.0013649195159517
z,2461275.5399647546,1.0021506811068819,0.0012191855947833855,1.0042190330665404,0.9979403378231715
z,2461275.5409994842,1.0028856010392677,0.0017005173701071026,1.0041249013383167,0.998765790692575
z,2461275.5420369715,1.0061134948600878,0.001217562220407588,1.0040310224312867,1.0020741116382623
z,2461275.543088009,1.0028122453862798,0.001458404944834816,1.0039364292767292,0.9988802240284683
z,2461275.544133437,1.0097476810195412,0.0013185825775493087,1.0038428496914962,1.0058822268145453
z,2461275.545172159,1.0046384030069853,0.0012961569171717295,1.0037503705271373,1.0008847144727644
z,2461275.546206156,1.0037011637317097,0.0014005814424798272,1.0036588050161448,1.0000422042982666
z,2461275.5472417567,1.0074261442425643,0.0012919055554857528,1.0035675884553221,1.00384483898407
z,2461275.5482888264,1.0062562501885866,0.0011637543836684157,1.003475859233653,1.0027707601825688
z,2461275.549332096,1.0057111216455656,0.001242344370315438,1.003384958564509,1.0023183156785453
z,2461275.5503691672,1.0017511465488964,0.0011304853583171215,1.0032950864099193,0.9984611308458138
z,2461275.5514127184,0.9999135705059796,0.0013560108526198531,1.0032051425893063,0.996718944168457
z,2461275.5524657946,0.9982389382122916,0.0010514008541925527,1.0031148742268903,0.9951392047512438
z,2461275.553507934,0.9980631504718732,0.0011851343329004208,1.0030260327127447,0.9950520902957533
z,2461275.5545454393,0.997640951970999,0.001063280581465154,1.002938068282577,0.9947184013857917
z,2461275.5555818565,0.9972117694591746,0.0009607085404542911,1.0028506749482897,0.9943771235040492
z,2461275.5566244856,0.9983912552077341,0.0011367530207365593,1.002763239347412,0.9956400634086635
z,2461275.5576702906,0.9995472953079702,0.0012855800585260928,1.0026760213671944,0.9968796241332688
z,2461275.5587077825,1.0021954631434995,0.0013549322165690447,1.0025899744564943,0.9996065078216958
z,2461275.559750311,0.9984934038851823,0.0010005646744475315,1.0025039879417077,0.9959994333142158
z,2461275.560793697,0.998349739066054,0.0009994738574084904,1.002418409714093,0.9959411453255339
z,2461275.5618375447,0.9998228095770066,0.0011728383663348104,1.0023332721104652,0.997495381423214
z,2461275.5628744243,0.999501482799928,0.0010486330422414124,1.0022491758576524,0.9972584731183509
z,2461275.5639084387,1.0020646822145232,0.000844371655227897,1.0021657806416948,0.9998991200566568
z,2461275.5649576243,1.0010540127055487,0.0010855712501547747,1.002081639541522,0.9989745078689962
z,2461275.566001458,1.0028205533329901,0.0011773151750620674,1.0019984045302128,1.0008205090936875
z,2461275.567041361,1.0001365837888332,0.0010117369325993372,1.001915955398358,0.9982240310677382
z,2461275.5680814777,1.0017326024944055,0.0013910624192566452,1.0018339605061446,0.9998988275345668
z,2461275.5691189985,1.0000393246353374,0.0013257531067549168,1.001752639396134,0.9982896828084931
z,2461275.570165216,1.0004312831378184,0.0011215746587510055,1.0016711107507457,0.9987622408197456
z,2461275.57120926,1.0019462480860275,0.0013333570894519028,1.0015902259061518,1.0003554569230682
z,2461275.5722444346,0.9995764791898781,0.0011093750916953739,1.001510495920674,0.9980689001875932
z,2461275.5732882824,0.9978003792331849,0.001044611962983004,1.0014305693776318,0.9963749956757332
z,2461275.5743355467,0.9991470243819109,0.001292797123712555,1.0013508570880778,0.9977991403407037
z,2461275.575375826,0.998367089812584,0.0011563577709066413,1.001272148353956,0.9970986324286083
z,2461275.5764180454,0.9939064759261272,0.0010585756381274274,1.0011937646787006,0.9927214001827989
z,2461275.577454059,0.99748747344444,0.0011093559640515535,1.0011163159241,0.9963752039379056
z,2461275.5784991942,1.0007371065215467,0.0010034278672342344,1.0010386586333353,0.9996987607729353
z,2461275.5795413307,0.9968443522486774,0.001199734238728767,1.0009616979444134,0.9958866101428342
z,2461275.580576915,0.9964644594535861,0.0009145817741166648,1.0008856902165932,0.995582681612672
z,2461275.5816214015,0.99448652622809,0.0009158972222980141,1.0008095032865463,0.9936821372721858
z,2461275.5826674094,0.9959017255852027,0.0009317908618312182,1.0007336832752631,0.9951715848373904
z,2461275.58371343,0.9955584712101927,0.001015458233314122,1.0006583412969892,0.9949034851593939
z,2461275.5847564004,0.9959103546246498,0.0009590748732006955,1.0005836966540307,0.9953293841934377
z,2461275.5857916423,0.9975403302377879,0.0010648394297674245,1.0005100776444469,0.9970317666228302
z,2461275.5868316833,0.9990304320343264,0.0010625443935896165,1.0004365923032523,0.9985944533819094
z,2461275.5878756447,0.9971679544867496,0.0009721106773912545,1.000363309706109,0.9968058052625918
z,2461275.588919502,1.0032810377691765,0.0012309666017309789,1.000290516090869,1.0029896531359654
z,2461275.5899566514,0.9993647081106429,0.0014398476157255887,1.0002186685018164,0.9991462263022419
z,2461275.590999622,1.00153580768937,0.0013153802460783293,1.0001468994957146,1.0013887041937095
z,2461275.5920435996,0.9996515867592534,0.0012941094436470988,1.0000755465291558,0.9995760722563672
z,2461275.593087726,1.0015549464399773,0.001295925434473126,1.0000046704709524,1.0015502687285398
z,2461275.5941304625,1.0013228990352703,0.0009344949251532687,0.9999343764121755,1.001388613748911
z,2461275.595164466,0.9954788454222255,0.0009539544071478317,0.9998651537649175,0.995613100100373
z,2461275.5962019903,0.999536761140701,0.0011685046673426515,0.9997961803213067,0.9997405279338811
z,2461275.597246626,0.9996823035751803,0.0010965681792883264,0.9997272265112762,0.9999550648067747
z,2461275.5982892485,1.0061251291803694,0.0015700317633136824,0.9996589000887719,1.0064684354743636
z,2461275.599326929,0.999912627451335,0.001273395155447732,0.9995913899707123,1.0003213687951356
z,2461275.600370482,0.9997622447329402,0.0011233287915830713,0.9995239952404896,1.0002383629543512
z,2461275.601420687,1.0024762360591235,0.0010357957923091787,0.9994566766628543,1.0030212008852164
z,2461275.602464078,0.9999059146683539,0.0011472699141375864,0.999390299503992,1.0005159297269723
z,2461275.6035015616,0.9980458360900095,0.001066620641379996,0.9993247991397516,0.9987201728098382
z,2461275.604537011,0.9979156261410954,0.0010452041580899264,0.9992599276287247,0.9986547028951522
z,2461275.605578995,0.9952391933526967,0.0010533880419396704,0.9991951538506665,0.9960408529978109
z,2461275.606631117,0.9971563310321605,0.0009179319300531357,0.999130268584333,0.9980243441578751
z,2461275.6076670694,0.9931563190798555,0.0010867821884091111,0.9990668924646493,0.9940839062635608
z,2461275.6087039667,0.9918215146383071,0.001015953064882945,0.9990039698486338,0.9928103837150768
z,2461275.60974963,0.9962770226940872,0.0010225336700256762,0.9989410362423266,0.9973331623673601
z,2461275.6107930345,1.0002908261198742,0.0013347842767827244,0.9988787629427837,1.0014136482118514
z,2461275.611836603,0.9989951072124487,0.001159928946965979,0.9988170068640921,1.0001783112893878
z,2461275.61287144,1.0018308403609455,0.0010430617955046308,0.998756290880837,1.0030783780870076
z,2461275.613915487,0.9965455867668039,0.0011255948074782478,0.9986955660503344,0.99784721254743
z,2461275.6149672335,0.9989558211711089,0.0012362590103114832,0.998634936560934,1.0003213232367776
z,2461275.6160050314,0.9955737334336252,0.0010643641145942498,0.9985756489380557,0.9969938026151319
z,2461275.6170339324,0.9968776385613917,0.0010959080786620099,0.9985174002778168,0.9983578035635945
z,2461275.618076502,0.9944593967265256,0.0008433925070392889,0.9984589205002333,0.9959943031289621
z,2461275.619127694,0.9941091620976278,0.0011976673815749664,0.9984005138895883,0.99570177325406
z,2461275.6201722906,0.9946686440290796,0.0010623770577613077,0.9983430315088004,0.9963195140710627
z,2461275.6212093947,0.9913113015377586,0.0010407469560346123,0.9982865154115442,0.9930128136901558
z,2461275.6222430114,0.992718101710787,0.0010440918491616423,0.998230742577794,0.9944775885655742
z,2461275.623289021,0.9906636601345704,0.0011388501987350263,0.9981748674513089,0.9924750586679093
z,2461275.6243394297,0.993256727672065,0.0011905308855478332,0.9981193351690933,0.9951282303371023
z,2461275.6253773733,0.9962089862562841,0.0010490024907684017,0.998065035053077,0.9981403528511604
z,2461275.6264114534,0.9943092761945636,0.000911068934167561,0.9980115080410273,0.9962903916271157
z,2461275.6274557626,0.9933101570343006,0.0011235848419900172,0.997958034686647,0.9953426121231582
z,2461275.6284985323,0.9992365208681493,0.0012078975251039723,0.9979052296315918,1.0013340858400441
z,2461275.629541478,0.9997544312200527,0.0014924667843425052,0.9978530098479423,1.0019055124886582
z,2461275.6305805747,0.9975711730213674,0.0012229108036050692,0.9978015786043777,0.9997690867724097
z,2461275.6316247475,0.9961612954754133,0.0011502225136477264,0.9977505005196482,0.9984072119799416
z,2461275.6326711536,0.998890532211878,0.001166034039361074,0.9976999263408919,1.0011933506654176
z,2461275.6337093646,0.9984530343684119,0.0012327340259588922,0.997650360269254,1.0008045645359576
z,2461275.6347442428,0.996079867983557,0.0013472265745563398,0.9976015655148018,0.9984746440023281
z,2461275.6357920766,0.9967623646679427,0.001237178900092962,0.9975527883867072,0.9992076372017937
z,2461275.6368363537,0.9972637879252688,0.00103279185867586,0.9975048119194033,0.9997583731013079
z,2461275.637879177,0.9940673164572302,0.0011027492546527725,0.997457540965886,0.9966011340138119
z,2461275.63891824,0.9986638949266913,0.0014654961554814475,0.997411081468585,1.001256065308861
z,2461275.639954226,0.9995414324665164,0.00111079256167679,0.997365402717162,1.0021817778553639
z,2461275.641005963,0.999487916170552,0.0010703841580271545,0.9973196930256267,1.0021740502670187
z,2461275.6420491566,0.9967788114023609,0.0012243862716222588,0.9972750217661005,0.9995024337791386
z,2461275.643084807,0.9969351439339071,0.0011984453111407321,0.9972313374998455,0.9997029840972698
z,2461275.6441191626,0.9938121224971732,0.0012268285448844595,0.9971883748535729,0.9966142281222488
z,2461275.645162626,0.9993035314063952,0.001360769745359666,0.9971457165644507,1.0021639914870004
z,2461275.646205961,0.995361381598937,0.0010881805818603418,0.9971037563642324,0.9982525642349912
z,2461275.647242055,0.9941553996278601,0.001084446076882298,0.9970627803055713,0.9970840545498849
z,2461275.6482846914,0.9942927312456035,0.0015883383609916625,0.9970222502430207,0.9972623289031394
z,2461275.6493350244,0.9978263374446125,0.0013428317879817003,0.9969821437235119,1.0008467490881507
z,2461275.650374786,0.9930725186689868,0.0010417154891294996,0.9969431634242771,0.9961174870370789
z,2461275.651412056,0.9966966245005302,0.0012319821351600246,0.9969050009733261,0.9997909765999845
z,2461275.6524563977,0.9952932485326278,0.0013524935076886008,0.9968673177529218,0.9984209842250198
z,2461275.6535002957,0.9950087573461667,0.0012809415952458846,0.99683040063824,0.9981725644694354
z,2461275.654542402,0.9949579887076585,0.001031807883327244,0.9967943037337308,0.9981577793741457
z,2461275.655591624,0.9940265921384298,0.0010919172826693634,0.9967587334603626,0.9972589742831268
z,2461275.65662809,0.9916193832461748,0.0012504243936388988,0.9967243665216784,0.9948782397150391
z,2461275.65766489,0.993222571187514,0.0014917631976808195,0.9966907643230005,0.9965202916896272
z,2461275.658708614,0.991807916239062,0.0012020263415717118,0.9966577312149236,0.9951339212811305
z,2461275.659755951,0.9964160786410139,0.0010995075481554535,0.9966253939786198,0.9997899759138483
z,2461275.66079147,0.9931651320138756,0.0016622786943962067,0.9965942297151555,0.9965591836687033
z,2461275.661825369,0.9928387335654862,0.0016552314983808234,0.9965639259394015,0.9962619634556773
z,2461275.6628772407,0.9958279249262618,0.0013762905529453638,0.9965339385617863,0.9992915307665854
z,2461275.663921842,0.9954740936310197,0.0016628060514583829,0.9965050111269231,0.9989654668221511
z,2461275.664958048,0.9897704182407354,0.0011746676089050795,0.9964771667139111,0.9932695412426834
z,2461275.6659921655,0.9934067532237699,0.0010824316442548767,0.9964502342509549,0.9969456768410789
z,2461275.667030937,0.9935970142491567,0.0014556035690729125,0.9964240528384917,0.997162815789842
z,2461275.6680862517,0.9931558838654451,0.001276380644691887,0.9963983618562807,0.9967458015639499
z,2461275.6691289353,0.9920604566551849,0.0011865991973016054,0.9963738890139002,0.9956708697344686
z,2461275.6701660133,0.9909301459614507,0.0012951985479113784,0.9963504581037185,0.9945598337430548
z,2461275.6712100017,0.9932983605760165,0.0014264731005565524,0.9963278009293012,0.9969593939359526
z,2461275.6722529223,0.9907134964512619,0.0012331818078093484,0.9963061116612764,0.9943866497007741
z,2461275.673297639,0.9979165252939932,0.001670373770746341,0.996285345284592,1.0016372618719342
z,2461275.674333674,0.9966466057178277,0.0013524032297012143,0.9962657143704692,1.0003823190358399
z,2461275.6753663803,0.9934359083527825,0.0011147874048054362,0.9962471145142869,0.9971782039610976
z,2461275.6764177848,0.9917182788946761,0.0010987267485825666,0.996229185474573,0.9954720192444995
z,2461275.677461893,0.9943267639514347,0.0013682122247018129,0.996212401868686,0.9981071928900762
z,2461275.678497423,0.9919098232531934,0.0012106518951887346,0.9961967762794114,0.9956966804869327
z,2461275.679533834,0.994319359499278,0.0014167550296462366,0.9961821697348172,0.9981300506151047
z,2461275.68058328,0.9936622803928788,0.0012999033936033182,0.9961684481602574,0.9974841927868655
z,2461275.681630071,0.9866484009250059,0.00139875649371813,0.9961558491187243,0.9904558627024783
z,2461275.6826649257,0.9948251549611288,0.001235863018693066,0.996144478270612,0.9986755703231185
z,2461275.68370273,0.9981750912941456,0.001648122458462599,0.9961341749770374,1.002048836761529
z,2461275.6847472806,0.9950890518514032,0.0015358928832698159,0.9961249346122357,0.9989600875102722
z,2461275.685786892,0.9938946813456193,0.0015429682223280432,0.9961168814699661,0.9977691371708634
z,2461275.6868352294,0.993817231679402,0.0017862837358655558,0.9961099346631375,0.9976983434217922
z,2461275.6878778283,0.9956036822426458,0.0016699739161634773,0.9961042141283205,0.9994975105229199
z,2461275.6889054696,0.9961172098864236,0.002031527334784159,0.9960997543539233,1.0000175238799367
z,2461275.6899576564,0.9934672680777268,0.0016901951317426682,0.9960964205419794,0.9973605442103465
z,2461275.691009565,0.9927102758997703,0.0014115087042159834,0.9960943551052187,0.9966026519595216
z,2461275.6920402823,0.9914471680626193,0.0017784677102573232,0.9960935814406878,0.9953353646036468
z,2461275.693080829,0.995273495757458,0.0018943818110452248,0.9960940766915578,0.9991762013716362
z,2461275.6941223633,0.9989519642691329,0.0019691335673871473,0.9960958788859696,1.0028672795899503
z,2461275.695164619,0.9978201913287728,0.0021436505839957164,0.9960990133224833,1.0017279185937034
z,2461275.696207609,0.9932065239051294,0.0021325812569109085,0.996103506285323,0.9970916853902091
z,2461275.69724689,1.0060989397573818,0.001916404781689506,0.9961093563007543,1.0100286011705841
z,2461275.6982838144,0.9987161911239963,0.0022653213517635127,0.9961165835527045,1.002609742287414
z,2461275.699346462,0.9963399208725368,0.0016501378521198346,0.9961254569684415,1.0002152980857932
z,2461275.7003722764,0.9951130517124479,0.0017452838480844183,0.9961354568677254,0.9989736283873557
z,2461275.701409778,0.9923488137552463,0.0015523616910796665,0.9961470297910835,0.9961870929468778
z,2461275.7024536757,0.9932690033608665,0.0015461156836540592,0.9961601820990089,0.9970976768695469
z,2461275.7034988482,0.9947465934815952,0.002098166066241619,0.9961748940874492,0.9985662150147215
z,2461275.7045442234,0.9901127322078046,0.001607630624417221,0.9961911829119291,0.9938983090711998
z,2461275.7055877224,0.9963033451689133,0.0014407606028896834,0.9962090422438998,1.000094661783837
z,2461275.706616528,0.9925811681655408,0.001400191179060952,0.9962282442617035,0.9963391159433894
z,2461275.7076642867,0.9993874641333202,0.0015378813616312025,0.9962494583634469,1.0031498192982993
z,2461275.7087102723,0.9918858706993335,0.0018437473372277652,0.9962723380451128,0.9955971202067233
z,2461275.7097478667,0.997491344274185,0.0015587053934644106,0.9962967466106182,1.0011990380051232
z,2461275.7107868837,0.991424969396821,0.0013746872349998458,0.9963229313933541,0.9950839613922332
z,2461275.711830503,0.9954440417910949,0.0016320816764489995,0.9963510224940274,0.9990896976241744
z,2461275.7128738994,0.9935558382870625,0.001601280267032679,0.9963809373066429,0.997164639633495
z,2461275.713917579,0.9961785079356273,0.0018121555423140576,0.9964127274876833,0.999764937213672
z,2461275.7149589187,0.9943524477762059,0.0013271300589287622,0.9964463456033861,0.9978986346465928
z,2461275.7159970556,0.9961012878126766,0.0018612511734713494,0.996481787477798,0.9996181569298075
z,2461275.717042139,0.9969571109621819,0.0015646175715671787,0.9965194502430293,1.0004391893395015
z,2461275.7180860364,0.9986056237964698,0.0016058634957158765,0.9965590989455032,1.0020535910545918
z,2461275.7191207074,0.9969507706110232,0.0014000210789215355,0.9966004401531917,1.0003515254897717
z,2461275.720162887,0.9997217543577784,0.001260967276429599,0.9966441805906457,1.0030879363237828
z,2461275.7212123936,0.9997202123968192,0.00138460568744757,0.9966904038121747,1.0030398693245726
z,2461275.7222539457,0.9982339249216499,0.0013922017869159396,0.9967384815480647,1.001500336749578
z,2461275.7232911424,0.9975982606649789,0.001676980616714295,0.9967885887336628,1.000812280498059
z,2461275.7243266134,0.9976185011725474,0.0018362837438760072,0.9968408809158477,1.0007800846369637
z,2461275.7253728257,0.9969692780696967,0.0017546396349657763,0.9968960690161777,1.000073436996889
z,2461275.726416967,0.997265479786011,0.001522487119863012,0.9969535591115842,1.0003128738260434
z,2461275.7274532556,0.9959989981292477,0.0016997928653166218,0.9970130523558481,0.9989829077721658
z,2461275.728494885,0.9995741154496323,0.001568116066457612,0.9970753530321489,1.0025060918514177
z,2461275.7295385897,0.9995905134491604,0.0014620305691069456,0.9971403502613736,1.0024571898902142
z,2461275.730577765,0.9990696694556623,0.0017742630520204215,0.9972076829317416,1.001867200339298
z,2461275.73162468,1.0024580524506144,0.002347695635320868,0.9972782200756274,1.0051939692161271
z,2461275.7326575397,0.9998771029578551,0.0015876859874364106,0.9973505315133326,1.0025332832987905
z,2461275.73370423,1.0017367535125252,0.0019414477406169404,0.9974266342387966,1.0043212394032548
z,2461275.7347543878,1.0022545528919218,0.0020611748607614186,0.9975059137624283,1.004760512257599
z,2461275.735797178,0.997574040448438,0.0018112385363226817,0.9975876064378384,0.999986401204954
z,2461275.7368323086,0.9983553323757084,0.0019243206215580168,0.9976716970405253,1.0006852307599896
z,2461275.73786898,1.005199740296776,0.0019318864200369567,0.9977589800711428,1.007457472570282
z,2461275.738913889,1.000437317570927,0.0016857048880707058,0.9978501399321786,1.002592751692077
z,2461275.739972347,1.0023705325931018,0.001835378250365505,0.9979458226188165,1.0044338178225687
z,2461275.741004228,0.9994999077679877,0.0015560308749849767,0.9980424219228382,1.0014603445836916
z,2461275.74203739,1.0006176390242214,0.0014115360029140717,0.9981425076087305,1.0024797375090464
z,2461275.7430871567,0.9972552385290269,0.0016849791782295378,0.9982477415308684,0.9990057548236279
z,2461275.744129375,0.9967250054066434,0.0015407712575724848,0.9983558402441477,0.9983664793936544
z,2461275.7451657653,0.9969397371592269,0.0013583824173186282,0.9984670071489667,0.9984703851215867
z,2461275.746203359,0.9982139723136774,0.001603268453089276,0.9985820681897767,0.9996313814479298
z,2461275.7472463124,0.9986752959489867,0.0017389031711651736,0.9987016226290717,0.9999736390935106
z,2461275.7482932913,1.0064150805385867,0.0016865329971973296,0.9988256766146396,1.0075983268168178
z,2461275.7493369584,1.0004950088519045,0.0016015209684890142,0.9989534756623434,1.0015431481316375
z,2461275.750373667,1.0001127917365709,0.0018426835883840384,0.9990846242732178,1.001029109485196
z,2461275.751419457,0.9981520756798719,0.001994431815413754,0.9992212839164142,0.9989299585049354
z,2461275.752463278,1.0057252944146942,0.0020119584350076153,0.9993621779833308,1.0063671775573935
z,2461275.7535009063,1.0062963343270288,0.002004397003712524,0.9995068103041234,1.0067928741984655
z,2461275.754541418,1.00082150028249,0.002104221374045602,0.9996565557912435,1.0011653447221427
z,2461275.7555849017,1.0052028819999275,0.0017752964126385388,0.999811604143767,1.005392293741957
z,2461275.756628292,1.0046360520240172,0.0020381803151937714,0.9999716633838646,1.0046645208168885
z,2461275.7576721166,0.9988424407594686,0.0017667579237973165,1.000136966175903,0.9987056518654799
z,2461275.7587087457,1.002863528272562,0.0020848858794824125,1.00030640737975,1.0025563376121025
z,2461275.7597548254,1.0058286376959076,0.0020435097430593283,1.0004828865343647,1.0053431710162084
z,2461275.76079342,1.0096532512718133,0.0020111476303060517,1.0006637287150137,1.0089835599101242
z,2461275.761833269,1.005927004859596,0.0018446238133796283,1.000850578267852,1.0050721123631958
z,2461275.7628771155,1.0046209745085892,0.002189230771747874,1.0010441542894857,1.003573089362519
z,2461275.7634611744,0.9974301065564547,0.007071483350340666,1.0011551610077798,0.996279243621363
z,2461275.765081019,0.9999453621458159,0.001680563647218522,1.001473492992912,0.9984741175300312
z,2461275.7659927798,1.0032952696919604,0.001526168450466207,1.0016596535018216,1.001632906131759
z,2461275.7670408627,0.9992315546431213,0.001903891269845789,1.0018800937114594,0.9973564310889474
z,2461275.7680799593,0.999740472567415,0.0014730833981572112,1.002105662762074,0.9976397796334772
z,2461275.76912923,0.9992863749733821,0.001627386432245461,1.002340771572821,0.9969527363486911
z,2461275.7701600036,0.9971172599533141,0.0017998870184158234,1.0025791500645556,0.9945521606838824
z,2461275.771202598,0.9974349498963117,0.0013735585297579666,1.002827992597234,0.9946221657744565
z,2461275.7722535008,0.9959239173243094,0.0016837691853360212,1.0030869570052623,0.9928590042658532
z,2461275.773285593,0.9964765116749449,0.001760955017778984,1.0033495175986795,0.9931499384778857
z,2461275.774319991,1.0043155236087824,0.002088134887989494,1.0036211376278632,1.000691880586095
z,2461275.7753885635,1.0027380283601568,0.0023658132164469698,1.0039109594190931,0.99883163835604
z,2461275.776402789,0.9972662773375399,0.0024250972330592396,1.0041950286489374,0.9931001935742307
z,2461275.777463461,1.002230322938713,0.0017017450961262898,1.0045018158316472,0.997738687121184
z,2461275.778495793,1.0039842275156108,0.002492606709414461,1.004810290483382,0.999177891612382
z,2461275.7793907626,1.001592239925881,0.002111064084483614,1.005085893233159,0.996524025129793
